date_day,date_week,date_month,spend_total,spend_other,spend_media,spend_digital,spend_offline,spend_meta,spend_tiktok,spend_search_brand,spend_search_nb,spend_search_pmax,spend_search_shopping,spend_search_bing,spend_search_dg,spend_search_youtube,spend_reddit,spend_snapchat,spend_affiliates,spend_display,spend_tv,spend_vod_amazon,spend_vod_other,spend_audio,spend_ooh,spend_article,spend_sponsorship,spend_creators,spend_big_influencer,spend_gifting,spend_production,spend_agency,spend_tools,spend_media_other
2023-01-01,2022-12-26,2023-01-01,"1,517.00",0.00,"1,517.00","1,517.00",0.00,"1,219.00",0.00,0.00,0.00,0.00,0.00,0.00,0.00,0.00,0.00,0.00,0.00,298.00,0.00,0.00,0.00,0.00,0.00,0.00,0.00,0.00,0.00,0.00,0.00,0.00,0.00,0.00
2023-01-02,2023-01-02,2023-01-01,"2,873.00",0.00,"2,873.00","2,873.00",0.00,"2,574.00",0.00,0.00,0.00,0.00,0.00,0.00,0.00,0.00,0.00,0.00,0.00,299.00,0.00,0.00,0.00,0.00,0.00,0.00,0.00,0.00,0.00,0.00,0.00,0.00,0.00,0.00
2023-01-03,2023-01-02,2023-01-01,"3,069.00",0.00,"3,069.00","3,069.00",0.00,"2,770.00",0.00,0.00,0.00,0.00,0.00,0.00,0.00,0.00,0.00,0.00,0.00,299.00,0.00,0.00,0.00,0.00,0.00,0.00,0.00,0.00,0.00,0.00,0.00,0.00,0.00,0.00
2023-01-04,2023-01-02,2023-01-01,"3,016.00",0.00,"3,016.00","3,016.00",0.00,"2,717.00",0.00,0.00,0.00,0.00,0.00,0.00,0.00,0.00,0.00,0.00,0.00,299.00,0.00,0.00,0.00,0.00,0.00,0.00,0.00,0.00,0.00,0.00,0.00,0.00,0.00,0.00
2023-01-05,2023-01-02,2023-01-01,"2,911.00",0.00,"2,911.00","2,911.00",0.00,"2,612.00",0.00,0.00,0.00,0.00,0.00,0.00,0.00,0.00,0.00,0.00,0.00,299.00,0.00,0.00,0.00,0.00,0.00,0.00,0.00,0.00,0.00,0.00,0.00,0.00,0.00,0.00
2023-01-06,2023-01-02,2023-01-01,"3,073.00",0.00,"3,073.00","3,073.00",0.00,"2,774.00",0.00,0.00,0.00,0.00,0.00,0.00,0.00,0.00,0.00,0.00,0.00,299.00,0.00,0.00,0.00,0.00,0.00,0.00,0.00,0.00,0.00,0.00,0.00,0.00,0.00,0.00
2023-01-07,2023-01-02,2023-01-01,"3,105.00",0.00,"3,105.00","3,105.00",0.00,"2,835.00",0.00,0.00,0.00,0.00,0.00,0.00,0.00,0.00,0.00,0.00,0.00,270.00,0.00,0.00,0.00,0.00,0.00,0.00,0.00,0.00,0.00,0.00,0.00,0.00,0.00,0.00
2023-01-08,2023-01-02,2023-01-01,"2,830.00",0.00,"2,830.00","2,830.00",0.00,"2,689.00",0.00,0.00,0.00,0.00,0.00,0.00,0.00,0.00,0.00,0.00,0.00,141.00,0.00,0.00,0.00,0.00,0.00,0.00,0.00,0.00,0.00,0.00,0.00,0.00,0.00,0.00
2023-01-09,2023-01-09,2023-01-01,"3,365.00",0.00,"3,365.00","3,365.00",0.00,"3,232.00",0.00,0.00,0.00,0.00,0.00,0.00,0.00,0.00,0.00,0.00,0.00,133.00,0.00,0.00,0.00,0.00,0.00,0.00,0.00,0.00,0.00,0.00,0.00,0.00,0.00,0.00
2023-01-10,2023-01-09,2023-01-01,"4,216.00",0.00,"4,216.00","4,216.00",0.00,"4,009.00",0.00,0.00,0.00,0.00,0.00,0.00,0.00,0.00,0.00,0.00,0.00,207.00,0.00,0.00,0.00,0.00,0.00,0.00,0.00,0.00,0.00,0.00,0.00,0.00,0.00,0.00
2023-01-11,2023-01-09,2023-01-01,"3,732.00",0.00,"3,732.00","3,732.00",0.00,"3,440.00",0.00,0.00,0.00,0.00,0.00,0.00,0.00,0.00,0.00,0.00,0.00,292.00,0.00,0.00,0.00,0.00,0.00,0.00,0.00,0.00,0.00,0.00,0.00,0.00,0.00,0.00
2023-01-12,2023-01-09,2023-01-01,"4,200.00",0.00,"4,200.00","4,200.00",0.00,"4,013.00",0.00,0.00,0.00,0.00,0.00,0.00,0.00,0.00,0.00,0.00,0.00,187.00,0.00,0.00,0.00,0.00,0.00,0.00,0.00,0.00,0.00,0.00,0.00,0.00,0.00,0.00
2023-01-13,2023-01-09,2023-01-01,"3,549.00",0.00,"3,549.00","3,549.00",0.00,"3,327.00",0.00,0.00,0.00,0.00,0.00,0.00,0.00,0.00,0.00,0.00,0.00,222.00,0.00,0.00,0.00,0.00,0.00,0.00,0.00,0.00,0.00,0.00,0.00,0.00,0.00,0.00
2023-01-14,2023-01-09,2023-01-01,"4,751.00",0.00,"4,751.00","4,751.00",0.00,"4,576.00",0.00,0.00,0.00,0.00,0.00,0.00,0.00,0.00,0.00,0.00,0.00,175.00,0.00,0.00,0.00,0.00,0.00,0.00,0.00,0.00,0.00,0.00,0.00,0.00,0.00,0.00
2023-01-15,2023-01-09,2023-01-01,"4,366.00",0.00,"4,366.00","4,366.00",0.00,"4,067.00",0.00,0.00,0.00,0.00,0.00,0.00,0.00,0.00,0.00,0.00,0.00,299.00,0.00,0.00,0.00,0.00,0.00,0.00,0.00,0.00,0.00,0.00,0.00,0.00,0.00,0.00
2023-01-16,2023-01-16,2023-01-01,"2,441.00",0.00,"2,441.00","2,441.00",0.00,"2,023.00",0.00,0.00,0.00,0.00,0.00,0.00,0.00,0.00,0.00,0.00,0.00,418.00,0.00,0.00,0.00,0.00,0.00,0.00,0.00,0.00,0.00,0.00,0.00,0.00,0.00,0.00
2023-01-17,2023-01-16,2023-01-01,"3,402.00",0.00,"3,402.00","3,402.00",0.00,"2,983.00",0.00,0.00,0.00,0.00,0.00,0.00,0.00,0.00,0.00,0.00,0.00,419.00,0.00,0.00,0.00,0.00,0.00,0.00,0.00,0.00,0.00,0.00,0.00,0.00,0.00,0.00
2023-01-18,2023-01-16,2023-01-01,"2,587.00",0.00,"2,587.00","2,587.00",0.00,"2,168.00",0.00,0.00,0.00,0.00,0.00,0.00,0.00,0.00,0.00,0.00,0.00,419.00,0.00,0.00,0.00,0.00,0.00,0.00,0.00,0.00,0.00,0.00,0.00,0.00,0.00,0.00
2023-01-19,2023-01-16,2023-01-01,"1,448.00",0.00,"1,448.00","1,448.00",0.00,"1,034.00",0.00,0.00,0.00,0.00,0.00,0.00,0.00,0.00,0.00,0.00,0.00,414.00,0.00,0.00,0.00,0.00,0.00,0.00,0.00,0.00,0.00,0.00,0.00,0.00,0.00,0.00
2023-01-20,2023-01-16,2023-01-01,"2,109.00",0.00,"2,109.00","2,109.00",0.00,"1,691.00",0.00,0.00,0.00,0.00,0.00,0.00,0.00,0.00,0.00,0.00,0.00,418.00,0.00,0.00,0.00,0.00,0.00,0.00,0.00,0.00,0.00,0.00,0.00,0.00,0.00,0.00
2023-01-21,2023-01-16,2023-01-01,"3,222.00",0.00,"3,222.00","3,222.00",0.00,"2,455.00",0.00,0.00,0.00,0.00,0.00,0.00,0.00,0.00,0.00,0.00,0.00,767.00,0.00,0.00,0.00,0.00,0.00,0.00,0.00,0.00,0.00,0.00,0.00,0.00,0.00,0.00
2023-01-22,2023-01-16,2023-01-01,"4,407.00",0.00,"4,407.00","4,407.00",0.00,"3,950.00",0.00,0.00,0.00,0.00,0.00,0.00,0.00,0.00,0.00,0.00,0.00,457.00,0.00,0.00,0.00,0.00,0.00,0.00,0.00,0.00,0.00,0.00,0.00,0.00,0.00,0.00
2023-01-23,2023-01-23,2023-01-01,"4,149.00",0.00,"4,149.00","4,149.00",0.00,"3,243.00",0.00,0.00,0.00,0.00,0.00,0.00,0.00,0.00,0.00,0.00,0.00,906.00,0.00,0.00,0.00,0.00,0.00,0.00,0.00,0.00,0.00,0.00,0.00,0.00,0.00,0.00
2023-01-24,2023-01-23,2023-01-01,"5,383.00",0.00,"5,383.00","5,383.00",0.00,"3,929.00",0.00,0.00,0.00,0.00,0.00,0.00,0.00,0.00,0.00,0.00,0.00,"1,454.00",0.00,0.00,0.00,0.00,0.00,0.00,0.00,0.00,0.00,0.00,0.00,0.00,0.00,0.00
2023-01-25,2023-01-23,2023-01-01,"3,645.00",0.00,"3,645.00","3,645.00",0.00,"2,367.00",0.00,0.00,0.00,0.00,0.00,0.00,0.00,0.00,0.00,0.00,0.00,"1,278.00",0.00,0.00,0.00,0.00,0.00,0.00,0.00,0.00,0.00,0.00,0.00,0.00,0.00,0.00
2023-01-26,2023-01-23,2023-01-01,"3,959.00",0.00,"3,959.00","3,959.00",0.00,"2,663.00",0.00,0.00,0.00,0.00,0.00,0.00,0.00,0.00,0.00,0.00,0.00,"1,296.00",0.00,0.00,0.00,0.00,0.00,0.00,0.00,0.00,0.00,0.00,0.00,0.00,0.00,0.00
2023-01-27,2023-01-23,2023-01-01,"3,924.00",0.00,"3,924.00","3,924.00",0.00,"2,481.00",0.00,0.00,0.00,0.00,0.00,0.00,0.00,0.00,0.00,0.00,0.00,"1,443.00",0.00,0.00,0.00,0.00,0.00,0.00,0.00,0.00,0.00,0.00,0.00,0.00,0.00,0.00
2023-01-28,2023-01-23,2023-01-01,"3,739.00",0.00,"3,739.00","3,739.00",0.00,"2,412.00",0.00,0.00,0.00,0.00,0.00,0.00,0.00,0.00,0.00,0.00,0.00,"1,327.00",0.00,0.00,0.00,0.00,0.00,0.00,0.00,0.00,0.00,0.00,0.00,0.00,0.00,0.00
2023-01-29,2023-01-23,2023-01-01,"4,557.00",0.00,"4,557.00","4,557.00",0.00,"3,224.00",0.00,0.00,0.00,0.00,0.00,0.00,0.00,0.00,0.00,0.00,0.00,"1,333.00",0.00,0.00,0.00,0.00,0.00,0.00,0.00,0.00,0.00,0.00,0.00,0.00,0.00,0.00
2023-01-30,2023-01-30,2023-01-01,"2,657.00",0.00,"2,657.00","2,657.00",0.00,"1,907.00",0.00,0.00,0.00,0.00,0.00,0.00,0.00,0.00,0.00,0.00,0.00,750.00,0.00,0.00,0.00,0.00,0.00,0.00,0.00,0.00,0.00,0.00,0.00,0.00,0.00,0.00
2023-01-31,2023-01-30,2023-01-01,"3,070.00",0.00,"3,070.00","3,070.00",0.00,"1,884.00",0.00,0.00,0.00,0.00,0.00,0.00,0.00,0.00,0.00,0.00,0.00,"1,186.00",0.00,0.00,0.00,0.00,0.00,0.00,0.00,0.00,0.00,0.00,0.00,0.00,0.00,0.00
2023-02-01,2023-01-30,2023-02-01,"2,825.00",0.00,"2,825.00","2,825.00",0.00,"1,602.00",0.00,0.00,0.00,0.00,0.00,0.00,0.00,0.00,0.00,0.00,0.00,"1,223.00",0.00,0.00,0.00,0.00,0.00,0.00,0.00,0.00,0.00,0.00,0.00,0.00,0.00,0.00
2023-02-02,2023-01-30,2023-02-01,"2,775.00",0.00,"2,775.00","2,775.00",0.00,"1,688.00",0.00,0.00,0.00,0.00,0.00,0.00,0.00,0.00,0.00,0.00,0.00,"1,087.00",0.00,0.00,0.00,0.00,0.00,0.00,0.00,0.00,0.00,0.00,0.00,0.00,0.00,0.00
2023-02-03,2023-01-30,2023-02-01,"2,794.00",0.00,"2,794.00","2,794.00",0.00,"1,711.00",0.00,0.00,0.00,0.00,0.00,0.00,0.00,0.00,0.00,0.00,0.00,"1,083.00",0.00,0.00,0.00,0.00,0.00,0.00,0.00,0.00,0.00,0.00,0.00,0.00,0.00,0.00
2023-02-04,2023-01-30,2023-02-01,"3,546.00",0.00,"3,546.00","3,546.00",0.00,"2,284.00",0.00,0.00,0.00,0.00,0.00,0.00,0.00,0.00,0.00,0.00,0.00,"1,262.00",0.00,0.00,0.00,0.00,0.00,0.00,0.00,0.00,0.00,0.00,0.00,0.00,0.00,0.00
2023-02-05,2023-01-30,2023-02-01,"3,275.00",0.00,"3,275.00","3,275.00",0.00,"1,980.00",0.00,0.00,0.00,0.00,0.00,0.00,0.00,0.00,0.00,0.00,0.00,"1,295.00",0.00,0.00,0.00,0.00,0.00,0.00,0.00,0.00,0.00,0.00,0.00,0.00,0.00,0.00
2023-02-06,2023-02-06,2023-02-01,"4,065.00",0.00,"4,065.00","4,065.00",0.00,"2,968.00",0.00,0.00,0.00,0.00,0.00,0.00,0.00,0.00,0.00,0.00,0.00,"1,097.00",0.00,0.00,0.00,0.00,0.00,0.00,0.00,0.00,0.00,0.00,0.00,0.00,0.00,0.00
2023-02-07,2023-02-06,2023-02-01,"5,509.00",0.00,"5,509.00","5,509.00",0.00,"4,395.00",0.00,0.00,0.00,0.00,0.00,0.00,0.00,0.00,0.00,0.00,0.00,"1,114.00",0.00,0.00,0.00,0.00,0.00,0.00,0.00,0.00,0.00,0.00,0.00,0.00,0.00,0.00
2023-02-08,2023-02-06,2023-02-01,"5,164.00",0.00,"5,164.00","5,164.00",0.00,"4,052.00",0.00,0.00,0.00,0.00,0.00,0.00,0.00,0.00,0.00,0.00,0.00,"1,112.00",0.00,0.00,0.00,0.00,0.00,0.00,0.00,0.00,0.00,0.00,0.00,0.00,0.00,0.00
2023-02-09,2023-02-06,2023-02-01,"4,787.00",0.00,"4,787.00","4,787.00",0.00,"3,695.00",0.00,0.00,0.00,0.00,0.00,0.00,0.00,0.00,0.00,0.00,0.00,"1,092.00",0.00,0.00,0.00,0.00,0.00,0.00,0.00,0.00,0.00,0.00,0.00,0.00,0.00,0.00
2023-02-10,2023-02-06,2023-02-01,"3,252.00",0.00,"3,252.00","3,252.00",0.00,"2,215.00",0.00,0.00,0.00,0.00,0.00,0.00,0.00,0.00,0.00,0.00,0.00,"1,037.00",0.00,0.00,0.00,0.00,0.00,0.00,0.00,0.00,0.00,0.00,0.00,0.00,0.00,0.00
2023-02-11,2023-02-06,2023-02-01,"3,670.00",0.00,"3,670.00","3,670.00",0.00,"2,365.00",0.00,0.00,0.00,0.00,0.00,0.00,0.00,0.00,0.00,0.00,0.00,"1,305.00",0.00,0.00,0.00,0.00,0.00,0.00,0.00,0.00,0.00,0.00,0.00,0.00,0.00,0.00
2023-02-12,2023-02-06,2023-02-01,"4,643.00",0.00,"4,643.00","4,643.00",0.00,"3,324.00",0.00,0.00,0.00,0.00,0.00,0.00,0.00,0.00,0.00,0.00,0.00,"1,319.00",0.00,0.00,0.00,0.00,0.00,0.00,0.00,0.00,0.00,0.00,0.00,0.00,0.00,0.00
2023-02-13,2023-02-13,2023-02-01,"3,983.00",0.00,"3,983.00","3,983.00",0.00,"2,672.00",0.00,0.00,0.00,0.00,0.00,0.00,0.00,0.00,0.00,0.00,0.00,"1,311.00",0.00,0.00,0.00,0.00,0.00,0.00,0.00,0.00,0.00,0.00,0.00,0.00,0.00,0.00
2023-02-14,2023-02-13,2023-02-01,"4,374.00",0.00,"4,374.00","4,374.00",0.00,"3,063.00",0.00,0.00,0.00,0.00,0.00,0.00,0.00,0.00,0.00,0.00,0.00,"1,311.00",0.00,0.00,0.00,0.00,0.00,0.00,0.00,0.00,0.00,0.00,0.00,0.00,0.00,0.00
2023-02-15,2023-02-13,2023-02-01,"5,029.00",0.00,"5,029.00","5,029.00",0.00,"2,945.00",0.00,0.00,0.00,0.00,0.00,0.00,0.00,0.00,0.00,0.00,0.00,"2,084.00",0.00,0.00,0.00,0.00,0.00,0.00,0.00,0.00,0.00,0.00,0.00,0.00,0.00,0.00
2023-02-16,2023-02-13,2023-02-01,"5,061.00",0.00,"5,061.00","5,061.00",0.00,"2,998.00",0.00,0.00,0.00,0.00,0.00,0.00,0.00,0.00,0.00,0.00,0.00,"2,063.00",0.00,0.00,0.00,0.00,0.00,0.00,0.00,0.00,0.00,0.00,0.00,0.00,0.00,0.00
2023-02-17,2023-02-13,2023-02-01,"5,463.00",0.00,"5,463.00","5,463.00",0.00,"3,427.00",0.00,0.00,0.00,0.00,0.00,0.00,0.00,0.00,0.00,0.00,0.00,"2,036.00",0.00,0.00,0.00,0.00,0.00,0.00,0.00,0.00,0.00,0.00,0.00,0.00,0.00,0.00
2023-02-18,2023-02-13,2023-02-01,"5,636.00",0.00,"5,636.00","5,636.00",0.00,"3,598.00",0.00,0.00,0.00,0.00,0.00,0.00,0.00,0.00,0.00,0.00,0.00,"2,038.00",0.00,0.00,0.00,0.00,0.00,0.00,0.00,0.00,0.00,0.00,0.00,0.00,0.00,0.00
2023-02-19,2023-02-13,2023-02-01,"6,197.00",0.00,"6,197.00","6,197.00",0.00,"3,968.00",0.00,0.00,0.00,0.00,0.00,0.00,0.00,0.00,0.00,0.00,0.00,"2,229.00",0.00,0.00,0.00,0.00,0.00,0.00,0.00,0.00,0.00,0.00,0.00,0.00,0.00,0.00
2023-02-20,2023-02-20,2023-02-01,"6,009.00",0.00,"6,009.00","6,009.00",0.00,"3,780.00",0.00,0.00,0.00,0.00,0.00,0.00,0.00,0.00,0.00,0.00,0.00,"2,229.00",0.00,0.00,0.00,0.00,0.00,0.00,0.00,0.00,0.00,0.00,0.00,0.00,0.00,0.00
2023-02-21,2023-02-20,2023-02-01,"5,936.00",0.00,"5,936.00","5,936.00",0.00,"3,671.00",0.00,0.00,0.00,0.00,0.00,0.00,0.00,0.00,0.00,0.00,0.00,"2,265.00",0.00,0.00,0.00,0.00,0.00,0.00,0.00,0.00,0.00,0.00,0.00,0.00,0.00,0.00
2023-02-22,2023-02-20,2023-02-01,"6,040.00",0.00,"6,040.00","6,040.00",0.00,"3,775.00",0.00,0.00,0.00,0.00,0.00,0.00,0.00,0.00,0.00,0.00,0.00,"2,265.00",0.00,0.00,0.00,0.00,0.00,0.00,0.00,0.00,0.00,0.00,0.00,0.00,0.00,0.00
2023-02-23,2023-02-20,2023-02-01,"7,016.00",0.00,"7,016.00","7,016.00",0.00,"4,796.00",0.00,0.00,0.00,0.00,0.00,0.00,0.00,0.00,0.00,0.00,0.00,"2,220.00",0.00,0.00,0.00,0.00,0.00,0.00,0.00,0.00,0.00,0.00,0.00,0.00,0.00,0.00
2023-02-24,2023-02-20,2023-02-01,"6,069.00",0.00,"6,069.00","6,069.00",0.00,"3,883.00",0.00,0.00,0.00,0.00,0.00,0.00,0.00,0.00,0.00,0.00,0.00,"2,186.00",0.00,0.00,0.00,0.00,0.00,0.00,0.00,0.00,0.00,0.00,0.00,0.00,0.00,0.00
2023-02-25,2023-02-20,2023-02-01,"6,240.00",0.00,"6,240.00","6,240.00",0.00,"3,909.00",0.00,0.00,0.00,0.00,0.00,0.00,0.00,0.00,0.00,0.00,0.00,"2,331.00",0.00,0.00,0.00,0.00,0.00,0.00,0.00,0.00,0.00,0.00,0.00,0.00,0.00,0.00
2023-02-26,2023-02-20,2023-02-01,"7,554.00",0.00,"7,554.00","7,554.00",0.00,"5,248.00",0.00,0.00,0.00,0.00,0.00,0.00,0.00,0.00,0.00,0.00,0.00,"2,306.00",0.00,0.00,0.00,0.00,0.00,0.00,0.00,0.00,0.00,0.00,0.00,0.00,0.00,0.00
2023-02-27,2023-02-27,2023-02-01,"7,200.00",0.00,"7,200.00","7,200.00",0.00,"4,919.00",0.00,0.00,0.00,0.00,0.00,0.00,0.00,0.00,0.00,0.00,0.00,"2,281.00",0.00,0.00,0.00,0.00,0.00,0.00,0.00,0.00,0.00,0.00,0.00,0.00,0.00,0.00
2023-02-28,2023-02-27,2023-02-01,"5,083.00",0.00,"5,083.00","5,083.00",0.00,"2,749.00",0.00,0.00,0.00,0.00,0.00,0.00,0.00,0.00,0.00,0.00,0.00,"2,334.00",0.00,0.00,0.00,0.00,0.00,0.00,0.00,0.00,0.00,0.00,0.00,0.00,0.00,0.00
2023-03-01,2023-02-27,2023-03-01,"4,022.00",0.00,"4,022.00","4,022.00",0.00,"1,743.00",0.00,0.00,0.00,0.00,0.00,0.00,0.00,0.00,0.00,0.00,0.00,"2,279.00",0.00,0.00,0.00,0.00,0.00,0.00,0.00,0.00,0.00,0.00,0.00,0.00,0.00,0.00
2023-03-02,2023-02-27,2023-03-01,"3,474.00",0.00,"3,474.00","3,474.00",0.00,"1,773.00",0.00,0.00,0.00,0.00,0.00,0.00,0.00,0.00,0.00,0.00,0.00,"1,701.00",0.00,0.00,0.00,0.00,0.00,0.00,0.00,0.00,0.00,0.00,0.00,0.00,0.00,0.00
2023-03-03,2023-02-27,2023-03-01,"5,022.00",0.00,"5,022.00","5,022.00",0.00,"3,371.00",0.00,0.00,0.00,0.00,0.00,0.00,0.00,0.00,0.00,0.00,0.00,"1,651.00",0.00,0.00,0.00,0.00,0.00,0.00,0.00,0.00,0.00,0.00,0.00,0.00,0.00,0.00
2023-03-04,2023-02-27,2023-03-01,"5,164.00",0.00,"5,164.00","5,164.00",0.00,"3,522.00",0.00,0.00,0.00,0.00,0.00,0.00,0.00,0.00,0.00,0.00,0.00,"1,642.00",0.00,0.00,0.00,0.00,0.00,0.00,0.00,0.00,0.00,0.00,0.00,0.00,0.00,0.00
2023-03-05,2023-02-27,2023-03-01,"5,121.00",0.00,"5,121.00","5,121.00",0.00,"3,449.00",0.00,0.00,0.00,0.00,0.00,0.00,0.00,0.00,0.00,0.00,0.00,"1,672.00",0.00,0.00,0.00,0.00,0.00,0.00,0.00,0.00,0.00,0.00,0.00,0.00,0.00,0.00
2023-03-06,2023-03-06,2023-03-01,"5,770.00",0.00,"5,770.00","5,770.00",0.00,"4,115.00",0.00,0.00,0.00,0.00,0.00,0.00,0.00,0.00,0.00,0.00,0.00,"1,655.00",0.00,0.00,0.00,0.00,0.00,0.00,0.00,0.00,0.00,0.00,0.00,0.00,0.00,0.00
2023-03-07,2023-03-06,2023-03-01,"6,910.00",0.00,"6,910.00","6,910.00",0.00,"5,242.00",0.00,0.00,0.00,0.00,0.00,0.00,0.00,0.00,0.00,0.00,0.00,"1,668.00",0.00,0.00,0.00,0.00,0.00,0.00,0.00,0.00,0.00,0.00,0.00,0.00,0.00,0.00
2023-03-08,2023-03-06,2023-03-01,"7,647.00",0.00,"7,647.00","7,647.00",0.00,"5,936.00",0.00,0.00,0.00,0.00,0.00,0.00,0.00,0.00,0.00,0.00,0.00,"1,711.00",0.00,0.00,0.00,0.00,0.00,0.00,0.00,0.00,0.00,0.00,0.00,0.00,0.00,0.00
2023-03-09,2023-03-06,2023-03-01,"6,496.00",0.00,"6,496.00","6,496.00",0.00,"5,228.00",0.00,0.00,0.00,0.00,0.00,0.00,0.00,0.00,0.00,0.00,0.00,"1,268.00",0.00,0.00,0.00,0.00,0.00,0.00,0.00,0.00,0.00,0.00,0.00,0.00,0.00,0.00
2023-03-10,2023-03-06,2023-03-01,"4,145.00",0.00,"4,145.00","4,145.00",0.00,"2,768.00",0.00,0.00,0.00,0.00,0.00,0.00,0.00,0.00,0.00,0.00,0.00,"1,377.00",0.00,0.00,0.00,0.00,0.00,0.00,0.00,0.00,0.00,0.00,0.00,0.00,0.00,0.00
2023-03-11,2023-03-06,2023-03-01,"5,093.00",0.00,"5,093.00","5,093.00",0.00,"3,707.00",0.00,0.00,0.00,0.00,0.00,0.00,0.00,0.00,0.00,0.00,0.00,"1,386.00",0.00,0.00,0.00,0.00,0.00,0.00,0.00,0.00,0.00,0.00,0.00,0.00,0.00,0.00
2023-03-12,2023-03-06,2023-03-01,"6,314.00",0.00,"6,314.00","6,314.00",0.00,"5,206.00",0.00,0.00,0.00,0.00,0.00,0.00,0.00,0.00,0.00,0.00,0.00,"1,108.00",0.00,0.00,0.00,0.00,0.00,0.00,0.00,0.00,0.00,0.00,0.00,0.00,0.00,0.00
2023-03-13,2023-03-13,2023-03-01,"5,639.00",0.00,"5,639.00","5,639.00",0.00,"4,568.00",0.00,0.00,0.00,0.00,0.00,0.00,0.00,0.00,0.00,0.00,0.00,"1,071.00",0.00,0.00,0.00,0.00,0.00,0.00,0.00,0.00,0.00,0.00,0.00,0.00,0.00,0.00
2023-03-14,2023-03-13,2023-03-01,"5,442.00",0.00,"5,442.00","5,442.00",0.00,"4,428.00",0.00,0.00,0.00,0.00,0.00,0.00,0.00,0.00,0.00,0.00,0.00,"1,014.00",0.00,0.00,0.00,0.00,0.00,0.00,0.00,0.00,0.00,0.00,0.00,0.00,0.00,0.00
2023-03-15,2023-03-13,2023-03-01,"5,936.00",0.00,"5,936.00","5,936.00",0.00,"5,007.00",0.00,0.00,0.00,0.00,0.00,0.00,0.00,0.00,0.00,0.00,0.00,929.00,0.00,0.00,0.00,0.00,0.00,0.00,0.00,0.00,0.00,0.00,0.00,0.00,0.00,0.00
2023-03-16,2023-03-13,2023-03-01,"8,108.00",0.00,"8,108.00","8,108.00",0.00,"7,185.00",0.00,0.00,0.00,0.00,0.00,0.00,0.00,0.00,0.00,0.00,0.00,923.00,0.00,0.00,0.00,0.00,0.00,0.00,0.00,0.00,0.00,0.00,0.00,0.00,0.00,0.00
2023-03-17,2023-03-13,2023-03-01,"4,437.00",0.00,"4,437.00","4,437.00",0.00,"3,411.00",0.00,0.00,0.00,0.00,0.00,0.00,0.00,0.00,0.00,0.00,0.00,"1,026.00",0.00,0.00,0.00,0.00,0.00,0.00,0.00,0.00,0.00,0.00,0.00,0.00,0.00,0.00
2023-03-18,2023-03-13,2023-03-01,"4,550.00",0.00,"4,550.00","4,550.00",0.00,"3,153.00",0.00,0.00,0.00,0.00,0.00,0.00,0.00,0.00,0.00,0.00,0.00,"1,397.00",0.00,0.00,0.00,0.00,0.00,0.00,0.00,0.00,0.00,0.00,0.00,0.00,0.00,0.00
2023-03-19,2023-03-13,2023-03-01,"4,462.00",0.00,"4,462.00","4,462.00",0.00,"3,271.00",0.00,0.00,0.00,0.00,0.00,0.00,0.00,0.00,0.00,0.00,0.00,"1,191.00",0.00,0.00,0.00,0.00,0.00,0.00,0.00,0.00,0.00,0.00,0.00,0.00,0.00,0.00
2023-03-20,2023-03-20,2023-03-01,"4,036.00",0.00,"4,036.00","4,036.00",0.00,"2,956.00",0.00,0.00,0.00,0.00,0.00,0.00,0.00,0.00,0.00,0.00,0.00,"1,080.00",0.00,0.00,0.00,0.00,0.00,0.00,0.00,0.00,0.00,0.00,0.00,0.00,0.00,0.00
2023-03-21,2023-03-20,2023-03-01,"4,970.00",0.00,"4,970.00","4,970.00",0.00,"3,953.00",0.00,0.00,0.00,0.00,0.00,0.00,0.00,0.00,0.00,0.00,0.00,"1,017.00",0.00,0.00,0.00,0.00,0.00,0.00,0.00,0.00,0.00,0.00,0.00,0.00,0.00,0.00
2023-03-22,2023-03-20,2023-03-01,"8,251.00",0.00,"8,251.00","8,251.00",0.00,"7,101.00",0.00,0.00,0.00,0.00,0.00,0.00,0.00,0.00,0.00,0.00,0.00,"1,150.00",0.00,0.00,0.00,0.00,0.00,0.00,0.00,0.00,0.00,0.00,0.00,0.00,0.00,0.00
2023-03-23,2023-03-20,2023-03-01,"6,670.00",0.00,"6,670.00","6,670.00",0.00,"5,505.00",0.00,0.00,0.00,0.00,0.00,0.00,0.00,0.00,0.00,0.00,0.00,"1,165.00",0.00,0.00,0.00,0.00,0.00,0.00,0.00,0.00,0.00,0.00,0.00,0.00,0.00,0.00
2023-03-24,2023-03-20,2023-03-01,"6,371.00",0.00,"6,371.00","6,371.00",0.00,"5,139.00",0.00,0.00,0.00,0.00,0.00,0.00,0.00,0.00,0.00,0.00,0.00,"1,232.00",0.00,0.00,0.00,0.00,0.00,0.00,0.00,0.00,0.00,0.00,0.00,0.00,0.00,0.00
2023-03-25,2023-03-20,2023-03-01,"8,296.00",0.00,"8,296.00","8,296.00",0.00,"7,157.00",0.00,0.00,0.00,0.00,0.00,0.00,0.00,0.00,0.00,0.00,0.00,"1,139.00",0.00,0.00,0.00,0.00,0.00,0.00,0.00,0.00,0.00,0.00,0.00,0.00,0.00,0.00
2023-03-26,2023-03-20,2023-03-01,"8,814.00",0.00,"8,814.00","8,814.00",0.00,"7,630.00",0.00,0.00,0.00,0.00,0.00,0.00,0.00,0.00,0.00,0.00,0.00,"1,184.00",0.00,0.00,0.00,0.00,0.00,0.00,0.00,0.00,0.00,0.00,0.00,0.00,0.00,0.00
2023-03-27,2023-03-27,2023-03-01,"4,658.00",0.00,"4,658.00","4,658.00",0.00,"3,486.00",0.00,0.00,0.00,0.00,0.00,0.00,0.00,0.00,0.00,0.00,0.00,"1,172.00",0.00,0.00,0.00,0.00,0.00,0.00,0.00,0.00,0.00,0.00,0.00,0.00,0.00,0.00
2023-03-28,2023-03-27,2023-03-01,"3,983.00",0.00,"3,983.00","3,983.00",0.00,"3,030.00",0.00,0.00,0.00,0.00,0.00,0.00,0.00,0.00,0.00,0.00,0.00,953.00,0.00,0.00,0.00,0.00,0.00,0.00,0.00,0.00,0.00,0.00,0.00,0.00,0.00,0.00
2023-03-29,2023-03-27,2023-03-01,"5,888.00",0.00,"5,888.00","5,888.00",0.00,"4,486.00",0.00,0.00,0.00,0.00,0.00,0.00,0.00,0.00,0.00,0.00,0.00,"1,402.00",0.00,0.00,0.00,0.00,0.00,0.00,0.00,0.00,0.00,0.00,0.00,0.00,0.00,0.00
2023-03-30,2023-03-27,2023-03-01,"6,039.00",0.00,"6,039.00","6,039.00",0.00,"4,640.00",0.00,0.00,0.00,0.00,0.00,0.00,0.00,0.00,0.00,0.00,0.00,"1,399.00",0.00,0.00,0.00,0.00,0.00,0.00,0.00,0.00,0.00,0.00,0.00,0.00,0.00,0.00
2023-03-31,2023-03-27,2023-03-01,"6,114.00",0.00,"6,114.00","6,114.00",0.00,"4,722.00",0.00,0.00,0.00,0.00,0.00,0.00,0.00,0.00,0.00,0.00,0.00,"1,392.00",0.00,0.00,0.00,0.00,0.00,0.00,0.00,0.00,0.00,0.00,0.00,0.00,0.00,0.00
2023-04-01,2023-03-27,2023-04-01,"6,954.00",0.00,"6,954.00","6,954.00",0.00,"5,558.00",0.00,0.00,0.00,0.00,0.00,0.00,0.00,0.00,0.00,0.00,0.00,"1,396.00",0.00,0.00,0.00,0.00,0.00,0.00,0.00,0.00,0.00,0.00,0.00,0.00,0.00,0.00
2023-04-02,2023-03-27,2023-04-01,"7,077.00",0.00,"7,077.00","7,077.00",0.00,"6,722.00",0.00,0.00,0.00,0.00,0.00,0.00,0.00,0.00,0.00,0.00,0.00,355.00,0.00,0.00,0.00,0.00,0.00,0.00,0.00,0.00,0.00,0.00,0.00,0.00,0.00,0.00
2023-04-03,2023-04-03,2023-04-01,"13,824.00",0.00,"13,824.00","7,824.00","6,000.00","6,418.00",0.00,0.00,0.00,0.00,0.00,0.00,0.00,0.00,0.00,0.00,0.00,"1,406.00","6,000.00",0.00,0.00,0.00,0.00,0.00,0.00,0.00,0.00,0.00,0.00,0.00,0.00,0.00
2023-04-04,2023-04-03,2023-04-01,"6,002.00",0.00,"6,002.00","6,002.00",0.00,"4,904.00",0.00,0.00,0.00,0.00,0.00,0.00,0.00,0.00,0.00,0.00,0.00,"1,098.00",0.00,0.00,0.00,0.00,0.00,0.00,0.00,0.00,0.00,0.00,0.00,0.00,0.00,0.00
2023-04-05,2023-04-03,2023-04-01,"3,893.00",0.00,"3,893.00","3,893.00",0.00,"3,893.00",0.00,0.00,0.00,0.00,0.00,0.00,0.00,0.00,0.00,0.00,0.00,0.00,0.00,0.00,0.00,0.00,0.00,0.00,0.00,0.00,0.00,0.00,0.00,0.00,0.00,0.00
2023-04-06,2023-04-03,2023-04-01,"4,080.00",0.00,"4,080.00","4,080.00",0.00,"4,080.00",0.00,0.00,0.00,0.00,0.00,0.00,0.00,0.00,0.00,0.00,0.00,0.00,0.00,0.00,0.00,0.00,0.00,0.00,0.00,0.00,0.00,0.00,0.00,0.00,0.00,0.00
2023-04-07,2023-04-03,2023-04-01,"4,516.00",0.00,"4,516.00","4,516.00",0.00,"4,516.00",0.00,0.00,0.00,0.00,0.00,0.00,0.00,0.00,0.00,0.00,0.00,0.00,0.00,0.00,0.00,0.00,0.00,0.00,0.00,0.00,0.00,0.00,0.00,0.00,0.00,0.00
2023-04-08,2023-04-03,2023-04-01,"3,555.00",0.00,"3,555.00","3,555.00",0.00,"3,555.00",0.00,0.00,0.00,0.00,0.00,0.00,0.00,0.00,0.00,0.00,0.00,0.00,0.00,0.00,0.00,0.00,0.00,0.00,0.00,0.00,0.00,0.00,0.00,0.00,0.00,0.00
2023-04-09,2023-04-03,2023-04-01,"2,987.00",0.00,"2,987.00","2,987.00",0.00,"2,987.00",0.00,0.00,0.00,0.00,0.00,0.00,0.00,0.00,0.00,0.00,0.00,0.00,0.00,0.00,0.00,0.00,0.00,0.00,0.00,0.00,0.00,0.00,0.00,0.00,0.00,0.00
2023-04-10,2023-04-10,2023-04-01,"11,338.00",0.00,"11,338.00","5,338.00","6,000.00","5,338.00",0.00,0.00,0.00,0.00,0.00,0.00,0.00,0.00,0.00,0.00,0.00,0.00,"6,000.00",0.00,0.00,0.00,0.00,0.00,0.00,0.00,0.00,0.00,0.00,0.00,0.00,0.00
2023-04-11,2023-04-10,2023-04-01,"7,891.00",0.00,"7,891.00","7,891.00",0.00,"7,891.00",0.00,0.00,0.00,0.00,0.00,0.00,0.00,0.00,0.00,0.00,0.00,0.00,0.00,0.00,0.00,0.00,0.00,0.00,0.00,0.00,0.00,0.00,0.00,0.00,0.00,0.00
2023-04-12,2023-04-10,2023-04-01,"8,569.00",0.00,"8,569.00","8,569.00",0.00,"8,569.00",0.00,0.00,0.00,0.00,0.00,0.00,0.00,0.00,0.00,0.00,0.00,0.00,0.00,0.00,0.00,0.00,0.00,0.00,0.00,0.00,0.00,0.00,0.00,0.00,0.00,0.00
2023-04-13,2023-04-10,2023-04-01,"9,757.00",0.00,"9,757.00","9,757.00",0.00,"9,757.00",0.00,0.00,0.00,0.00,0.00,0.00,0.00,0.00,0.00,0.00,0.00,0.00,0.00,0.00,0.00,0.00,0.00,0.00,0.00,0.00,0.00,0.00,0.00,0.00,0.00,0.00
2023-04-14,2023-04-10,2023-04-01,"8,623.00",0.00,"8,623.00","8,623.00",0.00,"8,623.00",0.00,0.00,0.00,0.00,0.00,0.00,0.00,0.00,0.00,0.00,0.00,0.00,0.00,0.00,0.00,0.00,0.00,0.00,0.00,0.00,0.00,0.00,0.00,0.00,0.00,0.00
2023-04-15,2023-04-10,2023-04-01,"7,599.00",0.00,"7,599.00","7,599.00",0.00,"7,599.00",0.00,0.00,0.00,0.00,0.00,0.00,0.00,0.00,0.00,0.00,0.00,0.00,0.00,0.00,0.00,0.00,0.00,0.00,0.00,0.00,0.00,0.00,0.00,0.00,0.00,0.00
2023-04-16,2023-04-10,2023-04-01,"8,194.00",0.00,"8,194.00","8,194.00",0.00,"8,194.00",0.00,0.00,0.00,0.00,0.00,0.00,0.00,0.00,0.00,0.00,0.00,0.00,0.00,0.00,0.00,0.00,0.00,0.00,0.00,0.00,0.00,0.00,0.00,0.00,0.00,0.00
2023-04-17,2023-04-17,2023-04-01,"15,591.00",0.00,"15,591.00","9,591.00","6,000.00","9,591.00",0.00,0.00,0.00,0.00,0.00,0.00,0.00,0.00,0.00,0.00,0.00,0.00,"6,000.00",0.00,0.00,0.00,0.00,0.00,0.00,0.00,0.00,0.00,0.00,0.00,0.00,0.00
2023-04-18,2023-04-17,2023-04-01,"9,387.00",0.00,"9,387.00","9,387.00",0.00,"9,387.00",0.00,0.00,0.00,0.00,0.00,0.00,0.00,0.00,0.00,0.00,0.00,0.00,0.00,0.00,0.00,0.00,0.00,0.00,0.00,0.00,0.00,0.00,0.00,0.00,0.00,0.00
2023-04-19,2023-04-17,2023-04-01,"9,770.00",0.00,"9,770.00","9,770.00",0.00,"9,770.00",0.00,0.00,0.00,0.00,0.00,0.00,0.00,0.00,0.00,0.00,0.00,0.00,0.00,0.00,0.00,0.00,0.00,0.00,0.00,0.00,0.00,0.00,0.00,0.00,0.00,0.00
2023-04-20,2023-04-17,2023-04-01,"5,696.00",0.00,"5,696.00","5,696.00",0.00,"5,696.00",0.00,0.00,0.00,0.00,0.00,0.00,0.00,0.00,0.00,0.00,0.00,0.00,0.00,0.00,0.00,0.00,0.00,0.00,0.00,0.00,0.00,0.00,0.00,0.00,0.00,0.00
2023-04-21,2023-04-17,2023-04-01,"5,481.00",0.00,"5,481.00","5,481.00",0.00,"5,481.00",0.00,0.00,0.00,0.00,0.00,0.00,0.00,0.00,0.00,0.00,0.00,0.00,0.00,0.00,0.00,0.00,0.00,0.00,0.00,0.00,0.00,0.00,0.00,0.00,0.00,0.00
2023-04-22,2023-04-17,2023-04-01,"4,908.00",0.00,"4,908.00","4,908.00",0.00,"4,908.00",0.00,0.00,0.00,0.00,0.00,0.00,0.00,0.00,0.00,0.00,0.00,0.00,0.00,0.00,0.00,0.00,0.00,0.00,0.00,0.00,0.00,0.00,0.00,0.00,0.00,0.00
2023-04-23,2023-04-17,2023-04-01,"15,526.00",0.00,"15,526.00","15,526.00",0.00,"15,526.00",0.00,0.00,0.00,0.00,0.00,0.00,0.00,0.00,0.00,0.00,0.00,0.00,0.00,0.00,0.00,0.00,0.00,0.00,0.00,0.00,0.00,0.00,0.00,0.00,0.00,0.00
2023-04-24,2023-04-24,2023-04-01,"8,544.00",0.00,"8,544.00","2,544.00","6,000.00","2,544.00",0.00,0.00,0.00,0.00,0.00,0.00,0.00,0.00,0.00,0.00,0.00,0.00,"6,000.00",0.00,0.00,0.00,0.00,0.00,0.00,0.00,0.00,0.00,0.00,0.00,0.00,0.00
2023-04-25,2023-04-24,2023-04-01,"6,117.00",0.00,"6,117.00","6,117.00",0.00,"6,117.00",0.00,0.00,0.00,0.00,0.00,0.00,0.00,0.00,0.00,0.00,0.00,0.00,0.00,0.00,0.00,0.00,0.00,0.00,0.00,0.00,0.00,0.00,0.00,0.00,0.00,0.00
2023-04-26,2023-04-24,2023-04-01,"5,233.00",0.00,"5,233.00","5,233.00",0.00,"5,233.00",0.00,0.00,0.00,0.00,0.00,0.00,0.00,0.00,0.00,0.00,0.00,0.00,0.00,0.00,0.00,0.00,0.00,0.00,0.00,0.00,0.00,0.00,0.00,0.00,0.00,0.00
2023-04-27,2023-04-24,2023-04-01,"3,387.00",0.00,"3,387.00","3,387.00",0.00,"3,387.00",0.00,0.00,0.00,0.00,0.00,0.00,0.00,0.00,0.00,0.00,0.00,0.00,0.00,0.00,0.00,0.00,0.00,0.00,0.00,0.00,0.00,0.00,0.00,0.00,0.00,0.00
2023-04-28,2023-04-24,2023-04-01,"1,848.00",0.00,"1,848.00","1,848.00",0.00,"1,848.00",0.00,0.00,0.00,0.00,0.00,0.00,0.00,0.00,0.00,0.00,0.00,0.00,0.00,0.00,0.00,0.00,0.00,0.00,0.00,0.00,0.00,0.00,0.00,0.00,0.00,0.00
2023-04-29,2023-04-24,2023-04-01,"1,897.00",0.00,"1,897.00","1,897.00",0.00,"1,897.00",0.00,0.00,0.00,0.00,0.00,0.00,0.00,0.00,0.00,0.00,0.00,0.00,0.00,0.00,0.00,0.00,0.00,0.00,0.00,0.00,0.00,0.00,0.00,0.00,0.00,0.00
2023-04-30,2023-04-24,2023-04-01,"2,132.00",0.00,"2,132.00","2,132.00",0.00,"2,132.00",0.00,0.00,0.00,0.00,0.00,0.00,0.00,0.00,0.00,0.00,0.00,0.00,0.00,0.00,0.00,0.00,0.00,0.00,0.00,0.00,0.00,0.00,0.00,0.00,0.00,0.00
2023-05-01,2023-05-01,2023-05-01,"2,375.00",0.00,"2,375.00","2,375.00",0.00,"2,375.00",0.00,0.00,0.00,0.00,0.00,0.00,0.00,0.00,0.00,0.00,0.00,0.00,0.00,0.00,0.00,0.00,0.00,0.00,0.00,0.00,0.00,0.00,0.00,0.00,0.00,0.00
2023-05-02,2023-05-01,2023-05-01,"1,630.00",0.00,"1,630.00","1,630.00",0.00,"1,630.00",0.00,0.00,0.00,0.00,0.00,0.00,0.00,0.00,0.00,0.00,0.00,0.00,0.00,0.00,0.00,0.00,0.00,0.00,0.00,0.00,0.00,0.00,0.00,0.00,0.00,0.00
2023-05-03,2023-05-01,2023-05-01,"3,298.00",0.00,"3,298.00","3,298.00",0.00,"3,298.00",0.00,0.00,0.00,0.00,0.00,0.00,0.00,0.00,0.00,0.00,0.00,0.00,0.00,0.00,0.00,0.00,0.00,0.00,0.00,0.00,0.00,0.00,0.00,0.00,0.00,0.00
2023-05-04,2023-05-01,2023-05-01,"2,112.00",0.00,"2,112.00","2,112.00",0.00,"2,112.00",0.00,0.00,0.00,0.00,0.00,0.00,0.00,0.00,0.00,0.00,0.00,0.00,0.00,0.00,0.00,0.00,0.00,0.00,0.00,0.00,0.00,0.00,0.00,0.00,0.00,0.00
2023-05-05,2023-05-01,2023-05-01,706.00,0.00,706.00,706.00,0.00,706.00,0.00,0.00,0.00,0.00,0.00,0.00,0.00,0.00,0.00,0.00,0.00,0.00,0.00,0.00,0.00,0.00,0.00,0.00,0.00,0.00,0.00,0.00,0.00,0.00,0.00,0.00
2023-05-06,2023-05-01,2023-05-01,630.00,0.00,630.00,630.00,0.00,630.00,0.00,0.00,0.00,0.00,0.00,0.00,0.00,0.00,0.00,0.00,0.00,0.00,0.00,0.00,0.00,0.00,0.00,0.00,0.00,0.00,0.00,0.00,0.00,0.00,0.00,0.00
2023-05-07,2023-05-01,2023-05-01,0.00,0.00,0.00,0.00,0.00,0.00,0.00,0.00,0.00,0.00,0.00,0.00,0.00,0.00,0.00,0.00,0.00,0.00,0.00,0.00,0.00,0.00,0.00,0.00,0.00,0.00,0.00,0.00,0.00,0.00,0.00,0.00
2023-05-08,2023-05-08,2023-05-01,923.00,0.00,923.00,923.00,0.00,923.00,0.00,0.00,0.00,0.00,0.00,0.00,0.00,0.00,0.00,0.00,0.00,0.00,0.00,0.00,0.00,0.00,0.00,0.00,0.00,0.00,0.00,0.00,0.00,0.00,0.00,0.00
2023-05-09,2023-05-08,2023-05-01,898.00,0.00,898.00,898.00,0.00,898.00,0.00,0.00,0.00,0.00,0.00,0.00,0.00,0.00,0.00,0.00,0.00,0.00,0.00,0.00,0.00,0.00,0.00,0.00,0.00,0.00,0.00,0.00,0.00,0.00,0.00,0.00
2023-05-10,2023-05-08,2023-05-01,944.00,0.00,944.00,944.00,0.00,944.00,0.00,0.00,0.00,0.00,0.00,0.00,0.00,0.00,0.00,0.00,0.00,0.00,0.00,0.00,0.00,0.00,0.00,0.00,0.00,0.00,0.00,0.00,0.00,0.00,0.00,0.00
2023-05-11,2023-05-08,2023-05-01,624.00,0.00,624.00,624.00,0.00,624.00,0.00,0.00,0.00,0.00,0.00,0.00,0.00,0.00,0.00,0.00,0.00,0.00,0.00,0.00,0.00,0.00,0.00,0.00,0.00,0.00,0.00,0.00,0.00,0.00,0.00,0.00
2023-05-12,2023-05-08,2023-05-01,230.00,0.00,230.00,230.00,0.00,230.00,0.00,0.00,0.00,0.00,0.00,0.00,0.00,0.00,0.00,0.00,0.00,0.00,0.00,0.00,0.00,0.00,0.00,0.00,0.00,0.00,0.00,0.00,0.00,0.00,0.00,0.00
2023-05-13,2023-05-08,2023-05-01,254.00,0.00,254.00,254.00,0.00,254.00,0.00,0.00,0.00,0.00,0.00,0.00,0.00,0.00,0.00,0.00,0.00,0.00,0.00,0.00,0.00,0.00,0.00,0.00,0.00,0.00,0.00,0.00,0.00,0.00,0.00,0.00
2023-05-14,2023-05-08,2023-05-01,132.00,0.00,132.00,132.00,0.00,132.00,0.00,0.00,0.00,0.00,0.00,0.00,0.00,0.00,0.00,0.00,0.00,0.00,0.00,0.00,0.00,0.00,0.00,0.00,0.00,0.00,0.00,0.00,0.00,0.00,0.00,0.00
2023-05-15,2023-05-15,2023-05-01,146.00,0.00,146.00,146.00,0.00,146.00,0.00,0.00,0.00,0.00,0.00,0.00,0.00,0.00,0.00,0.00,0.00,0.00,0.00,0.00,0.00,0.00,0.00,0.00,0.00,0.00,0.00,0.00,0.00,0.00,0.00,0.00
2023-05-16,2023-05-15,2023-05-01,147.00,0.00,147.00,147.00,0.00,147.00,0.00,0.00,0.00,0.00,0.00,0.00,0.00,0.00,0.00,0.00,0.00,0.00,0.00,0.00,0.00,0.00,0.00,0.00,0.00,0.00,0.00,0.00,0.00,0.00,0.00,0.00
2023-05-17,2023-05-15,2023-05-01,134.00,0.00,134.00,134.00,0.00,134.00,0.00,0.00,0.00,0.00,0.00,0.00,0.00,0.00,0.00,0.00,0.00,0.00,0.00,0.00,0.00,0.00,0.00,0.00,0.00,0.00,0.00,0.00,0.00,0.00,0.00,0.00
2023-05-18,2023-05-15,2023-05-01,127.00,0.00,127.00,127.00,0.00,127.00,0.00,0.00,0.00,0.00,0.00,0.00,0.00,0.00,0.00,0.00,0.00,0.00,0.00,0.00,0.00,0.00,0.00,0.00,0.00,0.00,0.00,0.00,0.00,0.00,0.00,0.00
2023-05-19,2023-05-15,2023-05-01,119.00,0.00,119.00,119.00,0.00,119.00,0.00,0.00,0.00,0.00,0.00,0.00,0.00,0.00,0.00,0.00,0.00,0.00,0.00,0.00,0.00,0.00,0.00,0.00,0.00,0.00,0.00,0.00,0.00,0.00,0.00,0.00
2023-05-20,2023-05-15,2023-05-01,120.00,0.00,120.00,120.00,0.00,120.00,0.00,0.00,0.00,0.00,0.00,0.00,0.00,0.00,0.00,0.00,0.00,0.00,0.00,0.00,0.00,0.00,0.00,0.00,0.00,0.00,0.00,0.00,0.00,0.00,0.00,0.00
2023-05-21,2023-05-15,2023-05-01,118.00,0.00,118.00,118.00,0.00,118.00,0.00,0.00,0.00,0.00,0.00,0.00,0.00,0.00,0.00,0.00,0.00,0.00,0.00,0.00,0.00,0.00,0.00,0.00,0.00,0.00,0.00,0.00,0.00,0.00,0.00,0.00
2023-05-22,2023-05-22,2023-05-01,127.00,0.00,127.00,127.00,0.00,127.00,0.00,0.00,0.00,0.00,0.00,0.00,0.00,0.00,0.00,0.00,0.00,0.00,0.00,0.00,0.00,0.00,0.00,0.00,0.00,0.00,0.00,0.00,0.00,0.00,0.00,0.00
2023-05-23,2023-05-22,2023-05-01,123.00,0.00,123.00,123.00,0.00,123.00,0.00,0.00,0.00,0.00,0.00,0.00,0.00,0.00,0.00,0.00,0.00,0.00,0.00,0.00,0.00,0.00,0.00,0.00,0.00,0.00,0.00,0.00,0.00,0.00,0.00,0.00
2023-05-24,2023-05-22,2023-05-01,127.00,0.00,127.00,127.00,0.00,127.00,0.00,0.00,0.00,0.00,0.00,0.00,0.00,0.00,0.00,0.00,0.00,0.00,0.00,0.00,0.00,0.00,0.00,0.00,0.00,0.00,0.00,0.00,0.00,0.00,0.00,0.00
2023-05-25,2023-05-22,2023-05-01,120.00,0.00,120.00,120.00,0.00,120.00,0.00,0.00,0.00,0.00,0.00,0.00,0.00,0.00,0.00,0.00,0.00,0.00,0.00,0.00,0.00,0.00,0.00,0.00,0.00,0.00,0.00,0.00,0.00,0.00,0.00,0.00
2023-05-26,2023-05-22,2023-05-01,117.00,0.00,117.00,117.00,0.00,117.00,0.00,0.00,0.00,0.00,0.00,0.00,0.00,0.00,0.00,0.00,0.00,0.00,0.00,0.00,0.00,0.00,0.00,0.00,0.00,0.00,0.00,0.00,0.00,0.00,0.00,0.00
2023-05-27,2023-05-22,2023-05-01,110.00,0.00,110.00,110.00,0.00,110.00,0.00,0.00,0.00,0.00,0.00,0.00,0.00,0.00,0.00,0.00,0.00,0.00,0.00,0.00,0.00,0.00,0.00,0.00,0.00,0.00,0.00,0.00,0.00,0.00,0.00,0.00
2023-05-28,2023-05-22,2023-05-01,124.00,0.00,124.00,124.00,0.00,124.00,0.00,0.00,0.00,0.00,0.00,0.00,0.00,0.00,0.00,0.00,0.00,0.00,0.00,0.00,0.00,0.00,0.00,0.00,0.00,0.00,0.00,0.00,0.00,0.00,0.00,0.00
2023-05-29,2023-05-29,2023-05-01,124.00,0.00,124.00,124.00,0.00,124.00,0.00,0.00,0.00,0.00,0.00,0.00,0.00,0.00,0.00,0.00,0.00,0.00,0.00,0.00,0.00,0.00,0.00,0.00,0.00,0.00,0.00,0.00,0.00,0.00,0.00,0.00
2023-05-30,2023-05-29,2023-05-01,122.00,0.00,122.00,122.00,0.00,122.00,0.00,0.00,0.00,0.00,0.00,0.00,0.00,0.00,0.00,0.00,0.00,0.00,0.00,0.00,0.00,0.00,0.00,0.00,0.00,0.00,0.00,0.00,0.00,0.00,0.00,0.00
2023-05-31,2023-05-29,2023-05-01,127.00,0.00,127.00,127.00,0.00,127.00,0.00,0.00,0.00,0.00,0.00,0.00,0.00,0.00,0.00,0.00,0.00,0.00,0.00,0.00,0.00,0.00,0.00,0.00,0.00,0.00,0.00,0.00,0.00,0.00,0.00,0.00
2023-06-01,2023-05-29,2023-06-01,118.00,0.00,118.00,118.00,0.00,118.00,0.00,0.00,0.00,0.00,0.00,0.00,0.00,0.00,0.00,0.00,0.00,0.00,0.00,0.00,0.00,0.00,0.00,0.00,0.00,0.00,0.00,0.00,0.00,0.00,0.00,0.00
2023-06-02,2023-05-29,2023-06-01,118.00,0.00,118.00,118.00,0.00,118.00,0.00,0.00,0.00,0.00,0.00,0.00,0.00,0.00,0.00,0.00,0.00,0.00,0.00,0.00,0.00,0.00,0.00,0.00,0.00,0.00,0.00,0.00,0.00,0.00,0.00,0.00
2023-06-03,2023-05-29,2023-06-01,278.00,0.00,278.00,278.00,0.00,278.00,0.00,0.00,0.00,0.00,0.00,0.00,0.00,0.00,0.00,0.00,0.00,0.00,0.00,0.00,0.00,0.00,0.00,0.00,0.00,0.00,0.00,0.00,0.00,0.00,0.00,0.00
2023-06-04,2023-05-29,2023-06-01,245.00,0.00,245.00,245.00,0.00,245.00,0.00,0.00,0.00,0.00,0.00,0.00,0.00,0.00,0.00,0.00,0.00,0.00,0.00,0.00,0.00,0.00,0.00,0.00,0.00,0.00,0.00,0.00,0.00,0.00,0.00,0.00
2023-06-05,2023-06-05,2023-06-01,268.00,0.00,268.00,268.00,0.00,268.00,0.00,0.00,0.00,0.00,0.00,0.00,0.00,0.00,0.00,0.00,0.00,0.00,0.00,0.00,0.00,0.00,0.00,0.00,0.00,0.00,0.00,0.00,0.00,0.00,0.00,0.00
2023-06-06,2023-06-05,2023-06-01,256.00,0.00,256.00,256.00,0.00,256.00,0.00,0.00,0.00,0.00,0.00,0.00,0.00,0.00,0.00,0.00,0.00,0.00,0.00,0.00,0.00,0.00,0.00,0.00,0.00,0.00,0.00,0.00,0.00,0.00,0.00,0.00
2023-06-07,2023-06-05,2023-06-01,248.00,0.00,248.00,248.00,0.00,248.00,0.00,0.00,0.00,0.00,0.00,0.00,0.00,0.00,0.00,0.00,0.00,0.00,0.00,0.00,0.00,0.00,0.00,0.00,0.00,0.00,0.00,0.00,0.00,0.00,0.00,0.00
2023-06-08,2023-06-05,2023-06-01,244.00,0.00,244.00,244.00,0.00,244.00,0.00,0.00,0.00,0.00,0.00,0.00,0.00,0.00,0.00,0.00,0.00,0.00,0.00,0.00,0.00,0.00,0.00,0.00,0.00,0.00,0.00,0.00,0.00,0.00,0.00,0.00
2023-06-09,2023-06-05,2023-06-01,248.00,0.00,248.00,248.00,0.00,248.00,0.00,0.00,0.00,0.00,0.00,0.00,0.00,0.00,0.00,0.00,0.00,0.00,0.00,0.00,0.00,0.00,0.00,0.00,0.00,0.00,0.00,0.00,0.00,0.00,0.00,0.00
2023-06-10,2023-06-05,2023-06-01,242.00,0.00,242.00,242.00,0.00,242.00,0.00,0.00,0.00,0.00,0.00,0.00,0.00,0.00,0.00,0.00,0.00,0.00,0.00,0.00,0.00,0.00,0.00,0.00,0.00,0.00,0.00,0.00,0.00,0.00,0.00,0.00
2023-06-11,2023-06-05,2023-06-01,257.00,0.00,257.00,257.00,0.00,257.00,0.00,0.00,0.00,0.00,0.00,0.00,0.00,0.00,0.00,0.00,0.00,0.00,0.00,0.00,0.00,0.00,0.00,0.00,0.00,0.00,0.00,0.00,0.00,0.00,0.00,0.00
2023-06-12,2023-06-12,2023-06-01,260.00,0.00,260.00,260.00,0.00,260.00,0.00,0.00,0.00,0.00,0.00,0.00,0.00,0.00,0.00,0.00,0.00,0.00,0.00,0.00,0.00,0.00,0.00,0.00,0.00,0.00,0.00,0.00,0.00,0.00,0.00,0.00
2023-06-13,2023-06-12,2023-06-01,249.00,0.00,249.00,249.00,0.00,249.00,0.00,0.00,0.00,0.00,0.00,0.00,0.00,0.00,0.00,0.00,0.00,0.00,0.00,0.00,0.00,0.00,0.00,0.00,0.00,0.00,0.00,0.00,0.00,0.00,0.00,0.00
2023-06-14,2023-06-12,2023-06-01,243.00,0.00,243.00,243.00,0.00,243.00,0.00,0.00,0.00,0.00,0.00,0.00,0.00,0.00,0.00,0.00,0.00,0.00,0.00,0.00,0.00,0.00,0.00,0.00,0.00,0.00,0.00,0.00,0.00,0.00,0.00,0.00
2023-06-15,2023-06-12,2023-06-01,238.00,0.00,238.00,238.00,0.00,238.00,0.00,0.00,0.00,0.00,0.00,0.00,0.00,0.00,0.00,0.00,0.00,0.00,0.00,0.00,0.00,0.00,0.00,0.00,0.00,0.00,0.00,0.00,0.00,0.00,0.00,0.00
2023-06-16,2023-06-12,2023-06-01,240.00,0.00,240.00,240.00,0.00,240.00,0.00,0.00,0.00,0.00,0.00,0.00,0.00,0.00,0.00,0.00,0.00,0.00,0.00,0.00,0.00,0.00,0.00,0.00,0.00,0.00,0.00,0.00,0.00,0.00,0.00,0.00
2023-06-17,2023-06-12,2023-06-01,262.00,0.00,262.00,262.00,0.00,262.00,0.00,0.00,0.00,0.00,0.00,0.00,0.00,0.00,0.00,0.00,0.00,0.00,0.00,0.00,0.00,0.00,0.00,0.00,0.00,0.00,0.00,0.00,0.00,0.00,0.00,0.00
2023-06-18,2023-06-12,2023-06-01,268.00,0.00,268.00,268.00,0.00,268.00,0.00,0.00,0.00,0.00,0.00,0.00,0.00,0.00,0.00,0.00,0.00,0.00,0.00,0.00,0.00,0.00,0.00,0.00,0.00,0.00,0.00,0.00,0.00,0.00,0.00,0.00
2023-06-19,2023-06-19,2023-06-01,258.00,0.00,258.00,258.00,0.00,258.00,0.00,0.00,0.00,0.00,0.00,0.00,0.00,0.00,0.00,0.00,0.00,0.00,0.00,0.00,0.00,0.00,0.00,0.00,0.00,0.00,0.00,0.00,0.00,0.00,0.00,0.00
2023-06-20,2023-06-19,2023-06-01,248.00,0.00,248.00,248.00,0.00,248.00,0.00,0.00,0.00,0.00,0.00,0.00,0.00,0.00,0.00,0.00,0.00,0.00,0.00,0.00,0.00,0.00,0.00,0.00,0.00,0.00,0.00,0.00,0.00,0.00,0.00,0.00
2023-06-21,2023-06-19,2023-06-01,245.00,0.00,245.00,245.00,0.00,245.00,0.00,0.00,0.00,0.00,0.00,0.00,0.00,0.00,0.00,0.00,0.00,0.00,0.00,0.00,0.00,0.00,0.00,0.00,0.00,0.00,0.00,0.00,0.00,0.00,0.00,0.00
2023-06-22,2023-06-19,2023-06-01,242.00,0.00,242.00,242.00,0.00,242.00,0.00,0.00,0.00,0.00,0.00,0.00,0.00,0.00,0.00,0.00,0.00,0.00,0.00,0.00,0.00,0.00,0.00,0.00,0.00,0.00,0.00,0.00,0.00,0.00,0.00,0.00
2023-06-23,2023-06-19,2023-06-01,240.00,0.00,240.00,240.00,0.00,240.00,0.00,0.00,0.00,0.00,0.00,0.00,0.00,0.00,0.00,0.00,0.00,0.00,0.00,0.00,0.00,0.00,0.00,0.00,0.00,0.00,0.00,0.00,0.00,0.00,0.00,0.00
2023-06-24,2023-06-19,2023-06-01,249.00,0.00,249.00,249.00,0.00,249.00,0.00,0.00,0.00,0.00,0.00,0.00,0.00,0.00,0.00,0.00,0.00,0.00,0.00,0.00,0.00,0.00,0.00,0.00,0.00,0.00,0.00,0.00,0.00,0.00,0.00,0.00
2023-06-25,2023-06-19,2023-06-01,268.00,0.00,268.00,268.00,0.00,268.00,0.00,0.00,0.00,0.00,0.00,0.00,0.00,0.00,0.00,0.00,0.00,0.00,0.00,0.00,0.00,0.00,0.00,0.00,0.00,0.00,0.00,0.00,0.00,0.00,0.00,0.00
2023-06-26,2023-06-26,2023-06-01,258.00,0.00,258.00,258.00,0.00,258.00,0.00,0.00,0.00,0.00,0.00,0.00,0.00,0.00,0.00,0.00,0.00,0.00,0.00,0.00,0.00,0.00,0.00,0.00,0.00,0.00,0.00,0.00,0.00,0.00,0.00,0.00
2023-06-27,2023-06-26,2023-06-01,249.00,0.00,249.00,249.00,0.00,249.00,0.00,0.00,0.00,0.00,0.00,0.00,0.00,0.00,0.00,0.00,0.00,0.00,0.00,0.00,0.00,0.00,0.00,0.00,0.00,0.00,0.00,0.00,0.00,0.00,0.00,0.00
2023-06-28,2023-06-26,2023-06-01,241.00,0.00,241.00,241.00,0.00,241.00,0.00,0.00,0.00,0.00,0.00,0.00,0.00,0.00,0.00,0.00,0.00,0.00,0.00,0.00,0.00,0.00,0.00,0.00,0.00,0.00,0.00,0.00,0.00,0.00,0.00,0.00
2023-06-29,2023-06-26,2023-06-01,104.00,0.00,104.00,104.00,0.00,104.00,0.00,0.00,0.00,0.00,0.00,0.00,0.00,0.00,0.00,0.00,0.00,0.00,0.00,0.00,0.00,0.00,0.00,0.00,0.00,0.00,0.00,0.00,0.00,0.00,0.00,0.00
2023-06-30,2023-06-26,2023-06-01,100.00,0.00,100.00,100.00,0.00,100.00,0.00,0.00,0.00,0.00,0.00,0.00,0.00,0.00,0.00,0.00,0.00,0.00,0.00,0.00,0.00,0.00,0.00,0.00,0.00,0.00,0.00,0.00,0.00,0.00,0.00,0.00
2023-07-01,2023-06-26,2023-07-01,114.00,0.00,114.00,114.00,0.00,114.00,0.00,0.00,0.00,0.00,0.00,0.00,0.00,0.00,0.00,0.00,0.00,0.00,0.00,0.00,0.00,0.00,0.00,0.00,0.00,0.00,0.00,0.00,0.00,0.00,0.00,0.00
2023-07-02,2023-06-26,2023-07-01,37.00,0.00,37.00,37.00,0.00,37.00,0.00,0.00,0.00,0.00,0.00,0.00,0.00,0.00,0.00,0.00,0.00,0.00,0.00,0.00,0.00,0.00,0.00,0.00,0.00,0.00,0.00,0.00,0.00,0.00,0.00,0.00
2023-07-03,2023-07-03,2023-07-01,172.00,0.00,172.00,172.00,0.00,172.00,0.00,0.00,0.00,0.00,0.00,0.00,0.00,0.00,0.00,0.00,0.00,0.00,0.00,0.00,0.00,0.00,0.00,0.00,0.00,0.00,0.00,0.00,0.00,0.00,0.00,0.00
2023-07-04,2023-07-03,2023-07-01,279.00,0.00,279.00,279.00,0.00,279.00,0.00,0.00,0.00,0.00,0.00,0.00,0.00,0.00,0.00,0.00,0.00,0.00,0.00,0.00,0.00,0.00,0.00,0.00,0.00,0.00,0.00,0.00,0.00,0.00,0.00,0.00
2023-07-05,2023-07-03,2023-07-01,253.00,0.00,253.00,253.00,0.00,253.00,0.00,0.00,0.00,0.00,0.00,0.00,0.00,0.00,0.00,0.00,0.00,0.00,0.00,0.00,0.00,0.00,0.00,0.00,0.00,0.00,0.00,0.00,0.00,0.00,0.00,0.00
2023-07-06,2023-07-03,2023-07-01,223.00,0.00,223.00,223.00,0.00,223.00,0.00,0.00,0.00,0.00,0.00,0.00,0.00,0.00,0.00,0.00,0.00,0.00,0.00,0.00,0.00,0.00,0.00,0.00,0.00,0.00,0.00,0.00,0.00,0.00,0.00,0.00
2023-07-07,2023-07-03,2023-07-01,185.00,0.00,185.00,185.00,0.00,185.00,0.00,0.00,0.00,0.00,0.00,0.00,0.00,0.00,0.00,0.00,0.00,0.00,0.00,0.00,0.00,0.00,0.00,0.00,0.00,0.00,0.00,0.00,0.00,0.00,0.00,0.00
2023-07-08,2023-07-03,2023-07-01,179.00,0.00,179.00,179.00,0.00,179.00,0.00,0.00,0.00,0.00,0.00,0.00,0.00,0.00,0.00,0.00,0.00,0.00,0.00,0.00,0.00,0.00,0.00,0.00,0.00,0.00,0.00,0.00,0.00,0.00,0.00,0.00
2023-07-09,2023-07-03,2023-07-01,173.00,0.00,173.00,173.00,0.00,173.00,0.00,0.00,0.00,0.00,0.00,0.00,0.00,0.00,0.00,0.00,0.00,0.00,0.00,0.00,0.00,0.00,0.00,0.00,0.00,0.00,0.00,0.00,0.00,0.00,0.00,0.00
2023-07-10,2023-07-10,2023-07-01,211.00,0.00,211.00,211.00,0.00,211.00,0.00,0.00,0.00,0.00,0.00,0.00,0.00,0.00,0.00,0.00,0.00,0.00,0.00,0.00,0.00,0.00,0.00,0.00,0.00,0.00,0.00,0.00,0.00,0.00,0.00,0.00
2023-07-11,2023-07-10,2023-07-01,136.00,0.00,136.00,136.00,0.00,136.00,0.00,0.00,0.00,0.00,0.00,0.00,0.00,0.00,0.00,0.00,0.00,0.00,0.00,0.00,0.00,0.00,0.00,0.00,0.00,0.00,0.00,0.00,0.00,0.00,0.00,0.00
2023-07-12,2023-07-10,2023-07-01,126.00,0.00,126.00,126.00,0.00,126.00,0.00,0.00,0.00,0.00,0.00,0.00,0.00,0.00,0.00,0.00,0.00,0.00,0.00,0.00,0.00,0.00,0.00,0.00,0.00,0.00,0.00,0.00,0.00,0.00,0.00,0.00
2023-07-13,2023-07-10,2023-07-01,145.00,0.00,145.00,145.00,0.00,145.00,0.00,0.00,0.00,0.00,0.00,0.00,0.00,0.00,0.00,0.00,0.00,0.00,0.00,0.00,0.00,0.00,0.00,0.00,0.00,0.00,0.00,0.00,0.00,0.00,0.00,0.00
2023-07-14,2023-07-10,2023-07-01,167.00,0.00,167.00,167.00,0.00,167.00,0.00,0.00,0.00,0.00,0.00,0.00,0.00,0.00,0.00,0.00,0.00,0.00,0.00,0.00,0.00,0.00,0.00,0.00,0.00,0.00,0.00,0.00,0.00,0.00,0.00,0.00
2023-07-15,2023-07-10,2023-07-01,121.00,0.00,121.00,121.00,0.00,121.00,0.00,0.00,0.00,0.00,0.00,0.00,0.00,0.00,0.00,0.00,0.00,0.00,0.00,0.00,0.00,0.00,0.00,0.00,0.00,0.00,0.00,0.00,0.00,0.00,0.00,0.00
2023-07-16,2023-07-10,2023-07-01,115.00,0.00,115.00,115.00,0.00,115.00,0.00,0.00,0.00,0.00,0.00,0.00,0.00,0.00,0.00,0.00,0.00,0.00,0.00,0.00,0.00,0.00,0.00,0.00,0.00,0.00,0.00,0.00,0.00,0.00,0.00,0.00
2023-07-17,2023-07-17,2023-07-01,131.00,0.00,131.00,131.00,0.00,131.00,0.00,0.00,0.00,0.00,0.00,0.00,0.00,0.00,0.00,0.00,0.00,0.00,0.00,0.00,0.00,0.00,0.00,0.00,0.00,0.00,0.00,0.00,0.00,0.00,0.00,0.00
2023-07-18,2023-07-17,2023-07-01,143.00,0.00,143.00,143.00,0.00,143.00,0.00,0.00,0.00,0.00,0.00,0.00,0.00,0.00,0.00,0.00,0.00,0.00,0.00,0.00,0.00,0.00,0.00,0.00,0.00,0.00,0.00,0.00,0.00,0.00,0.00,0.00
2023-07-19,2023-07-17,2023-07-01,134.00,0.00,134.00,134.00,0.00,134.00,0.00,0.00,0.00,0.00,0.00,0.00,0.00,0.00,0.00,0.00,0.00,0.00,0.00,0.00,0.00,0.00,0.00,0.00,0.00,0.00,0.00,0.00,0.00,0.00,0.00,0.00
2023-07-20,2023-07-17,2023-07-01,123.00,0.00,123.00,123.00,0.00,123.00,0.00,0.00,0.00,0.00,0.00,0.00,0.00,0.00,0.00,0.00,0.00,0.00,0.00,0.00,0.00,0.00,0.00,0.00,0.00,0.00,0.00,0.00,0.00,0.00,0.00,0.00
2023-07-21,2023-07-17,2023-07-01,119.00,0.00,119.00,119.00,0.00,119.00,0.00,0.00,0.00,0.00,0.00,0.00,0.00,0.00,0.00,0.00,0.00,0.00,0.00,0.00,0.00,0.00,0.00,0.00,0.00,0.00,0.00,0.00,0.00,0.00,0.00,0.00
2023-07-22,2023-07-17,2023-07-01,212.00,0.00,212.00,212.00,0.00,212.00,0.00,0.00,0.00,0.00,0.00,0.00,0.00,0.00,0.00,0.00,0.00,0.00,0.00,0.00,0.00,0.00,0.00,0.00,0.00,0.00,0.00,0.00,0.00,0.00,0.00,0.00
2023-07-23,2023-07-17,2023-07-01,195.00,0.00,195.00,195.00,0.00,195.00,0.00,0.00,0.00,0.00,0.00,0.00,0.00,0.00,0.00,0.00,0.00,0.00,0.00,0.00,0.00,0.00,0.00,0.00,0.00,0.00,0.00,0.00,0.00,0.00,0.00,0.00
2023-07-24,2023-07-24,2023-07-01,184.00,0.00,184.00,184.00,0.00,184.00,0.00,0.00,0.00,0.00,0.00,0.00,0.00,0.00,0.00,0.00,0.00,0.00,0.00,0.00,0.00,0.00,0.00,0.00,0.00,0.00,0.00,0.00,0.00,0.00,0.00,0.00
2023-07-25,2023-07-24,2023-07-01,187.00,0.00,187.00,187.00,0.00,187.00,0.00,0.00,0.00,0.00,0.00,0.00,0.00,0.00,0.00,0.00,0.00,0.00,0.00,0.00,0.00,0.00,0.00,0.00,0.00,0.00,0.00,0.00,0.00,0.00,0.00,0.00
2023-07-26,2023-07-24,2023-07-01,176.00,0.00,176.00,176.00,0.00,176.00,0.00,0.00,0.00,0.00,0.00,0.00,0.00,0.00,0.00,0.00,0.00,0.00,0.00,0.00,0.00,0.00,0.00,0.00,0.00,0.00,0.00,0.00,0.00,0.00,0.00,0.00
2023-07-27,2023-07-24,2023-07-01,156.00,0.00,156.00,156.00,0.00,156.00,0.00,0.00,0.00,0.00,0.00,0.00,0.00,0.00,0.00,0.00,0.00,0.00,0.00,0.00,0.00,0.00,0.00,0.00,0.00,0.00,0.00,0.00,0.00,0.00,0.00,0.00
2023-07-28,2023-07-24,2023-07-01,161.00,0.00,161.00,161.00,0.00,161.00,0.00,0.00,0.00,0.00,0.00,0.00,0.00,0.00,0.00,0.00,0.00,0.00,0.00,0.00,0.00,0.00,0.00,0.00,0.00,0.00,0.00,0.00,0.00,0.00,0.00,0.00
2023-07-29,2023-07-24,2023-07-01,158.00,0.00,158.00,158.00,0.00,158.00,0.00,0.00,0.00,0.00,0.00,0.00,0.00,0.00,0.00,0.00,0.00,0.00,0.00,0.00,0.00,0.00,0.00,0.00,0.00,0.00,0.00,0.00,0.00,0.00,0.00,0.00
2023-07-30,2023-07-24,2023-07-01,70.00,0.00,70.00,70.00,0.00,70.00,0.00,0.00,0.00,0.00,0.00,0.00,0.00,0.00,0.00,0.00,0.00,0.00,0.00,0.00,0.00,0.00,0.00,0.00,0.00,0.00,0.00,0.00,0.00,0.00,0.00,0.00
2023-07-31,2023-07-31,2023-07-01,69.00,0.00,69.00,69.00,0.00,69.00,0.00,0.00,0.00,0.00,0.00,0.00,0.00,0.00,0.00,0.00,0.00,0.00,0.00,0.00,0.00,0.00,0.00,0.00,0.00,0.00,0.00,0.00,0.00,0.00,0.00,0.00
2023-08-01,2023-07-31,2023-08-01,80.00,0.00,80.00,80.00,0.00,80.00,0.00,0.00,0.00,0.00,0.00,0.00,0.00,0.00,0.00,0.00,0.00,0.00,0.00,0.00,0.00,0.00,0.00,0.00,0.00,0.00,0.00,0.00,0.00,0.00,0.00,0.00
2023-08-02,2023-07-31,2023-08-01,74.00,0.00,74.00,74.00,0.00,74.00,0.00,0.00,0.00,0.00,0.00,0.00,0.00,0.00,0.00,0.00,0.00,0.00,0.00,0.00,0.00,0.00,0.00,0.00,0.00,0.00,0.00,0.00,0.00,0.00,0.00,0.00
2023-08-03,2023-07-31,2023-08-01,59.00,0.00,59.00,59.00,0.00,59.00,0.00,0.00,0.00,0.00,0.00,0.00,0.00,0.00,0.00,0.00,0.00,0.00,0.00,0.00,0.00,0.00,0.00,0.00,0.00,0.00,0.00,0.00,0.00,0.00,0.00,0.00
2023-08-04,2023-07-31,2023-08-01,39.00,0.00,39.00,39.00,0.00,39.00,0.00,0.00,0.00,0.00,0.00,0.00,0.00,0.00,0.00,0.00,0.00,0.00,0.00,0.00,0.00,0.00,0.00,0.00,0.00,0.00,0.00,0.00,0.00,0.00,0.00,0.00
2023-08-05,2023-07-31,2023-08-01,27.00,0.00,27.00,27.00,0.00,27.00,0.00,0.00,0.00,0.00,0.00,0.00,0.00,0.00,0.00,0.00,0.00,0.00,0.00,0.00,0.00,0.00,0.00,0.00,0.00,0.00,0.00,0.00,0.00,0.00,0.00,0.00
2023-08-06,2023-07-31,2023-08-01,30.00,0.00,30.00,30.00,0.00,30.00,0.00,0.00,0.00,0.00,0.00,0.00,0.00,0.00,0.00,0.00,0.00,0.00,0.00,0.00,0.00,0.00,0.00,0.00,0.00,0.00,0.00,0.00,0.00,0.00,0.00,0.00
2023-08-07,2023-08-07,2023-08-01,49.00,0.00,49.00,49.00,0.00,49.00,0.00,0.00,0.00,0.00,0.00,0.00,0.00,0.00,0.00,0.00,0.00,0.00,0.00,0.00,0.00,0.00,0.00,0.00,0.00,0.00,0.00,0.00,0.00,0.00,0.00,0.00
2023-08-08,2023-08-07,2023-08-01,57.00,0.00,57.00,57.00,0.00,57.00,0.00,0.00,0.00,0.00,0.00,0.00,0.00,0.00,0.00,0.00,0.00,0.00,0.00,0.00,0.00,0.00,0.00,0.00,0.00,0.00,0.00,0.00,0.00,0.00,0.00,0.00
2023-08-09,2023-08-07,2023-08-01,47.00,0.00,47.00,47.00,0.00,47.00,0.00,0.00,0.00,0.00,0.00,0.00,0.00,0.00,0.00,0.00,0.00,0.00,0.00,0.00,0.00,0.00,0.00,0.00,0.00,0.00,0.00,0.00,0.00,0.00,0.00,0.00
2023-08-10,2023-08-07,2023-08-01,55.00,0.00,55.00,55.00,0.00,55.00,0.00,0.00,0.00,0.00,0.00,0.00,0.00,0.00,0.00,0.00,0.00,0.00,0.00,0.00,0.00,0.00,0.00,0.00,0.00,0.00,0.00,0.00,0.00,0.00,0.00,0.00
2023-08-11,2023-08-07,2023-08-01,264.00,0.00,264.00,264.00,0.00,264.00,0.00,0.00,0.00,0.00,0.00,0.00,0.00,0.00,0.00,0.00,0.00,0.00,0.00,0.00,0.00,0.00,0.00,0.00,0.00,0.00,0.00,0.00,0.00,0.00,0.00,0.00
2023-08-12,2023-08-07,2023-08-01,353.00,0.00,353.00,353.00,0.00,353.00,0.00,0.00,0.00,0.00,0.00,0.00,0.00,0.00,0.00,0.00,0.00,0.00,0.00,0.00,0.00,0.00,0.00,0.00,0.00,0.00,0.00,0.00,0.00,0.00,0.00,0.00
2023-08-13,2023-08-07,2023-08-01,335.00,0.00,335.00,335.00,0.00,335.00,0.00,0.00,0.00,0.00,0.00,0.00,0.00,0.00,0.00,0.00,0.00,0.00,0.00,0.00,0.00,0.00,0.00,0.00,0.00,0.00,0.00,0.00,0.00,0.00,0.00,0.00
2023-08-14,2023-08-14,2023-08-01,333.00,0.00,333.00,333.00,0.00,333.00,0.00,0.00,0.00,0.00,0.00,0.00,0.00,0.00,0.00,0.00,0.00,0.00,0.00,0.00,0.00,0.00,0.00,0.00,0.00,0.00,0.00,0.00,0.00,0.00,0.00,0.00
2023-08-15,2023-08-14,2023-08-01,344.00,0.00,344.00,344.00,0.00,344.00,0.00,0.00,0.00,0.00,0.00,0.00,0.00,0.00,0.00,0.00,0.00,0.00,0.00,0.00,0.00,0.00,0.00,0.00,0.00,0.00,0.00,0.00,0.00,0.00,0.00,0.00
2023-08-16,2023-08-14,2023-08-01,326.00,0.00,326.00,326.00,0.00,326.00,0.00,0.00,0.00,0.00,0.00,0.00,0.00,0.00,0.00,0.00,0.00,0.00,0.00,0.00,0.00,0.00,0.00,0.00,0.00,0.00,0.00,0.00,0.00,0.00,0.00,0.00
2023-08-17,2023-08-14,2023-08-01,263.00,0.00,263.00,263.00,0.00,263.00,0.00,0.00,0.00,0.00,0.00,0.00,0.00,0.00,0.00,0.00,0.00,0.00,0.00,0.00,0.00,0.00,0.00,0.00,0.00,0.00,0.00,0.00,0.00,0.00,0.00,0.00
2023-08-18,2023-08-14,2023-08-01,189.00,0.00,189.00,189.00,0.00,189.00,0.00,0.00,0.00,0.00,0.00,0.00,0.00,0.00,0.00,0.00,0.00,0.00,0.00,0.00,0.00,0.00,0.00,0.00,0.00,0.00,0.00,0.00,0.00,0.00,0.00,0.00
2023-08-19,2023-08-14,2023-08-01,188.00,0.00,188.00,188.00,0.00,188.00,0.00,0.00,0.00,0.00,0.00,0.00,0.00,0.00,0.00,0.00,0.00,0.00,0.00,0.00,0.00,0.00,0.00,0.00,0.00,0.00,0.00,0.00,0.00,0.00,0.00,0.00
2023-08-20,2023-08-14,2023-08-01,176.00,0.00,176.00,176.00,0.00,176.00,0.00,0.00,0.00,0.00,0.00,0.00,0.00,0.00,0.00,0.00,0.00,0.00,0.00,0.00,0.00,0.00,0.00,0.00,0.00,0.00,0.00,0.00,0.00,0.00,0.00,0.00
2023-08-21,2023-08-21,2023-08-01,180.00,0.00,180.00,180.00,0.00,180.00,0.00,0.00,0.00,0.00,0.00,0.00,0.00,0.00,0.00,0.00,0.00,0.00,0.00,0.00,0.00,0.00,0.00,0.00,0.00,0.00,0.00,0.00,0.00,0.00,0.00,0.00
2023-08-22,2023-08-21,2023-08-01,163.00,0.00,163.00,163.00,0.00,163.00,0.00,0.00,0.00,0.00,0.00,0.00,0.00,0.00,0.00,0.00,0.00,0.00,0.00,0.00,0.00,0.00,0.00,0.00,0.00,0.00,0.00,0.00,0.00,0.00,0.00,0.00
2023-08-23,2023-08-21,2023-08-01,145.00,0.00,145.00,145.00,0.00,145.00,0.00,0.00,0.00,0.00,0.00,0.00,0.00,0.00,0.00,0.00,0.00,0.00,0.00,0.00,0.00,0.00,0.00,0.00,0.00,0.00,0.00,0.00,0.00,0.00,0.00,0.00
2023-08-24,2023-08-21,2023-08-01,145.00,0.00,145.00,145.00,0.00,145.00,0.00,0.00,0.00,0.00,0.00,0.00,0.00,0.00,0.00,0.00,0.00,0.00,0.00,0.00,0.00,0.00,0.00,0.00,0.00,0.00,0.00,0.00,0.00,0.00,0.00,0.00
2023-08-25,2023-08-21,2023-08-01,160.00,0.00,160.00,160.00,0.00,160.00,0.00,0.00,0.00,0.00,0.00,0.00,0.00,0.00,0.00,0.00,0.00,0.00,0.00,0.00,0.00,0.00,0.00,0.00,0.00,0.00,0.00,0.00,0.00,0.00,0.00,0.00
2023-08-26,2023-08-21,2023-08-01,206.00,0.00,206.00,206.00,0.00,206.00,0.00,0.00,0.00,0.00,0.00,0.00,0.00,0.00,0.00,0.00,0.00,0.00,0.00,0.00,0.00,0.00,0.00,0.00,0.00,0.00,0.00,0.00,0.00,0.00,0.00,0.00
2023-08-27,2023-08-21,2023-08-01,208.00,0.00,208.00,208.00,0.00,208.00,0.00,0.00,0.00,0.00,0.00,0.00,0.00,0.00,0.00,0.00,0.00,0.00,0.00,0.00,0.00,0.00,0.00,0.00,0.00,0.00,0.00,0.00,0.00,0.00,0.00,0.00
2023-08-28,2023-08-28,2023-08-01,200.00,0.00,200.00,200.00,0.00,200.00,0.00,0.00,0.00,0.00,0.00,0.00,0.00,0.00,0.00,0.00,0.00,0.00,0.00,0.00,0.00,0.00,0.00,0.00,0.00,0.00,0.00,0.00,0.00,0.00,0.00,0.00
2023-08-29,2023-08-28,2023-08-01,196.00,0.00,196.00,196.00,0.00,196.00,0.00,0.00,0.00,0.00,0.00,0.00,0.00,0.00,0.00,0.00,0.00,0.00,0.00,0.00,0.00,0.00,0.00,0.00,0.00,0.00,0.00,0.00,0.00,0.00,0.00,0.00
2023-08-30,2023-08-28,2023-08-01,194.00,0.00,194.00,194.00,0.00,194.00,0.00,0.00,0.00,0.00,0.00,0.00,0.00,0.00,0.00,0.00,0.00,0.00,0.00,0.00,0.00,0.00,0.00,0.00,0.00,0.00,0.00,0.00,0.00,0.00,0.00,0.00
2023-08-31,2023-08-28,2023-08-01,191.00,0.00,191.00,191.00,0.00,191.00,0.00,0.00,0.00,0.00,0.00,0.00,0.00,0.00,0.00,0.00,0.00,0.00,0.00,0.00,0.00,0.00,0.00,0.00,0.00,0.00,0.00,0.00,0.00,0.00,0.00,0.00
2023-09-01,2023-08-28,2023-09-01,660.00,0.00,660.00,239.00,421.00,239.00,0.00,0.00,0.00,0.00,0.00,0.00,0.00,0.00,0.00,0.00,0.00,0.00,421.00,0.00,0.00,0.00,0.00,0.00,0.00,0.00,0.00,0.00,0.00,0.00,0.00,0.00
2023-09-02,2023-08-28,2023-09-01,633.00,0.00,633.00,212.00,421.00,212.00,0.00,0.00,0.00,0.00,0.00,0.00,0.00,0.00,0.00,0.00,0.00,0.00,421.00,0.00,0.00,0.00,0.00,0.00,0.00,0.00,0.00,0.00,0.00,0.00,0.00,0.00
2023-09-03,2023-08-28,2023-09-01,630.00,0.00,630.00,209.00,421.00,209.00,0.00,0.00,0.00,0.00,0.00,0.00,0.00,0.00,0.00,0.00,0.00,0.00,421.00,0.00,0.00,0.00,0.00,0.00,0.00,0.00,0.00,0.00,0.00,0.00,0.00,0.00
2023-09-04,2023-09-04,2023-09-01,619.00,0.00,619.00,198.00,421.00,198.00,0.00,0.00,0.00,0.00,0.00,0.00,0.00,0.00,0.00,0.00,0.00,0.00,421.00,0.00,0.00,0.00,0.00,0.00,0.00,0.00,0.00,0.00,0.00,0.00,0.00,0.00
2023-09-05,2023-09-04,2023-09-01,"2,373.00",0.00,"2,373.00","1,952.00",421.00,"1,952.00",0.00,0.00,0.00,0.00,0.00,0.00,0.00,0.00,0.00,0.00,0.00,0.00,421.00,0.00,0.00,0.00,0.00,0.00,0.00,0.00,0.00,0.00,0.00,0.00,0.00,0.00
2023-09-06,2023-09-04,2023-09-01,530.00,0.00,530.00,109.00,421.00,109.00,0.00,0.00,0.00,0.00,0.00,0.00,0.00,0.00,0.00,0.00,0.00,0.00,421.00,0.00,0.00,0.00,0.00,0.00,0.00,0.00,0.00,0.00,0.00,0.00,0.00,0.00
2023-09-07,2023-09-04,2023-09-01,539.00,0.00,539.00,118.00,421.00,118.00,0.00,0.00,0.00,0.00,0.00,0.00,0.00,0.00,0.00,0.00,0.00,0.00,421.00,0.00,0.00,0.00,0.00,0.00,0.00,0.00,0.00,0.00,0.00,0.00,0.00,0.00
2023-09-08,2023-09-04,2023-09-01,"2,999.00",0.00,"2,999.00","2,578.00",421.00,"2,578.00",0.00,0.00,0.00,0.00,0.00,0.00,0.00,0.00,0.00,0.00,0.00,0.00,421.00,0.00,0.00,0.00,0.00,0.00,0.00,0.00,0.00,0.00,0.00,0.00,0.00,0.00
2023-09-09,2023-09-04,2023-09-01,"2,972.00",0.00,"2,972.00","2,551.00",421.00,"2,551.00",0.00,0.00,0.00,0.00,0.00,0.00,0.00,0.00,0.00,0.00,0.00,0.00,421.00,0.00,0.00,0.00,0.00,0.00,0.00,0.00,0.00,0.00,0.00,0.00,0.00,0.00
2023-09-10,2023-09-04,2023-09-01,"2,583.00",0.00,"2,583.00","2,162.00",421.00,"2,162.00",0.00,0.00,0.00,0.00,0.00,0.00,0.00,0.00,0.00,0.00,0.00,0.00,421.00,0.00,0.00,0.00,0.00,0.00,0.00,0.00,0.00,0.00,0.00,0.00,0.00,0.00
2023-09-11,2023-09-11,2023-09-01,"2,547.00",0.00,"2,547.00","2,126.00",421.00,"2,126.00",0.00,0.00,0.00,0.00,0.00,0.00,0.00,0.00,0.00,0.00,0.00,0.00,421.00,0.00,0.00,0.00,0.00,0.00,0.00,0.00,0.00,0.00,0.00,0.00,0.00,0.00
2023-09-12,2023-09-11,2023-09-01,"1,248.00",0.00,"1,248.00",827.00,421.00,827.00,0.00,0.00,0.00,0.00,0.00,0.00,0.00,0.00,0.00,0.00,0.00,0.00,421.00,0.00,0.00,0.00,0.00,0.00,0.00,0.00,0.00,0.00,0.00,0.00,0.00,0.00
2023-09-13,2023-09-11,2023-09-01,"1,028.00",0.00,"1,028.00",607.00,421.00,607.00,0.00,0.00,0.00,0.00,0.00,0.00,0.00,0.00,0.00,0.00,0.00,0.00,421.00,0.00,0.00,0.00,0.00,0.00,0.00,0.00,0.00,0.00,0.00,0.00,0.00,0.00
2023-09-14,2023-09-11,2023-09-01,"1,026.00",0.00,"1,026.00",605.00,421.00,605.00,0.00,0.00,0.00,0.00,0.00,0.00,0.00,0.00,0.00,0.00,0.00,0.00,421.00,0.00,0.00,0.00,0.00,0.00,0.00,0.00,0.00,0.00,0.00,0.00,0.00,0.00
2023-09-15,2023-09-11,2023-09-01,"1,023.00",0.00,"1,023.00",602.00,421.00,602.00,0.00,0.00,0.00,0.00,0.00,0.00,0.00,0.00,0.00,0.00,0.00,0.00,421.00,0.00,0.00,0.00,0.00,0.00,0.00,0.00,0.00,0.00,0.00,0.00,0.00,0.00
2023-09-16,2023-09-11,2023-09-01,"1,029.00",0.00,"1,029.00",608.00,421.00,608.00,0.00,0.00,0.00,0.00,0.00,0.00,0.00,0.00,0.00,0.00,0.00,0.00,421.00,0.00,0.00,0.00,0.00,0.00,0.00,0.00,0.00,0.00,0.00,0.00,0.00,0.00
2023-09-17,2023-09-11,2023-09-01,"1,056.00",0.00,"1,056.00",635.00,421.00,635.00,0.00,0.00,0.00,0.00,0.00,0.00,0.00,0.00,0.00,0.00,0.00,0.00,421.00,0.00,0.00,0.00,0.00,0.00,0.00,0.00,0.00,0.00,0.00,0.00,0.00,0.00
2023-09-18,2023-09-18,2023-09-01,"1,040.00",0.00,"1,040.00",619.00,421.00,619.00,0.00,0.00,0.00,0.00,0.00,0.00,0.00,0.00,0.00,0.00,0.00,0.00,421.00,0.00,0.00,0.00,0.00,0.00,0.00,0.00,0.00,0.00,0.00,0.00,0.00,0.00
2023-09-19,2023-09-18,2023-09-01,"1,024.00",0.00,"1,024.00",603.00,421.00,603.00,0.00,0.00,0.00,0.00,0.00,0.00,0.00,0.00,0.00,0.00,0.00,0.00,421.00,0.00,0.00,0.00,0.00,0.00,0.00,0.00,0.00,0.00,0.00,0.00,0.00,0.00
2023-09-20,2023-09-18,2023-09-01,"1,005.00",0.00,"1,005.00",584.00,421.00,584.00,0.00,0.00,0.00,0.00,0.00,0.00,0.00,0.00,0.00,0.00,0.00,0.00,421.00,0.00,0.00,0.00,0.00,0.00,0.00,0.00,0.00,0.00,0.00,0.00,0.00,0.00
2023-09-21,2023-09-18,2023-09-01,"1,006.00",0.00,"1,006.00",585.00,421.00,585.00,0.00,0.00,0.00,0.00,0.00,0.00,0.00,0.00,0.00,0.00,0.00,0.00,421.00,0.00,0.00,0.00,0.00,0.00,0.00,0.00,0.00,0.00,0.00,0.00,0.00,0.00
2023-09-22,2023-09-18,2023-09-01,994.00,0.00,994.00,573.00,421.00,573.00,0.00,0.00,0.00,0.00,0.00,0.00,0.00,0.00,0.00,0.00,0.00,0.00,421.00,0.00,0.00,0.00,0.00,0.00,0.00,0.00,0.00,0.00,0.00,0.00,0.00,0.00
2023-09-23,2023-09-18,2023-09-01,"1,023.00",0.00,"1,023.00",602.00,421.00,602.00,0.00,0.00,0.00,0.00,0.00,0.00,0.00,0.00,0.00,0.00,0.00,0.00,421.00,0.00,0.00,0.00,0.00,0.00,0.00,0.00,0.00,0.00,0.00,0.00,0.00,0.00
2023-09-24,2023-09-18,2023-09-01,"1,064.00",0.00,"1,064.00",643.00,421.00,643.00,0.00,0.00,0.00,0.00,0.00,0.00,0.00,0.00,0.00,0.00,0.00,0.00,421.00,0.00,0.00,0.00,0.00,0.00,0.00,0.00,0.00,0.00,0.00,0.00,0.00,0.00
2023-09-25,2023-09-25,2023-09-01,"1,015.00",0.00,"1,015.00",594.00,421.00,594.00,0.00,0.00,0.00,0.00,0.00,0.00,0.00,0.00,0.00,0.00,0.00,0.00,421.00,0.00,0.00,0.00,0.00,0.00,0.00,0.00,0.00,0.00,0.00,0.00,0.00,0.00
2023-09-26,2023-09-25,2023-09-01,"1,016.00",0.00,"1,016.00",595.00,421.00,595.00,0.00,0.00,0.00,0.00,0.00,0.00,0.00,0.00,0.00,0.00,0.00,0.00,421.00,0.00,0.00,0.00,0.00,0.00,0.00,0.00,0.00,0.00,0.00,0.00,0.00,0.00
2023-09-27,2023-09-25,2023-09-01,987.00,0.00,987.00,566.00,421.00,566.00,0.00,0.00,0.00,0.00,0.00,0.00,0.00,0.00,0.00,0.00,0.00,0.00,421.00,0.00,0.00,0.00,0.00,0.00,0.00,0.00,0.00,0.00,0.00,0.00,0.00,0.00
2023-09-28,2023-09-25,2023-09-01,969.00,0.00,969.00,548.00,421.00,548.00,0.00,0.00,0.00,0.00,0.00,0.00,0.00,0.00,0.00,0.00,0.00,0.00,421.00,0.00,0.00,0.00,0.00,0.00,0.00,0.00,0.00,0.00,0.00,0.00,0.00,0.00
2023-09-29,2023-09-25,2023-09-01,"1,017.00",0.00,"1,017.00",596.00,421.00,596.00,0.00,0.00,0.00,0.00,0.00,0.00,0.00,0.00,0.00,0.00,0.00,0.00,421.00,0.00,0.00,0.00,0.00,0.00,0.00,0.00,0.00,0.00,0.00,0.00,0.00,0.00
2023-09-30,2023-09-25,2023-09-01,"1,000.00",0.00,"1,000.00",579.00,421.00,579.00,0.00,0.00,0.00,0.00,0.00,0.00,0.00,0.00,0.00,0.00,0.00,0.00,421.00,0.00,0.00,0.00,0.00,0.00,0.00,0.00,0.00,0.00,0.00,0.00,0.00,0.00
2023-10-01,2023-09-25,2023-10-01,"1,040.00",0.00,"1,040.00",633.00,407.00,633.00,0.00,0.00,0.00,0.00,0.00,0.00,0.00,0.00,0.00,0.00,0.00,0.00,407.00,0.00,0.00,0.00,0.00,0.00,0.00,0.00,0.00,0.00,0.00,0.00,0.00,0.00
2023-10-02,2023-10-02,2023-10-01,915.00,0.00,915.00,508.00,407.00,508.00,0.00,0.00,0.00,0.00,0.00,0.00,0.00,0.00,0.00,0.00,0.00,0.00,407.00,0.00,0.00,0.00,0.00,0.00,0.00,0.00,0.00,0.00,0.00,0.00,0.00,0.00
2023-10-03,2023-10-02,2023-10-01,"1,010.00",0.00,"1,010.00",603.00,407.00,603.00,0.00,0.00,0.00,0.00,0.00,0.00,0.00,0.00,0.00,0.00,0.00,0.00,407.00,0.00,0.00,0.00,0.00,0.00,0.00,0.00,0.00,0.00,0.00,0.00,0.00,0.00
2023-10-04,2023-10-02,2023-10-01,"1,014.00",0.00,"1,014.00",607.00,407.00,607.00,0.00,0.00,0.00,0.00,0.00,0.00,0.00,0.00,0.00,0.00,0.00,0.00,407.00,0.00,0.00,0.00,0.00,0.00,0.00,0.00,0.00,0.00,0.00,0.00,0.00,0.00
2023-10-05,2023-10-02,2023-10-01,994.00,0.00,994.00,587.00,407.00,587.00,0.00,0.00,0.00,0.00,0.00,0.00,0.00,0.00,0.00,0.00,0.00,0.00,407.00,0.00,0.00,0.00,0.00,0.00,0.00,0.00,0.00,0.00,0.00,0.00,0.00,0.00
2023-10-06,2023-10-02,2023-10-01,"1,009.00",0.00,"1,009.00",602.00,407.00,602.00,0.00,0.00,0.00,0.00,0.00,0.00,0.00,0.00,0.00,0.00,0.00,0.00,407.00,0.00,0.00,0.00,0.00,0.00,0.00,0.00,0.00,0.00,0.00,0.00,0.00,0.00
2023-10-07,2023-10-02,2023-10-01,987.00,0.00,987.00,580.00,407.00,580.00,0.00,0.00,0.00,0.00,0.00,0.00,0.00,0.00,0.00,0.00,0.00,0.00,407.00,0.00,0.00,0.00,0.00,0.00,0.00,0.00,0.00,0.00,0.00,0.00,0.00,0.00
2023-10-08,2023-10-02,2023-10-01,"1,019.00",0.00,"1,019.00",612.00,407.00,612.00,0.00,0.00,0.00,0.00,0.00,0.00,0.00,0.00,0.00,0.00,0.00,0.00,407.00,0.00,0.00,0.00,0.00,0.00,0.00,0.00,0.00,0.00,0.00,0.00,0.00,0.00
2023-10-09,2023-10-09,2023-10-01,968.00,0.00,968.00,561.00,407.00,561.00,0.00,0.00,0.00,0.00,0.00,0.00,0.00,0.00,0.00,0.00,0.00,0.00,407.00,0.00,0.00,0.00,0.00,0.00,0.00,0.00,0.00,0.00,0.00,0.00,0.00,0.00
2023-10-10,2023-10-09,2023-10-01,938.00,0.00,938.00,531.00,407.00,531.00,0.00,0.00,0.00,0.00,0.00,0.00,0.00,0.00,0.00,0.00,0.00,0.00,407.00,0.00,0.00,0.00,0.00,0.00,0.00,0.00,0.00,0.00,0.00,0.00,0.00,0.00
2023-10-11,2023-10-09,2023-10-01,947.00,0.00,947.00,540.00,407.00,540.00,0.00,0.00,0.00,0.00,0.00,0.00,0.00,0.00,0.00,0.00,0.00,0.00,407.00,0.00,0.00,0.00,0.00,0.00,0.00,0.00,0.00,0.00,0.00,0.00,0.00,0.00
2023-10-12,2023-10-09,2023-10-01,461.00,0.00,461.00,54.00,407.00,54.00,0.00,0.00,0.00,0.00,0.00,0.00,0.00,0.00,0.00,0.00,0.00,0.00,407.00,0.00,0.00,0.00,0.00,0.00,0.00,0.00,0.00,0.00,0.00,0.00,0.00,0.00
2023-10-13,2023-10-09,2023-10-01,407.00,0.00,407.00,0.00,407.00,0.00,0.00,0.00,0.00,0.00,0.00,0.00,0.00,0.00,0.00,0.00,0.00,0.00,407.00,0.00,0.00,0.00,0.00,0.00,0.00,0.00,0.00,0.00,0.00,0.00,0.00,0.00
2023-10-14,2023-10-09,2023-10-01,407.00,0.00,407.00,0.00,407.00,0.00,0.00,0.00,0.00,0.00,0.00,0.00,0.00,0.00,0.00,0.00,0.00,0.00,407.00,0.00,0.00,0.00,0.00,0.00,0.00,0.00,0.00,0.00,0.00,0.00,0.00,0.00
2023-10-15,2023-10-09,2023-10-01,407.00,0.00,407.00,0.00,407.00,0.00,0.00,0.00,0.00,0.00,0.00,0.00,0.00,0.00,0.00,0.00,0.00,0.00,407.00,0.00,0.00,0.00,0.00,0.00,0.00,0.00,0.00,0.00,0.00,0.00,0.00,0.00
2023-10-16,2023-10-16,2023-10-01,"1,127.00",0.00,"1,127.00",720.00,407.00,720.00,0.00,0.00,0.00,0.00,0.00,0.00,0.00,0.00,0.00,0.00,0.00,0.00,407.00,0.00,0.00,0.00,0.00,0.00,0.00,0.00,0.00,0.00,0.00,0.00,0.00,0.00
2023-10-17,2023-10-16,2023-10-01,"1,071.00",0.00,"1,071.00",664.00,407.00,664.00,0.00,0.00,0.00,0.00,0.00,0.00,0.00,0.00,0.00,0.00,0.00,0.00,407.00,0.00,0.00,0.00,0.00,0.00,0.00,0.00,0.00,0.00,0.00,0.00,0.00,0.00
2023-10-18,2023-10-16,2023-10-01,"1,114.00",0.00,"1,114.00",707.00,407.00,707.00,0.00,0.00,0.00,0.00,0.00,0.00,0.00,0.00,0.00,0.00,0.00,0.00,407.00,0.00,0.00,0.00,0.00,0.00,0.00,0.00,0.00,0.00,0.00,0.00,0.00,0.00
2023-10-19,2023-10-16,2023-10-01,"1,077.00",0.00,"1,077.00",670.00,407.00,670.00,0.00,0.00,0.00,0.00,0.00,0.00,0.00,0.00,0.00,0.00,0.00,0.00,407.00,0.00,0.00,0.00,0.00,0.00,0.00,0.00,0.00,0.00,0.00,0.00,0.00,0.00
2023-10-20,2023-10-16,2023-10-01,"1,116.00",0.00,"1,116.00",709.00,407.00,709.00,0.00,0.00,0.00,0.00,0.00,0.00,0.00,0.00,0.00,0.00,0.00,0.00,407.00,0.00,0.00,0.00,0.00,0.00,0.00,0.00,0.00,0.00,0.00,0.00,0.00,0.00
2023-10-21,2023-10-16,2023-10-01,"1,112.00",0.00,"1,112.00",705.00,407.00,705.00,0.00,0.00,0.00,0.00,0.00,0.00,0.00,0.00,0.00,0.00,0.00,0.00,407.00,0.00,0.00,0.00,0.00,0.00,0.00,0.00,0.00,0.00,0.00,0.00,0.00,0.00
2023-10-22,2023-10-16,2023-10-01,"1,044.00",0.00,"1,044.00",637.00,407.00,637.00,0.00,0.00,0.00,0.00,0.00,0.00,0.00,0.00,0.00,0.00,0.00,0.00,407.00,0.00,0.00,0.00,0.00,0.00,0.00,0.00,0.00,0.00,0.00,0.00,0.00,0.00
2023-10-23,2023-10-23,2023-10-01,"1,032.00",0.00,"1,032.00",625.00,407.00,625.00,0.00,0.00,0.00,0.00,0.00,0.00,0.00,0.00,0.00,0.00,0.00,0.00,407.00,0.00,0.00,0.00,0.00,0.00,0.00,0.00,0.00,0.00,0.00,0.00,0.00,0.00
2023-10-24,2023-10-23,2023-10-01,"1,005.00",0.00,"1,005.00",598.00,407.00,598.00,0.00,0.00,0.00,0.00,0.00,0.00,0.00,0.00,0.00,0.00,0.00,0.00,407.00,0.00,0.00,0.00,0.00,0.00,0.00,0.00,0.00,0.00,0.00,0.00,0.00,0.00
2023-10-25,2023-10-23,2023-10-01,"1,002.00",0.00,"1,002.00",595.00,407.00,595.00,0.00,0.00,0.00,0.00,0.00,0.00,0.00,0.00,0.00,0.00,0.00,0.00,407.00,0.00,0.00,0.00,0.00,0.00,0.00,0.00,0.00,0.00,0.00,0.00,0.00,0.00
2023-10-26,2023-10-23,2023-10-01,990.00,0.00,990.00,583.00,407.00,583.00,0.00,0.00,0.00,0.00,0.00,0.00,0.00,0.00,0.00,0.00,0.00,0.00,407.00,0.00,0.00,0.00,0.00,0.00,0.00,0.00,0.00,0.00,0.00,0.00,0.00,0.00
2023-10-27,2023-10-23,2023-10-01,981.00,0.00,981.00,574.00,407.00,574.00,0.00,0.00,0.00,0.00,0.00,0.00,0.00,0.00,0.00,0.00,0.00,0.00,407.00,0.00,0.00,0.00,0.00,0.00,0.00,0.00,0.00,0.00,0.00,0.00,0.00,0.00
2023-10-28,2023-10-23,2023-10-01,994.00,0.00,994.00,587.00,407.00,587.00,0.00,0.00,0.00,0.00,0.00,0.00,0.00,0.00,0.00,0.00,0.00,0.00,407.00,0.00,0.00,0.00,0.00,0.00,0.00,0.00,0.00,0.00,0.00,0.00,0.00,0.00
2023-10-29,2023-10-23,2023-10-01,"1,021.00",0.00,"1,021.00",614.00,407.00,614.00,0.00,0.00,0.00,0.00,0.00,0.00,0.00,0.00,0.00,0.00,0.00,0.00,407.00,0.00,0.00,0.00,0.00,0.00,0.00,0.00,0.00,0.00,0.00,0.00,0.00,0.00
2023-10-30,2023-10-30,2023-10-01,986.00,0.00,986.00,579.00,407.00,579.00,0.00,0.00,0.00,0.00,0.00,0.00,0.00,0.00,0.00,0.00,0.00,0.00,407.00,0.00,0.00,0.00,0.00,0.00,0.00,0.00,0.00,0.00,0.00,0.00,0.00,0.00
2023-10-31,2023-10-30,2023-10-01,"1,017.00",0.00,"1,017.00",610.00,407.00,610.00,0.00,0.00,0.00,0.00,0.00,0.00,0.00,0.00,0.00,0.00,0.00,0.00,407.00,0.00,0.00,0.00,0.00,0.00,0.00,0.00,0.00,0.00,0.00,0.00,0.00,0.00
2023-11-01,2023-10-30,2023-11-01,914.00,0.00,914.00,493.00,421.00,493.00,0.00,0.00,0.00,0.00,0.00,0.00,0.00,0.00,0.00,0.00,0.00,0.00,421.00,0.00,0.00,0.00,0.00,0.00,0.00,0.00,0.00,0.00,0.00,0.00,0.00,0.00
2023-11-02,2023-10-30,2023-11-01,814.00,0.00,814.00,393.00,421.00,393.00,0.00,0.00,0.00,0.00,0.00,0.00,0.00,0.00,0.00,0.00,0.00,0.00,421.00,0.00,0.00,0.00,0.00,0.00,0.00,0.00,0.00,0.00,0.00,0.00,0.00,0.00
2023-11-03,2023-10-30,2023-11-01,838.00,0.00,838.00,417.00,421.00,417.00,0.00,0.00,0.00,0.00,0.00,0.00,0.00,0.00,0.00,0.00,0.00,0.00,421.00,0.00,0.00,0.00,0.00,0.00,0.00,0.00,0.00,0.00,0.00,0.00,0.00,0.00
2023-11-04,2023-10-30,2023-11-01,"1,029.00",0.00,"1,029.00",608.00,421.00,608.00,0.00,0.00,0.00,0.00,0.00,0.00,0.00,0.00,0.00,0.00,0.00,0.00,421.00,0.00,0.00,0.00,0.00,0.00,0.00,0.00,0.00,0.00,0.00,0.00,0.00,0.00
2023-11-05,2023-10-30,2023-11-01,"1,050.00",0.00,"1,050.00",629.00,421.00,629.00,0.00,0.00,0.00,0.00,0.00,0.00,0.00,0.00,0.00,0.00,0.00,0.00,421.00,0.00,0.00,0.00,0.00,0.00,0.00,0.00,0.00,0.00,0.00,0.00,0.00,0.00
2023-11-06,2023-11-06,2023-11-01,"1,032.00",0.00,"1,032.00",611.00,421.00,611.00,0.00,0.00,0.00,0.00,0.00,0.00,0.00,0.00,0.00,0.00,0.00,0.00,421.00,0.00,0.00,0.00,0.00,0.00,0.00,0.00,0.00,0.00,0.00,0.00,0.00,0.00
2023-11-07,2023-11-06,2023-11-01,"1,008.00",0.00,"1,008.00",587.00,421.00,587.00,0.00,0.00,0.00,0.00,0.00,0.00,0.00,0.00,0.00,0.00,0.00,0.00,421.00,0.00,0.00,0.00,0.00,0.00,0.00,0.00,0.00,0.00,0.00,0.00,0.00,0.00
2023-11-08,2023-11-06,2023-11-01,"1,022.00",0.00,"1,022.00",601.00,421.00,601.00,0.00,0.00,0.00,0.00,0.00,0.00,0.00,0.00,0.00,0.00,0.00,0.00,421.00,0.00,0.00,0.00,0.00,0.00,0.00,0.00,0.00,0.00,0.00,0.00,0.00,0.00
2023-11-09,2023-11-06,2023-11-01,885.00,0.00,885.00,464.00,421.00,464.00,0.00,0.00,0.00,0.00,0.00,0.00,0.00,0.00,0.00,0.00,0.00,0.00,421.00,0.00,0.00,0.00,0.00,0.00,0.00,0.00,0.00,0.00,0.00,0.00,0.00,0.00
2023-11-10,2023-11-06,2023-11-01,877.00,0.00,877.00,456.00,421.00,456.00,0.00,0.00,0.00,0.00,0.00,0.00,0.00,0.00,0.00,0.00,0.00,0.00,421.00,0.00,0.00,0.00,0.00,0.00,0.00,0.00,0.00,0.00,0.00,0.00,0.00,0.00
2023-11-11,2023-11-06,2023-11-01,"1,021.00",0.00,"1,021.00",600.00,421.00,600.00,0.00,0.00,0.00,0.00,0.00,0.00,0.00,0.00,0.00,0.00,0.00,0.00,421.00,0.00,0.00,0.00,0.00,0.00,0.00,0.00,0.00,0.00,0.00,0.00,0.00,0.00
2023-11-12,2023-11-06,2023-11-01,"1,065.00",0.00,"1,065.00",644.00,421.00,644.00,0.00,0.00,0.00,0.00,0.00,0.00,0.00,0.00,0.00,0.00,0.00,0.00,421.00,0.00,0.00,0.00,0.00,0.00,0.00,0.00,0.00,0.00,0.00,0.00,0.00,0.00
2023-11-13,2023-11-13,2023-11-01,932.00,0.00,932.00,511.00,421.00,511.00,0.00,0.00,0.00,0.00,0.00,0.00,0.00,0.00,0.00,0.00,0.00,0.00,421.00,0.00,0.00,0.00,0.00,0.00,0.00,0.00,0.00,0.00,0.00,0.00,0.00,0.00
2023-11-14,2023-11-13,2023-11-01,"1,038.00",0.00,"1,038.00",617.00,421.00,617.00,0.00,0.00,0.00,0.00,0.00,0.00,0.00,0.00,0.00,0.00,0.00,0.00,421.00,0.00,0.00,0.00,0.00,0.00,0.00,0.00,0.00,0.00,0.00,0.00,0.00,0.00
2023-11-15,2023-11-13,2023-11-01,"1,013.00",0.00,"1,013.00",592.00,421.00,592.00,0.00,0.00,0.00,0.00,0.00,0.00,0.00,0.00,0.00,0.00,0.00,0.00,421.00,0.00,0.00,0.00,0.00,0.00,0.00,0.00,0.00,0.00,0.00,0.00,0.00,0.00
2023-11-16,2023-11-13,2023-11-01,994.00,0.00,994.00,573.00,421.00,573.00,0.00,0.00,0.00,0.00,0.00,0.00,0.00,0.00,0.00,0.00,0.00,0.00,421.00,0.00,0.00,0.00,0.00,0.00,0.00,0.00,0.00,0.00,0.00,0.00,0.00,0.00
2023-11-17,2023-11-13,2023-11-01,"1,000.00",0.00,"1,000.00",579.00,421.00,579.00,0.00,0.00,0.00,0.00,0.00,0.00,0.00,0.00,0.00,0.00,0.00,0.00,421.00,0.00,0.00,0.00,0.00,0.00,0.00,0.00,0.00,0.00,0.00,0.00,0.00,0.00
2023-11-18,2023-11-13,2023-11-01,992.00,0.00,992.00,571.00,421.00,571.00,0.00,0.00,0.00,0.00,0.00,0.00,0.00,0.00,0.00,0.00,0.00,0.00,421.00,0.00,0.00,0.00,0.00,0.00,0.00,0.00,0.00,0.00,0.00,0.00,0.00,0.00
2023-11-19,2023-11-13,2023-11-01,"1,054.00",0.00,"1,054.00",633.00,421.00,633.00,0.00,0.00,0.00,0.00,0.00,0.00,0.00,0.00,0.00,0.00,0.00,0.00,421.00,0.00,0.00,0.00,0.00,0.00,0.00,0.00,0.00,0.00,0.00,0.00,0.00,0.00
2023-11-20,2023-11-20,2023-11-01,"1,011.00",0.00,"1,011.00",590.00,421.00,590.00,0.00,0.00,0.00,0.00,0.00,0.00,0.00,0.00,0.00,0.00,0.00,0.00,421.00,0.00,0.00,0.00,0.00,0.00,0.00,0.00,0.00,0.00,0.00,0.00,0.00,0.00
2023-11-21,2023-11-20,2023-11-01,"1,029.00",0.00,"1,029.00",608.00,421.00,608.00,0.00,0.00,0.00,0.00,0.00,0.00,0.00,0.00,0.00,0.00,0.00,0.00,421.00,0.00,0.00,0.00,0.00,0.00,0.00,0.00,0.00,0.00,0.00,0.00,0.00,0.00
2023-11-22,2023-11-20,2023-11-01,"1,023.00",0.00,"1,023.00",602.00,421.00,602.00,0.00,0.00,0.00,0.00,0.00,0.00,0.00,0.00,0.00,0.00,0.00,0.00,421.00,0.00,0.00,0.00,0.00,0.00,0.00,0.00,0.00,0.00,0.00,0.00,0.00,0.00
2023-11-23,2023-11-20,2023-11-01,780.00,0.00,780.00,359.00,421.00,359.00,0.00,0.00,0.00,0.00,0.00,0.00,0.00,0.00,0.00,0.00,0.00,0.00,421.00,0.00,0.00,0.00,0.00,0.00,0.00,0.00,0.00,0.00,0.00,0.00,0.00,0.00
2023-11-24,2023-11-20,2023-11-01,707.00,0.00,707.00,286.00,421.00,286.00,0.00,0.00,0.00,0.00,0.00,0.00,0.00,0.00,0.00,0.00,0.00,0.00,421.00,0.00,0.00,0.00,0.00,0.00,0.00,0.00,0.00,0.00,0.00,0.00,0.00,0.00
2023-11-25,2023-11-20,2023-11-01,752.00,0.00,752.00,331.00,421.00,331.00,0.00,0.00,0.00,0.00,0.00,0.00,0.00,0.00,0.00,0.00,0.00,0.00,421.00,0.00,0.00,0.00,0.00,0.00,0.00,0.00,0.00,0.00,0.00,0.00,0.00,0.00
2023-11-26,2023-11-20,2023-11-01,730.00,0.00,730.00,309.00,421.00,309.00,0.00,0.00,0.00,0.00,0.00,0.00,0.00,0.00,0.00,0.00,0.00,0.00,421.00,0.00,0.00,0.00,0.00,0.00,0.00,0.00,0.00,0.00,0.00,0.00,0.00,0.00
2023-11-27,2023-11-27,2023-11-01,882.00,0.00,882.00,461.00,421.00,461.00,0.00,0.00,0.00,0.00,0.00,0.00,0.00,0.00,0.00,0.00,0.00,0.00,421.00,0.00,0.00,0.00,0.00,0.00,0.00,0.00,0.00,0.00,0.00,0.00,0.00,0.00
2023-11-28,2023-11-27,2023-11-01,864.00,0.00,864.00,443.00,421.00,443.00,0.00,0.00,0.00,0.00,0.00,0.00,0.00,0.00,0.00,0.00,0.00,0.00,421.00,0.00,0.00,0.00,0.00,0.00,0.00,0.00,0.00,0.00,0.00,0.00,0.00,0.00
2023-11-29,2023-11-27,2023-11-01,906.00,0.00,906.00,485.00,421.00,485.00,0.00,0.00,0.00,0.00,0.00,0.00,0.00,0.00,0.00,0.00,0.00,0.00,421.00,0.00,0.00,0.00,0.00,0.00,0.00,0.00,0.00,0.00,0.00,0.00,0.00,0.00
2023-11-30,2023-11-27,2023-11-01,"1,083.00",0.00,"1,083.00",662.00,421.00,662.00,0.00,0.00,0.00,0.00,0.00,0.00,0.00,0.00,0.00,0.00,0.00,0.00,421.00,0.00,0.00,0.00,0.00,0.00,0.00,0.00,0.00,0.00,0.00,0.00,0.00,0.00
2023-12-01,2023-11-27,2023-12-01,"1,082.00",0.00,"1,082.00",675.00,407.00,675.00,0.00,0.00,0.00,0.00,0.00,0.00,0.00,0.00,0.00,0.00,0.00,0.00,407.00,0.00,0.00,0.00,0.00,0.00,0.00,0.00,0.00,0.00,0.00,0.00,0.00,0.00
2023-12-02,2023-11-27,2023-12-01,"1,087.00",0.00,"1,087.00",680.00,407.00,680.00,0.00,0.00,0.00,0.00,0.00,0.00,0.00,0.00,0.00,0.00,0.00,0.00,407.00,0.00,0.00,0.00,0.00,0.00,0.00,0.00,0.00,0.00,0.00,0.00,0.00,0.00
2023-12-03,2023-11-27,2023-12-01,"1,048.00",0.00,"1,048.00",641.00,407.00,641.00,0.00,0.00,0.00,0.00,0.00,0.00,0.00,0.00,0.00,0.00,0.00,0.00,407.00,0.00,0.00,0.00,0.00,0.00,0.00,0.00,0.00,0.00,0.00,0.00,0.00,0.00
2023-12-04,2023-12-04,2023-12-01,955.00,0.00,955.00,548.00,407.00,548.00,0.00,0.00,0.00,0.00,0.00,0.00,0.00,0.00,0.00,0.00,0.00,0.00,407.00,0.00,0.00,0.00,0.00,0.00,0.00,0.00,0.00,0.00,0.00,0.00,0.00,0.00
2023-12-05,2023-12-04,2023-12-01,"1,019.00",0.00,"1,019.00",612.00,407.00,612.00,0.00,0.00,0.00,0.00,0.00,0.00,0.00,0.00,0.00,0.00,0.00,0.00,407.00,0.00,0.00,0.00,0.00,0.00,0.00,0.00,0.00,0.00,0.00,0.00,0.00,0.00
2023-12-06,2023-12-04,2023-12-01,"1,040.00",0.00,"1,040.00",633.00,407.00,633.00,0.00,0.00,0.00,0.00,0.00,0.00,0.00,0.00,0.00,0.00,0.00,0.00,407.00,0.00,0.00,0.00,0.00,0.00,0.00,0.00,0.00,0.00,0.00,0.00,0.00,0.00
2023-12-07,2023-12-04,2023-12-01,"1,059.00",0.00,"1,059.00",652.00,407.00,652.00,0.00,0.00,0.00,0.00,0.00,0.00,0.00,0.00,0.00,0.00,0.00,0.00,407.00,0.00,0.00,0.00,0.00,0.00,0.00,0.00,0.00,0.00,0.00,0.00,0.00,0.00
2023-12-08,2023-12-04,2023-12-01,"1,070.00",0.00,"1,070.00",663.00,407.00,663.00,0.00,0.00,0.00,0.00,0.00,0.00,0.00,0.00,0.00,0.00,0.00,0.00,407.00,0.00,0.00,0.00,0.00,0.00,0.00,0.00,0.00,0.00,0.00,0.00,0.00,0.00
2023-12-09,2023-12-04,2023-12-01,"1,096.00",0.00,"1,096.00",689.00,407.00,689.00,0.00,0.00,0.00,0.00,0.00,0.00,0.00,0.00,0.00,0.00,0.00,0.00,407.00,0.00,0.00,0.00,0.00,0.00,0.00,0.00,0.00,0.00,0.00,0.00,0.00,0.00
2023-12-10,2023-12-04,2023-12-01,"1,124.00",0.00,"1,124.00",717.00,407.00,717.00,0.00,0.00,0.00,0.00,0.00,0.00,0.00,0.00,0.00,0.00,0.00,0.00,407.00,0.00,0.00,0.00,0.00,0.00,0.00,0.00,0.00,0.00,0.00,0.00,0.00,0.00
2023-12-11,2023-12-11,2023-12-01,"1,021.00",0.00,"1,021.00",614.00,407.00,614.00,0.00,0.00,0.00,0.00,0.00,0.00,0.00,0.00,0.00,0.00,0.00,0.00,407.00,0.00,0.00,0.00,0.00,0.00,0.00,0.00,0.00,0.00,0.00,0.00,0.00,0.00
2023-12-12,2023-12-11,2023-12-01,868.00,0.00,868.00,461.00,407.00,461.00,0.00,0.00,0.00,0.00,0.00,0.00,0.00,0.00,0.00,0.00,0.00,0.00,407.00,0.00,0.00,0.00,0.00,0.00,0.00,0.00,0.00,0.00,0.00,0.00,0.00,0.00
2023-12-13,2023-12-11,2023-12-01,509.00,0.00,509.00,102.00,407.00,102.00,0.00,0.00,0.00,0.00,0.00,0.00,0.00,0.00,0.00,0.00,0.00,0.00,407.00,0.00,0.00,0.00,0.00,0.00,0.00,0.00,0.00,0.00,0.00,0.00,0.00,0.00
2023-12-14,2023-12-11,2023-12-01,407.00,0.00,407.00,0.00,407.00,0.00,0.00,0.00,0.00,0.00,0.00,0.00,0.00,0.00,0.00,0.00,0.00,0.00,407.00,0.00,0.00,0.00,0.00,0.00,0.00,0.00,0.00,0.00,0.00,0.00,0.00,0.00
2023-12-15,2023-12-11,2023-12-01,407.00,0.00,407.00,0.00,407.00,0.00,0.00,0.00,0.00,0.00,0.00,0.00,0.00,0.00,0.00,0.00,0.00,0.00,407.00,0.00,0.00,0.00,0.00,0.00,0.00,0.00,0.00,0.00,0.00,0.00,0.00,0.00
2023-12-16,2023-12-11,2023-12-01,407.00,0.00,407.00,0.00,407.00,0.00,0.00,0.00,0.00,0.00,0.00,0.00,0.00,0.00,0.00,0.00,0.00,0.00,407.00,0.00,0.00,0.00,0.00,0.00,0.00,0.00,0.00,0.00,0.00,0.00,0.00,0.00
2023-12-17,2023-12-11,2023-12-01,407.00,0.00,407.00,0.00,407.00,0.00,0.00,0.00,0.00,0.00,0.00,0.00,0.00,0.00,0.00,0.00,0.00,0.00,407.00,0.00,0.00,0.00,0.00,0.00,0.00,0.00,0.00,0.00,0.00,0.00,0.00,0.00
2023-12-18,2023-12-18,2023-12-01,407.00,0.00,407.00,0.00,407.00,0.00,0.00,0.00,0.00,0.00,0.00,0.00,0.00,0.00,0.00,0.00,0.00,0.00,407.00,0.00,0.00,0.00,0.00,0.00,0.00,0.00,0.00,0.00,0.00,0.00,0.00,0.00
2023-12-19,2023-12-18,2023-12-01,407.00,0.00,407.00,0.00,407.00,0.00,0.00,0.00,0.00,0.00,0.00,0.00,0.00,0.00,0.00,0.00,0.00,0.00,407.00,0.00,0.00,0.00,0.00,0.00,0.00,0.00,0.00,0.00,0.00,0.00,0.00,0.00
2023-12-20,2023-12-18,2023-12-01,515.00,0.00,515.00,108.00,407.00,108.00,0.00,0.00,0.00,0.00,0.00,0.00,0.00,0.00,0.00,0.00,0.00,0.00,407.00,0.00,0.00,0.00,0.00,0.00,0.00,0.00,0.00,0.00,0.00,0.00,0.00,0.00
2023-12-21,2023-12-18,2023-12-01,697.00,0.00,697.00,290.00,407.00,290.00,0.00,0.00,0.00,0.00,0.00,0.00,0.00,0.00,0.00,0.00,0.00,0.00,407.00,0.00,0.00,0.00,0.00,0.00,0.00,0.00,0.00,0.00,0.00,0.00,0.00,0.00
2023-12-22,2023-12-18,2023-12-01,698.00,0.00,698.00,291.00,407.00,291.00,0.00,0.00,0.00,0.00,0.00,0.00,0.00,0.00,0.00,0.00,0.00,0.00,407.00,0.00,0.00,0.00,0.00,0.00,0.00,0.00,0.00,0.00,0.00,0.00,0.00,0.00
2023-12-23,2023-12-18,2023-12-01,706.00,0.00,706.00,299.00,407.00,299.00,0.00,0.00,0.00,0.00,0.00,0.00,0.00,0.00,0.00,0.00,0.00,0.00,407.00,0.00,0.00,0.00,0.00,0.00,0.00,0.00,0.00,0.00,0.00,0.00,0.00,0.00
2023-12-24,2023-12-18,2023-12-01,712.00,0.00,712.00,305.00,407.00,305.00,0.00,0.00,0.00,0.00,0.00,0.00,0.00,0.00,0.00,0.00,0.00,0.00,407.00,0.00,0.00,0.00,0.00,0.00,0.00,0.00,0.00,0.00,0.00,0.00,0.00,0.00
2023-12-25,2023-12-25,2023-12-01,698.00,0.00,698.00,291.00,407.00,291.00,0.00,0.00,0.00,0.00,0.00,0.00,0.00,0.00,0.00,0.00,0.00,0.00,407.00,0.00,0.00,0.00,0.00,0.00,0.00,0.00,0.00,0.00,0.00,0.00,0.00,0.00
2023-12-26,2023-12-25,2023-12-01,689.00,0.00,689.00,282.00,407.00,282.00,0.00,0.00,0.00,0.00,0.00,0.00,0.00,0.00,0.00,0.00,0.00,0.00,407.00,0.00,0.00,0.00,0.00,0.00,0.00,0.00,0.00,0.00,0.00,0.00,0.00,0.00
2023-12-27,2023-12-25,2023-12-01,"1,293.00",0.00,"1,293.00",886.00,407.00,886.00,0.00,0.00,0.00,0.00,0.00,0.00,0.00,0.00,0.00,0.00,0.00,0.00,407.00,0.00,0.00,0.00,0.00,0.00,0.00,0.00,0.00,0.00,0.00,0.00,0.00,0.00
2023-12-28,2023-12-25,2023-12-01,"1,861.00",0.00,"1,861.00","1,454.00",407.00,"1,454.00",0.00,0.00,0.00,0.00,0.00,0.00,0.00,0.00,0.00,0.00,0.00,0.00,407.00,0.00,0.00,0.00,0.00,0.00,0.00,0.00,0.00,0.00,0.00,0.00,0.00,0.00
2023-12-29,2023-12-25,2023-12-01,"1,999.00",0.00,"1,999.00","1,592.00",407.00,"1,592.00",0.00,0.00,0.00,0.00,0.00,0.00,0.00,0.00,0.00,0.00,0.00,0.00,407.00,0.00,0.00,0.00,0.00,0.00,0.00,0.00,0.00,0.00,0.00,0.00,0.00,0.00
2023-12-30,2023-12-25,2023-12-01,"2,295.00",0.00,"2,295.00","1,888.00",407.00,"1,888.00",0.00,0.00,0.00,0.00,0.00,0.00,0.00,0.00,0.00,0.00,0.00,0.00,407.00,0.00,0.00,0.00,0.00,0.00,0.00,0.00,0.00,0.00,0.00,0.00,0.00,0.00
2023-12-31,2023-12-25,2023-12-01,"2,441.00",0.00,"2,441.00","2,034.00",407.00,"2,034.00",0.00,0.00,0.00,0.00,0.00,0.00,0.00,0.00,0.00,0.00,0.00,0.00,407.00,0.00,0.00,0.00,0.00,0.00,0.00,0.00,0.00,0.00,0.00,0.00,0.00,0.00
2024-01-01,2024-01-01,2024-01-01,"5,040.00",0.00,"5,040.00","4,633.00",407.00,"4,633.00",0.00,0.00,0.00,0.00,0.00,0.00,0.00,0.00,0.00,0.00,0.00,0.00,407.00,0.00,0.00,0.00,0.00,0.00,0.00,0.00,0.00,0.00,0.00,0.00,0.00,0.00
2024-01-02,2024-01-01,2024-01-01,"6,335.00",0.00,"6,335.00","5,928.00",407.00,"5,928.00",0.00,0.00,0.00,0.00,0.00,0.00,0.00,0.00,0.00,0.00,0.00,0.00,407.00,0.00,0.00,0.00,0.00,0.00,0.00,0.00,0.00,0.00,0.00,0.00,0.00,0.00
2024-01-03,2024-01-01,2024-01-01,"6,289.00",0.00,"6,289.00","5,882.00",407.00,"5,882.00",0.00,0.00,0.00,0.00,0.00,0.00,0.00,0.00,0.00,0.00,0.00,0.00,407.00,0.00,0.00,0.00,0.00,0.00,0.00,0.00,0.00,0.00,0.00,0.00,0.00,0.00
2024-01-04,2024-01-01,2024-01-01,"6,185.00",0.00,"6,185.00","5,778.00",407.00,"5,778.00",0.00,0.00,0.00,0.00,0.00,0.00,0.00,0.00,0.00,0.00,0.00,0.00,407.00,0.00,0.00,0.00,0.00,0.00,0.00,0.00,0.00,0.00,0.00,0.00,0.00,0.00
2024-01-05,2024-01-01,2024-01-01,"5,145.00",0.00,"5,145.00","4,738.00",407.00,"4,738.00",0.00,0.00,0.00,0.00,0.00,0.00,0.00,0.00,0.00,0.00,0.00,0.00,407.00,0.00,0.00,0.00,0.00,0.00,0.00,0.00,0.00,0.00,0.00,0.00,0.00,0.00
2024-01-06,2024-01-01,2024-01-01,"3,828.00",0.00,"3,828.00","3,421.00",407.00,"3,421.00",0.00,0.00,0.00,0.00,0.00,0.00,0.00,0.00,0.00,0.00,0.00,0.00,407.00,0.00,0.00,0.00,0.00,0.00,0.00,0.00,0.00,0.00,0.00,0.00,0.00,0.00
2024-01-07,2024-01-01,2024-01-01,"4,114.00",0.00,"4,114.00","3,707.00",407.00,"3,707.00",0.00,0.00,0.00,0.00,0.00,0.00,0.00,0.00,0.00,0.00,0.00,0.00,407.00,0.00,0.00,0.00,0.00,0.00,0.00,0.00,0.00,0.00,0.00,0.00,0.00,0.00
2024-01-08,2024-01-08,2024-01-01,"3,838.00",0.00,"3,838.00","3,431.00",407.00,"3,431.00",0.00,0.00,0.00,0.00,0.00,0.00,0.00,0.00,0.00,0.00,0.00,0.00,407.00,0.00,0.00,0.00,0.00,0.00,0.00,0.00,0.00,0.00,0.00,0.00,0.00,0.00
2024-01-09,2024-01-08,2024-01-01,"3,326.00",0.00,"3,326.00","2,919.00",407.00,"2,919.00",0.00,0.00,0.00,0.00,0.00,0.00,0.00,0.00,0.00,0.00,0.00,0.00,407.00,0.00,0.00,0.00,0.00,0.00,0.00,0.00,0.00,0.00,0.00,0.00,0.00,0.00
2024-01-10,2024-01-08,2024-01-01,"3,108.00",0.00,"3,108.00","2,701.00",407.00,"2,701.00",0.00,0.00,0.00,0.00,0.00,0.00,0.00,0.00,0.00,0.00,0.00,0.00,407.00,0.00,0.00,0.00,0.00,0.00,0.00,0.00,0.00,0.00,0.00,0.00,0.00,0.00
2024-01-11,2024-01-08,2024-01-01,"3,196.00",0.00,"3,196.00","2,789.00",407.00,"2,789.00",0.00,0.00,0.00,0.00,0.00,0.00,0.00,0.00,0.00,0.00,0.00,0.00,407.00,0.00,0.00,0.00,0.00,0.00,0.00,0.00,0.00,0.00,0.00,0.00,0.00,0.00
2024-01-12,2024-01-08,2024-01-01,"3,092.00",0.00,"3,092.00","2,685.00",407.00,"2,685.00",0.00,0.00,0.00,0.00,0.00,0.00,0.00,0.00,0.00,0.00,0.00,0.00,407.00,0.00,0.00,0.00,0.00,0.00,0.00,0.00,0.00,0.00,0.00,0.00,0.00,0.00
2024-01-13,2024-01-08,2024-01-01,"3,216.00",0.00,"3,216.00","2,809.00",407.00,"2,809.00",0.00,0.00,0.00,0.00,0.00,0.00,0.00,0.00,0.00,0.00,0.00,0.00,407.00,0.00,0.00,0.00,0.00,0.00,0.00,0.00,0.00,0.00,0.00,0.00,0.00,0.00
2024-01-14,2024-01-08,2024-01-01,"3,386.00",0.00,"3,386.00","2,979.00",407.00,"2,979.00",0.00,0.00,0.00,0.00,0.00,0.00,0.00,0.00,0.00,0.00,0.00,0.00,407.00,0.00,0.00,0.00,0.00,0.00,0.00,0.00,0.00,0.00,0.00,0.00,0.00,0.00
2024-01-15,2024-01-15,2024-01-01,"3,255.00",0.00,"3,255.00","2,848.00",407.00,"2,848.00",0.00,0.00,0.00,0.00,0.00,0.00,0.00,0.00,0.00,0.00,0.00,0.00,407.00,0.00,0.00,0.00,0.00,0.00,0.00,0.00,0.00,0.00,0.00,0.00,0.00,0.00
2024-01-16,2024-01-15,2024-01-01,"3,176.00",0.00,"3,176.00","2,769.00",407.00,"2,769.00",0.00,0.00,0.00,0.00,0.00,0.00,0.00,0.00,0.00,0.00,0.00,0.00,407.00,0.00,0.00,0.00,0.00,0.00,0.00,0.00,0.00,0.00,0.00,0.00,0.00,0.00
2024-01-17,2024-01-15,2024-01-01,"3,151.00",0.00,"3,151.00","2,744.00",407.00,"2,744.00",0.00,0.00,0.00,0.00,0.00,0.00,0.00,0.00,0.00,0.00,0.00,0.00,407.00,0.00,0.00,0.00,0.00,0.00,0.00,0.00,0.00,0.00,0.00,0.00,0.00,0.00
2024-01-18,2024-01-15,2024-01-01,"2,685.00",0.00,"2,685.00","2,278.00",407.00,"2,278.00",0.00,0.00,0.00,0.00,0.00,0.00,0.00,0.00,0.00,0.00,0.00,0.00,407.00,0.00,0.00,0.00,0.00,0.00,0.00,0.00,0.00,0.00,0.00,0.00,0.00,0.00
2024-01-19,2024-01-15,2024-01-01,"2,684.00",0.00,"2,684.00","2,277.00",407.00,"2,277.00",0.00,0.00,0.00,0.00,0.00,0.00,0.00,0.00,0.00,0.00,0.00,0.00,407.00,0.00,0.00,0.00,0.00,0.00,0.00,0.00,0.00,0.00,0.00,0.00,0.00,0.00
2024-01-20,2024-01-15,2024-01-01,"2,765.00",0.00,"2,765.00","2,358.00",407.00,"2,358.00",0.00,0.00,0.00,0.00,0.00,0.00,0.00,0.00,0.00,0.00,0.00,0.00,407.00,0.00,0.00,0.00,0.00,0.00,0.00,0.00,0.00,0.00,0.00,0.00,0.00,0.00
2024-01-21,2024-01-15,2024-01-01,"2,916.00",0.00,"2,916.00","2,509.00",407.00,"2,509.00",0.00,0.00,0.00,0.00,0.00,0.00,0.00,0.00,0.00,0.00,0.00,0.00,407.00,0.00,0.00,0.00,0.00,0.00,0.00,0.00,0.00,0.00,0.00,0.00,0.00,0.00
2024-01-22,2024-01-22,2024-01-01,"2,549.00",0.00,"2,549.00","2,142.00",407.00,"2,142.00",0.00,0.00,0.00,0.00,0.00,0.00,0.00,0.00,0.00,0.00,0.00,0.00,407.00,0.00,0.00,0.00,0.00,0.00,0.00,0.00,0.00,0.00,0.00,0.00,0.00,0.00
2024-01-23,2024-01-22,2024-01-01,"2,784.00",0.00,"2,784.00","2,377.00",407.00,"2,377.00",0.00,0.00,0.00,0.00,0.00,0.00,0.00,0.00,0.00,0.00,0.00,0.00,407.00,0.00,0.00,0.00,0.00,0.00,0.00,0.00,0.00,0.00,0.00,0.00,0.00,0.00
2024-01-24,2024-01-22,2024-01-01,"3,094.00",0.00,"3,094.00","2,687.00",407.00,"2,687.00",0.00,0.00,0.00,0.00,0.00,0.00,0.00,0.00,0.00,0.00,0.00,0.00,407.00,0.00,0.00,0.00,0.00,0.00,0.00,0.00,0.00,0.00,0.00,0.00,0.00,0.00
2024-01-25,2024-01-22,2024-01-01,"2,645.00",0.00,"2,645.00","2,238.00",407.00,"2,238.00",0.00,0.00,0.00,0.00,0.00,0.00,0.00,0.00,0.00,0.00,0.00,0.00,407.00,0.00,0.00,0.00,0.00,0.00,0.00,0.00,0.00,0.00,0.00,0.00,0.00,0.00
2024-01-26,2024-01-22,2024-01-01,"2,626.00",0.00,"2,626.00","2,219.00",407.00,"2,219.00",0.00,0.00,0.00,0.00,0.00,0.00,0.00,0.00,0.00,0.00,0.00,0.00,407.00,0.00,0.00,0.00,0.00,0.00,0.00,0.00,0.00,0.00,0.00,0.00,0.00,0.00
2024-01-27,2024-01-22,2024-01-01,"2,685.00",0.00,"2,685.00","2,278.00",407.00,"2,278.00",0.00,0.00,0.00,0.00,0.00,0.00,0.00,0.00,0.00,0.00,0.00,0.00,407.00,0.00,0.00,0.00,0.00,0.00,0.00,0.00,0.00,0.00,0.00,0.00,0.00,0.00
2024-01-28,2024-01-22,2024-01-01,"2,901.00",0.00,"2,901.00","2,494.00",407.00,"2,494.00",0.00,0.00,0.00,0.00,0.00,0.00,0.00,0.00,0.00,0.00,0.00,0.00,407.00,0.00,0.00,0.00,0.00,0.00,0.00,0.00,0.00,0.00,0.00,0.00,0.00,0.00
2024-01-29,2024-01-29,2024-01-01,"2,758.00",0.00,"2,758.00","2,351.00",407.00,"2,351.00",0.00,0.00,0.00,0.00,0.00,0.00,0.00,0.00,0.00,0.00,0.00,0.00,407.00,0.00,0.00,0.00,0.00,0.00,0.00,0.00,0.00,0.00,0.00,0.00,0.00,0.00
2024-01-30,2024-01-29,2024-01-01,"2,910.00",0.00,"2,910.00","2,503.00",407.00,"2,503.00",0.00,0.00,0.00,0.00,0.00,0.00,0.00,0.00,0.00,0.00,0.00,0.00,407.00,0.00,0.00,0.00,0.00,0.00,0.00,0.00,0.00,0.00,0.00,0.00,0.00,0.00
2024-01-31,2024-01-29,2024-01-01,"2,928.00",0.00,"2,928.00","2,521.00",407.00,"2,521.00",0.00,0.00,0.00,0.00,0.00,0.00,0.00,0.00,0.00,0.00,0.00,0.00,407.00,0.00,0.00,0.00,0.00,0.00,0.00,0.00,0.00,0.00,0.00,0.00,0.00,0.00
2024-02-01,2024-01-29,2024-02-01,"3,361.00",0.00,"3,361.00","2,926.00",435.00,"2,926.00",0.00,0.00,0.00,0.00,0.00,0.00,0.00,0.00,0.00,0.00,0.00,0.00,435.00,0.00,0.00,0.00,0.00,0.00,0.00,0.00,0.00,0.00,0.00,0.00,0.00,0.00
2024-02-02,2024-01-29,2024-02-01,"3,124.00",0.00,"3,124.00","2,689.00",435.00,"2,689.00",0.00,0.00,0.00,0.00,0.00,0.00,0.00,0.00,0.00,0.00,0.00,0.00,435.00,0.00,0.00,0.00,0.00,0.00,0.00,0.00,0.00,0.00,0.00,0.00,0.00,0.00
2024-02-03,2024-01-29,2024-02-01,"3,377.00",0.00,"3,377.00","2,942.00",435.00,"2,942.00",0.00,0.00,0.00,0.00,0.00,0.00,0.00,0.00,0.00,0.00,0.00,0.00,435.00,0.00,0.00,0.00,0.00,0.00,0.00,0.00,0.00,0.00,0.00,0.00,0.00,0.00
2024-02-04,2024-01-29,2024-02-01,"3,530.00",0.00,"3,530.00","3,095.00",435.00,"3,095.00",0.00,0.00,0.00,0.00,0.00,0.00,0.00,0.00,0.00,0.00,0.00,0.00,435.00,0.00,0.00,0.00,0.00,0.00,0.00,0.00,0.00,0.00,0.00,0.00,0.00,0.00
2024-02-05,2024-02-05,2024-02-01,"3,450.00",0.00,"3,450.00","3,015.00",435.00,"3,015.00",0.00,0.00,0.00,0.00,0.00,0.00,0.00,0.00,0.00,0.00,0.00,0.00,435.00,0.00,0.00,0.00,0.00,0.00,0.00,0.00,0.00,0.00,0.00,0.00,0.00,0.00
2024-02-06,2024-02-05,2024-02-01,"3,572.00",0.00,"3,572.00","3,137.00",435.00,"3,137.00",0.00,0.00,0.00,0.00,0.00,0.00,0.00,0.00,0.00,0.00,0.00,0.00,435.00,0.00,0.00,0.00,0.00,0.00,0.00,0.00,0.00,0.00,0.00,0.00,0.00,0.00
2024-02-07,2024-02-05,2024-02-01,"2,364.00",0.00,"2,364.00","1,929.00",435.00,"1,929.00",0.00,0.00,0.00,0.00,0.00,0.00,0.00,0.00,0.00,0.00,0.00,0.00,435.00,0.00,0.00,0.00,0.00,0.00,0.00,0.00,0.00,0.00,0.00,0.00,0.00,0.00
2024-02-08,2024-02-05,2024-02-01,"3,604.00",0.00,"3,604.00","3,169.00",435.00,"3,169.00",0.00,0.00,0.00,0.00,0.00,0.00,0.00,0.00,0.00,0.00,0.00,0.00,435.00,0.00,0.00,0.00,0.00,0.00,0.00,0.00,0.00,0.00,0.00,0.00,0.00,0.00
2024-02-09,2024-02-05,2024-02-01,"3,619.00",0.00,"3,619.00","3,184.00",435.00,"3,184.00",0.00,0.00,0.00,0.00,0.00,0.00,0.00,0.00,0.00,0.00,0.00,0.00,435.00,0.00,0.00,0.00,0.00,0.00,0.00,0.00,0.00,0.00,0.00,0.00,0.00,0.00
2024-02-10,2024-02-05,2024-02-01,"3,655.00",0.00,"3,655.00","3,220.00",435.00,"3,220.00",0.00,0.00,0.00,0.00,0.00,0.00,0.00,0.00,0.00,0.00,0.00,0.00,435.00,0.00,0.00,0.00,0.00,0.00,0.00,0.00,0.00,0.00,0.00,0.00,0.00,0.00
2024-02-11,2024-02-05,2024-02-01,"3,837.00",0.00,"3,837.00","3,402.00",435.00,"3,402.00",0.00,0.00,0.00,0.00,0.00,0.00,0.00,0.00,0.00,0.00,0.00,0.00,435.00,0.00,0.00,0.00,0.00,0.00,0.00,0.00,0.00,0.00,0.00,0.00,0.00,0.00
2024-02-12,2024-02-12,2024-02-01,"3,278.00",0.00,"3,278.00","2,843.00",435.00,"2,843.00",0.00,0.00,0.00,0.00,0.00,0.00,0.00,0.00,0.00,0.00,0.00,0.00,435.00,0.00,0.00,0.00,0.00,0.00,0.00,0.00,0.00,0.00,0.00,0.00,0.00,0.00
2024-02-13,2024-02-12,2024-02-01,"3,760.00",0.00,"3,760.00","3,325.00",435.00,"3,325.00",0.00,0.00,0.00,0.00,0.00,0.00,0.00,0.00,0.00,0.00,0.00,0.00,435.00,0.00,0.00,0.00,0.00,0.00,0.00,0.00,0.00,0.00,0.00,0.00,0.00,0.00
2024-02-14,2024-02-12,2024-02-01,"4,661.00",0.00,"4,661.00","4,226.00",435.00,"4,226.00",0.00,0.00,0.00,0.00,0.00,0.00,0.00,0.00,0.00,0.00,0.00,0.00,435.00,0.00,0.00,0.00,0.00,0.00,0.00,0.00,0.00,0.00,0.00,0.00,0.00,0.00
2024-02-15,2024-02-12,2024-02-01,"4,837.00",0.00,"4,837.00","4,402.00",435.00,"4,402.00",0.00,0.00,0.00,0.00,0.00,0.00,0.00,0.00,0.00,0.00,0.00,0.00,435.00,0.00,0.00,0.00,0.00,0.00,0.00,0.00,0.00,0.00,0.00,0.00,0.00,0.00
2024-02-16,2024-02-12,2024-02-01,"4,379.00",0.00,"4,379.00","3,944.00",435.00,"3,944.00",0.00,0.00,0.00,0.00,0.00,0.00,0.00,0.00,0.00,0.00,0.00,0.00,435.00,0.00,0.00,0.00,0.00,0.00,0.00,0.00,0.00,0.00,0.00,0.00,0.00,0.00
2024-02-17,2024-02-12,2024-02-01,"4,425.00",0.00,"4,425.00","3,990.00",435.00,"3,990.00",0.00,0.00,0.00,0.00,0.00,0.00,0.00,0.00,0.00,0.00,0.00,0.00,435.00,0.00,0.00,0.00,0.00,0.00,0.00,0.00,0.00,0.00,0.00,0.00,0.00,0.00
2024-02-18,2024-02-12,2024-02-01,"4,717.00",0.00,"4,717.00","4,282.00",435.00,"4,282.00",0.00,0.00,0.00,0.00,0.00,0.00,0.00,0.00,0.00,0.00,0.00,0.00,435.00,0.00,0.00,0.00,0.00,0.00,0.00,0.00,0.00,0.00,0.00,0.00,0.00,0.00
2024-02-19,2024-02-19,2024-02-01,"4,827.00",0.00,"4,827.00","4,392.00",435.00,"4,392.00",0.00,0.00,0.00,0.00,0.00,0.00,0.00,0.00,0.00,0.00,0.00,0.00,435.00,0.00,0.00,0.00,0.00,0.00,0.00,0.00,0.00,0.00,0.00,0.00,0.00,0.00
2024-02-20,2024-02-19,2024-02-01,"5,624.00",0.00,"5,624.00","5,189.00",435.00,"5,189.00",0.00,0.00,0.00,0.00,0.00,0.00,0.00,0.00,0.00,0.00,0.00,0.00,435.00,0.00,0.00,0.00,0.00,0.00,0.00,0.00,0.00,0.00,0.00,0.00,0.00,0.00
2024-02-21,2024-02-19,2024-02-01,"6,321.00",0.00,"6,321.00","5,886.00",435.00,"5,886.00",0.00,0.00,0.00,0.00,0.00,0.00,0.00,0.00,0.00,0.00,0.00,0.00,435.00,0.00,0.00,0.00,0.00,0.00,0.00,0.00,0.00,0.00,0.00,0.00,0.00,0.00
2024-02-22,2024-02-19,2024-02-01,"6,632.00",0.00,"6,632.00","6,197.00",435.00,"6,197.00",0.00,0.00,0.00,0.00,0.00,0.00,0.00,0.00,0.00,0.00,0.00,0.00,435.00,0.00,0.00,0.00,0.00,0.00,0.00,0.00,0.00,0.00,0.00,0.00,0.00,0.00
2024-02-23,2024-02-19,2024-02-01,"6,909.00",0.00,"6,909.00","6,474.00",435.00,"6,474.00",0.00,0.00,0.00,0.00,0.00,0.00,0.00,0.00,0.00,0.00,0.00,0.00,435.00,0.00,0.00,0.00,0.00,0.00,0.00,0.00,0.00,0.00,0.00,0.00,0.00,0.00
2024-02-24,2024-02-19,2024-02-01,"7,097.00",0.00,"7,097.00","6,662.00",435.00,"6,662.00",0.00,0.00,0.00,0.00,0.00,0.00,0.00,0.00,0.00,0.00,0.00,0.00,435.00,0.00,0.00,0.00,0.00,0.00,0.00,0.00,0.00,0.00,0.00,0.00,0.00,0.00
2024-02-25,2024-02-19,2024-02-01,"7,628.00",0.00,"7,628.00","7,193.00",435.00,"7,193.00",0.00,0.00,0.00,0.00,0.00,0.00,0.00,0.00,0.00,0.00,0.00,0.00,435.00,0.00,0.00,0.00,0.00,0.00,0.00,0.00,0.00,0.00,0.00,0.00,0.00,0.00
2024-02-26,2024-02-26,2024-02-01,"8,348.00",0.00,"8,348.00","7,913.00",435.00,"7,913.00",0.00,0.00,0.00,0.00,0.00,0.00,0.00,0.00,0.00,0.00,0.00,0.00,435.00,0.00,0.00,0.00,0.00,0.00,0.00,0.00,0.00,0.00,0.00,0.00,0.00,0.00
2024-02-27,2024-02-26,2024-02-01,"8,601.00",0.00,"8,601.00","8,166.00",435.00,"8,166.00",0.00,0.00,0.00,0.00,0.00,0.00,0.00,0.00,0.00,0.00,0.00,0.00,435.00,0.00,0.00,0.00,0.00,0.00,0.00,0.00,0.00,0.00,0.00,0.00,0.00,0.00
2024-02-28,2024-02-26,2024-02-01,"8,352.00",0.00,"8,352.00","7,917.00",435.00,"7,917.00",0.00,0.00,0.00,0.00,0.00,0.00,0.00,0.00,0.00,0.00,0.00,0.00,435.00,0.00,0.00,0.00,0.00,0.00,0.00,0.00,0.00,0.00,0.00,0.00,0.00,0.00
2024-02-29,2024-02-26,2024-02-01,"7,849.00",0.00,"7,849.00","7,414.00",435.00,"7,414.00",0.00,0.00,0.00,0.00,0.00,0.00,0.00,0.00,0.00,0.00,0.00,0.00,435.00,0.00,0.00,0.00,0.00,0.00,0.00,0.00,0.00,0.00,0.00,0.00,0.00,0.00
2024-03-01,2024-02-26,2024-03-01,"7,299.00",0.00,"7,299.00","7,299.00",0.00,"7,299.00",0.00,0.00,0.00,0.00,0.00,0.00,0.00,0.00,0.00,0.00,0.00,0.00,0.00,0.00,0.00,0.00,0.00,0.00,0.00,0.00,0.00,0.00,0.00,0.00,0.00,0.00
2024-03-02,2024-02-26,2024-03-01,"4,557.00",0.00,"4,557.00","4,557.00",0.00,"4,557.00",0.00,0.00,0.00,0.00,0.00,0.00,0.00,0.00,0.00,0.00,0.00,0.00,0.00,0.00,0.00,0.00,0.00,0.00,0.00,0.00,0.00,0.00,0.00,0.00,0.00,0.00
2024-03-03,2024-02-26,2024-03-01,"7,155.00",0.00,"7,155.00","7,155.00",0.00,"7,155.00",0.00,0.00,0.00,0.00,0.00,0.00,0.00,0.00,0.00,0.00,0.00,0.00,0.00,0.00,0.00,0.00,0.00,0.00,0.00,0.00,0.00,0.00,0.00,0.00,0.00,0.00
2024-03-04,2024-03-04,2024-03-01,"6,770.00",0.00,"6,770.00","6,770.00",0.00,"6,770.00",0.00,0.00,0.00,0.00,0.00,0.00,0.00,0.00,0.00,0.00,0.00,0.00,0.00,0.00,0.00,0.00,0.00,0.00,0.00,0.00,0.00,0.00,0.00,0.00,0.00,0.00
2024-03-05,2024-03-04,2024-03-01,"7,664.00",0.00,"7,664.00","7,664.00",0.00,"7,664.00",0.00,0.00,0.00,0.00,0.00,0.00,0.00,0.00,0.00,0.00,0.00,0.00,0.00,0.00,0.00,0.00,0.00,0.00,0.00,0.00,0.00,0.00,0.00,0.00,0.00,0.00
2024-03-06,2024-03-04,2024-03-01,"7,699.00",0.00,"7,699.00","7,699.00",0.00,"7,699.00",0.00,0.00,0.00,0.00,0.00,0.00,0.00,0.00,0.00,0.00,0.00,0.00,0.00,0.00,0.00,0.00,0.00,0.00,0.00,0.00,0.00,0.00,0.00,0.00,0.00,0.00
2024-03-07,2024-03-04,2024-03-01,"7,676.00",0.00,"7,676.00","7,676.00",0.00,"7,676.00",0.00,0.00,0.00,0.00,0.00,0.00,0.00,0.00,0.00,0.00,0.00,0.00,0.00,0.00,0.00,0.00,0.00,0.00,0.00,0.00,0.00,0.00,0.00,0.00,0.00,0.00
2024-03-08,2024-03-04,2024-03-01,"7,096.00",0.00,"7,096.00","7,096.00",0.00,"7,096.00",0.00,0.00,0.00,0.00,0.00,0.00,0.00,0.00,0.00,0.00,0.00,0.00,0.00,0.00,0.00,0.00,0.00,0.00,0.00,0.00,0.00,0.00,0.00,0.00,0.00,0.00
2024-03-09,2024-03-04,2024-03-01,"5,475.00",0.00,"5,475.00","5,475.00",0.00,"5,475.00",0.00,0.00,0.00,0.00,0.00,0.00,0.00,0.00,0.00,0.00,0.00,0.00,0.00,0.00,0.00,0.00,0.00,0.00,0.00,0.00,0.00,0.00,0.00,0.00,0.00,0.00
2024-03-10,2024-03-04,2024-03-01,"6,049.00",0.00,"6,049.00","6,049.00",0.00,"6,049.00",0.00,0.00,0.00,0.00,0.00,0.00,0.00,0.00,0.00,0.00,0.00,0.00,0.00,0.00,0.00,0.00,0.00,0.00,0.00,0.00,0.00,0.00,0.00,0.00,0.00,0.00
2024-03-11,2024-03-11,2024-03-01,"10,468.00",0.00,"10,468.00","10,468.00",0.00,"10,468.00",0.00,0.00,0.00,0.00,0.00,0.00,0.00,0.00,0.00,0.00,0.00,0.00,0.00,0.00,0.00,0.00,0.00,0.00,0.00,0.00,0.00,0.00,0.00,0.00,0.00,0.00
2024-03-12,2024-03-11,2024-03-01,"9,831.00",0.00,"9,831.00","9,831.00",0.00,"9,831.00",0.00,0.00,0.00,0.00,0.00,0.00,0.00,0.00,0.00,0.00,0.00,0.00,0.00,0.00,0.00,0.00,0.00,0.00,0.00,0.00,0.00,0.00,0.00,0.00,0.00,0.00
2024-03-13,2024-03-11,2024-03-01,"8,572.00",0.00,"8,572.00","8,572.00",0.00,"8,572.00",0.00,0.00,0.00,0.00,0.00,0.00,0.00,0.00,0.00,0.00,0.00,0.00,0.00,0.00,0.00,0.00,0.00,0.00,0.00,0.00,0.00,0.00,0.00,0.00,0.00,0.00
2024-03-14,2024-03-11,2024-03-01,"10,342.00",0.00,"10,342.00","10,342.00",0.00,"10,342.00",0.00,0.00,0.00,0.00,0.00,0.00,0.00,0.00,0.00,0.00,0.00,0.00,0.00,0.00,0.00,0.00,0.00,0.00,0.00,0.00,0.00,0.00,0.00,0.00,0.00,0.00
2024-03-15,2024-03-11,2024-03-01,"10,576.00",0.00,"10,576.00","10,576.00",0.00,"10,576.00",0.00,0.00,0.00,0.00,0.00,0.00,0.00,0.00,0.00,0.00,0.00,0.00,0.00,0.00,0.00,0.00,0.00,0.00,0.00,0.00,0.00,0.00,0.00,0.00,0.00,0.00
2024-03-16,2024-03-11,2024-03-01,"10,364.00",0.00,"10,364.00","10,364.00",0.00,"10,364.00",0.00,0.00,0.00,0.00,0.00,0.00,0.00,0.00,0.00,0.00,0.00,0.00,0.00,0.00,0.00,0.00,0.00,0.00,0.00,0.00,0.00,0.00,0.00,0.00,0.00,0.00
2024-03-17,2024-03-11,2024-03-01,"11,150.00",0.00,"11,150.00","11,150.00",0.00,"11,150.00",0.00,0.00,0.00,0.00,0.00,0.00,0.00,0.00,0.00,0.00,0.00,0.00,0.00,0.00,0.00,0.00,0.00,0.00,0.00,0.00,0.00,0.00,0.00,0.00,0.00,0.00
2024-03-18,2024-03-18,2024-03-01,"9,579.00",0.00,"9,579.00","9,579.00",0.00,"9,579.00",0.00,0.00,0.00,0.00,0.00,0.00,0.00,0.00,0.00,0.00,0.00,0.00,0.00,0.00,0.00,0.00,0.00,0.00,0.00,0.00,0.00,0.00,0.00,0.00,0.00,0.00
2024-03-19,2024-03-18,2024-03-01,"8,699.00",0.00,"8,699.00","8,699.00",0.00,"8,699.00",0.00,0.00,0.00,0.00,0.00,0.00,0.00,0.00,0.00,0.00,0.00,0.00,0.00,0.00,0.00,0.00,0.00,0.00,0.00,0.00,0.00,0.00,0.00,0.00,0.00,0.00
2024-03-20,2024-03-18,2024-03-01,"8,944.00",0.00,"8,944.00","8,944.00",0.00,"8,944.00",0.00,0.00,0.00,0.00,0.00,0.00,0.00,0.00,0.00,0.00,0.00,0.00,0.00,0.00,0.00,0.00,0.00,0.00,0.00,0.00,0.00,0.00,0.00,0.00,0.00,0.00
2024-03-21,2024-03-18,2024-03-01,"9,227.00",0.00,"9,227.00","9,227.00",0.00,"9,227.00",0.00,0.00,0.00,0.00,0.00,0.00,0.00,0.00,0.00,0.00,0.00,0.00,0.00,0.00,0.00,0.00,0.00,0.00,0.00,0.00,0.00,0.00,0.00,0.00,0.00,0.00
2024-03-22,2024-03-18,2024-03-01,"8,542.00",0.00,"8,542.00","8,542.00",0.00,"8,542.00",0.00,0.00,0.00,0.00,0.00,0.00,0.00,0.00,0.00,0.00,0.00,0.00,0.00,0.00,0.00,0.00,0.00,0.00,0.00,0.00,0.00,0.00,0.00,0.00,0.00,0.00
2024-03-23,2024-03-18,2024-03-01,"8,679.00",0.00,"8,679.00","8,679.00",0.00,"8,679.00",0.00,0.00,0.00,0.00,0.00,0.00,0.00,0.00,0.00,0.00,0.00,0.00,0.00,0.00,0.00,0.00,0.00,0.00,0.00,0.00,0.00,0.00,0.00,0.00,0.00,0.00
2024-03-24,2024-03-18,2024-03-01,"9,363.00",0.00,"9,363.00","9,363.00",0.00,"9,363.00",0.00,0.00,0.00,0.00,0.00,0.00,0.00,0.00,0.00,0.00,0.00,0.00,0.00,0.00,0.00,0.00,0.00,0.00,0.00,0.00,0.00,0.00,0.00,0.00,0.00,0.00
2024-03-25,2024-03-25,2024-03-01,"8,902.00",0.00,"8,902.00","8,902.00",0.00,"8,902.00",0.00,0.00,0.00,0.00,0.00,0.00,0.00,0.00,0.00,0.00,0.00,0.00,0.00,0.00,0.00,0.00,0.00,0.00,0.00,0.00,0.00,0.00,0.00,0.00,0.00,0.00
2024-03-26,2024-03-25,2024-03-01,"5,808.00",0.00,"5,808.00","5,808.00",0.00,"5,808.00",0.00,0.00,0.00,0.00,0.00,0.00,0.00,0.00,0.00,0.00,0.00,0.00,0.00,0.00,0.00,0.00,0.00,0.00,0.00,0.00,0.00,0.00,0.00,0.00,0.00,0.00
2024-03-27,2024-03-25,2024-03-01,0.00,0.00,0.00,0.00,0.00,0.00,0.00,0.00,0.00,0.00,0.00,0.00,0.00,0.00,0.00,0.00,0.00,0.00,0.00,0.00,0.00,0.00,0.00,0.00,0.00,0.00,0.00,0.00,0.00,0.00,0.00,0.00
2024-03-28,2024-03-25,2024-03-01,0.00,0.00,0.00,0.00,0.00,0.00,0.00,0.00,0.00,0.00,0.00,0.00,0.00,0.00,0.00,0.00,0.00,0.00,0.00,0.00,0.00,0.00,0.00,0.00,0.00,0.00,0.00,0.00,0.00,0.00,0.00,0.00
2024-03-29,2024-03-25,2024-03-01,0.00,0.00,0.00,0.00,0.00,0.00,0.00,0.00,0.00,0.00,0.00,0.00,0.00,0.00,0.00,0.00,0.00,0.00,0.00,0.00,0.00,0.00,0.00,0.00,0.00,0.00,0.00,0.00,0.00,0.00,0.00,0.00
2024-03-30,2024-03-25,2024-03-01,0.00,0.00,0.00,0.00,0.00,0.00,0.00,0.00,0.00,0.00,0.00,0.00,0.00,0.00,0.00,0.00,0.00,0.00,0.00,0.00,0.00,0.00,0.00,0.00,0.00,0.00,0.00,0.00,0.00,0.00,0.00,0.00
2024-03-31,2024-03-25,2024-03-01,0.00,0.00,0.00,0.00,0.00,0.00,0.00,0.00,0.00,0.00,0.00,0.00,0.00,0.00,0.00,0.00,0.00,0.00,0.00,0.00,0.00,0.00,0.00,0.00,0.00,0.00,0.00,0.00,0.00,0.00,0.00,0.00
2024-04-01,2024-04-01,2024-04-01,0.00,0.00,0.00,0.00,0.00,0.00,0.00,0.00,0.00,0.00,0.00,0.00,0.00,0.00,0.00,0.00,0.00,0.00,0.00,0.00,0.00,0.00,0.00,0.00,0.00,0.00,0.00,0.00,0.00,0.00,0.00,0.00
2024-04-02,2024-04-01,2024-04-01,0.00,0.00,0.00,0.00,0.00,0.00,0.00,0.00,0.00,0.00,0.00,0.00,0.00,0.00,0.00,0.00,0.00,0.00,0.00,0.00,0.00,0.00,0.00,0.00,0.00,0.00,0.00,0.00,0.00,0.00,0.00,0.00
2024-04-03,2024-04-01,2024-04-01,0.00,0.00,0.00,0.00,0.00,0.00,0.00,0.00,0.00,0.00,0.00,0.00,0.00,0.00,0.00,0.00,0.00,0.00,0.00,0.00,0.00,0.00,0.00,0.00,0.00,0.00,0.00,0.00,0.00,0.00,0.00,0.00
2024-04-04,2024-04-01,2024-04-01,0.00,0.00,0.00,0.00,0.00,0.00,0.00,0.00,0.00,0.00,0.00,0.00,0.00,0.00,0.00,0.00,0.00,0.00,0.00,0.00,0.00,0.00,0.00,0.00,0.00,0.00,0.00,0.00,0.00,0.00,0.00,0.00
2024-04-05,2024-04-01,2024-04-01,0.00,0.00,0.00,0.00,0.00,0.00,0.00,0.00,0.00,0.00,0.00,0.00,0.00,0.00,0.00,0.00,0.00,0.00,0.00,0.00,0.00,0.00,0.00,0.00,0.00,0.00,0.00,0.00,0.00,0.00,0.00,0.00
2024-04-06,2024-04-01,2024-04-01,0.00,0.00,0.00,0.00,0.00,0.00,0.00,0.00,0.00,0.00,0.00,0.00,0.00,0.00,0.00,0.00,0.00,0.00,0.00,0.00,0.00,0.00,0.00,0.00,0.00,0.00,0.00,0.00,0.00,0.00,0.00,0.00
2024-04-07,2024-04-01,2024-04-01,0.00,0.00,0.00,0.00,0.00,0.00,0.00,0.00,0.00,0.00,0.00,0.00,0.00,0.00,0.00,0.00,0.00,0.00,0.00,0.00,0.00,0.00,0.00,0.00,0.00,0.00,0.00,0.00,0.00,0.00,0.00,0.00
2024-04-08,2024-04-08,2024-04-01,0.00,0.00,0.00,0.00,0.00,0.00,0.00,0.00,0.00,0.00,0.00,0.00,0.00,0.00,0.00,0.00,0.00,0.00,0.00,0.00,0.00,0.00,0.00,0.00,0.00,0.00,0.00,0.00,0.00,0.00,0.00,0.00
2024-04-09,2024-04-08,2024-04-01,0.00,0.00,0.00,0.00,0.00,0.00,0.00,0.00,0.00,0.00,0.00,0.00,0.00,0.00,0.00,0.00,0.00,0.00,0.00,0.00,0.00,0.00,0.00,0.00,0.00,0.00,0.00,0.00,0.00,0.00,0.00,0.00
2024-04-10,2024-04-08,2024-04-01,0.00,0.00,0.00,0.00,0.00,0.00,0.00,0.00,0.00,0.00,0.00,0.00,0.00,0.00,0.00,0.00,0.00,0.00,0.00,0.00,0.00,0.00,0.00,0.00,0.00,0.00,0.00,0.00,0.00,0.00,0.00,0.00
2024-04-11,2024-04-08,2024-04-01,0.00,0.00,0.00,0.00,0.00,0.00,0.00,0.00,0.00,0.00,0.00,0.00,0.00,0.00,0.00,0.00,0.00,0.00,0.00,0.00,0.00,0.00,0.00,0.00,0.00,0.00,0.00,0.00,0.00,0.00,0.00,0.00
2024-04-12,2024-04-08,2024-04-01,0.00,0.00,0.00,0.00,0.00,0.00,0.00,0.00,0.00,0.00,0.00,0.00,0.00,0.00,0.00,0.00,0.00,0.00,0.00,0.00,0.00,0.00,0.00,0.00,0.00,0.00,0.00,0.00,0.00,0.00,0.00,0.00
2024-04-13,2024-04-08,2024-04-01,0.00,0.00,0.00,0.00,0.00,0.00,0.00,0.00,0.00,0.00,0.00,0.00,0.00,0.00,0.00,0.00,0.00,0.00,0.00,0.00,0.00,0.00,0.00,0.00,0.00,0.00,0.00,0.00,0.00,0.00,0.00,0.00
2024-04-14,2024-04-08,2024-04-01,0.00,0.00,0.00,0.00,0.00,0.00,0.00,0.00,0.00,0.00,0.00,0.00,0.00,0.00,0.00,0.00,0.00,0.00,0.00,0.00,0.00,0.00,0.00,0.00,0.00,0.00,0.00,0.00,0.00,0.00,0.00,0.00
2024-04-15,2024-04-15,2024-04-01,0.00,0.00,0.00,0.00,0.00,0.00,0.00,0.00,0.00,0.00,0.00,0.00,0.00,0.00,0.00,0.00,0.00,0.00,0.00,0.00,0.00,0.00,0.00,0.00,0.00,0.00,0.00,0.00,0.00,0.00,0.00,0.00
2024-04-16,2024-04-15,2024-04-01,0.00,0.00,0.00,0.00,0.00,0.00,0.00,0.00,0.00,0.00,0.00,0.00,0.00,0.00,0.00,0.00,0.00,0.00,0.00,0.00,0.00,0.00,0.00,0.00,0.00,0.00,0.00,0.00,0.00,0.00,0.00,0.00
2024-04-17,2024-04-15,2024-04-01,0.00,0.00,0.00,0.00,0.00,0.00,0.00,0.00,0.00,0.00,0.00,0.00,0.00,0.00,0.00,0.00,0.00,0.00,0.00,0.00,0.00,0.00,0.00,0.00,0.00,0.00,0.00,0.00,0.00,0.00,0.00,0.00
2024-04-18,2024-04-15,2024-04-01,0.00,0.00,0.00,0.00,0.00,0.00,0.00,0.00,0.00,0.00,0.00,0.00,0.00,0.00,0.00,0.00,0.00,0.00,0.00,0.00,0.00,0.00,0.00,0.00,0.00,0.00,0.00,0.00,0.00,0.00,0.00,0.00
2024-04-19,2024-04-15,2024-04-01,0.00,0.00,0.00,0.00,0.00,0.00,0.00,0.00,0.00,0.00,0.00,0.00,0.00,0.00,0.00,0.00,0.00,0.00,0.00,0.00,0.00,0.00,0.00,0.00,0.00,0.00,0.00,0.00,0.00,0.00,0.00,0.00
2024-04-20,2024-04-15,2024-04-01,0.00,0.00,0.00,0.00,0.00,0.00,0.00,0.00,0.00,0.00,0.00,0.00,0.00,0.00,0.00,0.00,0.00,0.00,0.00,0.00,0.00,0.00,0.00,0.00,0.00,0.00,0.00,0.00,0.00,0.00,0.00,0.00
2024-04-21,2024-04-15,2024-04-01,0.00,0.00,0.00,0.00,0.00,0.00,0.00,0.00,0.00,0.00,0.00,0.00,0.00,0.00,0.00,0.00,0.00,0.00,0.00,0.00,0.00,0.00,0.00,0.00,0.00,0.00,0.00,0.00,0.00,0.00,0.00,0.00
2024-04-22,2024-04-22,2024-04-01,0.00,0.00,0.00,0.00,0.00,0.00,0.00,0.00,0.00,0.00,0.00,0.00,0.00,0.00,0.00,0.00,0.00,0.00,0.00,0.00,0.00,0.00,0.00,0.00,0.00,0.00,0.00,0.00,0.00,0.00,0.00,0.00
2024-04-23,2024-04-22,2024-04-01,0.00,0.00,0.00,0.00,0.00,0.00,0.00,0.00,0.00,0.00,0.00,0.00,0.00,0.00,0.00,0.00,0.00,0.00,0.00,0.00,0.00,0.00,0.00,0.00,0.00,0.00,0.00,0.00,0.00,0.00,0.00,0.00
2024-04-24,2024-04-22,2024-04-01,0.00,0.00,0.00,0.00,0.00,0.00,0.00,0.00,0.00,0.00,0.00,0.00,0.00,0.00,0.00,0.00,0.00,0.00,0.00,0.00,0.00,0.00,0.00,0.00,0.00,0.00,0.00,0.00,0.00,0.00,0.00,0.00
2024-04-25,2024-04-22,2024-04-01,0.00,0.00,0.00,0.00,0.00,0.00,0.00,0.00,0.00,0.00,0.00,0.00,0.00,0.00,0.00,0.00,0.00,0.00,0.00,0.00,0.00,0.00,0.00,0.00,0.00,0.00,0.00,0.00,0.00,0.00,0.00,0.00
2024-04-26,2024-04-22,2024-04-01,0.00,0.00,0.00,0.00,0.00,0.00,0.00,0.00,0.00,0.00,0.00,0.00,0.00,0.00,0.00,0.00,0.00,0.00,0.00,0.00,0.00,0.00,0.00,0.00,0.00,0.00,0.00,0.00,0.00,0.00,0.00,0.00
2024-04-27,2024-04-22,2024-04-01,0.00,0.00,0.00,0.00,0.00,0.00,0.00,0.00,0.00,0.00,0.00,0.00,0.00,0.00,0.00,0.00,0.00,0.00,0.00,0.00,0.00,0.00,0.00,0.00,0.00,0.00,0.00,0.00,0.00,0.00,0.00,0.00
2024-04-28,2024-04-22,2024-04-01,0.00,0.00,0.00,0.00,0.00,0.00,0.00,0.00,0.00,0.00,0.00,0.00,0.00,0.00,0.00,0.00,0.00,0.00,0.00,0.00,0.00,0.00,0.00,0.00,0.00,0.00,0.00,0.00,0.00,0.00,0.00,0.00
2024-04-29,2024-04-29,2024-04-01,0.00,0.00,0.00,0.00,0.00,0.00,0.00,0.00,0.00,0.00,0.00,0.00,0.00,0.00,0.00,0.00,0.00,0.00,0.00,0.00,0.00,0.00,0.00,0.00,0.00,0.00,0.00,0.00,0.00,0.00,0.00,0.00
2024-04-30,2024-04-29,2024-04-01,0.00,0.00,0.00,0.00,0.00,0.00,0.00,0.00,0.00,0.00,0.00,0.00,0.00,0.00,0.00,0.00,0.00,0.00,0.00,0.00,0.00,0.00,0.00,0.00,0.00,0.00,0.00,0.00,0.00,0.00,0.00,0.00
2024-05-01,2024-04-29,2024-05-01,0.00,0.00,0.00,0.00,0.00,0.00,0.00,0.00,0.00,0.00,0.00,0.00,0.00,0.00,0.00,0.00,0.00,0.00,0.00,0.00,0.00,0.00,0.00,0.00,0.00,0.00,0.00,0.00,0.00,0.00,0.00,0.00
2024-05-02,2024-04-29,2024-05-01,0.00,0.00,0.00,0.00,0.00,0.00,0.00,0.00,0.00,0.00,0.00,0.00,0.00,0.00,0.00,0.00,0.00,0.00,0.00,0.00,0.00,0.00,0.00,0.00,0.00,0.00,0.00,0.00,0.00,0.00,0.00,0.00
2024-05-03,2024-04-29,2024-05-01,0.00,0.00,0.00,0.00,0.00,0.00,0.00,0.00,0.00,0.00,0.00,0.00,0.00,0.00,0.00,0.00,0.00,0.00,0.00,0.00,0.00,0.00,0.00,0.00,0.00,0.00,0.00,0.00,0.00,0.00,0.00,0.00
2024-05-04,2024-04-29,2024-05-01,0.00,0.00,0.00,0.00,0.00,0.00,0.00,0.00,0.00,0.00,0.00,0.00,0.00,0.00,0.00,0.00,0.00,0.00,0.00,0.00,0.00,0.00,0.00,0.00,0.00,0.00,0.00,0.00,0.00,0.00,0.00,0.00
2024-05-05,2024-04-29,2024-05-01,0.00,0.00,0.00,0.00,0.00,0.00,0.00,0.00,0.00,0.00,0.00,0.00,0.00,0.00,0.00,0.00,0.00,0.00,0.00,0.00,0.00,0.00,0.00,0.00,0.00,0.00,0.00,0.00,0.00,0.00,0.00,0.00
2024-05-06,2024-05-06,2024-05-01,502.00,0.00,502.00,502.00,0.00,0.00,0.00,251.00,251.00,0.00,0.00,0.00,0.00,0.00,0.00,0.00,0.00,0.00,0.00,0.00,0.00,0.00,0.00,0.00,0.00,0.00,0.00,0.00,0.00,0.00,0.00,0.00
2024-05-07,2024-05-06,2024-05-01,686.00,0.00,686.00,686.00,0.00,0.00,0.00,343.00,343.00,0.00,0.00,0.00,0.00,0.00,0.00,0.00,0.00,0.00,0.00,0.00,0.00,0.00,0.00,0.00,0.00,0.00,0.00,0.00,0.00,0.00,0.00,0.00
2024-05-08,2024-05-06,2024-05-01,872.00,0.00,872.00,872.00,0.00,0.00,0.00,436.00,436.00,0.00,0.00,0.00,0.00,0.00,0.00,0.00,0.00,0.00,0.00,0.00,0.00,0.00,0.00,0.00,0.00,0.00,0.00,0.00,0.00,0.00,0.00,0.00
2024-05-09,2024-05-06,2024-05-01,604.00,0.00,604.00,604.00,0.00,0.00,0.00,302.00,302.00,0.00,0.00,0.00,0.00,0.00,0.00,0.00,0.00,0.00,0.00,0.00,0.00,0.00,0.00,0.00,0.00,0.00,0.00,0.00,0.00,0.00,0.00,0.00
2024-05-10,2024-05-06,2024-05-01,90.00,0.00,90.00,90.00,0.00,0.00,0.00,45.00,45.00,0.00,0.00,0.00,0.00,0.00,0.00,0.00,0.00,0.00,0.00,0.00,0.00,0.00,0.00,0.00,0.00,0.00,0.00,0.00,0.00,0.00,0.00,0.00
2024-05-11,2024-05-06,2024-05-01,314.00,0.00,314.00,314.00,0.00,0.00,0.00,157.00,157.00,0.00,0.00,0.00,0.00,0.00,0.00,0.00,0.00,0.00,0.00,0.00,0.00,0.00,0.00,0.00,0.00,0.00,0.00,0.00,0.00,0.00,0.00,0.00
2024-05-12,2024-05-06,2024-05-01,272.00,0.00,272.00,272.00,0.00,0.00,0.00,136.00,136.00,0.00,0.00,0.00,0.00,0.00,0.00,0.00,0.00,0.00,0.00,0.00,0.00,0.00,0.00,0.00,0.00,0.00,0.00,0.00,0.00,0.00,0.00,0.00
2024-05-13,2024-05-13,2024-05-01,620.00,0.00,620.00,620.00,0.00,0.00,0.00,310.00,310.00,0.00,0.00,0.00,0.00,0.00,0.00,0.00,0.00,0.00,0.00,0.00,0.00,0.00,0.00,0.00,0.00,0.00,0.00,0.00,0.00,0.00,0.00,0.00
2024-05-14,2024-05-13,2024-05-01,"3,602.00",0.00,"3,602.00","3,602.00",0.00,0.00,0.00,"1,801.00","1,801.00",0.00,0.00,0.00,0.00,0.00,0.00,0.00,0.00,0.00,0.00,0.00,0.00,0.00,0.00,0.00,0.00,0.00,0.00,0.00,0.00,0.00,0.00,0.00
2024-05-15,2024-05-13,2024-05-01,"2,728.00",0.00,"2,728.00","2,728.00",0.00,0.00,0.00,"1,364.00","1,364.00",0.00,0.00,0.00,0.00,0.00,0.00,0.00,0.00,0.00,0.00,0.00,0.00,0.00,0.00,0.00,0.00,0.00,0.00,0.00,0.00,0.00,0.00,0.00
2024-05-16,2024-05-13,2024-05-01,"6,770.00",0.00,"6,770.00","6,770.00",0.00,0.00,0.00,"2,887.00","2,887.00",0.00,0.00,0.00,0.00,996.00,0.00,0.00,0.00,0.00,0.00,0.00,0.00,0.00,0.00,0.00,0.00,0.00,0.00,0.00,0.00,0.00,0.00,0.00
2024-05-17,2024-05-13,2024-05-01,"5,332.00",0.00,"5,332.00","5,332.00",0.00,0.00,0.00,"2,391.00","2,391.00",0.00,0.00,0.00,0.00,550.00,0.00,0.00,0.00,0.00,0.00,0.00,0.00,0.00,0.00,0.00,0.00,0.00,0.00,0.00,0.00,0.00,0.00,0.00
2024-05-18,2024-05-13,2024-05-01,"3,636.00",0.00,"3,636.00","3,636.00",0.00,0.00,0.00,"1,557.00","1,557.00",0.00,0.00,0.00,0.00,522.00,0.00,0.00,0.00,0.00,0.00,0.00,0.00,0.00,0.00,0.00,0.00,0.00,0.00,0.00,0.00,0.00,0.00,0.00
2024-05-19,2024-05-13,2024-05-01,"6,223.00",0.00,"6,223.00","6,223.00",0.00,0.00,0.00,"2,852.00","2,852.00",0.00,0.00,0.00,0.00,519.00,0.00,0.00,0.00,0.00,0.00,0.00,0.00,0.00,0.00,0.00,0.00,0.00,0.00,0.00,0.00,0.00,0.00,0.00
2024-05-20,2024-05-20,2024-05-01,"13,867.00",0.00,"13,867.00","13,867.00",0.00,0.00,0.00,"6,431.00","6,431.00",0.00,0.00,0.00,0.00,"1,005.00",0.00,0.00,0.00,0.00,0.00,0.00,0.00,0.00,0.00,0.00,0.00,0.00,0.00,0.00,0.00,0.00,0.00,0.00
2024-05-21,2024-05-20,2024-05-01,"10,511.00",0.00,"10,511.00","10,511.00",0.00,0.00,0.00,"4,735.00","4,735.00",0.00,0.00,0.00,0.00,"1,041.00",0.00,0.00,0.00,0.00,0.00,0.00,0.00,0.00,0.00,0.00,0.00,0.00,0.00,0.00,0.00,0.00,0.00,0.00
2024-05-22,2024-05-20,2024-05-01,"10,028.00",0.00,"10,028.00","10,028.00",0.00,0.00,0.00,"3,515.00","3,515.00",0.00,0.00,0.00,0.00,"2,998.00",0.00,0.00,0.00,0.00,0.00,0.00,0.00,0.00,0.00,0.00,0.00,0.00,0.00,0.00,0.00,0.00,0.00,0.00
2024-05-23,2024-05-20,2024-05-01,"8,396.00",0.00,"8,396.00","8,396.00",0.00,0.00,0.00,"2,626.00","2,626.00",0.00,0.00,0.00,0.00,"3,144.00",0.00,0.00,0.00,0.00,0.00,0.00,0.00,0.00,0.00,0.00,0.00,0.00,0.00,0.00,0.00,0.00,0.00,0.00
2024-05-24,2024-05-20,2024-05-01,"8,010.00",0.00,"8,010.00","8,010.00",0.00,0.00,0.00,"2,452.00","2,452.00",0.00,0.00,0.00,0.00,"3,106.00",0.00,0.00,0.00,0.00,0.00,0.00,0.00,0.00,0.00,0.00,0.00,0.00,0.00,0.00,0.00,0.00,0.00,0.00
2024-05-25,2024-05-20,2024-05-01,"8,036.00",0.00,"8,036.00","8,036.00",0.00,0.00,0.00,"2,472.00","2,472.00",0.00,0.00,0.00,0.00,"3,092.00",0.00,0.00,0.00,0.00,0.00,0.00,0.00,0.00,0.00,0.00,0.00,0.00,0.00,0.00,0.00,0.00,0.00,0.00
2024-05-26,2024-05-20,2024-05-01,"8,360.00",0.00,"8,360.00","8,360.00",0.00,0.00,0.00,"2,650.00","2,650.00",0.00,0.00,0.00,0.00,"3,060.00",0.00,0.00,0.00,0.00,0.00,0.00,0.00,0.00,0.00,0.00,0.00,0.00,0.00,0.00,0.00,0.00,0.00,0.00
2024-05-27,2024-05-27,2024-05-01,"9,866.00",0.00,"9,866.00","9,866.00",0.00,0.00,0.00,"3,412.00","3,412.00",0.00,0.00,0.00,0.00,"3,042.00",0.00,0.00,0.00,0.00,0.00,0.00,0.00,0.00,0.00,0.00,0.00,0.00,0.00,0.00,0.00,0.00,0.00,0.00
2024-05-28,2024-05-27,2024-05-01,"11,092.00",0.00,"11,092.00","11,092.00",0.00,0.00,0.00,"4,038.00","4,038.00",0.00,0.00,0.00,0.00,"3,016.00",0.00,0.00,0.00,0.00,0.00,0.00,0.00,0.00,0.00,0.00,0.00,0.00,0.00,0.00,0.00,0.00,0.00,0.00
2024-05-29,2024-05-27,2024-05-01,"10,869.00",0.00,"10,869.00","10,869.00",0.00,0.00,0.00,"3,969.00","3,969.00",0.00,0.00,0.00,0.00,"2,931.00",0.00,0.00,0.00,0.00,0.00,0.00,0.00,0.00,0.00,0.00,0.00,0.00,0.00,0.00,0.00,0.00,0.00,0.00
2024-05-30,2024-05-27,2024-05-01,"10,871.00",0.00,"10,871.00","10,871.00",0.00,0.00,0.00,"3,998.00","3,998.00",0.00,0.00,0.00,0.00,"2,875.00",0.00,0.00,0.00,0.00,0.00,0.00,0.00,0.00,0.00,0.00,0.00,0.00,0.00,0.00,0.00,0.00,0.00,0.00
2024-05-31,2024-05-27,2024-05-01,"9,651.00",0.00,"9,651.00","9,651.00",0.00,0.00,0.00,"3,455.00","3,455.00",0.00,0.00,0.00,0.00,"2,741.00",0.00,0.00,0.00,0.00,0.00,0.00,0.00,0.00,0.00,0.00,0.00,0.00,0.00,0.00,0.00,0.00,0.00,0.00
2024-06-01,2024-05-27,2024-06-01,"9,362.00",0.00,"9,362.00","9,362.00",0.00,0.00,0.00,"3,200.00","3,200.00",0.00,0.00,0.00,0.00,"2,962.00",0.00,0.00,0.00,0.00,0.00,0.00,0.00,0.00,0.00,0.00,0.00,0.00,0.00,0.00,0.00,0.00,0.00,0.00
2024-06-02,2024-05-27,2024-06-01,"8,958.00",0.00,"8,958.00","8,958.00",0.00,0.00,0.00,"3,419.00","3,419.00",0.00,0.00,0.00,0.00,"2,120.00",0.00,0.00,0.00,0.00,0.00,0.00,0.00,0.00,0.00,0.00,0.00,0.00,0.00,0.00,0.00,0.00,0.00,0.00
2024-06-03,2024-06-03,2024-06-01,"8,192.00",0.00,"8,192.00","8,192.00",0.00,0.00,0.00,"3,415.00","3,415.00",0.00,0.00,0.00,0.00,"1,362.00",0.00,0.00,0.00,0.00,0.00,0.00,0.00,0.00,0.00,0.00,0.00,0.00,0.00,0.00,0.00,0.00,0.00,0.00
2024-06-04,2024-06-03,2024-06-01,"10,472.00",0.00,"10,472.00","10,472.00",0.00,0.00,0.00,"4,593.00","4,593.00",0.00,0.00,0.00,0.00,"1,286.00",0.00,0.00,0.00,0.00,0.00,0.00,0.00,0.00,0.00,0.00,0.00,0.00,0.00,0.00,0.00,0.00,0.00,0.00
2024-06-05,2024-06-03,2024-06-01,"11,068.00",0.00,"11,068.00","11,068.00",0.00,0.00,0.00,"4,597.00","4,597.00",0.00,0.00,0.00,0.00,"1,874.00",0.00,0.00,0.00,0.00,0.00,0.00,0.00,0.00,0.00,0.00,0.00,0.00,0.00,0.00,0.00,0.00,0.00,0.00
2024-06-06,2024-06-03,2024-06-01,"8,862.00",0.00,"8,862.00","8,862.00",0.00,0.00,0.00,"3,632.00","3,632.00",0.00,0.00,0.00,0.00,"1,598.00",0.00,0.00,0.00,0.00,0.00,0.00,0.00,0.00,0.00,0.00,0.00,0.00,0.00,0.00,0.00,0.00,0.00,0.00
2024-06-07,2024-06-03,2024-06-01,"11,374.00",0.00,"11,374.00","11,374.00",0.00,0.00,0.00,"3,740.00","3,740.00",0.00,0.00,0.00,0.00,"3,894.00",0.00,0.00,0.00,0.00,0.00,0.00,0.00,0.00,0.00,0.00,0.00,0.00,0.00,0.00,0.00,0.00,0.00,0.00
2024-06-08,2024-06-03,2024-06-01,"9,912.00",0.00,"9,912.00","9,912.00",0.00,0.00,0.00,"3,987.00","3,987.00",0.00,0.00,0.00,0.00,"1,938.00",0.00,0.00,0.00,0.00,0.00,0.00,0.00,0.00,0.00,0.00,0.00,0.00,0.00,0.00,0.00,0.00,0.00,0.00
2024-06-09,2024-06-03,2024-06-01,"10,566.00",0.00,"10,566.00","10,566.00",0.00,0.00,0.00,"3,914.00","3,914.00",0.00,0.00,0.00,0.00,"2,738.00",0.00,0.00,0.00,0.00,0.00,0.00,0.00,0.00,0.00,0.00,0.00,0.00,0.00,0.00,0.00,0.00,0.00,0.00
2024-06-10,2024-06-10,2024-06-01,"9,648.00",0.00,"9,648.00","9,648.00",0.00,0.00,0.00,"3,909.00","3,909.00",0.00,0.00,0.00,0.00,"1,830.00",0.00,0.00,0.00,0.00,0.00,0.00,0.00,0.00,0.00,0.00,0.00,0.00,0.00,0.00,0.00,0.00,0.00,0.00
2024-06-11,2024-06-10,2024-06-01,"12,671.00",0.00,"12,671.00","12,671.00",0.00,0.00,0.00,"4,208.00","4,208.00",0.00,0.00,0.00,0.00,"4,255.00",0.00,0.00,0.00,0.00,0.00,0.00,0.00,0.00,0.00,0.00,0.00,0.00,0.00,0.00,0.00,0.00,0.00,0.00
2024-06-12,2024-06-10,2024-06-01,"15,408.00",0.00,"15,408.00","15,408.00",0.00,0.00,0.00,"4,863.00","4,863.00",0.00,0.00,0.00,0.00,"5,682.00",0.00,0.00,0.00,0.00,0.00,0.00,0.00,0.00,0.00,0.00,0.00,0.00,0.00,0.00,0.00,0.00,0.00,0.00
2024-06-13,2024-06-10,2024-06-01,"17,757.00",0.00,"17,757.00","17,757.00",0.00,0.00,0.00,"4,981.00","4,981.00",0.00,0.00,0.00,0.00,"7,795.00",0.00,0.00,0.00,0.00,0.00,0.00,0.00,0.00,0.00,0.00,0.00,0.00,0.00,0.00,0.00,0.00,0.00,0.00
2024-06-14,2024-06-10,2024-06-01,"12,939.00",0.00,"12,939.00","12,939.00",0.00,0.00,0.00,"4,949.00","4,949.00",0.00,0.00,0.00,0.00,"3,041.00",0.00,0.00,0.00,0.00,0.00,0.00,0.00,0.00,0.00,0.00,0.00,0.00,0.00,0.00,0.00,0.00,0.00,0.00
2024-06-15,2024-06-10,2024-06-01,"15,208.00",0.00,"15,208.00","15,208.00",0.00,0.00,0.00,"4,932.00","4,932.00",0.00,0.00,0.00,0.00,"5,344.00",0.00,0.00,0.00,0.00,0.00,0.00,0.00,0.00,0.00,0.00,0.00,0.00,0.00,0.00,0.00,0.00,0.00,0.00
2024-06-16,2024-06-10,2024-06-01,"13,695.00",0.00,"13,695.00","13,695.00",0.00,0.00,0.00,"4,760.00","4,760.00",0.00,0.00,0.00,0.00,"4,175.00",0.00,0.00,0.00,0.00,0.00,0.00,0.00,0.00,0.00,0.00,0.00,0.00,0.00,0.00,0.00,0.00,0.00,0.00
2024-06-17,2024-06-17,2024-06-01,"12,430.00",0.00,"12,430.00","12,430.00",0.00,0.00,0.00,"4,136.00","4,136.00",0.00,0.00,0.00,0.00,"4,158.00",0.00,0.00,0.00,0.00,0.00,0.00,0.00,0.00,0.00,0.00,0.00,0.00,0.00,0.00,0.00,0.00,0.00,0.00
2024-06-18,2024-06-17,2024-06-01,"11,715.00",0.00,"11,715.00","11,715.00",0.00,0.00,0.00,"3,787.00","3,787.00",0.00,0.00,0.00,0.00,"4,141.00",0.00,0.00,0.00,0.00,0.00,0.00,0.00,0.00,0.00,0.00,0.00,0.00,0.00,0.00,0.00,0.00,0.00,0.00
2024-06-19,2024-06-17,2024-06-01,"10,934.00",0.00,"10,934.00","10,934.00",0.00,0.00,0.00,"3,322.00","3,322.00",0.00,0.00,0.00,0.00,"4,290.00",0.00,0.00,0.00,0.00,0.00,0.00,0.00,0.00,0.00,0.00,0.00,0.00,0.00,0.00,0.00,0.00,0.00,0.00
2024-06-20,2024-06-17,2024-06-01,"18,099.00",0.00,"18,099.00","18,099.00",0.00,0.00,0.00,"6,957.00","6,957.00",0.00,0.00,0.00,0.00,"4,185.00",0.00,0.00,0.00,0.00,0.00,0.00,0.00,0.00,0.00,0.00,0.00,0.00,0.00,0.00,0.00,0.00,0.00,0.00
2024-06-21,2024-06-17,2024-06-01,"12,392.00",0.00,"12,392.00","12,392.00",0.00,0.00,0.00,"4,139.00","4,139.00",0.00,0.00,0.00,0.00,"4,114.00",0.00,0.00,0.00,0.00,0.00,0.00,0.00,0.00,0.00,0.00,0.00,0.00,0.00,0.00,0.00,0.00,0.00,0.00
2024-06-22,2024-06-17,2024-06-01,"9,980.00",0.00,"9,980.00","9,980.00",0.00,0.00,0.00,"2,963.00","2,963.00",0.00,0.00,0.00,0.00,"4,054.00",0.00,0.00,0.00,0.00,0.00,0.00,0.00,0.00,0.00,0.00,0.00,0.00,0.00,0.00,0.00,0.00,0.00,0.00
2024-06-23,2024-06-17,2024-06-01,"11,769.00",0.00,"11,769.00","11,769.00",0.00,0.00,0.00,"3,959.00","3,959.00",0.00,0.00,0.00,0.00,"3,851.00",0.00,0.00,0.00,0.00,0.00,0.00,0.00,0.00,0.00,0.00,0.00,0.00,0.00,0.00,0.00,0.00,0.00,0.00
2024-06-24,2024-06-24,2024-06-01,"10,854.00",0.00,"10,854.00","10,854.00",0.00,0.00,0.00,"3,697.00","3,697.00",0.00,0.00,0.00,0.00,"3,460.00",0.00,0.00,0.00,0.00,0.00,0.00,0.00,0.00,0.00,0.00,0.00,0.00,0.00,0.00,0.00,0.00,0.00,0.00
2024-06-25,2024-06-24,2024-06-01,"15,341.00",0.00,"15,341.00","15,341.00",0.00,0.00,0.00,"5,742.00","5,742.00",0.00,0.00,0.00,0.00,"3,857.00",0.00,0.00,0.00,0.00,0.00,0.00,0.00,0.00,0.00,0.00,0.00,0.00,0.00,0.00,0.00,0.00,0.00,0.00
2024-06-26,2024-06-24,2024-06-01,"12,926.00",0.00,"12,926.00","12,926.00",0.00,0.00,0.00,"4,981.00","4,981.00",0.00,0.00,0.00,0.00,"2,964.00",0.00,0.00,0.00,0.00,0.00,0.00,0.00,0.00,0.00,0.00,0.00,0.00,0.00,0.00,0.00,0.00,0.00,0.00
2024-06-27,2024-06-24,2024-06-01,"14,535.00",0.00,"14,535.00","14,535.00",0.00,0.00,0.00,"5,001.00","5,001.00",0.00,0.00,0.00,0.00,"4,533.00",0.00,0.00,0.00,0.00,0.00,0.00,0.00,0.00,0.00,0.00,0.00,0.00,0.00,0.00,0.00,0.00,0.00,0.00
2024-06-28,2024-06-24,2024-06-01,"19,446.00",0.00,"19,446.00","19,446.00",0.00,0.00,0.00,"5,666.00","5,666.00",0.00,0.00,0.00,0.00,"8,114.00",0.00,0.00,0.00,0.00,0.00,0.00,0.00,0.00,0.00,0.00,0.00,0.00,0.00,0.00,0.00,0.00,0.00,0.00
2024-06-29,2024-06-24,2024-06-01,"17,410.00",0.00,"17,410.00","17,410.00",0.00,0.00,0.00,"5,513.00","5,513.00",0.00,0.00,0.00,0.00,"6,384.00",0.00,0.00,0.00,0.00,0.00,0.00,0.00,0.00,0.00,0.00,0.00,0.00,0.00,0.00,0.00,0.00,0.00,0.00
2024-06-30,2024-06-24,2024-06-01,"17,879.00",0.00,"17,879.00","17,879.00",0.00,0.00,0.00,"4,232.00","4,232.00",0.00,0.00,0.00,0.00,"9,415.00",0.00,0.00,0.00,0.00,0.00,0.00,0.00,0.00,0.00,0.00,0.00,0.00,0.00,0.00,0.00,0.00,0.00,0.00
2024-07-01,2024-07-01,2024-07-01,"18,003.00",0.00,"18,003.00","18,003.00",0.00,0.00,0.00,"5,508.00","5,508.00",0.00,0.00,0.00,0.00,"6,987.00",0.00,0.00,0.00,0.00,0.00,0.00,0.00,0.00,0.00,0.00,0.00,0.00,0.00,0.00,0.00,0.00,0.00,0.00
2024-07-02,2024-07-01,2024-07-01,"19,772.00",0.00,"19,772.00","19,772.00",0.00,0.00,0.00,"6,669.00","6,669.00",0.00,0.00,0.00,0.00,"6,434.00",0.00,0.00,0.00,0.00,0.00,0.00,0.00,0.00,0.00,0.00,0.00,0.00,0.00,0.00,0.00,0.00,0.00,0.00
2024-07-03,2024-07-01,2024-07-01,"15,027.00",0.00,"15,027.00","15,027.00",0.00,0.00,0.00,"4,117.00","4,117.00",0.00,0.00,0.00,0.00,"6,793.00",0.00,0.00,0.00,0.00,0.00,0.00,0.00,0.00,0.00,0.00,0.00,0.00,0.00,0.00,0.00,0.00,0.00,0.00
2024-07-04,2024-07-01,2024-07-01,"18,208.00",0.00,"18,208.00","18,208.00",0.00,0.00,0.00,"5,128.00","5,128.00",0.00,0.00,0.00,0.00,"7,952.00",0.00,0.00,0.00,0.00,0.00,0.00,0.00,0.00,0.00,0.00,0.00,0.00,0.00,0.00,0.00,0.00,0.00,0.00
2024-07-05,2024-07-01,2024-07-01,"10,623.00",0.00,"10,623.00","10,623.00",0.00,0.00,0.00,"1,221.00","1,221.00",0.00,0.00,0.00,0.00,"8,181.00",0.00,0.00,0.00,0.00,0.00,0.00,0.00,0.00,0.00,0.00,0.00,0.00,0.00,0.00,0.00,0.00,0.00,0.00
2024-07-06,2024-07-01,2024-07-01,"8,851.00",0.00,"8,851.00","8,851.00",0.00,0.00,0.00,244.00,244.00,0.00,0.00,0.00,0.00,"8,363.00",0.00,0.00,0.00,0.00,0.00,0.00,0.00,0.00,0.00,0.00,0.00,0.00,0.00,0.00,0.00,0.00,0.00,0.00
2024-07-07,2024-07-01,2024-07-01,"14,667.00",0.00,"14,667.00","14,667.00",0.00,0.00,0.00,"3,121.00","3,121.00",0.00,0.00,0.00,0.00,"8,425.00",0.00,0.00,0.00,0.00,0.00,0.00,0.00,0.00,0.00,0.00,0.00,0.00,0.00,0.00,0.00,0.00,0.00,0.00
2024-07-08,2024-07-08,2024-07-01,"20,068.00",0.00,"20,068.00","20,068.00",0.00,0.00,0.00,"5,869.00","5,869.00",0.00,0.00,0.00,0.00,"8,330.00",0.00,0.00,0.00,0.00,0.00,0.00,0.00,0.00,0.00,0.00,0.00,0.00,0.00,0.00,0.00,0.00,0.00,0.00
2024-07-09,2024-07-08,2024-07-01,"20,716.00",0.00,"20,716.00","20,716.00",0.00,0.00,0.00,"6,414.00","6,414.00",0.00,0.00,0.00,0.00,"7,888.00",0.00,0.00,0.00,0.00,0.00,0.00,0.00,0.00,0.00,0.00,0.00,0.00,0.00,0.00,0.00,0.00,0.00,0.00
2024-07-10,2024-07-08,2024-07-01,"16,659.00",0.00,"16,659.00","16,659.00",0.00,0.00,0.00,"5,458.00","5,458.00",0.00,0.00,0.00,0.00,"5,743.00",0.00,0.00,0.00,0.00,0.00,0.00,0.00,0.00,0.00,0.00,0.00,0.00,0.00,0.00,0.00,0.00,0.00,0.00
2024-07-11,2024-07-08,2024-07-01,"15,713.00",0.00,"15,713.00","15,713.00",0.00,0.00,0.00,"4,722.00","4,722.00",0.00,0.00,0.00,0.00,"6,269.00",0.00,0.00,0.00,0.00,0.00,0.00,0.00,0.00,0.00,0.00,0.00,0.00,0.00,0.00,0.00,0.00,0.00,0.00
2024-07-12,2024-07-08,2024-07-01,"15,866.00",0.00,"15,866.00","15,866.00",0.00,0.00,0.00,"5,708.00","5,708.00",0.00,0.00,0.00,0.00,"4,450.00",0.00,0.00,0.00,0.00,0.00,0.00,0.00,0.00,0.00,0.00,0.00,0.00,0.00,0.00,0.00,0.00,0.00,0.00
2024-07-13,2024-07-08,2024-07-01,"19,122.00",0.00,"19,122.00","19,122.00",0.00,0.00,0.00,"7,012.00","7,012.00",0.00,0.00,0.00,0.00,"5,098.00",0.00,0.00,0.00,0.00,0.00,0.00,0.00,0.00,0.00,0.00,0.00,0.00,0.00,0.00,0.00,0.00,0.00,0.00
2024-07-14,2024-07-08,2024-07-01,"22,782.00",0.00,"22,782.00","22,782.00",0.00,0.00,0.00,"7,822.00","7,822.00",0.00,0.00,0.00,0.00,"7,138.00",0.00,0.00,0.00,0.00,0.00,0.00,0.00,0.00,0.00,0.00,0.00,0.00,0.00,0.00,0.00,0.00,0.00,0.00
2024-07-15,2024-07-15,2024-07-01,"20,653.00",0.00,"20,653.00","20,653.00",0.00,0.00,0.00,"6,330.00","6,330.00",0.00,0.00,0.00,0.00,"7,993.00",0.00,0.00,0.00,0.00,0.00,0.00,0.00,0.00,0.00,0.00,0.00,0.00,0.00,0.00,0.00,0.00,0.00,0.00
2024-07-16,2024-07-15,2024-07-01,"24,663.00",0.00,"24,663.00","24,663.00",0.00,0.00,0.00,"7,917.00","7,917.00",0.00,0.00,0.00,0.00,"8,829.00",0.00,0.00,0.00,0.00,0.00,0.00,0.00,0.00,0.00,0.00,0.00,0.00,0.00,0.00,0.00,0.00,0.00,0.00
2024-07-17,2024-07-15,2024-07-01,"22,272.00",0.00,"22,272.00","22,272.00",0.00,0.00,0.00,"7,381.00","7,381.00",0.00,0.00,0.00,0.00,"7,510.00",0.00,0.00,0.00,0.00,0.00,0.00,0.00,0.00,0.00,0.00,0.00,0.00,0.00,0.00,0.00,0.00,0.00,0.00
2024-07-18,2024-07-15,2024-07-01,"22,251.00",0.00,"22,251.00","22,251.00",0.00,0.00,0.00,"7,981.00","7,981.00",0.00,0.00,0.00,0.00,"6,289.00",0.00,0.00,0.00,0.00,0.00,0.00,0.00,0.00,0.00,0.00,0.00,0.00,0.00,0.00,0.00,0.00,0.00,0.00
2024-07-19,2024-07-15,2024-07-01,"18,909.00",0.00,"18,909.00","18,909.00",0.00,0.00,0.00,"6,749.00","6,749.00",0.00,0.00,0.00,0.00,"5,411.00",0.00,0.00,0.00,0.00,0.00,0.00,0.00,0.00,0.00,0.00,0.00,0.00,0.00,0.00,0.00,0.00,0.00,0.00
2024-07-20,2024-07-15,2024-07-01,"19,665.00",0.00,"19,665.00","19,665.00",0.00,0.00,0.00,"8,005.00","8,005.00",0.00,0.00,0.00,0.00,"3,655.00",0.00,0.00,0.00,0.00,0.00,0.00,0.00,0.00,0.00,0.00,0.00,0.00,0.00,0.00,0.00,0.00,0.00,0.00
2024-07-21,2024-07-15,2024-07-01,"20,244.00",0.00,"20,244.00","20,244.00",0.00,0.00,0.00,"7,275.00","7,275.00",0.00,0.00,0.00,0.00,"5,694.00",0.00,0.00,0.00,0.00,0.00,0.00,0.00,0.00,0.00,0.00,0.00,0.00,0.00,0.00,0.00,0.00,0.00,0.00
2024-07-22,2024-07-22,2024-07-01,"19,582.00",0.00,"19,582.00","19,582.00",0.00,0.00,0.00,"7,224.00","7,224.00",0.00,0.00,0.00,0.00,"5,134.00",0.00,0.00,0.00,0.00,0.00,0.00,0.00,0.00,0.00,0.00,0.00,0.00,0.00,0.00,0.00,0.00,0.00,0.00
2024-07-23,2024-07-22,2024-07-01,"18,262.00",0.00,"18,262.00","18,262.00",0.00,0.00,0.00,"7,120.00","7,120.00",0.00,0.00,0.00,0.00,"4,022.00",0.00,0.00,0.00,0.00,0.00,0.00,0.00,0.00,0.00,0.00,0.00,0.00,0.00,0.00,0.00,0.00,0.00,0.00
2024-07-24,2024-07-22,2024-07-01,"17,110.00",0.00,"17,110.00","17,110.00",0.00,0.00,0.00,"6,870.00","6,870.00",0.00,0.00,0.00,0.00,"3,370.00",0.00,0.00,0.00,0.00,0.00,0.00,0.00,0.00,0.00,0.00,0.00,0.00,0.00,0.00,0.00,0.00,0.00,0.00
2024-07-25,2024-07-22,2024-07-01,"22,271.00",0.00,"22,271.00","22,271.00",0.00,0.00,0.00,"9,344.00","9,344.00",0.00,0.00,0.00,0.00,"3,583.00",0.00,0.00,0.00,0.00,0.00,0.00,0.00,0.00,0.00,0.00,0.00,0.00,0.00,0.00,0.00,0.00,0.00,0.00
2024-07-26,2024-07-22,2024-07-01,"25,363.00",0.00,"25,363.00","25,363.00",0.00,0.00,0.00,"11,691.00","11,691.00",0.00,0.00,0.00,0.00,"1,981.00",0.00,0.00,0.00,0.00,0.00,0.00,0.00,0.00,0.00,0.00,0.00,0.00,0.00,0.00,0.00,0.00,0.00,0.00
2024-07-27,2024-07-22,2024-07-01,"26,054.00",0.00,"26,054.00","26,054.00",0.00,0.00,0.00,"12,123.00","12,123.00",0.00,0.00,0.00,0.00,"1,808.00",0.00,0.00,0.00,0.00,0.00,0.00,0.00,0.00,0.00,0.00,0.00,0.00,0.00,0.00,0.00,0.00,0.00,0.00
2024-07-28,2024-07-22,2024-07-01,"26,667.00",0.00,"26,667.00","26,667.00",0.00,0.00,0.00,"12,529.00","12,529.00",0.00,0.00,0.00,0.00,"1,609.00",0.00,0.00,0.00,0.00,0.00,0.00,0.00,0.00,0.00,0.00,0.00,0.00,0.00,0.00,0.00,0.00,0.00,0.00
2024-07-29,2024-07-29,2024-07-01,"26,563.00",0.00,"26,563.00","26,563.00",0.00,0.00,0.00,"12,304.00","12,304.00",0.00,0.00,0.00,0.00,"1,955.00",0.00,0.00,0.00,0.00,0.00,0.00,0.00,0.00,0.00,0.00,0.00,0.00,0.00,0.00,0.00,0.00,0.00,0.00
2024-07-30,2024-07-29,2024-07-01,"31,908.00",0.00,"31,908.00","31,908.00",0.00,0.00,0.00,"14,698.00","14,698.00",0.00,0.00,0.00,0.00,"2,512.00",0.00,0.00,0.00,0.00,0.00,0.00,0.00,0.00,0.00,0.00,0.00,0.00,0.00,0.00,0.00,0.00,0.00,0.00
2024-07-31,2024-07-29,2024-07-01,"30,431.00",0.00,"30,431.00","30,431.00",0.00,0.00,0.00,"13,866.00","13,866.00",0.00,0.00,0.00,0.00,"2,699.00",0.00,0.00,0.00,0.00,0.00,0.00,0.00,0.00,0.00,0.00,0.00,0.00,0.00,0.00,0.00,0.00,0.00,0.00
2024-08-01,2024-07-29,2024-08-01,"31,715.00",0.00,"31,715.00","31,715.00",0.00,0.00,0.00,"14,164.00","14,164.00",0.00,0.00,0.00,0.00,"3,387.00",0.00,0.00,0.00,0.00,0.00,0.00,0.00,0.00,0.00,0.00,0.00,0.00,0.00,0.00,0.00,0.00,0.00,0.00
2024-08-02,2024-07-29,2024-08-01,"29,267.00",0.00,"29,267.00","29,267.00",0.00,0.00,0.00,"13,213.00","13,213.00",0.00,0.00,0.00,0.00,"2,841.00",0.00,0.00,0.00,0.00,0.00,0.00,0.00,0.00,0.00,0.00,0.00,0.00,0.00,0.00,0.00,0.00,0.00,0.00
2024-08-03,2024-07-29,2024-08-01,"29,662.00",0.00,"29,662.00","29,662.00",0.00,0.00,0.00,"13,185.00","13,185.00",0.00,0.00,0.00,0.00,"3,292.00",0.00,0.00,0.00,0.00,0.00,0.00,0.00,0.00,0.00,0.00,0.00,0.00,0.00,0.00,0.00,0.00,0.00,0.00
2024-08-04,2024-07-29,2024-08-01,"34,173.00",0.00,"34,173.00","34,173.00",0.00,0.00,0.00,"15,542.00","15,542.00",0.00,0.00,0.00,0.00,"3,089.00",0.00,0.00,0.00,0.00,0.00,0.00,0.00,0.00,0.00,0.00,0.00,0.00,0.00,0.00,0.00,0.00,0.00,0.00
2024-08-05,2024-08-05,2024-08-01,"28,524.00",0.00,"28,524.00","28,524.00",0.00,0.00,0.00,"12,643.00","12,643.00",0.00,0.00,0.00,0.00,"3,238.00",0.00,0.00,0.00,0.00,0.00,0.00,0.00,0.00,0.00,0.00,0.00,0.00,0.00,0.00,0.00,0.00,0.00,0.00
2024-08-06,2024-08-05,2024-08-01,"25,970.00",0.00,"25,970.00","25,970.00",0.00,0.00,0.00,"11,258.00","11,258.00",0.00,0.00,0.00,0.00,"3,454.00",0.00,0.00,0.00,0.00,0.00,0.00,0.00,0.00,0.00,0.00,0.00,0.00,0.00,0.00,0.00,0.00,0.00,0.00
2024-08-07,2024-08-05,2024-08-01,"20,251.00",0.00,"20,251.00","20,251.00",0.00,0.00,0.00,"8,818.00","8,818.00",0.00,0.00,0.00,0.00,"2,615.00",0.00,0.00,0.00,0.00,0.00,0.00,0.00,0.00,0.00,0.00,0.00,0.00,0.00,0.00,0.00,0.00,0.00,0.00
2024-08-08,2024-08-05,2024-08-01,"25,188.00",0.00,"25,188.00","25,188.00",0.00,0.00,0.00,"11,473.00","11,473.00",0.00,0.00,0.00,0.00,"2,242.00",0.00,0.00,0.00,0.00,0.00,0.00,0.00,0.00,0.00,0.00,0.00,0.00,0.00,0.00,0.00,0.00,0.00,0.00
2024-08-09,2024-08-05,2024-08-01,"25,555.00",0.00,"25,555.00","25,555.00",0.00,0.00,0.00,"11,892.00","11,892.00",0.00,0.00,0.00,0.00,"1,771.00",0.00,0.00,0.00,0.00,0.00,0.00,0.00,0.00,0.00,0.00,0.00,0.00,0.00,0.00,0.00,0.00,0.00,0.00
2024-08-10,2024-08-05,2024-08-01,"22,817.00",0.00,"22,817.00","22,817.00",0.00,0.00,0.00,"11,040.00","11,040.00",0.00,0.00,0.00,0.00,737.00,0.00,0.00,0.00,0.00,0.00,0.00,0.00,0.00,0.00,0.00,0.00,0.00,0.00,0.00,0.00,0.00,0.00,0.00
2024-08-11,2024-08-05,2024-08-01,"33,889.00",0.00,"33,889.00","33,889.00",0.00,0.00,0.00,"16,441.00","16,441.00",0.00,0.00,0.00,0.00,"1,007.00",0.00,0.00,0.00,0.00,0.00,0.00,0.00,0.00,0.00,0.00,0.00,0.00,0.00,0.00,0.00,0.00,0.00,0.00
2024-08-12,2024-08-12,2024-08-01,"35,867.00",0.00,"35,867.00","35,867.00",0.00,0.00,0.00,"15,206.00","15,206.00",0.00,0.00,0.00,0.00,"5,455.00",0.00,0.00,0.00,0.00,0.00,0.00,0.00,0.00,0.00,0.00,0.00,0.00,0.00,0.00,0.00,0.00,0.00,0.00
2024-08-13,2024-08-12,2024-08-01,"39,230.00",0.00,"39,230.00","39,230.00",0.00,0.00,0.00,"14,505.00","14,505.00",0.00,0.00,0.00,0.00,"10,220.00",0.00,0.00,0.00,0.00,0.00,0.00,0.00,0.00,0.00,0.00,0.00,0.00,0.00,0.00,0.00,0.00,0.00,0.00
2024-08-14,2024-08-12,2024-08-01,"34,714.00",0.00,"34,714.00","34,714.00",0.00,0.00,0.00,"13,199.00","13,199.00",0.00,0.00,0.00,0.00,"8,316.00",0.00,0.00,0.00,0.00,0.00,0.00,0.00,0.00,0.00,0.00,0.00,0.00,0.00,0.00,0.00,0.00,0.00,0.00
2024-08-15,2024-08-12,2024-08-01,"29,210.00",0.00,"29,210.00","29,210.00",0.00,0.00,0.00,"10,075.00","10,075.00",0.00,0.00,0.00,0.00,"9,060.00",0.00,0.00,0.00,0.00,0.00,0.00,0.00,0.00,0.00,0.00,0.00,0.00,0.00,0.00,0.00,0.00,0.00,0.00
2024-08-16,2024-08-12,2024-08-01,"24,026.00",0.00,"24,026.00","24,026.00",0.00,0.00,0.00,"8,037.00","8,037.00",0.00,0.00,0.00,0.00,"7,952.00",0.00,0.00,0.00,0.00,0.00,0.00,0.00,0.00,0.00,0.00,0.00,0.00,0.00,0.00,0.00,0.00,0.00,0.00
2024-08-17,2024-08-12,2024-08-01,"26,682.00",0.00,"26,682.00","26,682.00",0.00,0.00,0.00,"9,148.00","9,148.00",0.00,0.00,0.00,0.00,"8,386.00",0.00,0.00,0.00,0.00,0.00,0.00,0.00,0.00,0.00,0.00,0.00,0.00,0.00,0.00,0.00,0.00,0.00,0.00
2024-08-18,2024-08-12,2024-08-01,"26,893.00",0.00,"26,893.00","26,893.00",0.00,0.00,0.00,"9,522.00","9,522.00",0.00,0.00,0.00,0.00,"7,849.00",0.00,0.00,0.00,0.00,0.00,0.00,0.00,0.00,0.00,0.00,0.00,0.00,0.00,0.00,0.00,0.00,0.00,0.00
2024-08-19,2024-08-19,2024-08-01,"29,113.00",0.00,"29,113.00","29,113.00",0.00,0.00,0.00,"11,032.00","11,032.00",0.00,0.00,0.00,0.00,"7,049.00",0.00,0.00,0.00,0.00,0.00,0.00,0.00,0.00,0.00,0.00,0.00,0.00,0.00,0.00,0.00,0.00,0.00,0.00
2024-08-20,2024-08-19,2024-08-01,"27,676.00",0.00,"27,676.00","27,676.00",0.00,0.00,0.00,"10,915.00","10,915.00",0.00,0.00,0.00,0.00,"5,846.00",0.00,0.00,0.00,0.00,0.00,0.00,0.00,0.00,0.00,0.00,0.00,0.00,0.00,0.00,0.00,0.00,0.00,0.00
2024-08-21,2024-08-19,2024-08-01,"28,300.00",0.00,"28,300.00","28,300.00",0.00,0.00,0.00,"10,853.00","10,853.00",0.00,0.00,0.00,0.00,"6,594.00",0.00,0.00,0.00,0.00,0.00,0.00,0.00,0.00,0.00,0.00,0.00,0.00,0.00,0.00,0.00,0.00,0.00,0.00
2024-08-22,2024-08-19,2024-08-01,"27,342.00",0.00,"27,342.00","27,342.00",0.00,0.00,0.00,"10,334.00","10,334.00",0.00,0.00,0.00,0.00,"6,674.00",0.00,0.00,0.00,0.00,0.00,0.00,0.00,0.00,0.00,0.00,0.00,0.00,0.00,0.00,0.00,0.00,0.00,0.00
2024-08-23,2024-08-19,2024-08-01,"34,752.00",0.00,"34,752.00","34,752.00",0.00,0.00,0.00,"14,347.00","14,347.00",0.00,0.00,0.00,0.00,"6,058.00",0.00,0.00,0.00,0.00,0.00,0.00,0.00,0.00,0.00,0.00,0.00,0.00,0.00,0.00,0.00,0.00,0.00,0.00
2024-08-24,2024-08-19,2024-08-01,"36,804.00",0.00,"36,804.00","36,804.00",0.00,0.00,0.00,"15,734.00","15,734.00",0.00,0.00,0.00,0.00,"5,336.00",0.00,0.00,0.00,0.00,0.00,0.00,0.00,0.00,0.00,0.00,0.00,0.00,0.00,0.00,0.00,0.00,0.00,0.00
2024-08-25,2024-08-19,2024-08-01,"28,112.00",0.00,"28,112.00","28,112.00",0.00,0.00,0.00,"11,579.00","11,579.00",0.00,0.00,0.00,0.00,"4,954.00",0.00,0.00,0.00,0.00,0.00,0.00,0.00,0.00,0.00,0.00,0.00,0.00,0.00,0.00,0.00,0.00,0.00,0.00
2024-08-26,2024-08-26,2024-08-01,"17,067.00",0.00,"17,067.00","17,067.00",0.00,0.00,0.00,"5,096.00","5,096.00",0.00,0.00,0.00,0.00,"6,875.00",0.00,0.00,0.00,0.00,0.00,0.00,0.00,0.00,0.00,0.00,0.00,0.00,0.00,0.00,0.00,0.00,0.00,0.00
2024-08-27,2024-08-26,2024-08-01,"8,253.00",0.00,"8,253.00","8,253.00",0.00,0.00,0.00,842.00,842.00,0.00,0.00,0.00,0.00,"6,569.00",0.00,0.00,0.00,0.00,0.00,0.00,0.00,0.00,0.00,0.00,0.00,0.00,0.00,0.00,0.00,0.00,0.00,0.00
2024-08-28,2024-08-26,2024-08-01,"7,603.00",0.00,"7,603.00","7,603.00",0.00,0.00,0.00,576.00,576.00,0.00,0.00,0.00,0.00,"6,451.00",0.00,0.00,0.00,0.00,0.00,0.00,0.00,0.00,0.00,0.00,0.00,0.00,0.00,0.00,0.00,0.00,0.00,0.00
2024-08-29,2024-08-26,2024-08-01,"7,842.00",0.00,"7,842.00","7,842.00",0.00,0.00,0.00,484.00,484.00,0.00,0.00,0.00,0.00,"6,874.00",0.00,0.00,0.00,0.00,0.00,0.00,0.00,0.00,0.00,0.00,0.00,0.00,0.00,0.00,0.00,0.00,0.00,0.00
2024-08-30,2024-08-26,2024-08-01,"7,159.00",0.00,"7,159.00","7,159.00",0.00,0.00,0.00,485.00,485.00,0.00,0.00,0.00,0.00,"6,189.00",0.00,0.00,0.00,0.00,0.00,0.00,0.00,0.00,0.00,0.00,0.00,0.00,0.00,0.00,0.00,0.00,0.00,0.00
2024-08-31,2024-08-26,2024-08-01,"6,782.00",0.00,"6,782.00","6,782.00",0.00,0.00,0.00,485.00,485.00,0.00,0.00,0.00,0.00,"5,812.00",0.00,0.00,0.00,0.00,0.00,0.00,0.00,0.00,0.00,0.00,0.00,0.00,0.00,0.00,0.00,0.00,0.00,0.00
2024-09-01,2024-08-26,2024-09-01,"7,156.00",0.00,"7,156.00","7,156.00",0.00,0.00,0.00,476.00,476.00,0.00,0.00,0.00,0.00,"6,204.00",0.00,0.00,0.00,0.00,0.00,0.00,0.00,0.00,0.00,0.00,0.00,0.00,0.00,0.00,0.00,0.00,0.00,0.00
2024-09-02,2024-09-02,2024-09-01,"17,528.00",0.00,"17,528.00","17,528.00",0.00,0.00,0.00,"5,570.00","5,570.00",0.00,0.00,0.00,0.00,"6,388.00",0.00,0.00,0.00,0.00,0.00,0.00,0.00,0.00,0.00,0.00,0.00,0.00,0.00,0.00,0.00,0.00,0.00,0.00
2024-09-03,2024-09-02,2024-09-01,"17,239.00",0.00,"17,239.00","17,239.00",0.00,0.00,0.00,"5,439.00","5,439.00",0.00,0.00,0.00,0.00,"6,361.00",0.00,0.00,0.00,0.00,0.00,0.00,0.00,0.00,0.00,0.00,0.00,0.00,0.00,0.00,0.00,0.00,0.00,0.00
2024-09-04,2024-09-02,2024-09-01,"13,084.00",0.00,"13,084.00","13,084.00",0.00,0.00,0.00,"4,481.00","4,481.00",0.00,0.00,0.00,0.00,"4,122.00",0.00,0.00,0.00,0.00,0.00,0.00,0.00,0.00,0.00,0.00,0.00,0.00,0.00,0.00,0.00,0.00,0.00,0.00
2024-09-05,2024-09-02,2024-09-01,"13,493.00",0.00,"13,493.00","13,493.00",0.00,0.00,0.00,"4,636.00","4,636.00",0.00,0.00,0.00,0.00,"4,221.00",0.00,0.00,0.00,0.00,0.00,0.00,0.00,0.00,0.00,0.00,0.00,0.00,0.00,0.00,0.00,0.00,0.00,0.00
2024-09-06,2024-09-02,2024-09-01,"13,569.00",0.00,"13,569.00","13,569.00",0.00,0.00,0.00,"4,676.00","4,676.00",0.00,0.00,0.00,0.00,"4,217.00",0.00,0.00,0.00,0.00,0.00,0.00,0.00,0.00,0.00,0.00,0.00,0.00,0.00,0.00,0.00,0.00,0.00,0.00
2024-09-07,2024-09-02,2024-09-01,"13,434.00",0.00,"13,434.00","13,434.00",0.00,0.00,0.00,"4,613.00","4,613.00",0.00,0.00,0.00,0.00,"4,208.00",0.00,0.00,0.00,0.00,0.00,0.00,0.00,0.00,0.00,0.00,0.00,0.00,0.00,0.00,0.00,0.00,0.00,0.00
2024-09-08,2024-09-02,2024-09-01,"13,542.00",0.00,"13,542.00","13,542.00",0.00,0.00,0.00,"4,671.00","4,671.00",0.00,0.00,0.00,0.00,"4,200.00",0.00,0.00,0.00,0.00,0.00,0.00,0.00,0.00,0.00,0.00,0.00,0.00,0.00,0.00,0.00,0.00,0.00,0.00
2024-09-09,2024-09-09,2024-09-01,"13,450.00",0.00,"13,450.00","13,450.00",0.00,0.00,0.00,"4,549.00","4,549.00",0.00,0.00,0.00,0.00,"4,352.00",0.00,0.00,0.00,0.00,0.00,0.00,0.00,0.00,0.00,0.00,0.00,0.00,0.00,0.00,0.00,0.00,0.00,0.00
2024-09-10,2024-09-09,2024-09-01,"20,057.00",0.00,"20,057.00","20,057.00",0.00,0.00,0.00,"8,000.00","8,000.00",0.00,0.00,0.00,0.00,"4,057.00",0.00,0.00,0.00,0.00,0.00,0.00,0.00,0.00,0.00,0.00,0.00,0.00,0.00,0.00,0.00,0.00,0.00,0.00
2024-09-11,2024-09-09,2024-09-01,"19,069.00",0.00,"19,069.00","19,069.00",0.00,0.00,0.00,"7,470.00","7,470.00",0.00,0.00,0.00,0.00,"4,129.00",0.00,0.00,0.00,0.00,0.00,0.00,0.00,0.00,0.00,0.00,0.00,0.00,0.00,0.00,0.00,0.00,0.00,0.00
2024-09-12,2024-09-09,2024-09-01,"24,307.00",0.00,"24,307.00","24,307.00",0.00,0.00,0.00,"10,075.00","10,075.00",0.00,0.00,0.00,0.00,"4,157.00",0.00,0.00,0.00,0.00,0.00,0.00,0.00,0.00,0.00,0.00,0.00,0.00,0.00,0.00,0.00,0.00,0.00,0.00
2024-09-13,2024-09-09,2024-09-01,"34,657.00",0.00,"34,657.00","34,657.00",0.00,0.00,0.00,"15,255.00","15,255.00",0.00,0.00,0.00,0.00,"4,147.00",0.00,0.00,0.00,0.00,0.00,0.00,0.00,0.00,0.00,0.00,0.00,0.00,0.00,0.00,0.00,0.00,0.00,0.00
2024-09-14,2024-09-09,2024-09-01,"36,362.00",0.00,"36,362.00","36,362.00",0.00,0.00,0.00,"16,112.00","16,112.00",0.00,0.00,0.00,0.00,"4,138.00",0.00,0.00,0.00,0.00,0.00,0.00,0.00,0.00,0.00,0.00,0.00,0.00,0.00,0.00,0.00,0.00,0.00,0.00
2024-09-15,2024-09-09,2024-09-01,"36,214.00",0.00,"36,214.00","36,214.00",0.00,0.00,0.00,"16,026.00","16,026.00",0.00,0.00,0.00,0.00,"4,162.00",0.00,0.00,0.00,0.00,0.00,0.00,0.00,0.00,0.00,0.00,0.00,0.00,0.00,0.00,0.00,0.00,0.00,0.00
2024-09-16,2024-09-16,2024-09-01,"48,836.00",0.00,"48,836.00","48,836.00",0.00,0.00,0.00,"22,485.00","22,485.00",0.00,0.00,0.00,0.00,"3,866.00",0.00,0.00,0.00,0.00,0.00,0.00,0.00,0.00,0.00,0.00,0.00,0.00,0.00,0.00,0.00,0.00,0.00,0.00
2024-09-17,2024-09-16,2024-09-01,"50,956.00",0.00,"50,956.00","50,956.00",0.00,0.00,0.00,"23,326.00","23,326.00",0.00,0.00,0.00,0.00,"4,304.00",0.00,0.00,0.00,0.00,0.00,0.00,0.00,0.00,0.00,0.00,0.00,0.00,0.00,0.00,0.00,0.00,0.00,0.00
2024-09-18,2024-09-16,2024-09-01,"49,715.00",0.00,"49,715.00","49,715.00",0.00,0.00,0.00,"22,823.00","22,823.00",0.00,0.00,0.00,0.00,"4,069.00",0.00,0.00,0.00,0.00,0.00,0.00,0.00,0.00,0.00,0.00,0.00,0.00,0.00,0.00,0.00,0.00,0.00,0.00
2024-09-19,2024-09-16,2024-09-01,"47,476.00",0.00,"47,476.00","47,476.00",0.00,0.00,0.00,"21,713.00","21,713.00",0.00,0.00,0.00,0.00,"4,050.00",0.00,0.00,0.00,0.00,0.00,0.00,0.00,0.00,0.00,0.00,0.00,0.00,0.00,0.00,0.00,0.00,0.00,0.00
2024-09-20,2024-09-16,2024-09-01,"55,956.00",0.00,"55,956.00","55,956.00",0.00,0.00,0.00,"26,158.00","26,158.00",0.00,0.00,0.00,0.00,"3,640.00",0.00,0.00,0.00,0.00,0.00,0.00,0.00,0.00,0.00,0.00,0.00,0.00,0.00,0.00,0.00,0.00,0.00,0.00
2024-09-21,2024-09-16,2024-09-01,"65,103.00",0.00,"65,103.00","65,103.00",0.00,0.00,0.00,"30,628.00","30,628.00",0.00,0.00,0.00,0.00,"3,847.00",0.00,0.00,0.00,0.00,0.00,0.00,0.00,0.00,0.00,0.00,0.00,0.00,0.00,0.00,0.00,0.00,0.00,0.00
2024-09-22,2024-09-16,2024-09-01,"65,975.00",0.00,"65,975.00","65,975.00",0.00,0.00,0.00,"30,870.00","30,870.00",0.00,0.00,0.00,0.00,"4,235.00",0.00,0.00,0.00,0.00,0.00,0.00,0.00,0.00,0.00,0.00,0.00,0.00,0.00,0.00,0.00,0.00,0.00,0.00
2024-09-23,2024-09-23,2024-09-01,"60,789.00",0.00,"60,789.00","60,789.00",0.00,0.00,0.00,"28,664.00","28,664.00",0.00,0.00,0.00,0.00,"3,461.00",0.00,0.00,0.00,0.00,0.00,0.00,0.00,0.00,0.00,0.00,0.00,0.00,0.00,0.00,0.00,0.00,0.00,0.00
2024-09-24,2024-09-23,2024-09-01,"51,056.00",0.00,"51,056.00","51,056.00",0.00,0.00,0.00,"23,168.00","23,168.00",0.00,0.00,0.00,0.00,"4,720.00",0.00,0.00,0.00,0.00,0.00,0.00,0.00,0.00,0.00,0.00,0.00,0.00,0.00,0.00,0.00,0.00,0.00,0.00
2024-09-25,2024-09-23,2024-09-01,"52,162.00",0.00,"52,162.00","52,162.00",0.00,0.00,0.00,"24,039.00","24,039.00",0.00,0.00,0.00,0.00,"4,084.00",0.00,0.00,0.00,0.00,0.00,0.00,0.00,0.00,0.00,0.00,0.00,0.00,0.00,0.00,0.00,0.00,0.00,0.00
2024-09-26,2024-09-23,2024-09-01,"50,584.00",0.00,"50,584.00","50,584.00",0.00,0.00,0.00,"23,280.00","23,280.00",0.00,0.00,0.00,0.00,"4,024.00",0.00,0.00,0.00,0.00,0.00,0.00,0.00,0.00,0.00,0.00,0.00,0.00,0.00,0.00,0.00,0.00,0.00,0.00
2024-09-27,2024-09-23,2024-09-01,"50,391.00",0.00,"50,391.00","50,391.00",0.00,0.00,0.00,"23,224.00","23,224.00",0.00,0.00,0.00,0.00,"3,943.00",0.00,0.00,0.00,0.00,0.00,0.00,0.00,0.00,0.00,0.00,0.00,0.00,0.00,0.00,0.00,0.00,0.00,0.00
2024-09-28,2024-09-23,2024-09-01,"50,085.00",0.00,"50,085.00","50,085.00",0.00,0.00,0.00,"23,127.00","23,127.00",0.00,0.00,0.00,0.00,"3,831.00",0.00,0.00,0.00,0.00,0.00,0.00,0.00,0.00,0.00,0.00,0.00,0.00,0.00,0.00,0.00,0.00,0.00,0.00
2024-09-29,2024-09-23,2024-09-01,"55,756.00",0.00,"55,756.00","55,756.00",0.00,0.00,0.00,"26,069.00","26,069.00",0.00,0.00,0.00,0.00,"3,618.00",0.00,0.00,0.00,0.00,0.00,0.00,0.00,0.00,0.00,0.00,0.00,0.00,0.00,0.00,0.00,0.00,0.00,0.00
2024-09-30,2024-09-30,2024-09-01,"64,718.00",0.00,"64,718.00","64,718.00",0.00,0.00,0.00,"31,011.00","31,011.00",0.00,0.00,0.00,0.00,"2,696.00",0.00,0.00,0.00,0.00,0.00,0.00,0.00,0.00,0.00,0.00,0.00,0.00,0.00,0.00,0.00,0.00,0.00,0.00
2024-10-01,2024-09-30,2024-10-01,"63,355.00",0.00,"63,355.00","63,355.00",0.00,0.00,0.00,"30,547.00","30,547.00",0.00,0.00,0.00,0.00,"2,261.00",0.00,0.00,0.00,0.00,0.00,0.00,0.00,0.00,0.00,0.00,0.00,0.00,0.00,0.00,0.00,0.00,0.00,0.00
2024-10-02,2024-09-30,2024-10-01,"75,085.00",0.00,"75,085.00","75,085.00",0.00,0.00,0.00,"36,450.00","36,450.00",0.00,0.00,0.00,0.00,"2,185.00",0.00,0.00,0.00,0.00,0.00,0.00,0.00,0.00,0.00,0.00,0.00,0.00,0.00,0.00,0.00,0.00,0.00,0.00
2024-10-03,2024-09-30,2024-10-01,"52,565.00",0.00,"52,565.00","52,565.00",0.00,0.00,0.00,"25,299.00","25,299.00",0.00,0.00,0.00,0.00,"1,967.00",0.00,0.00,0.00,0.00,0.00,0.00,0.00,0.00,0.00,0.00,0.00,0.00,0.00,0.00,0.00,0.00,0.00,0.00
2024-10-04,2024-09-30,2024-10-01,"34,224.00",0.00,"34,224.00","34,224.00",0.00,0.00,0.00,"16,228.00","16,228.00",0.00,0.00,0.00,0.00,"1,768.00",0.00,0.00,0.00,0.00,0.00,0.00,0.00,0.00,0.00,0.00,0.00,0.00,0.00,0.00,0.00,0.00,0.00,0.00
2024-10-05,2024-09-30,2024-10-01,"36,231.00",0.00,"36,231.00","36,231.00",0.00,0.00,0.00,"16,823.00","16,823.00",0.00,0.00,0.00,0.00,"2,585.00",0.00,0.00,0.00,0.00,0.00,0.00,0.00,0.00,0.00,0.00,0.00,0.00,0.00,0.00,0.00,0.00,0.00,0.00
2024-10-06,2024-09-30,2024-10-01,"35,916.00",0.00,"35,916.00","35,916.00",0.00,0.00,0.00,"16,893.00","16,893.00",0.00,0.00,0.00,0.00,"2,130.00",0.00,0.00,0.00,0.00,0.00,0.00,0.00,0.00,0.00,0.00,0.00,0.00,0.00,0.00,0.00,0.00,0.00,0.00
2024-10-07,2024-10-07,2024-10-01,"32,570.00",0.00,"32,570.00","32,570.00",0.00,0.00,0.00,"15,633.00","15,633.00",0.00,0.00,0.00,0.00,"1,304.00",0.00,0.00,0.00,0.00,0.00,0.00,0.00,0.00,0.00,0.00,0.00,0.00,0.00,0.00,0.00,0.00,0.00,0.00
2024-10-08,2024-10-07,2024-10-01,"31,106.00",0.00,"31,106.00","31,106.00",0.00,0.00,0.00,"14,987.00","14,987.00",0.00,0.00,0.00,0.00,"1,132.00",0.00,0.00,0.00,0.00,0.00,0.00,0.00,0.00,0.00,0.00,0.00,0.00,0.00,0.00,0.00,0.00,0.00,0.00
2024-10-09,2024-10-07,2024-10-01,"30,099.00",0.00,"30,099.00","30,099.00",0.00,0.00,0.00,"14,219.00","14,219.00",0.00,0.00,0.00,0.00,"1,661.00",0.00,0.00,0.00,0.00,0.00,0.00,0.00,0.00,0.00,0.00,0.00,0.00,0.00,0.00,0.00,0.00,0.00,0.00
2024-10-10,2024-10-07,2024-10-01,"29,700.00",0.00,"29,700.00","29,700.00",0.00,0.00,0.00,"14,190.00","14,190.00",0.00,0.00,0.00,0.00,"1,320.00",0.00,0.00,0.00,0.00,0.00,0.00,0.00,0.00,0.00,0.00,0.00,0.00,0.00,0.00,0.00,0.00,0.00,0.00
2024-10-11,2024-10-07,2024-10-01,"26,477.00",0.00,"26,477.00","26,477.00",0.00,0.00,0.00,"12,580.00","12,580.00",0.00,0.00,0.00,0.00,"1,317.00",0.00,0.00,0.00,0.00,0.00,0.00,0.00,0.00,0.00,0.00,0.00,0.00,0.00,0.00,0.00,0.00,0.00,0.00
2024-10-12,2024-10-07,2024-10-01,"32,609.00",0.00,"32,609.00","32,609.00",0.00,0.00,0.00,"15,360.00","15,360.00",0.00,0.00,0.00,0.00,"1,889.00",0.00,0.00,0.00,0.00,0.00,0.00,0.00,0.00,0.00,0.00,0.00,0.00,0.00,0.00,0.00,0.00,0.00,0.00
2024-10-13,2024-10-07,2024-10-01,"30,928.00",0.00,"30,928.00","30,928.00",0.00,0.00,0.00,"14,217.00","14,217.00",0.00,0.00,0.00,0.00,"2,494.00",0.00,0.00,0.00,0.00,0.00,0.00,0.00,0.00,0.00,0.00,0.00,0.00,0.00,0.00,0.00,0.00,0.00,0.00
2024-10-14,2024-10-14,2024-10-01,"30,462.00",0.00,"30,462.00","30,462.00",0.00,0.00,0.00,"14,243.00","14,243.00",0.00,0.00,0.00,0.00,"1,976.00",0.00,0.00,0.00,0.00,0.00,0.00,0.00,0.00,0.00,0.00,0.00,0.00,0.00,0.00,0.00,0.00,0.00,0.00
2024-10-15,2024-10-14,2024-10-01,"29,132.00",0.00,"29,132.00","29,132.00",0.00,0.00,0.00,"13,663.00","13,663.00",0.00,0.00,0.00,0.00,"1,806.00",0.00,0.00,0.00,0.00,0.00,0.00,0.00,0.00,0.00,0.00,0.00,0.00,0.00,0.00,0.00,0.00,0.00,0.00
2024-10-16,2024-10-14,2024-10-01,"29,654.00",0.00,"29,654.00","29,654.00",0.00,0.00,0.00,"13,426.00","13,426.00",0.00,0.00,0.00,0.00,"2,802.00",0.00,0.00,0.00,0.00,0.00,0.00,0.00,0.00,0.00,0.00,0.00,0.00,0.00,0.00,0.00,0.00,0.00,0.00
2024-10-17,2024-10-14,2024-10-01,"27,631.00",0.00,"27,631.00","27,631.00",0.00,0.00,0.00,"12,441.00","12,441.00",0.00,0.00,0.00,0.00,"2,749.00",0.00,0.00,0.00,0.00,0.00,0.00,0.00,0.00,0.00,0.00,0.00,0.00,0.00,0.00,0.00,0.00,0.00,0.00
2024-10-18,2024-10-14,2024-10-01,"23,791.00",0.00,"23,791.00","23,791.00",0.00,0.00,0.00,"10,773.00","10,773.00",0.00,0.00,0.00,0.00,"2,245.00",0.00,0.00,0.00,0.00,0.00,0.00,0.00,0.00,0.00,0.00,0.00,0.00,0.00,0.00,0.00,0.00,0.00,0.00
2024-10-19,2024-10-14,2024-10-01,"29,811.00",0.00,"29,811.00","29,811.00",0.00,0.00,0.00,"13,622.00","13,622.00",0.00,0.00,0.00,0.00,"2,567.00",0.00,0.00,0.00,0.00,0.00,0.00,0.00,0.00,0.00,0.00,0.00,0.00,0.00,0.00,0.00,0.00,0.00,0.00
2024-10-20,2024-10-14,2024-10-01,"33,521.00",0.00,"33,521.00","33,521.00",0.00,0.00,0.00,"14,990.00","14,990.00",0.00,0.00,0.00,0.00,"3,541.00",0.00,0.00,0.00,0.00,0.00,0.00,0.00,0.00,0.00,0.00,0.00,0.00,0.00,0.00,0.00,0.00,0.00,0.00
2024-10-21,2024-10-21,2024-10-01,"39,122.00",0.00,"39,122.00","39,122.00",0.00,0.00,0.00,"18,465.00","18,465.00",0.00,0.00,0.00,0.00,"2,192.00",0.00,0.00,0.00,0.00,0.00,0.00,0.00,0.00,0.00,0.00,0.00,0.00,0.00,0.00,0.00,0.00,0.00,0.00
2024-10-22,2024-10-21,2024-10-01,"44,063.00",0.00,"44,063.00","34,648.00","9,415.00",0.00,0.00,"16,112.00","16,112.00",0.00,0.00,0.00,0.00,"2,424.00",0.00,0.00,0.00,0.00,"9,415.00",0.00,0.00,0.00,0.00,0.00,0.00,0.00,0.00,0.00,0.00,0.00,0.00,0.00
2024-10-23,2024-10-21,2024-10-01,"51,960.00",0.00,"51,960.00","37,752.00","14,208.00",0.00,0.00,"17,448.00","17,448.00",0.00,0.00,0.00,0.00,"2,856.00",0.00,0.00,0.00,0.00,"14,208.00",0.00,0.00,0.00,0.00,0.00,0.00,0.00,0.00,0.00,0.00,0.00,0.00,0.00
2024-10-24,2024-10-21,2024-10-01,"49,249.00",0.00,"49,249.00","36,614.00","12,635.00",0.00,0.00,"17,181.00","17,181.00",0.00,0.00,0.00,0.00,"2,252.00",0.00,0.00,0.00,0.00,"12,635.00",0.00,0.00,0.00,0.00,0.00,0.00,0.00,0.00,0.00,0.00,0.00,0.00,0.00
2024-10-25,2024-10-21,2024-10-01,"45,601.00",0.00,"45,601.00","34,586.00","11,015.00",0.00,0.00,"16,242.00","16,242.00",0.00,0.00,0.00,0.00,"2,102.00",0.00,0.00,0.00,0.00,"11,015.00",0.00,0.00,0.00,0.00,0.00,0.00,0.00,0.00,0.00,0.00,0.00,0.00,0.00
2024-10-26,2024-10-21,2024-10-01,"43,764.00",0.00,"43,764.00","34,994.00","8,770.00",0.00,0.00,"16,396.00","16,396.00",0.00,0.00,0.00,0.00,"2,202.00",0.00,0.00,0.00,0.00,"8,770.00",0.00,0.00,0.00,0.00,0.00,0.00,0.00,0.00,0.00,0.00,0.00,0.00,0.00
2024-10-27,2024-10-21,2024-10-01,"47,957.00",0.00,"47,957.00","38,632.00","9,325.00",0.00,0.00,"16,525.00","16,525.00",0.00,0.00,0.00,0.00,"5,582.00",0.00,0.00,0.00,0.00,"9,325.00",0.00,0.00,0.00,0.00,0.00,0.00,0.00,0.00,0.00,0.00,0.00,0.00,0.00
2024-10-28,2024-10-28,2024-10-01,"44,909.00",0.00,"44,909.00","36,357.00","8,552.00",0.00,0.00,"16,539.00","16,539.00",0.00,0.00,0.00,0.00,"3,279.00",0.00,0.00,0.00,0.00,"8,552.00",0.00,0.00,0.00,0.00,0.00,0.00,0.00,0.00,0.00,0.00,0.00,0.00,0.00
2024-10-29,2024-10-28,2024-10-01,"45,611.00",0.00,"45,611.00","35,667.00","9,944.00",0.00,0.00,"15,892.00","15,892.00",0.00,0.00,0.00,0.00,"3,883.00",0.00,0.00,0.00,0.00,"9,944.00",0.00,0.00,0.00,0.00,0.00,0.00,0.00,0.00,0.00,0.00,0.00,0.00,0.00
2024-10-30,2024-10-28,2024-10-01,"43,787.00",0.00,"43,787.00","32,607.00","11,180.00",0.00,0.00,"15,016.00","15,016.00",0.00,0.00,0.00,0.00,"2,575.00",0.00,0.00,0.00,0.00,"11,180.00",0.00,0.00,0.00,0.00,0.00,0.00,0.00,0.00,0.00,0.00,0.00,0.00,0.00
2024-10-31,2024-10-28,2024-10-01,"39,855.00",0.00,"39,855.00","29,885.00","9,970.00",0.00,0.00,"14,478.00","14,478.00",0.00,0.00,0.00,0.00,929.00,0.00,0.00,0.00,0.00,"9,970.00",0.00,0.00,0.00,0.00,0.00,0.00,0.00,0.00,0.00,0.00,0.00,0.00,0.00
2024-11-01,2024-10-28,2024-11-01,"47,644.00",0.00,"47,644.00","41,184.00","6,460.00",0.00,0.00,"20,239.00","20,239.00",0.00,0.00,0.00,0.00,706.00,0.00,0.00,0.00,0.00,"6,460.00",0.00,0.00,0.00,0.00,0.00,0.00,0.00,0.00,0.00,0.00,0.00,0.00,0.00
2024-11-02,2024-10-28,2024-11-01,"48,711.00",0.00,"48,711.00","40,638.00","8,073.00",0.00,0.00,"20,045.00","20,045.00",0.00,0.00,0.00,0.00,548.00,0.00,0.00,0.00,0.00,"8,073.00",0.00,0.00,0.00,0.00,0.00,0.00,0.00,0.00,0.00,0.00,0.00,0.00,0.00
2024-11-03,2024-10-28,2024-11-01,"52,173.00",0.00,"52,173.00","44,847.00","7,326.00",0.00,0.00,"21,962.00","21,962.00",0.00,0.00,0.00,0.00,923.00,0.00,0.00,0.00,0.00,"7,326.00",0.00,0.00,0.00,0.00,0.00,0.00,0.00,0.00,0.00,0.00,0.00,0.00,0.00
2024-11-04,2024-11-04,2024-11-01,"49,962.00",0.00,"49,962.00","47,369.00","2,593.00",0.00,0.00,"21,065.00","21,065.00",0.00,0.00,0.00,0.00,"5,239.00",0.00,0.00,0.00,0.00,"2,593.00",0.00,0.00,0.00,0.00,0.00,0.00,0.00,0.00,0.00,0.00,0.00,0.00,0.00
2024-11-05,2024-11-04,2024-11-01,"51,404.00",0.00,"51,404.00","48,811.00","2,593.00",0.00,0.00,"21,420.00","21,420.00",0.00,0.00,0.00,0.00,"5,971.00",0.00,0.00,0.00,0.00,"2,593.00",0.00,0.00,0.00,0.00,0.00,0.00,0.00,0.00,0.00,0.00,0.00,0.00,0.00
2024-11-06,2024-11-04,2024-11-01,"56,449.00",0.00,"56,449.00","53,856.00","2,593.00",0.00,0.00,"24,177.00","24,177.00",0.00,0.00,0.00,0.00,"5,502.00",0.00,0.00,0.00,0.00,"2,593.00",0.00,0.00,0.00,0.00,0.00,0.00,0.00,0.00,0.00,0.00,0.00,0.00,0.00
2024-11-07,2024-11-04,2024-11-01,"45,616.00",0.00,"45,616.00","43,023.00","2,593.00",0.00,0.00,"19,880.00","19,880.00",0.00,0.00,0.00,0.00,"3,263.00",0.00,0.00,0.00,0.00,"2,593.00",0.00,0.00,0.00,0.00,0.00,0.00,0.00,0.00,0.00,0.00,0.00,0.00,0.00
2024-11-08,2024-11-04,2024-11-01,"45,331.00",0.00,"45,331.00","42,738.00","2,593.00",0.00,0.00,"19,742.00","19,742.00",0.00,6.00,0.00,0.00,"3,248.00",0.00,0.00,0.00,0.00,"2,593.00",0.00,0.00,0.00,0.00,0.00,0.00,0.00,0.00,0.00,0.00,0.00,0.00,0.00
2024-11-09,2024-11-04,2024-11-01,"42,518.00",0.00,"42,518.00","39,925.00","2,593.00",0.00,0.00,"18,192.00","18,192.00",0.00,14.00,0.00,0.00,"3,527.00",0.00,0.00,0.00,0.00,"2,593.00",0.00,0.00,0.00,0.00,0.00,0.00,0.00,0.00,0.00,0.00,0.00,0.00,0.00
2024-11-10,2024-11-04,2024-11-01,"38,856.00",0.00,"38,856.00","36,263.00","2,593.00",0.00,0.00,"16,326.00","16,326.00",0.00,33.00,0.00,0.00,"3,578.00",0.00,0.00,0.00,0.00,"2,593.00",0.00,0.00,0.00,0.00,0.00,0.00,0.00,0.00,0.00,0.00,0.00,0.00,0.00
2024-11-11,2024-11-11,2024-11-01,"46,233.00",0.00,"46,233.00","43,640.00","2,593.00",0.00,0.00,"19,989.00","19,989.00",0.00,600.00,0.00,0.00,"3,062.00",0.00,0.00,0.00,0.00,"2,593.00",0.00,0.00,0.00,0.00,0.00,0.00,0.00,0.00,0.00,0.00,0.00,0.00,0.00
2024-11-12,2024-11-11,2024-11-01,"39,082.00",0.00,"39,082.00","36,489.00","2,593.00",0.00,0.00,"16,343.00","16,343.00",0.00,600.00,0.00,0.00,"3,203.00",0.00,0.00,0.00,0.00,"2,593.00",0.00,0.00,0.00,0.00,0.00,0.00,0.00,0.00,0.00,0.00,0.00,0.00,0.00
2024-11-13,2024-11-11,2024-11-01,"53,402.00",0.00,"53,402.00","50,809.00","2,593.00",0.00,0.00,"23,535.00","23,535.00",0.00,610.00,0.00,0.00,"3,129.00",0.00,0.00,0.00,0.00,"2,593.00",0.00,0.00,0.00,0.00,0.00,0.00,0.00,0.00,0.00,0.00,0.00,0.00,0.00
2024-11-14,2024-11-11,2024-11-01,"49,458.00",0.00,"49,458.00","46,865.00","2,593.00",0.00,0.00,"21,687.00","21,687.00",0.00,359.00,0.00,0.00,"3,132.00",0.00,0.00,0.00,0.00,"2,593.00",0.00,0.00,0.00,0.00,0.00,0.00,0.00,0.00,0.00,0.00,0.00,0.00,0.00
2024-11-15,2024-11-11,2024-11-01,"33,208.00",0.00,"33,208.00","30,615.00","2,593.00",0.00,0.00,"13,566.00","13,566.00",0.00,380.00,0.00,0.00,"3,103.00",0.00,0.00,0.00,0.00,"2,593.00",0.00,0.00,0.00,0.00,0.00,0.00,0.00,0.00,0.00,0.00,0.00,0.00,0.00
2024-11-16,2024-11-11,2024-11-01,"27,505.00",0.00,"27,505.00","24,912.00","2,593.00",0.00,0.00,"10,764.00","10,764.00",0.00,363.00,0.00,0.00,"3,021.00",0.00,0.00,0.00,0.00,"2,593.00",0.00,0.00,0.00,0.00,0.00,0.00,0.00,0.00,0.00,0.00,0.00,0.00,0.00
2024-11-17,2024-11-11,2024-11-01,"28,235.00",0.00,"28,235.00","25,642.00","2,593.00",0.00,0.00,"11,181.00","11,181.00",0.00,340.00,0.00,0.00,"2,940.00",0.00,0.00,0.00,0.00,"2,593.00",0.00,0.00,0.00,0.00,0.00,0.00,0.00,0.00,0.00,0.00,0.00,0.00,0.00
2024-11-18,2024-11-18,2024-11-01,"29,462.00",0.00,"29,462.00","26,869.00","2,593.00",0.00,0.00,"12,222.00","12,222.00",0.00,263.00,0.00,0.00,"2,162.00",0.00,0.00,0.00,0.00,"2,593.00",0.00,0.00,0.00,0.00,0.00,0.00,0.00,0.00,0.00,0.00,0.00,0.00,0.00
2024-11-19,2024-11-18,2024-11-01,"26,120.00",0.00,"26,120.00","23,527.00","2,593.00",0.00,0.00,"10,738.00","10,738.00",0.00,203.00,0.00,0.00,"1,848.00",0.00,0.00,0.00,0.00,"2,593.00",0.00,0.00,0.00,0.00,0.00,0.00,0.00,0.00,0.00,0.00,0.00,0.00,0.00
2024-11-20,2024-11-18,2024-11-01,"22,131.00",0.00,"22,131.00","19,538.00","2,593.00",0.00,0.00,"8,779.00","8,779.00",0.00,127.00,0.00,0.00,"1,853.00",0.00,0.00,0.00,0.00,"2,593.00",0.00,0.00,0.00,0.00,0.00,0.00,0.00,0.00,0.00,0.00,0.00,0.00,0.00
2024-11-21,2024-11-18,2024-11-01,"19,539.00",0.00,"19,539.00","16,946.00","2,593.00",0.00,0.00,"7,255.00","7,255.00",0.00,139.00,0.00,0.00,"2,297.00",0.00,0.00,0.00,0.00,"2,593.00",0.00,0.00,0.00,0.00,0.00,0.00,0.00,0.00,0.00,0.00,0.00,0.00,0.00
2024-11-22,2024-11-18,2024-11-01,"21,033.00",0.00,"21,033.00","18,440.00","2,593.00",0.00,0.00,"7,783.00","7,783.00",0.00,256.00,0.00,0.00,"2,618.00",0.00,0.00,0.00,0.00,"2,593.00",0.00,0.00,0.00,0.00,0.00,0.00,0.00,0.00,0.00,0.00,0.00,0.00,0.00
2024-11-23,2024-11-18,2024-11-01,"19,290.00",0.00,"19,290.00","16,697.00","2,593.00",0.00,0.00,"6,723.00","6,723.00",0.00,564.00,0.00,0.00,"2,687.00",0.00,0.00,0.00,0.00,"2,593.00",0.00,0.00,0.00,0.00,0.00,0.00,0.00,0.00,0.00,0.00,0.00,0.00,0.00
2024-11-24,2024-11-18,2024-11-01,"20,285.00",0.00,"20,285.00","17,692.00","2,593.00",0.00,0.00,"7,265.00","7,265.00",0.00,386.00,0.00,0.00,"2,776.00",0.00,0.00,0.00,0.00,"2,593.00",0.00,0.00,0.00,0.00,0.00,0.00,0.00,0.00,0.00,0.00,0.00,0.00,0.00
2024-11-25,2024-11-25,2024-11-01,"19,150.00",0.00,"19,150.00","16,557.00","2,593.00",0.00,0.00,"6,865.00","6,865.00",0.00,335.00,0.00,0.00,"2,492.00",0.00,0.00,0.00,0.00,"2,593.00",0.00,0.00,0.00,0.00,0.00,0.00,0.00,0.00,0.00,0.00,0.00,0.00,0.00
2024-11-26,2024-11-25,2024-11-01,"20,718.00",0.00,"20,718.00","18,125.00","2,593.00",0.00,0.00,"7,877.00","7,877.00",0.00,321.00,0.00,0.00,"2,050.00",0.00,0.00,0.00,0.00,"2,593.00",0.00,0.00,0.00,0.00,0.00,0.00,0.00,0.00,0.00,0.00,0.00,0.00,0.00
2024-11-27,2024-11-25,2024-11-01,"19,667.00",0.00,"19,667.00","17,074.00","2,593.00",0.00,0.00,"7,276.00","7,276.00",0.00,305.00,0.00,0.00,"2,217.00",0.00,0.00,0.00,0.00,"2,593.00",0.00,0.00,0.00,0.00,0.00,0.00,0.00,0.00,0.00,0.00,0.00,0.00,0.00
2024-11-28,2024-11-25,2024-11-01,"19,373.00",0.00,"19,373.00","16,780.00","2,593.00",0.00,0.00,"7,074.00","7,074.00",0.00,265.00,0.00,0.00,"2,367.00",0.00,0.00,0.00,0.00,"2,593.00",0.00,0.00,0.00,0.00,0.00,0.00,0.00,0.00,0.00,0.00,0.00,0.00,0.00
2024-11-29,2024-11-25,2024-11-01,"21,525.00",0.00,"21,525.00","18,932.00","2,593.00",0.00,0.00,"8,310.00","8,310.00",0.00,156.00,0.00,0.00,"2,156.00",0.00,0.00,0.00,0.00,"2,593.00",0.00,0.00,0.00,0.00,0.00,0.00,0.00,0.00,0.00,0.00,0.00,0.00,0.00
2024-11-30,2024-11-25,2024-11-01,"18,998.00",0.00,"18,998.00","16,405.00","2,593.00",0.00,0.00,"7,158.00","7,158.00",0.00,179.00,0.00,0.00,"1,910.00",0.00,0.00,0.00,0.00,"2,593.00",0.00,0.00,0.00,0.00,0.00,0.00,0.00,0.00,0.00,0.00,0.00,0.00,0.00
2024-12-01,2024-11-25,2024-12-01,"23,713.00",0.00,"23,713.00","23,713.00",0.00,0.00,0.00,"10,215.00","10,215.00",0.00,242.00,0.00,0.00,"3,041.00",0.00,0.00,0.00,0.00,0.00,0.00,0.00,0.00,0.00,0.00,0.00,0.00,0.00,0.00,0.00,0.00,0.00,0.00
2024-12-02,2024-12-02,2024-12-01,"21,900.00",0.00,"21,900.00","21,900.00",0.00,0.00,0.00,"10,045.00","10,045.00",0.00,251.00,0.00,0.00,"1,559.00",0.00,0.00,0.00,0.00,0.00,0.00,0.00,0.00,0.00,0.00,0.00,0.00,0.00,0.00,0.00,0.00,0.00,0.00
2024-12-03,2024-12-02,2024-12-01,"22,404.00",0.00,"22,404.00","22,404.00",0.00,0.00,0.00,"9,551.00","9,551.00",0.00,502.00,0.00,0.00,"2,800.00",0.00,0.00,0.00,0.00,0.00,0.00,0.00,0.00,0.00,0.00,0.00,0.00,0.00,0.00,0.00,0.00,0.00,0.00
2024-12-04,2024-12-02,2024-12-01,"21,517.00",0.00,"21,517.00","21,517.00",0.00,0.00,0.00,"8,421.00","8,421.00",0.00,536.00,0.00,0.00,"4,139.00",0.00,0.00,0.00,0.00,0.00,0.00,0.00,0.00,0.00,0.00,0.00,0.00,0.00,0.00,0.00,0.00,0.00,0.00
2024-12-05,2024-12-02,2024-12-01,"48,450.00",0.00,"48,450.00","48,450.00",0.00,0.00,0.00,"20,585.00","20,585.00",0.00,526.00,0.00,0.00,"6,754.00",0.00,0.00,0.00,0.00,0.00,0.00,0.00,0.00,0.00,0.00,0.00,0.00,0.00,0.00,0.00,0.00,0.00,0.00
2024-12-06,2024-12-02,2024-12-01,"25,456.00",0.00,"25,456.00","25,456.00",0.00,0.00,0.00,"8,305.00","8,305.00",0.00,384.00,0.00,0.00,"8,462.00",0.00,0.00,0.00,0.00,0.00,0.00,0.00,0.00,0.00,0.00,0.00,0.00,0.00,0.00,0.00,0.00,0.00,0.00
2024-12-07,2024-12-02,2024-12-01,"28,508.00",0.00,"28,508.00","28,508.00",0.00,0.00,0.00,"9,995.00","9,995.00",0.00,604.00,0.00,0.00,"7,914.00",0.00,0.00,0.00,0.00,0.00,0.00,0.00,0.00,0.00,0.00,0.00,0.00,0.00,0.00,0.00,0.00,0.00,0.00
2024-12-08,2024-12-02,2024-12-01,"26,766.00",0.00,"26,766.00","26,766.00",0.00,0.00,0.00,"9,753.00","9,753.00",0.00,582.00,0.00,0.00,"6,678.00",0.00,0.00,0.00,0.00,0.00,0.00,0.00,0.00,0.00,0.00,0.00,0.00,0.00,0.00,0.00,0.00,0.00,0.00
2024-12-09,2024-12-09,2024-12-01,"23,986.00",0.00,"23,986.00","23,986.00",0.00,0.00,0.00,"8,726.00","8,726.00",0.00,458.00,0.00,0.00,"6,076.00",0.00,0.00,0.00,0.00,0.00,0.00,0.00,0.00,0.00,0.00,0.00,0.00,0.00,0.00,0.00,0.00,0.00,0.00
2024-12-10,2024-12-09,2024-12-01,"23,070.00",0.00,"23,070.00","23,070.00",0.00,0.00,0.00,"8,387.00","8,387.00",0.00,442.00,0.00,0.00,"5,854.00",0.00,0.00,0.00,0.00,0.00,0.00,0.00,0.00,0.00,0.00,0.00,0.00,0.00,0.00,0.00,0.00,0.00,0.00
2024-12-11,2024-12-09,2024-12-01,"20,456.00",0.00,"20,456.00","20,456.00",0.00,0.00,0.00,"7,864.00","7,864.00",0.00,637.00,0.00,0.00,"4,091.00",0.00,0.00,0.00,0.00,0.00,0.00,0.00,0.00,0.00,0.00,0.00,0.00,0.00,0.00,0.00,0.00,0.00,0.00
2024-12-12,2024-12-09,2024-12-01,"17,032.00",0.00,"17,032.00","17,032.00",0.00,0.00,0.00,"6,214.00","6,214.00",0.00,462.00,0.00,0.00,"4,142.00",0.00,0.00,0.00,0.00,0.00,0.00,0.00,0.00,0.00,0.00,0.00,0.00,0.00,0.00,0.00,0.00,0.00,0.00
2024-12-13,2024-12-09,2024-12-01,"14,400.00",0.00,"14,400.00","14,400.00",0.00,0.00,0.00,"5,023.00","5,023.00",0.00,313.00,0.00,0.00,"4,041.00",0.00,0.00,0.00,0.00,0.00,0.00,0.00,0.00,0.00,0.00,0.00,0.00,0.00,0.00,0.00,0.00,0.00,0.00
2024-12-14,2024-12-09,2024-12-01,"15,438.00",0.00,"15,438.00","15,438.00",0.00,0.00,0.00,"5,496.00","5,496.00",0.00,327.00,0.00,0.00,"4,119.00",0.00,0.00,0.00,0.00,0.00,0.00,0.00,0.00,0.00,0.00,0.00,0.00,0.00,0.00,0.00,0.00,0.00,0.00
2024-12-15,2024-12-09,2024-12-01,"23,632.00",0.00,"23,632.00","23,632.00",0.00,0.00,0.00,"8,939.00","8,939.00",0.00,842.00,0.00,0.00,"4,912.00",0.00,0.00,0.00,0.00,0.00,0.00,0.00,0.00,0.00,0.00,0.00,0.00,0.00,0.00,0.00,0.00,0.00,0.00
2024-12-16,2024-12-16,2024-12-01,"20,347.00",0.00,"20,347.00","20,347.00",0.00,0.00,0.00,"7,639.00","7,639.00",0.00,610.00,0.00,0.00,"4,459.00",0.00,0.00,0.00,0.00,0.00,0.00,0.00,0.00,0.00,0.00,0.00,0.00,0.00,0.00,0.00,0.00,0.00,0.00
2024-12-17,2024-12-16,2024-12-01,"19,062.00",0.00,"19,062.00","19,062.00",0.00,0.00,0.00,"6,941.00","6,941.00",0.00,586.00,0.00,0.00,"4,594.00",0.00,0.00,0.00,0.00,0.00,0.00,0.00,0.00,0.00,0.00,0.00,0.00,0.00,0.00,0.00,0.00,0.00,0.00
2024-12-18,2024-12-16,2024-12-01,"22,246.00",0.00,"22,246.00","22,246.00",0.00,0.00,0.00,"8,761.00","8,761.00",0.00,576.00,0.00,0.00,"4,148.00",0.00,0.00,0.00,0.00,0.00,0.00,0.00,0.00,0.00,0.00,0.00,0.00,0.00,0.00,0.00,0.00,0.00,0.00
2024-12-19,2024-12-16,2024-12-01,"19,255.00",0.00,"19,255.00","19,255.00",0.00,0.00,0.00,"6,902.00","6,902.00",0.00,611.00,0.00,0.00,"4,840.00",0.00,0.00,0.00,0.00,0.00,0.00,0.00,0.00,0.00,0.00,0.00,0.00,0.00,0.00,0.00,0.00,0.00,0.00
2024-12-20,2024-12-16,2024-12-01,"20,318.00",0.00,"20,318.00","20,318.00",0.00,0.00,0.00,"7,479.00","7,479.00",0.00,509.00,0.00,0.00,"4,851.00",0.00,0.00,0.00,0.00,0.00,0.00,0.00,0.00,0.00,0.00,0.00,0.00,0.00,0.00,0.00,0.00,0.00,0.00
2024-12-21,2024-12-16,2024-12-01,"30,915.00",0.00,"30,915.00","30,915.00",0.00,0.00,0.00,"9,734.00","9,734.00",0.00,498.00,0.00,0.00,"10,949.00",0.00,0.00,0.00,0.00,0.00,0.00,0.00,0.00,0.00,0.00,0.00,0.00,0.00,0.00,0.00,0.00,0.00,0.00
2024-12-22,2024-12-16,2024-12-01,"33,708.00",0.00,"33,708.00","33,708.00",0.00,0.00,0.00,"10,917.00","10,917.00",0.00,489.00,0.00,0.00,"11,385.00",0.00,0.00,0.00,0.00,0.00,0.00,0.00,0.00,0.00,0.00,0.00,0.00,0.00,0.00,0.00,0.00,0.00,0.00
2024-12-23,2024-12-23,2024-12-01,"28,927.00",0.00,"28,927.00","28,927.00",0.00,0.00,0.00,"8,757.00","8,757.00",0.00,166.00,0.00,0.00,"11,247.00",0.00,0.00,0.00,0.00,0.00,0.00,0.00,0.00,0.00,0.00,0.00,0.00,0.00,0.00,0.00,0.00,0.00,0.00
2024-12-24,2024-12-23,2024-12-01,"25,616.00",0.00,"25,616.00","25,616.00",0.00,0.00,0.00,"7,355.00","7,355.00",0.00,36.00,0.00,0.00,"10,870.00",0.00,0.00,0.00,0.00,0.00,0.00,0.00,0.00,0.00,0.00,0.00,0.00,0.00,0.00,0.00,0.00,0.00,0.00
2024-12-25,2024-12-23,2024-12-01,"25,755.00",0.00,"25,755.00","25,755.00",0.00,0.00,0.00,"7,477.00","7,477.00",0.00,179.00,0.00,0.00,"10,622.00",0.00,0.00,0.00,0.00,0.00,0.00,0.00,0.00,0.00,0.00,0.00,0.00,0.00,0.00,0.00,0.00,0.00,0.00
2024-12-26,2024-12-23,2024-12-01,"71,542.00",0.00,"71,542.00","47,373.00","24,169.00",0.00,0.00,"18,256.00","18,256.00",0.00,559.00,0.00,0.00,"10,302.00",0.00,0.00,0.00,0.00,"24,169.00",0.00,0.00,0.00,0.00,0.00,0.00,0.00,0.00,0.00,0.00,0.00,0.00,0.00
2024-12-27,2024-12-23,2024-12-01,"81,400.00",0.00,"81,400.00","60,538.00","20,862.00",0.00,0.00,"24,127.00","24,127.00",0.00,819.00,0.00,0.00,"11,465.00",0.00,0.00,0.00,0.00,"20,862.00",0.00,0.00,0.00,0.00,0.00,0.00,0.00,0.00,0.00,0.00,0.00,0.00,0.00
2024-12-28,2024-12-23,2024-12-01,"78,321.00",0.00,"78,321.00","57,609.00","20,712.00",0.00,0.00,"22,853.00","22,853.00",0.00,933.00,0.00,0.00,"10,970.00",0.00,0.00,0.00,0.00,"20,712.00",0.00,0.00,0.00,0.00,0.00,0.00,0.00,0.00,0.00,0.00,0.00,0.00,0.00
2024-12-29,2024-12-23,2024-12-01,"94,002.00",0.00,"94,002.00","59,279.00","34,723.00",0.00,0.00,"23,962.00","23,962.00",0.00,531.00,0.00,0.00,"10,824.00",0.00,0.00,0.00,0.00,"34,723.00",0.00,0.00,0.00,0.00,0.00,0.00,0.00,0.00,0.00,0.00,0.00,0.00,0.00
2024-12-30,2024-12-30,2024-12-01,"115,652.00",0.00,"115,652.00","80,619.00","35,033.00",0.00,0.00,"31,020.00","31,020.00",0.00,863.00,0.00,0.00,"17,716.00",0.00,0.00,0.00,0.00,"35,033.00",0.00,0.00,0.00,0.00,0.00,0.00,0.00,0.00,0.00,0.00,0.00,0.00,0.00
2024-12-31,2024-12-30,2024-12-01,"127,676.00",0.00,"127,676.00","63,176.00","64,500.00",0.00,0.00,"22,410.00","22,410.00",0.00,"1,143.00",0.00,0.00,"17,213.00",0.00,0.00,0.00,0.00,"64,500.00",0.00,0.00,0.00,0.00,0.00,0.00,0.00,0.00,0.00,0.00,0.00,0.00,0.00
2025-01-01,2024-12-30,2025-01-01,"229,370.00",0.00,"229,370.00","149,370.00","80,000.00","51,799.00",0.00,"28,299.00","28,299.00",0.00,"1,021.00",0.00,0.00,"39,932.00",0.00,0.00,0.00,20.00,"80,000.00",0.00,0.00,0.00,0.00,0.00,0.00,0.00,0.00,0.00,0.00,0.00,0.00,0.00
2025-01-02,2024-12-30,2025-01-01,"236,840.00",0.00,"236,840.00","156,840.00","80,000.00","47,341.00",0.00,"33,307.00","33,307.00",0.00,0.00,0.00,0.00,"42,873.00",0.00,0.00,0.00,12.00,"80,000.00",0.00,0.00,0.00,0.00,0.00,0.00,0.00,0.00,0.00,0.00,0.00,0.00,0.00
2025-01-03,2024-12-30,2025-01-01,"238,576.00",0.00,"238,576.00","168,576.00","70,000.00","55,328.00",0.00,"35,052.00","35,052.00",0.00,0.00,0.00,0.00,"43,128.00",0.00,0.00,0.00,16.00,"70,000.00",0.00,0.00,0.00,0.00,0.00,0.00,0.00,0.00,0.00,0.00,0.00,0.00,0.00
2025-01-04,2024-12-30,2025-01-01,"227,073.00",0.00,"227,073.00","177,073.00","50,000.00","59,869.00",0.00,"41,061.00","41,061.00",0.00,0.00,0.00,0.00,"35,063.00",0.00,0.00,0.00,19.00,"50,000.00",0.00,0.00,0.00,0.00,0.00,0.00,0.00,0.00,0.00,0.00,0.00,0.00,0.00
2025-01-05,2024-12-30,2025-01-01,"243,999.00",0.00,"243,999.00","193,999.00","50,000.00","72,262.00",0.00,"42,780.00","42,780.00",0.00,0.00,0.00,0.00,"36,160.00",0.00,0.00,0.00,17.00,"50,000.00",0.00,0.00,0.00,0.00,0.00,0.00,0.00,0.00,0.00,0.00,0.00,0.00,0.00
2025-01-06,2025-01-06,2025-01-01,"259,388.00",0.00,"259,388.00","209,388.00","50,000.00","70,557.00",0.00,"42,860.00","42,860.00",0.00,0.00,0.00,0.00,"53,111.00",0.00,0.00,0.00,0.00,"50,000.00",0.00,0.00,0.00,0.00,0.00,0.00,0.00,0.00,0.00,0.00,0.00,0.00,0.00
2025-01-07,2025-01-06,2025-01-01,"245,863.00",0.00,"245,863.00","195,863.00","50,000.00","69,595.00",0.00,"35,239.00","35,239.00",0.00,0.00,0.00,0.00,"55,790.00",0.00,0.00,0.00,0.00,"50,000.00",0.00,0.00,0.00,0.00,0.00,0.00,0.00,0.00,0.00,0.00,0.00,0.00,0.00
2025-01-08,2025-01-06,2025-01-01,"188,927.00",0.00,"188,927.00","168,927.00","20,000.00","68,646.00",0.00,"28,335.00","28,335.00",0.00,0.00,0.00,0.00,"43,611.00",0.00,0.00,0.00,0.00,"20,000.00",0.00,0.00,0.00,0.00,0.00,0.00,0.00,0.00,0.00,0.00,0.00,0.00,0.00
2025-01-09,2025-01-06,2025-01-01,"177,576.00",0.00,"177,576.00","157,576.00","20,000.00","50,987.00",0.00,"29,149.00","29,149.00",0.00,"2,796.00",0.00,0.00,"45,495.00",0.00,0.00,0.00,0.00,"20,000.00",0.00,0.00,0.00,0.00,0.00,0.00,0.00,0.00,0.00,0.00,0.00,0.00,0.00
2025-01-10,2025-01-06,2025-01-01,"117,094.00",0.00,"117,094.00","97,094.00","20,000.00","29,938.00",0.00,"24,311.00","24,311.00",0.00,"1,559.00",0.00,0.00,"16,975.00",0.00,0.00,0.00,0.00,"20,000.00",0.00,0.00,0.00,0.00,0.00,0.00,0.00,0.00,0.00,0.00,0.00,0.00,0.00
2025-01-11,2025-01-06,2025-01-01,"113,862.00",0.00,"113,862.00","93,862.00","20,000.00","26,220.00",0.00,"25,486.00","25,486.00",0.00,0.00,0.00,0.00,"16,670.00",0.00,0.00,0.00,0.00,"20,000.00",0.00,0.00,0.00,0.00,0.00,0.00,0.00,0.00,0.00,0.00,0.00,0.00,0.00
2025-01-12,2025-01-06,2025-01-01,"111,409.00",0.00,"111,409.00","96,409.00","15,000.00","22,587.00",0.00,"28,546.00","28,546.00",0.00,0.00,0.00,0.00,"16,730.00",0.00,0.00,0.00,0.00,"15,000.00",0.00,0.00,0.00,0.00,0.00,0.00,0.00,0.00,0.00,0.00,0.00,0.00,0.00
2025-01-13,2025-01-13,2025-01-01,"129,399.00",0.00,"129,399.00","114,399.00","15,000.00","20,915.00",0.00,"38,363.00","38,363.00",0.00,0.00,0.00,0.00,"16,758.00",0.00,0.00,0.00,0.00,"15,000.00",0.00,0.00,0.00,0.00,0.00,0.00,0.00,0.00,0.00,0.00,0.00,0.00,0.00
2025-01-14,2025-01-13,2025-01-01,"90,783.00",0.00,"90,783.00","75,783.00","15,000.00","20,026.00",0.00,"24,850.00","24,850.00",0.00,0.00,0.00,0.00,"6,057.00",0.00,0.00,0.00,0.00,"15,000.00",0.00,0.00,0.00,0.00,0.00,0.00,0.00,0.00,0.00,0.00,0.00,0.00,0.00
2025-01-15,2025-01-13,2025-01-01,"54,496.00",0.00,"54,496.00","54,496.00",0.00,"19,025.00",0.00,"14,599.00","14,599.00",0.00,0.00,0.00,0.00,"6,273.00",0.00,0.00,0.00,0.00,0.00,0.00,0.00,0.00,0.00,0.00,0.00,0.00,0.00,0.00,0.00,0.00,0.00,0.00
2025-01-16,2025-01-13,2025-01-01,"52,495.00",0.00,"52,495.00","52,495.00",0.00,"12,933.00",0.00,"14,599.00","14,599.00",0.00,"4,103.00",0.00,0.00,"6,261.00",0.00,0.00,0.00,0.00,0.00,0.00,0.00,0.00,0.00,0.00,0.00,0.00,0.00,0.00,0.00,0.00,0.00,0.00
2025-01-17,2025-01-13,2025-01-01,"41,724.00",0.00,"41,724.00","41,724.00",0.00,"11,164.00",0.00,"12,630.00","12,630.00",0.00,"2,763.00",0.00,0.00,"2,537.00",0.00,0.00,0.00,0.00,0.00,0.00,0.00,0.00,0.00,0.00,0.00,0.00,0.00,0.00,0.00,0.00,0.00,0.00
2025-01-18,2025-01-13,2025-01-01,"34,585.00",0.00,"34,585.00","34,585.00",0.00,"10,573.00",0.00,"12,006.00","12,006.00",0.00,0.00,0.00,0.00,0.00,0.00,0.00,0.00,0.00,0.00,0.00,0.00,0.00,0.00,0.00,0.00,0.00,0.00,0.00,0.00,0.00,0.00,0.00
2025-01-19,2025-01-13,2025-01-01,"42,753.00",0.00,"42,753.00","42,753.00",0.00,"12,479.00",0.00,"15,137.00","15,137.00",0.00,0.00,0.00,0.00,0.00,0.00,0.00,0.00,0.00,0.00,0.00,0.00,0.00,0.00,0.00,0.00,0.00,0.00,0.00,0.00,0.00,0.00,0.00
2025-01-20,2025-01-20,2025-01-01,"37,930.00",0.00,"37,930.00","37,930.00",0.00,"11,326.00",0.00,"13,302.00","13,302.00",0.00,0.00,0.00,0.00,0.00,0.00,0.00,0.00,0.00,0.00,0.00,0.00,0.00,0.00,0.00,0.00,0.00,0.00,0.00,0.00,0.00,0.00,0.00
2025-01-21,2025-01-20,2025-01-01,"25,652.00",0.00,"25,652.00","25,652.00",0.00,"11,138.00",0.00,"7,257.00","7,257.00",0.00,0.00,0.00,0.00,0.00,0.00,0.00,0.00,0.00,0.00,0.00,0.00,0.00,0.00,0.00,0.00,0.00,0.00,0.00,0.00,0.00,0.00,0.00
2025-01-22,2025-01-20,2025-01-01,"20,578.00",0.00,"20,578.00","20,578.00",0.00,"11,194.00",0.00,"4,692.00","4,692.00",0.00,0.00,0.00,0.00,0.00,0.00,0.00,0.00,0.00,0.00,0.00,0.00,0.00,0.00,0.00,0.00,0.00,0.00,0.00,0.00,0.00,0.00,0.00
2025-01-23,2025-01-20,2025-01-01,"18,684.00",0.00,"18,684.00","18,684.00",0.00,"9,762.00",0.00,"4,461.00","4,461.00",0.00,0.00,0.00,0.00,0.00,0.00,0.00,0.00,0.00,0.00,0.00,0.00,0.00,0.00,0.00,0.00,0.00,0.00,0.00,0.00,0.00,0.00,0.00
2025-01-24,2025-01-20,2025-01-01,"15,990.00",0.00,"15,990.00","15,990.00",0.00,"6,312.00",0.00,"4,344.00","4,344.00",0.00,0.00,0.00,0.00,990.00,0.00,0.00,0.00,0.00,0.00,0.00,0.00,0.00,0.00,0.00,0.00,0.00,0.00,0.00,0.00,0.00,0.00,0.00
2025-01-25,2025-01-20,2025-01-01,"14,525.00",0.00,"14,525.00","14,525.00",0.00,"4,970.00",0.00,"4,260.00","4,260.00",0.00,0.00,0.00,0.00,"1,035.00",0.00,0.00,0.00,0.00,0.00,0.00,0.00,0.00,0.00,0.00,0.00,0.00,0.00,0.00,0.00,0.00,0.00,0.00
2025-01-26,2025-01-20,2025-01-01,"16,439.00",0.00,"16,439.00","16,439.00",0.00,"5,376.00",0.00,"4,996.00","4,996.00",0.00,0.00,0.00,0.00,"1,071.00",0.00,0.00,0.00,0.00,0.00,0.00,0.00,0.00,0.00,0.00,0.00,0.00,0.00,0.00,0.00,0.00,0.00,0.00
2025-01-27,2025-01-27,2025-01-01,"18,710.00",0.00,"18,710.00","18,710.00",0.00,"4,915.00",0.00,"6,660.00","6,660.00",0.00,0.00,0.00,0.00,475.00,0.00,0.00,0.00,0.00,0.00,0.00,0.00,0.00,0.00,0.00,0.00,0.00,0.00,0.00,0.00,0.00,0.00,0.00
2025-01-28,2025-01-27,2025-01-01,"19,083.00",0.00,"19,083.00","19,083.00",0.00,"5,527.00",0.00,"6,116.00","6,116.00",0.00,0.00,0.00,0.00,"1,324.00",0.00,0.00,0.00,0.00,0.00,0.00,0.00,0.00,0.00,0.00,0.00,0.00,0.00,0.00,0.00,0.00,0.00,0.00
2025-01-29,2025-01-27,2025-01-01,"18,916.00",0.00,"18,916.00","18,916.00",0.00,"5,483.00",0.00,"6,268.00","6,268.00",0.00,0.00,0.00,0.00,897.00,0.00,0.00,0.00,0.00,0.00,0.00,0.00,0.00,0.00,0.00,0.00,0.00,0.00,0.00,0.00,0.00,0.00,0.00
2025-01-30,2025-01-27,2025-01-01,"22,167.00",0.00,"22,167.00","22,167.00",0.00,"5,365.00",0.00,"7,763.00","7,763.00",0.00,0.00,0.00,0.00,"1,276.00",0.00,0.00,0.00,0.00,0.00,0.00,0.00,0.00,0.00,0.00,0.00,0.00,0.00,0.00,0.00,0.00,0.00,0.00
2025-01-31,2025-01-27,2025-01-01,"27,521.00",0.00,"27,521.00","27,521.00",0.00,"5,707.00",0.00,"10,614.00","10,614.00",0.00,0.00,0.00,0.00,586.00,0.00,0.00,0.00,0.00,0.00,0.00,0.00,0.00,0.00,0.00,0.00,0.00,0.00,0.00,0.00,0.00,0.00,0.00
2025-02-01,2025-01-27,2025-02-01,"25,845.00",0.00,"25,845.00","25,845.00",0.00,"4,679.00",0.00,"10,232.00","10,232.00",0.00,0.00,0.00,0.00,702.00,0.00,0.00,0.00,0.00,0.00,0.00,0.00,0.00,0.00,0.00,0.00,0.00,0.00,0.00,0.00,0.00,0.00,0.00
2025-02-02,2025-01-27,2025-02-01,"27,107.00",0.00,"27,107.00","27,107.00",0.00,"5,398.00",0.00,"10,379.00","10,379.00",0.00,0.00,0.00,0.00,951.00,0.00,0.00,0.00,0.00,0.00,0.00,0.00,0.00,0.00,0.00,0.00,0.00,0.00,0.00,0.00,0.00,0.00,0.00
2025-02-03,2025-02-03,2025-02-01,"36,390.00",0.00,"36,390.00","36,390.00",0.00,"6,140.00",0.00,"14,799.00","14,799.00",0.00,0.00,0.00,0.00,652.00,0.00,0.00,0.00,0.00,0.00,0.00,0.00,0.00,0.00,0.00,0.00,0.00,0.00,0.00,0.00,0.00,0.00,0.00
2025-02-04,2025-02-03,2025-02-01,"44,681.00",0.00,"44,681.00","44,681.00",0.00,"8,096.00",0.00,"17,817.00","17,817.00",0.00,0.00,0.00,0.00,951.00,0.00,0.00,0.00,0.00,0.00,0.00,0.00,0.00,0.00,0.00,0.00,0.00,0.00,0.00,0.00,0.00,0.00,0.00
2025-02-05,2025-02-03,2025-02-01,"36,470.00",0.00,"36,470.00","36,470.00",0.00,"7,232.00",0.00,"13,823.00","13,823.00",0.00,0.00,0.00,0.00,"1,592.00",0.00,0.00,0.00,0.00,0.00,0.00,0.00,0.00,0.00,0.00,0.00,0.00,0.00,0.00,0.00,0.00,0.00,0.00
2025-02-06,2025-02-03,2025-02-01,"31,043.00",0.00,"31,043.00","31,043.00",0.00,"7,316.00",0.00,"10,902.00","10,902.00",0.00,0.00,0.00,0.00,"1,923.00",0.00,0.00,0.00,0.00,0.00,0.00,0.00,0.00,0.00,0.00,0.00,0.00,0.00,0.00,0.00,0.00,0.00,0.00
2025-02-07,2025-02-03,2025-02-01,"32,592.00",0.00,"32,592.00","32,592.00",0.00,"8,244.00",0.00,"11,532.00","11,532.00",0.00,0.00,0.00,0.00,"1,284.00",0.00,0.00,0.00,0.00,0.00,0.00,0.00,0.00,0.00,0.00,0.00,0.00,0.00,0.00,0.00,0.00,0.00,0.00
2025-02-08,2025-02-03,2025-02-01,"36,482.00",0.00,"36,482.00","36,482.00",0.00,"7,031.00",0.00,"14,238.00","14,238.00",0.00,0.00,0.00,0.00,975.00,0.00,0.00,0.00,0.00,0.00,0.00,0.00,0.00,0.00,0.00,0.00,0.00,0.00,0.00,0.00,0.00,0.00,0.00
2025-02-09,2025-02-03,2025-02-01,"41,594.00",0.00,"41,594.00","41,594.00",0.00,"8,566.00",0.00,"15,874.00","15,874.00",0.00,0.00,0.00,0.00,"1,280.00",0.00,0.00,0.00,0.00,0.00,0.00,0.00,0.00,0.00,0.00,0.00,0.00,0.00,0.00,0.00,0.00,0.00,0.00
2025-02-10,2025-02-10,2025-02-01,"39,987.00",0.00,"39,987.00","39,987.00",0.00,"7,980.00",0.00,"14,000.00","14,000.00",0.00,0.00,0.00,0.00,"4,007.00",0.00,0.00,0.00,0.00,0.00,0.00,0.00,0.00,0.00,0.00,0.00,0.00,0.00,0.00,0.00,0.00,0.00,0.00
2025-02-11,2025-02-10,2025-02-01,"39,014.00",0.00,"39,014.00","39,014.00",0.00,"9,356.00",0.00,"12,774.00","12,774.00",0.00,0.00,0.00,0.00,"4,110.00",0.00,0.00,0.00,0.00,0.00,0.00,0.00,0.00,0.00,0.00,0.00,0.00,0.00,0.00,0.00,0.00,0.00,0.00
2025-02-12,2025-02-10,2025-02-01,"34,734.00",0.00,"34,734.00","34,734.00",0.00,"10,250.00",0.00,"11,187.00","11,187.00",0.00,0.00,0.00,0.00,"2,110.00",0.00,0.00,0.00,0.00,0.00,0.00,0.00,0.00,0.00,0.00,0.00,0.00,0.00,0.00,0.00,0.00,0.00,0.00
2025-02-13,2025-02-10,2025-02-01,"32,213.00",0.00,"32,213.00","32,213.00",0.00,"8,934.00",0.00,"8,521.00","8,521.00",0.00,0.00,0.00,0.00,"6,216.00",0.00,0.00,0.00,21.00,0.00,0.00,0.00,0.00,0.00,0.00,0.00,0.00,0.00,0.00,0.00,0.00,0.00,0.00
2025-02-14,2025-02-10,2025-02-01,"33,382.00",0.00,"33,382.00","33,382.00",0.00,"11,437.00",0.00,"8,731.00","8,731.00",0.00,0.00,0.00,0.00,"4,154.00",0.00,0.00,0.00,329.00,0.00,0.00,0.00,0.00,0.00,0.00,0.00,0.00,0.00,0.00,0.00,0.00,0.00,0.00
2025-02-15,2025-02-10,2025-02-01,"51,023.00",0.00,"51,023.00","51,023.00",0.00,"14,511.00",0.00,"15,858.00","15,858.00",0.00,0.00,0.00,0.00,"4,481.00",0.00,0.00,0.00,315.00,0.00,0.00,0.00,0.00,0.00,0.00,0.00,0.00,0.00,0.00,0.00,0.00,0.00,0.00
2025-02-16,2025-02-10,2025-02-01,"67,873.00",0.00,"67,873.00","67,873.00",0.00,"17,011.00",0.00,"23,111.00","23,111.00",0.00,0.00,0.00,0.00,"4,336.00",0.00,0.00,0.00,304.00,0.00,0.00,0.00,0.00,0.00,0.00,0.00,0.00,0.00,0.00,0.00,0.00,0.00,0.00
2025-02-17,2025-02-17,2025-02-01,"64,752.00",0.00,"64,752.00","64,752.00",0.00,"14,200.00",0.00,"22,974.00","22,974.00",0.00,0.00,0.00,0.00,"4,287.00",0.00,0.00,0.00,317.00,0.00,0.00,0.00,0.00,0.00,0.00,0.00,0.00,0.00,0.00,0.00,0.00,0.00,0.00
2025-02-18,2025-02-17,2025-02-01,"67,390.00",0.00,"67,390.00","67,390.00",0.00,"14,092.00",0.00,"22,537.00","22,537.00",0.00,0.00,0.00,0.00,"7,987.00",0.00,0.00,0.00,237.00,0.00,0.00,0.00,0.00,0.00,0.00,0.00,0.00,0.00,0.00,0.00,0.00,0.00,0.00
2025-02-19,2025-02-17,2025-02-01,"70,800.00",0.00,"70,800.00","70,800.00",0.00,"19,076.00",0.00,"21,570.00","21,570.00",0.00,0.00,0.00,0.00,"8,330.00",0.00,0.00,0.00,254.00,0.00,0.00,0.00,0.00,0.00,0.00,0.00,0.00,0.00,0.00,0.00,0.00,0.00,0.00
2025-02-20,2025-02-17,2025-02-01,"66,588.00",0.00,"66,588.00","66,588.00",0.00,"17,660.00",0.00,"20,165.00","20,165.00",0.00,0.00,0.00,0.00,"8,275.00",0.00,0.00,0.00,323.00,0.00,0.00,0.00,0.00,0.00,0.00,0.00,0.00,0.00,0.00,0.00,0.00,0.00,0.00
2025-02-21,2025-02-17,2025-02-01,"62,503.00",0.00,"62,503.00","62,503.00",0.00,"16,679.00",0.00,"18,639.00","18,639.00",0.00,0.00,0.00,0.00,"8,262.00",0.00,0.00,0.00,284.00,0.00,0.00,0.00,0.00,0.00,0.00,0.00,0.00,0.00,0.00,0.00,0.00,0.00,0.00
2025-02-22,2025-02-17,2025-02-01,"60,975.00",0.00,"60,975.00","60,975.00",0.00,"17,191.00",0.00,"17,595.00","17,595.00",0.00,0.00,0.00,0.00,"8,271.00",0.00,0.00,0.00,323.00,0.00,0.00,0.00,0.00,0.00,0.00,0.00,0.00,0.00,0.00,0.00,0.00,0.00,0.00
2025-02-23,2025-02-17,2025-02-01,"53,668.00",0.00,"53,668.00","53,668.00",0.00,"19,473.00",0.00,"12,946.00","12,946.00",0.00,0.00,0.00,0.00,"7,959.00",0.00,0.00,0.00,344.00,0.00,0.00,0.00,0.00,0.00,0.00,0.00,0.00,0.00,0.00,0.00,0.00,0.00,0.00
2025-02-24,2025-02-24,2025-02-01,"49,856.00",0.00,"49,856.00","49,856.00",0.00,"17,506.00",0.00,"11,872.00","11,872.00",0.00,0.00,0.00,0.00,"8,273.00",0.00,0.00,0.00,333.00,0.00,0.00,0.00,0.00,0.00,0.00,0.00,0.00,0.00,0.00,0.00,0.00,0.00,0.00
2025-02-25,2025-02-24,2025-02-01,"49,962.00",0.00,"49,962.00","49,962.00",0.00,"16,925.00",0.00,"12,657.00","12,657.00",0.00,0.00,0.00,0.00,"7,447.00",0.00,0.00,0.00,276.00,0.00,0.00,0.00,0.00,0.00,0.00,0.00,0.00,0.00,0.00,0.00,0.00,0.00,0.00
2025-02-26,2025-02-24,2025-02-01,"58,615.00",0.00,"58,615.00","58,615.00",0.00,"19,417.00",0.00,"15,382.00","15,382.00",0.00,0.00,0.00,0.00,"8,112.00",0.00,0.00,0.00,322.00,0.00,0.00,0.00,0.00,0.00,0.00,0.00,0.00,0.00,0.00,0.00,0.00,0.00,0.00
2025-02-27,2025-02-24,2025-02-01,"51,841.00",0.00,"51,841.00","51,841.00",0.00,"19,663.00",0.00,"12,126.00","12,126.00",0.00,0.00,0.00,0.00,"7,620.00",0.00,0.00,0.00,306.00,0.00,0.00,0.00,0.00,0.00,0.00,0.00,0.00,0.00,0.00,0.00,0.00,0.00,0.00
2025-02-28,2025-02-24,2025-02-01,"51,007.00",0.00,"51,007.00","51,007.00",0.00,"20,995.00",0.00,"11,148.00","11,148.00",0.00,0.00,0.00,0.00,"7,464.00",0.00,0.00,0.00,252.00,0.00,0.00,0.00,0.00,0.00,0.00,0.00,0.00,0.00,0.00,0.00,0.00,0.00,0.00
2025-03-01,2025-02-24,2025-03-01,"51,671.00",0.00,"51,671.00","51,671.00",0.00,"20,756.00",0.00,"12,845.00","12,845.00",0.00,0.00,0.00,0.00,"4,973.00",0.00,0.00,0.00,252.00,0.00,0.00,0.00,0.00,0.00,0.00,0.00,0.00,0.00,0.00,0.00,0.00,0.00,0.00
2025-03-02,2025-02-24,2025-03-01,"64,063.00",0.00,"64,063.00","64,063.00",0.00,"22,490.00",0.00,"15,076.00","15,076.00",0.00,0.00,0.00,0.00,"11,147.00",0.00,0.00,0.00,274.00,0.00,0.00,0.00,0.00,0.00,0.00,0.00,0.00,0.00,0.00,0.00,0.00,0.00,0.00
2025-03-03,2025-03-03,2025-03-01,"75,555.00",0.00,"75,555.00","75,555.00",0.00,"20,281.00",0.00,"23,255.00","23,255.00",0.00,0.00,0.00,0.00,"8,487.00",0.00,0.00,0.00,277.00,0.00,0.00,0.00,0.00,0.00,0.00,0.00,0.00,0.00,0.00,0.00,0.00,0.00,0.00
2025-03-04,2025-03-03,2025-03-01,"94,405.00",0.00,"94,405.00","94,405.00",0.00,"19,693.00",0.00,"33,041.00","33,041.00",0.00,0.00,0.00,0.00,"8,378.00",0.00,0.00,0.00,252.00,0.00,0.00,0.00,0.00,0.00,0.00,0.00,0.00,0.00,0.00,0.00,0.00,0.00,0.00
2025-03-05,2025-03-03,2025-03-01,"88,161.00",0.00,"88,161.00","88,161.00",0.00,"20,219.00",0.00,"26,607.00","26,607.00",0.00,224.00,0.00,0.00,"14,235.00",0.00,0.00,0.00,269.00,0.00,0.00,0.00,0.00,0.00,0.00,0.00,0.00,0.00,0.00,0.00,0.00,0.00,0.00
2025-03-06,2025-03-03,2025-03-01,"82,081.00",0.00,"82,081.00","82,081.00",0.00,"19,536.00",0.00,"23,818.00","23,818.00",0.00,360.00,0.00,0.00,"14,328.00",0.00,0.00,0.00,221.00,0.00,0.00,0.00,0.00,0.00,0.00,0.00,0.00,0.00,0.00,0.00,0.00,0.00,0.00
2025-03-07,2025-03-03,2025-03-01,"80,991.00",0.00,"80,991.00","80,991.00",0.00,"19,084.00",0.00,"23,537.00","23,537.00",0.00,290.00,0.00,0.00,"14,284.00",0.00,0.00,0.00,259.00,0.00,0.00,0.00,0.00,0.00,0.00,0.00,0.00,0.00,0.00,0.00,0.00,0.00,0.00
2025-03-08,2025-03-03,2025-03-01,"78,836.00",0.00,"78,836.00","78,836.00",0.00,"19,247.00",0.00,"22,266.00","22,266.00",0.00,434.00,0.00,0.00,"14,366.00",0.00,0.00,0.00,257.00,0.00,0.00,0.00,0.00,0.00,0.00,0.00,0.00,0.00,0.00,0.00,0.00,0.00,0.00
2025-03-09,2025-03-03,2025-03-01,"73,425.00",0.00,"73,425.00","73,425.00",0.00,"19,829.00",0.00,"18,888.00","18,888.00",0.00,"1,148.00",0.00,0.00,"14,383.00",0.00,0.00,0.00,289.00,0.00,0.00,0.00,0.00,0.00,0.00,0.00,0.00,0.00,0.00,0.00,0.00,0.00,0.00
2025-03-10,2025-03-10,2025-03-01,"80,579.00",0.00,"80,579.00","80,579.00",0.00,"20,488.00",0.00,"22,046.00","22,046.00",0.00,"1,203.00",0.00,0.00,"14,507.00",0.00,0.00,0.00,289.00,0.00,0.00,0.00,0.00,0.00,0.00,0.00,0.00,0.00,0.00,0.00,0.00,0.00,0.00
2025-03-11,2025-03-10,2025-03-01,"83,955.00",0.00,"83,955.00","83,955.00",0.00,"19,433.00",0.00,"25,316.00","25,316.00",0.00,"1,404.00",0.00,0.00,"12,208.00",0.00,0.00,0.00,278.00,0.00,0.00,0.00,0.00,0.00,0.00,0.00,0.00,0.00,0.00,0.00,0.00,0.00,0.00
2025-03-12,2025-03-10,2025-03-01,"78,710.00",0.00,"78,710.00","78,710.00",0.00,"20,264.00",0.00,"22,484.00","22,484.00",0.00,"1,398.00",0.00,0.00,"11,827.00",0.00,0.00,0.00,253.00,0.00,0.00,0.00,0.00,0.00,0.00,0.00,0.00,0.00,0.00,0.00,0.00,0.00,0.00
2025-03-13,2025-03-10,2025-03-01,"72,341.00",0.00,"72,341.00","72,341.00",0.00,"20,548.00",0.00,"19,088.00","19,088.00",0.00,"1,545.00",0.00,0.00,"11,840.00",0.00,0.00,0.00,232.00,0.00,0.00,0.00,0.00,0.00,0.00,0.00,0.00,0.00,0.00,0.00,0.00,0.00,0.00
2025-03-14,2025-03-10,2025-03-01,"71,768.00",0.00,"71,768.00","61,277.00","10,491.00","20,225.00",0.00,"13,144.00","13,144.00",0.00,"2,244.00",0.00,0.00,"12,267.00",0.00,0.00,0.00,253.00,"10,491.00",0.00,0.00,0.00,0.00,0.00,0.00,0.00,0.00,0.00,0.00,0.00,0.00,0.00
2025-03-15,2025-03-10,2025-03-01,"75,521.00",0.00,"75,521.00","61,873.00","13,648.00","20,854.00",0.00,"12,461.00","12,461.00",0.00,"4,025.00",0.00,0.00,"11,797.00",0.00,0.00,0.00,275.00,"13,648.00",0.00,0.00,0.00,0.00,0.00,0.00,0.00,0.00,0.00,0.00,0.00,0.00,0.00
2025-03-16,2025-03-10,2025-03-01,"83,672.00",0.00,"83,672.00","72,008.00","11,664.00","24,017.00",0.00,"15,732.00","15,732.00",0.00,"4,010.00",0.00,0.00,"12,257.00",0.00,0.00,0.00,260.00,"11,664.00",0.00,0.00,0.00,0.00,0.00,0.00,0.00,0.00,0.00,0.00,0.00,0.00,0.00
2025-03-17,2025-03-17,2025-03-01,"87,640.00",0.00,"87,640.00","70,987.00","16,653.00","21,550.00",0.00,"17,414.00","17,414.00",0.00,"4,011.00",0.00,0.00,"10,335.00",0.00,0.00,0.00,263.00,"16,653.00",0.00,0.00,0.00,0.00,0.00,0.00,0.00,0.00,0.00,0.00,0.00,0.00,0.00
2025-03-18,2025-03-17,2025-03-01,"101,787.00",0.00,"101,787.00","79,593.00","22,194.00","20,811.00",0.00,"22,285.00","22,285.00",0.00,"4,023.00",0.00,0.00,"9,923.00",0.00,0.00,0.00,266.00,"22,194.00",0.00,0.00,0.00,0.00,0.00,0.00,0.00,0.00,0.00,0.00,0.00,0.00,0.00
2025-03-19,2025-03-17,2025-03-01,"95,541.00",0.00,"95,541.00","72,643.00","22,898.00","20,313.00",0.00,"19,084.00","19,084.00",0.00,"4,011.00",0.00,0.00,"9,914.00",0.00,0.00,0.00,237.00,"22,898.00",0.00,0.00,0.00,0.00,0.00,0.00,0.00,0.00,0.00,0.00,0.00,0.00,0.00
2025-03-20,2025-03-17,2025-03-01,"108,759.00",0.00,"108,759.00","91,710.00","17,049.00","18,692.00",0.00,"30,010.00","30,010.00",0.00,"2,681.00",0.00,0.00,"10,069.00",0.00,0.00,0.00,248.00,"17,049.00",0.00,0.00,0.00,0.00,0.00,0.00,0.00,0.00,0.00,0.00,0.00,0.00,0.00
2025-03-21,2025-03-17,2025-03-01,"93,275.00",0.00,"93,275.00","81,436.00","11,839.00","18,616.00",0.00,"25,182.00","25,182.00",0.00,"2,297.00",0.00,0.00,"9,921.00",0.00,0.00,0.00,238.00,"11,839.00",0.00,0.00,0.00,0.00,0.00,0.00,0.00,0.00,0.00,0.00,0.00,0.00,0.00
2025-03-22,2025-03-17,2025-03-01,"89,593.00",0.00,"89,593.00","80,137.00","9,456.00","16,244.00",0.00,"25,897.00","25,897.00",0.00,"2,005.00",0.00,0.00,"9,844.00",0.00,0.00,0.00,250.00,"9,456.00",0.00,0.00,0.00,0.00,0.00,0.00,0.00,0.00,0.00,0.00,0.00,0.00,0.00
2025-03-23,2025-03-17,2025-03-01,"113,153.00",0.00,"113,153.00","94,943.00","18,210.00","19,719.00",0.00,"31,672.00","31,672.00",0.00,"1,871.00",0.00,0.00,"9,732.00",0.00,0.00,0.00,277.00,"18,210.00",0.00,0.00,0.00,0.00,0.00,0.00,0.00,0.00,0.00,0.00,0.00,0.00,0.00
2025-03-24,2025-03-24,2025-03-01,"100,218.00",0.00,"100,218.00","86,372.00","13,846.00","15,342.00",0.00,"29,929.00","29,929.00",0.00,"1,133.00",0.00,0.00,"9,768.00",0.00,0.00,0.00,271.00,"13,846.00",0.00,0.00,0.00,0.00,0.00,0.00,0.00,0.00,0.00,0.00,0.00,0.00,0.00
2025-03-25,2025-03-24,2025-03-01,"94,518.00",0.00,"94,518.00","80,061.00","14,457.00","15,773.00",0.00,"27,218.00","27,218.00",0.00,0.00,0.00,0.00,"9,604.00",0.00,0.00,0.00,248.00,"14,457.00",0.00,0.00,0.00,0.00,0.00,0.00,0.00,0.00,0.00,0.00,0.00,0.00,0.00
2025-03-26,2025-03-24,2025-03-01,"75,678.00",0.00,"75,678.00","65,135.00","10,543.00","14,874.00",0.00,"21,343.00","21,343.00",0.00,0.00,0.00,0.00,"7,338.00",0.00,0.00,0.00,237.00,"10,543.00",0.00,0.00,0.00,0.00,0.00,0.00,0.00,0.00,0.00,0.00,0.00,0.00,0.00
2025-03-27,2025-03-24,2025-03-01,"84,836.00",0.00,"84,836.00","77,031.00","7,805.00","14,199.00",0.00,"27,586.00","27,586.00",0.00,0.00,0.00,0.00,"7,425.00",0.00,0.00,0.00,235.00,"7,805.00",0.00,0.00,0.00,0.00,0.00,0.00,0.00,0.00,0.00,0.00,0.00,0.00,0.00
2025-03-28,2025-03-24,2025-03-01,"84,593.00",0.00,"84,593.00","68,037.00","16,556.00","13,478.00",0.00,"23,448.00","23,448.00",0.00,0.00,0.00,0.00,"7,403.00",0.00,0.00,0.00,260.00,"16,556.00",0.00,0.00,0.00,0.00,0.00,0.00,0.00,0.00,0.00,0.00,0.00,0.00,0.00
2025-03-29,2025-03-24,2025-03-01,"66,462.00",0.00,"66,462.00","60,373.00","6,089.00","13,440.00",0.00,"19,676.00","19,676.00",0.00,0.00,0.00,0.00,"7,336.00",0.00,0.00,0.00,245.00,"6,089.00",0.00,0.00,0.00,0.00,0.00,0.00,0.00,0.00,0.00,0.00,0.00,0.00,0.00
2025-03-30,2025-03-24,2025-03-01,"75,021.00",0.00,"75,021.00","68,074.00","6,947.00","13,079.00",0.00,"23,771.00","23,771.00",0.00,0.00,0.00,0.00,"7,182.00",0.00,0.00,0.00,271.00,"6,947.00",0.00,0.00,0.00,0.00,0.00,0.00,0.00,0.00,0.00,0.00,0.00,0.00,0.00
2025-03-31,2025-03-31,2025-03-01,"93,495.00",0.00,"93,495.00","74,458.00","19,037.00","12,187.00",0.00,"27,670.00","27,670.00",0.00,0.00,0.00,0.00,"6,704.00",0.00,0.00,0.00,227.00,"19,037.00",0.00,0.00,0.00,0.00,0.00,0.00,0.00,0.00,0.00,0.00,0.00,0.00,0.00
2025-04-01,2025-03-31,2025-04-01,"73,152.00",0.00,"73,152.00","72,915.00",237.00,"14,952.00",0.00,"25,133.00","25,133.00",0.00,0.00,0.00,0.00,"7,398.00",0.00,0.00,0.00,299.00,237.00,0.00,0.00,0.00,0.00,0.00,0.00,0.00,0.00,0.00,0.00,0.00,0.00,0.00
2025-04-02,2025-03-31,2025-04-01,"68,351.00",0.00,"68,351.00","68,351.00",0.00,"14,889.00",0.00,"22,795.00","22,795.00",0.00,0.00,0.00,0.00,"7,594.00",0.00,0.00,0.00,278.00,0.00,0.00,0.00,0.00,0.00,0.00,0.00,0.00,0.00,0.00,0.00,0.00,0.00,0.00
2025-04-03,2025-03-31,2025-04-01,"74,699.00",0.00,"74,699.00","74,699.00",0.00,"15,194.00",0.00,"25,255.00","25,255.00",0.00,0.00,0.00,0.00,"8,748.00",0.00,0.00,0.00,247.00,0.00,0.00,0.00,0.00,0.00,0.00,0.00,0.00,0.00,0.00,0.00,0.00,0.00,0.00
2025-04-04,2025-03-31,2025-04-01,"78,645.00",0.00,"78,645.00","78,645.00",0.00,"16,926.00",0.00,"26,307.00","26,307.00",0.00,0.00,0.00,0.00,"8,844.00",0.00,0.00,0.00,261.00,0.00,0.00,0.00,0.00,0.00,0.00,0.00,0.00,0.00,0.00,0.00,0.00,0.00,0.00
2025-04-05,2025-03-31,2025-04-01,"79,454.00",0.00,"79,454.00","79,454.00",0.00,"16,256.00",0.00,"27,050.00","27,050.00",0.00,0.00,0.00,0.00,"8,842.00",0.00,0.00,0.00,256.00,0.00,0.00,0.00,0.00,0.00,0.00,0.00,0.00,0.00,0.00,0.00,0.00,0.00,0.00
2025-04-06,2025-03-31,2025-04-01,"88,829.00",0.00,"88,829.00","88,829.00",0.00,"18,353.00",0.00,"30,656.00","30,656.00",0.00,0.00,0.00,0.00,"8,887.00",0.00,0.00,0.00,277.00,0.00,0.00,0.00,0.00,0.00,0.00,0.00,0.00,0.00,0.00,0.00,0.00,0.00,0.00
2025-04-07,2025-04-07,2025-04-01,"92,982.00",0.00,"92,982.00","91,145.00","1,837.00","18,035.00",0.00,"31,044.00","31,044.00",0.00,0.00,0.00,0.00,"10,751.00",0.00,0.00,0.00,271.00,"1,837.00",0.00,0.00,0.00,0.00,0.00,0.00,0.00,0.00,0.00,0.00,0.00,0.00,0.00
2025-04-08,2025-04-07,2025-04-01,"83,243.00",0.00,"83,243.00","81,504.00","1,739.00","17,592.00",0.00,"26,175.00","26,175.00",0.00,0.00,0.00,0.00,"11,292.00",0.00,0.00,0.00,270.00,"1,739.00",0.00,0.00,0.00,0.00,0.00,0.00,0.00,0.00,0.00,0.00,0.00,0.00,0.00
2025-04-09,2025-04-07,2025-04-01,"82,211.00",0.00,"82,211.00","82,190.00",21.00,"16,859.00",0.00,"26,913.00","26,913.00",0.00,0.00,0.00,0.00,"11,243.00",0.00,0.00,0.00,262.00,21.00,0.00,0.00,0.00,0.00,0.00,0.00,0.00,0.00,0.00,0.00,0.00,0.00,0.00
2025-04-10,2025-04-07,2025-04-01,"85,409.00",0.00,"85,409.00","85,386.00",23.00,"18,236.00",0.00,"27,911.00","27,911.00",0.00,0.00,0.00,0.00,"11,278.00",0.00,0.00,0.00,50.00,23.00,0.00,0.00,0.00,0.00,0.00,0.00,0.00,0.00,0.00,0.00,0.00,0.00,0.00
2025-04-11,2025-04-07,2025-04-01,"80,141.00",0.00,"80,141.00","80,060.00",81.00,"19,226.00",0.00,"24,796.00","24,796.00",0.00,0.00,0.00,0.00,"11,242.00",0.00,0.00,0.00,0.00,81.00,0.00,0.00,0.00,0.00,0.00,0.00,0.00,0.00,0.00,0.00,0.00,0.00,0.00
2025-04-12,2025-04-07,2025-04-01,"86,292.00",0.00,"86,292.00","86,227.00",65.00,"20,172.00",0.00,"25,595.00","25,595.00",0.00,0.00,0.00,0.00,"14,865.00",0.00,0.00,0.00,0.00,65.00,0.00,0.00,0.00,0.00,0.00,0.00,0.00,0.00,0.00,0.00,0.00,0.00,0.00
2025-04-13,2025-04-07,2025-04-01,"97,013.00",0.00,"97,013.00","97,013.00",0.00,"25,915.00",0.00,"28,006.00","28,006.00",0.00,0.00,0.00,0.00,"15,086.00",0.00,0.00,0.00,0.00,0.00,0.00,0.00,0.00,0.00,0.00,0.00,0.00,0.00,0.00,0.00,0.00,0.00,0.00
2025-04-14,2025-04-14,2025-04-01,"96,729.00",0.00,"96,729.00","96,729.00",0.00,"23,132.00",0.00,"29,419.00","29,419.00",0.00,0.00,0.00,0.00,"14,759.00",0.00,0.00,0.00,0.00,0.00,0.00,0.00,0.00,0.00,0.00,0.00,0.00,0.00,0.00,0.00,0.00,0.00,0.00
2025-04-15,2025-04-14,2025-04-01,"111,242.00",0.00,"111,242.00","108,765.00","2,477.00","23,323.00",0.00,"36,136.00","36,136.00",0.00,0.00,0.00,0.00,"13,170.00",0.00,0.00,0.00,0.00,"2,477.00",0.00,0.00,0.00,0.00,0.00,0.00,0.00,0.00,0.00,0.00,0.00,0.00,0.00
2025-04-16,2025-04-14,2025-04-01,"127,743.00",0.00,"127,743.00","125,776.00","1,967.00","23,376.00",0.00,"44,200.00","44,200.00","1,057.00",0.00,0.00,0.00,"12,943.00",0.00,0.00,0.00,0.00,"1,967.00",0.00,0.00,0.00,0.00,0.00,0.00,0.00,0.00,0.00,0.00,0.00,0.00,0.00
2025-04-17,2025-04-14,2025-04-01,"109,999.00",0.00,"109,999.00","109,999.00",0.00,"22,707.00",0.00,"36,923.00","36,923.00",471.00,0.00,0.00,0.00,"12,975.00",0.00,0.00,0.00,0.00,0.00,0.00,0.00,0.00,0.00,0.00,0.00,0.00,0.00,0.00,0.00,0.00,0.00,0.00
2025-04-18,2025-04-14,2025-04-01,"115,043.00",0.00,"115,043.00","109,491.00","5,552.00","20,408.00",0.00,"37,868.00","37,868.00",479.00,0.00,0.00,0.00,"12,868.00",0.00,0.00,0.00,0.00,"5,552.00",0.00,0.00,0.00,0.00,0.00,0.00,0.00,0.00,0.00,0.00,0.00,0.00,0.00
2025-04-19,2025-04-14,2025-04-01,"118,868.00",0.00,"118,868.00","114,695.00","4,173.00","24,039.00",0.00,"41,080.00","41,080.00",490.00,0.00,0.00,0.00,"8,006.00",0.00,0.00,0.00,0.00,"4,173.00",0.00,0.00,0.00,0.00,0.00,0.00,0.00,0.00,0.00,0.00,0.00,0.00,0.00
2025-04-20,2025-04-14,2025-04-01,"87,572.00",0.00,"87,572.00","79,947.00","7,625.00","20,989.00",0.00,"26,163.00","26,163.00",486.00,0.00,0.00,0.00,"6,146.00",0.00,0.00,0.00,0.00,"7,625.00",0.00,0.00,0.00,0.00,0.00,0.00,0.00,0.00,0.00,0.00,0.00,0.00,0.00
2025-04-21,2025-04-21,2025-04-01,"90,775.00",0.00,"90,775.00","78,162.00","12,613.00","17,362.00",0.00,"27,032.00","27,032.00",471.00,0.00,0.00,0.00,"6,265.00",0.00,0.00,0.00,0.00,"12,613.00",0.00,0.00,0.00,0.00,0.00,0.00,0.00,0.00,0.00,0.00,0.00,0.00,0.00
2025-04-22,2025-04-21,2025-04-01,"103,158.00",0.00,"103,158.00","90,295.00","12,863.00","15,041.00",0.00,"34,486.00","34,486.00",70.00,0.00,0.00,0.00,"6,212.00",0.00,0.00,0.00,0.00,"12,863.00",0.00,0.00,0.00,0.00,0.00,0.00,0.00,0.00,0.00,0.00,0.00,0.00,0.00
2025-04-23,2025-04-21,2025-04-01,"128,509.00",0.00,"128,509.00","108,259.00","20,250.00","19,413.00",0.00,"39,048.00","39,048.00",0.00,0.00,0.00,0.00,"10,750.00",0.00,0.00,0.00,0.00,"20,250.00",0.00,0.00,0.00,0.00,0.00,0.00,0.00,0.00,0.00,0.00,0.00,0.00,0.00
2025-04-24,2025-04-21,2025-04-01,"126,529.00",0.00,"126,529.00","108,320.00","18,209.00","19,220.00",0.00,"40,785.00","40,785.00",78.00,0.00,0.00,0.00,"7,452.00",0.00,0.00,0.00,0.00,"18,209.00",0.00,0.00,0.00,0.00,0.00,0.00,0.00,0.00,0.00,0.00,0.00,0.00,0.00
2025-04-25,2025-04-21,2025-04-01,"111,163.00",0.00,"111,163.00","91,146.00","20,017.00","18,606.00",0.00,"34,372.00","34,372.00",698.00,0.00,0.00,0.00,"3,098.00",0.00,0.00,0.00,0.00,"20,017.00",0.00,0.00,0.00,0.00,0.00,0.00,0.00,0.00,0.00,0.00,0.00,0.00,0.00
2025-04-26,2025-04-21,2025-04-01,"99,127.00",0.00,"99,127.00","88,826.00","10,301.00","18,101.00",0.00,"33,407.00","33,407.00",840.00,0.00,0.00,0.00,"3,071.00",0.00,0.00,0.00,0.00,"10,301.00",0.00,0.00,0.00,0.00,0.00,0.00,0.00,0.00,0.00,0.00,0.00,0.00,0.00
2025-04-27,2025-04-21,2025-04-01,"108,355.00",0.00,"108,355.00","98,577.00","9,778.00","15,992.00",0.00,"38,834.00","38,834.00",423.00,0.00,0.00,0.00,"4,494.00",0.00,0.00,0.00,0.00,"9,778.00",0.00,0.00,0.00,0.00,0.00,0.00,0.00,0.00,0.00,0.00,0.00,0.00,0.00
2025-04-28,2025-04-28,2025-04-01,"135,136.00",0.00,"135,136.00","114,094.00","21,042.00","20,497.00",0.00,"44,264.00","44,264.00",435.00,0.00,0.00,0.00,"4,634.00",0.00,0.00,0.00,0.00,"21,042.00",0.00,0.00,0.00,0.00,0.00,0.00,0.00,0.00,0.00,0.00,0.00,0.00,0.00
2025-04-29,2025-04-28,2025-04-01,"132,135.00",0.00,"132,135.00","116,102.00","16,033.00","20,508.00",0.00,"45,177.00","45,177.00",700.00,0.00,0.00,0.00,"4,540.00",0.00,0.00,0.00,0.00,"16,033.00",0.00,0.00,0.00,0.00,0.00,0.00,0.00,0.00,0.00,0.00,0.00,0.00,0.00
2025-04-30,2025-04-28,2025-04-01,"126,976.00",0.00,"126,976.00","110,574.00","16,402.00","18,329.00",0.00,"43,526.00","43,526.00",855.00,0.00,0.00,0.00,"4,338.00",0.00,0.00,0.00,0.00,"16,402.00",0.00,0.00,0.00,0.00,0.00,0.00,0.00,0.00,0.00,0.00,0.00,0.00,0.00
2025-05-01,2025-04-28,2025-05-01,"98,286.00",0.00,"98,286.00","89,136.00","9,150.00","18,298.00",0.00,"32,701.00","32,701.00",936.00,0.00,0.00,0.00,"4,500.00",0.00,0.00,0.00,0.00,"9,150.00",0.00,0.00,0.00,0.00,0.00,0.00,0.00,0.00,0.00,0.00,0.00,0.00,0.00
2025-05-02,2025-04-28,2025-05-01,"117,254.00",0.00,"117,254.00","99,995.00","17,259.00","17,050.00",0.00,"38,711.00","38,711.00",948.00,0.00,0.00,0.00,"4,575.00",0.00,0.00,0.00,0.00,"17,259.00",0.00,0.00,0.00,0.00,0.00,0.00,0.00,0.00,0.00,0.00,0.00,0.00,0.00
2025-05-03,2025-04-28,2025-05-01,"115,878.00",0.00,"115,878.00","102,876.00","13,002.00","17,696.00",0.00,"39,770.00","39,770.00","1,066.00",0.00,0.00,0.00,"4,574.00",0.00,0.00,0.00,0.00,"13,002.00",0.00,0.00,0.00,0.00,0.00,0.00,0.00,0.00,0.00,0.00,0.00,0.00,0.00
2025-05-04,2025-04-28,2025-05-01,"110,639.00",0.00,"110,639.00","96,937.00","13,702.00","19,221.00",0.00,"36,073.00","36,073.00",957.00,0.00,0.00,0.00,"4,613.00",0.00,0.00,0.00,0.00,"13,702.00",0.00,0.00,0.00,0.00,0.00,0.00,0.00,0.00,0.00,0.00,0.00,0.00,0.00
2025-05-05,2025-05-05,2025-05-01,"113,273.00",0.00,"113,273.00","92,033.00","21,240.00","18,297.00",0.00,"34,051.00","34,051.00","1,036.00",0.00,0.00,0.00,"4,598.00",0.00,0.00,0.00,0.00,"21,240.00",0.00,0.00,0.00,0.00,0.00,0.00,0.00,0.00,0.00,0.00,0.00,0.00,0.00
2025-05-06,2025-05-05,2025-05-01,"96,947.00",0.00,"96,947.00","77,623.00","19,324.00","17,460.00",0.00,"27,352.00","27,352.00",773.00,0.00,0.00,0.00,"4,686.00",0.00,0.00,0.00,0.00,"19,324.00",0.00,0.00,0.00,0.00,0.00,0.00,0.00,0.00,0.00,0.00,0.00,0.00,0.00
2025-05-07,2025-05-05,2025-05-01,"84,470.00",0.00,"84,470.00","69,755.00","14,715.00","17,600.00",0.00,"23,196.00","23,196.00","1,181.00",0.00,0.00,0.00,"4,582.00",0.00,0.00,0.00,0.00,"14,715.00",0.00,0.00,0.00,0.00,0.00,0.00,0.00,0.00,0.00,0.00,0.00,0.00,0.00
2025-05-08,2025-05-05,2025-05-01,"75,333.00",0.00,"75,333.00","61,598.00","13,735.00","18,503.00",0.00,"18,721.00","18,721.00","1,034.00",0.00,0.00,0.00,"4,619.00",0.00,0.00,0.00,0.00,"13,735.00",0.00,0.00,0.00,0.00,0.00,0.00,0.00,0.00,0.00,0.00,0.00,0.00,0.00
2025-05-09,2025-05-05,2025-05-01,"82,852.00",0.00,"82,852.00","64,345.00","18,507.00","22,783.00",0.00,"17,939.00","17,939.00","1,123.00",0.00,0.00,0.00,"4,561.00",0.00,0.00,0.00,0.00,"18,507.00",0.00,0.00,0.00,0.00,0.00,0.00,0.00,0.00,0.00,0.00,0.00,0.00,0.00
2025-05-10,2025-05-05,2025-05-01,"86,702.00",0.00,"86,702.00","76,021.00","10,681.00","26,110.00",0.00,"22,258.00","22,258.00",971.00,0.00,0.00,0.00,"4,424.00",0.00,0.00,0.00,0.00,"10,681.00",0.00,0.00,0.00,0.00,0.00,0.00,0.00,0.00,0.00,0.00,0.00,0.00,0.00
2025-05-11,2025-05-05,2025-05-01,"115,477.00",0.00,"115,477.00","102,399.00","13,078.00","28,972.00",0.00,"33,892.00","33,892.00","1,056.00",0.00,0.00,0.00,"4,587.00",0.00,0.00,0.00,0.00,"13,078.00",0.00,0.00,0.00,0.00,0.00,0.00,0.00,0.00,0.00,0.00,0.00,0.00,0.00
2025-05-12,2025-05-12,2025-05-01,"213,599.00",0.00,"213,599.00","199,549.00","14,050.00","27,487.00",0.00,"83,337.00","83,337.00",814.00,0.00,0.00,0.00,"4,574.00",0.00,0.00,0.00,0.00,"14,050.00",0.00,0.00,0.00,0.00,0.00,0.00,0.00,0.00,0.00,0.00,0.00,0.00,0.00
2025-05-13,2025-05-12,2025-05-01,"133,467.00",0.00,"133,467.00","124,020.00","9,447.00","25,116.00",0.00,"46,301.00","46,301.00","1,781.00",0.00,0.00,0.00,"4,521.00",0.00,0.00,0.00,0.00,"9,447.00",0.00,0.00,0.00,0.00,0.00,0.00,0.00,0.00,0.00,0.00,0.00,0.00,0.00
2025-05-14,2025-05-12,2025-05-01,"126,578.00",0.00,"126,578.00","115,534.00","11,044.00","24,858.00",0.00,"41,532.00","41,532.00","3,117.00",0.00,0.00,0.00,"4,495.00",0.00,0.00,0.00,0.00,"11,044.00",0.00,0.00,0.00,0.00,0.00,0.00,0.00,0.00,0.00,0.00,0.00,0.00,0.00
2025-05-15,2025-05-12,2025-05-01,"101,646.00",0.00,"101,646.00","87,517.00","14,129.00","20,068.00",0.00,"30,654.00","30,654.00","1,704.00",0.00,0.00,0.00,"4,437.00",0.00,0.00,0.00,0.00,"14,129.00",0.00,0.00,0.00,0.00,0.00,0.00,0.00,0.00,0.00,0.00,0.00,0.00,0.00
2025-05-16,2025-05-12,2025-05-01,"93,744.00",0.00,"93,744.00","83,889.00","9,855.00","17,922.00",0.00,"30,009.00","30,009.00","1,415.00",0.00,0.00,0.00,"4,534.00",0.00,0.00,0.00,0.00,"9,855.00",0.00,0.00,0.00,0.00,0.00,0.00,0.00,0.00,0.00,0.00,0.00,0.00,0.00
2025-05-17,2025-05-12,2025-05-01,"91,336.00",0.00,"91,336.00","83,482.00","7,854.00","17,952.00",0.00,"29,632.00","29,632.00","1,884.00",0.00,0.00,0.00,"4,382.00",0.00,0.00,0.00,0.00,"7,854.00",0.00,0.00,0.00,0.00,0.00,0.00,0.00,0.00,0.00,0.00,0.00,0.00,0.00
2025-05-18,2025-05-12,2025-05-01,"33,091.00",0.00,"33,091.00","22,137.00","10,954.00","20,795.00",0.00,638.00,638.00,48.00,0.00,0.00,0.00,18.00,0.00,0.00,0.00,0.00,"10,954.00",0.00,0.00,0.00,0.00,0.00,0.00,0.00,0.00,0.00,0.00,0.00,0.00,0.00
2025-05-19,2025-05-19,2025-05-01,"96,078.00",0.00,"96,078.00","81,493.00","14,585.00","17,670.00",0.00,"26,517.00","26,517.00","2,102.00",0.00,0.00,0.00,"8,687.00",0.00,0.00,0.00,0.00,"14,585.00",0.00,0.00,0.00,0.00,0.00,0.00,0.00,0.00,0.00,0.00,0.00,0.00,0.00
2025-05-20,2025-05-19,2025-05-01,"91,426.00",0.00,"91,426.00","78,121.00","13,305.00","13,166.00",0.00,"28,586.00","28,586.00","2,846.00",0.00,0.00,0.00,"4,937.00",0.00,0.00,0.00,0.00,"13,305.00",0.00,0.00,0.00,0.00,0.00,0.00,0.00,0.00,0.00,0.00,0.00,0.00,0.00
2025-05-21,2025-05-19,2025-05-01,"93,074.00",0.00,"93,074.00","74,767.00","18,307.00","17,810.00",0.00,"24,243.00","24,243.00","3,668.00",0.00,0.00,0.00,"4,803.00",0.00,0.00,0.00,0.00,"18,307.00",0.00,0.00,0.00,0.00,0.00,0.00,0.00,0.00,0.00,0.00,0.00,0.00,0.00
2025-05-22,2025-05-19,2025-05-01,"74,734.00",0.00,"74,734.00","62,972.00","11,762.00","15,026.00",0.00,"20,352.00","20,352.00","2,523.00",0.00,0.00,0.00,"4,719.00",0.00,0.00,0.00,0.00,"11,762.00",0.00,0.00,0.00,0.00,0.00,0.00,0.00,0.00,0.00,0.00,0.00,0.00,0.00
2025-05-23,2025-05-19,2025-05-01,"69,057.00",0.00,"69,057.00","57,239.00","11,818.00","14,025.00",0.00,"18,694.00","18,694.00","1,189.00",0.00,0.00,0.00,"4,637.00",0.00,0.00,0.00,0.00,"11,818.00",0.00,0.00,0.00,0.00,0.00,0.00,0.00,0.00,0.00,0.00,0.00,0.00,0.00
2025-05-24,2025-05-19,2025-05-01,"101,770.00",0.00,"101,770.00","95,722.00","6,048.00","43,649.00",0.00,"22,177.00","22,177.00","3,184.00",0.00,0.00,0.00,"4,535.00",0.00,0.00,0.00,0.00,"6,048.00",0.00,0.00,0.00,0.00,0.00,0.00,0.00,0.00,0.00,0.00,0.00,0.00,0.00
2025-05-25,2025-05-19,2025-05-01,"105,274.00",0.00,"105,274.00","96,068.00","9,206.00","35,078.00",0.00,"26,751.00","26,751.00","3,032.00",0.00,0.00,0.00,"4,456.00",0.00,0.00,0.00,0.00,"9,206.00",0.00,0.00,0.00,0.00,0.00,0.00,0.00,0.00,0.00,0.00,0.00,0.00,0.00
2025-05-26,2025-05-26,2025-05-01,"100,420.00",0.00,"100,420.00","86,937.00","13,483.00","30,874.00",0.00,"24,386.00","24,386.00","2,948.00",0.00,0.00,0.00,"4,343.00",0.00,0.00,0.00,0.00,"13,483.00",0.00,0.00,0.00,0.00,0.00,0.00,0.00,0.00,0.00,0.00,0.00,0.00,0.00
2025-05-27,2025-05-26,2025-05-01,"97,481.00",0.00,"97,481.00","85,492.00","11,989.00","27,890.00",0.00,"25,878.00","25,878.00","2,145.00",0.00,0.00,0.00,"3,701.00",0.00,0.00,0.00,0.00,"11,989.00",0.00,0.00,0.00,0.00,0.00,0.00,0.00,0.00,0.00,0.00,0.00,0.00,0.00
2025-05-28,2025-05-26,2025-05-01,"84,901.00",0.00,"84,901.00","76,014.00","8,887.00","28,816.00",0.00,"20,333.00","20,333.00","2,819.00",0.00,0.00,0.00,"3,713.00",0.00,0.00,0.00,0.00,"8,887.00",0.00,0.00,0.00,0.00,0.00,0.00,0.00,0.00,0.00,0.00,0.00,0.00,0.00
2025-05-29,2025-05-26,2025-05-01,"96,752.00",0.00,"96,752.00","77,101.00","19,651.00","30,182.00",0.00,"20,338.00","20,338.00","2,527.00",0.00,0.00,0.00,"3,716.00",0.00,0.00,0.00,0.00,"19,651.00",0.00,0.00,0.00,0.00,0.00,0.00,0.00,0.00,0.00,0.00,0.00,0.00,0.00
2025-05-30,2025-05-26,2025-05-01,"81,969.00",0.00,"81,969.00","67,315.00","14,654.00","25,150.00",0.00,"18,011.00","18,011.00","2,398.00",0.00,0.00,0.00,"3,745.00",0.00,0.00,0.00,0.00,"14,654.00",0.00,0.00,0.00,0.00,0.00,0.00,0.00,0.00,0.00,0.00,0.00,0.00,0.00
2025-05-31,2025-05-26,2025-05-01,"77,453.00",0.00,"77,453.00","71,810.00","5,643.00","28,585.00",0.00,"18,935.00","18,935.00","1,749.00",0.00,0.00,0.00,"3,606.00",0.00,0.00,0.00,0.00,"5,643.00",0.00,0.00,0.00,0.00,0.00,0.00,0.00,0.00,0.00,0.00,0.00,0.00,0.00
2025-06-01,2025-05-26,2025-06-01,"82,905.00",0.00,"82,905.00","82,851.00",54.00,"31,242.00",0.00,"22,167.00","22,167.00","2,493.00",0.00,0.00,0.00,"4,782.00",0.00,0.00,0.00,0.00,54.00,0.00,0.00,0.00,0.00,0.00,0.00,0.00,0.00,0.00,0.00,0.00,0.00,0.00
2025-06-02,2025-06-02,2025-06-01,"85,596.00",0.00,"85,596.00","85,596.00",0.00,"23,736.00",0.00,"26,118.00","26,118.00","1,485.00",0.00,0.00,0.00,"8,139.00",0.00,0.00,0.00,0.00,0.00,0.00,0.00,0.00,0.00,0.00,0.00,0.00,0.00,0.00,0.00,0.00,0.00,0.00
2025-06-03,2025-06-02,2025-06-01,"73,719.00",0.00,"73,719.00","67,930.00","5,789.00","17,694.00",0.00,"19,449.00","19,449.00","2,681.00",0.00,0.00,0.00,"8,657.00",0.00,0.00,0.00,0.00,"5,789.00",0.00,0.00,0.00,0.00,0.00,0.00,0.00,0.00,0.00,0.00,0.00,0.00,0.00
2025-06-04,2025-06-02,2025-06-01,"62,719.00",0.00,"62,719.00","62,719.00",0.00,"17,463.00",0.00,"17,126.00","17,126.00","2,714.00",0.00,0.00,0.00,"8,290.00",0.00,0.00,0.00,0.00,0.00,0.00,0.00,0.00,0.00,0.00,0.00,0.00,0.00,0.00,0.00,0.00,0.00,0.00
2025-06-05,2025-06-02,2025-06-01,"77,257.00",0.00,"77,257.00","77,257.00",0.00,"17,558.00",0.00,"25,166.00","25,166.00","1,340.00",0.00,0.00,0.00,"8,027.00",0.00,0.00,0.00,0.00,0.00,0.00,0.00,0.00,0.00,0.00,0.00,0.00,0.00,0.00,0.00,0.00,0.00,0.00
2025-06-06,2025-06-02,2025-06-01,"68,040.00",0.00,"68,040.00","68,040.00",0.00,"17,369.00",0.00,"20,048.00","20,048.00","2,244.00",0.00,0.00,0.00,"8,331.00",0.00,0.00,0.00,0.00,0.00,0.00,0.00,0.00,0.00,0.00,0.00,0.00,0.00,0.00,0.00,0.00,0.00,0.00
2025-06-07,2025-06-02,2025-06-01,"68,570.00",0.00,"68,570.00","68,570.00",0.00,"16,891.00",0.00,"20,329.00","20,329.00","2,704.00",0.00,0.00,0.00,"8,317.00",0.00,0.00,0.00,0.00,0.00,0.00,0.00,0.00,0.00,0.00,0.00,0.00,0.00,0.00,0.00,0.00,0.00,0.00
2025-06-08,2025-06-02,2025-06-01,"81,325.00",0.00,"81,325.00","66,228.00","15,097.00","18,113.00",0.00,"18,757.00","18,757.00","2,302.00",0.00,0.00,0.00,"8,299.00",0.00,0.00,0.00,0.00,"15,097.00",0.00,0.00,0.00,0.00,0.00,0.00,0.00,0.00,0.00,0.00,0.00,0.00,0.00
2025-06-09,2025-06-09,2025-06-01,"80,937.00",0.00,"80,937.00","65,994.00","14,943.00","19,627.00",0.00,"17,990.00","17,990.00","3,861.00",0.00,0.00,0.00,"6,526.00",0.00,0.00,0.00,0.00,"14,943.00",0.00,0.00,0.00,0.00,0.00,0.00,0.00,0.00,0.00,0.00,0.00,0.00,0.00
2025-06-10,2025-06-09,2025-06-01,"86,533.00",0.00,"86,533.00","75,309.00","11,224.00","17,735.00",0.00,"21,772.00","21,772.00","7,331.00",0.00,0.00,0.00,"6,699.00",0.00,0.00,0.00,0.00,"11,224.00",0.00,0.00,0.00,0.00,0.00,0.00,0.00,0.00,0.00,0.00,0.00,0.00,0.00
2025-06-11,2025-06-09,2025-06-01,"131,438.00",0.00,"131,438.00","119,568.00","11,870.00","16,967.00",0.00,"42,783.00","42,783.00","10,485.00",0.00,0.00,0.00,"6,550.00",0.00,0.00,0.00,0.00,"11,870.00",0.00,0.00,0.00,0.00,0.00,0.00,0.00,0.00,0.00,0.00,0.00,0.00,0.00
2025-06-12,2025-06-09,2025-06-01,"146,651.00",0.00,"146,651.00","135,593.00","11,058.00","16,500.00",0.00,"50,310.00","50,310.00","11,820.00",0.00,0.00,0.00,"6,653.00",0.00,0.00,0.00,0.00,"11,058.00",0.00,0.00,0.00,0.00,0.00,0.00,0.00,0.00,0.00,0.00,0.00,0.00,0.00
2025-06-13,2025-06-09,2025-06-01,"145,202.00",0.00,"145,202.00","136,418.00","8,784.00","15,722.00",0.00,"51,339.00","51,339.00","12,980.00",0.00,0.00,0.00,"5,038.00",0.00,0.00,0.00,0.00,"8,784.00",0.00,0.00,0.00,0.00,0.00,0.00,0.00,0.00,0.00,0.00,0.00,0.00,0.00
2025-06-14,2025-06-09,2025-06-01,"151,831.00",0.00,"151,831.00","142,902.00","8,929.00","15,606.00",0.00,"53,844.00","53,844.00","14,382.00",0.00,0.00,0.00,"5,226.00",0.00,0.00,0.00,0.00,"8,929.00",0.00,0.00,0.00,0.00,0.00,0.00,0.00,0.00,0.00,0.00,0.00,0.00,0.00
2025-06-15,2025-06-09,2025-06-01,"177,790.00",0.00,"177,790.00","165,215.00","12,575.00","17,421.00",0.00,"63,888.00","63,888.00","14,851.00",0.00,0.00,0.00,"5,167.00",0.00,0.00,0.00,0.00,"12,575.00",0.00,0.00,0.00,0.00,0.00,0.00,0.00,0.00,0.00,0.00,0.00,0.00,0.00
2025-06-16,2025-06-16,2025-06-01,"178,648.00",0.00,"178,648.00","161,672.00","16,976.00","17,135.00",0.00,"63,107.00","63,107.00","13,127.00",0.00,0.00,0.00,"5,196.00",0.00,0.00,0.00,0.00,"16,976.00",0.00,0.00,0.00,0.00,0.00,0.00,0.00,0.00,0.00,0.00,0.00,0.00,0.00
2025-06-17,2025-06-16,2025-06-01,"183,483.00",0.00,"183,483.00","173,043.00","10,440.00","16,658.00",0.00,"67,137.00","67,137.00","16,939.00",0.00,0.00,0.00,"5,172.00",0.00,0.00,0.00,0.00,"10,440.00",0.00,0.00,0.00,0.00,0.00,0.00,0.00,0.00,0.00,0.00,0.00,0.00,0.00
2025-06-18,2025-06-16,2025-06-01,"138,537.00",0.00,"138,537.00","127,521.00","11,016.00","16,030.00",0.00,"50,838.00","50,838.00","5,829.00",0.00,0.00,0.00,"3,986.00",0.00,0.00,0.00,0.00,"11,016.00",0.00,0.00,0.00,0.00,0.00,0.00,0.00,0.00,0.00,0.00,0.00,0.00,0.00
2025-06-19,2025-06-16,2025-06-01,"127,066.00",0.00,"127,066.00","114,153.00","12,913.00","15,496.00",0.00,"46,630.00","46,630.00","1,226.00",0.00,0.00,0.00,"4,171.00",0.00,0.00,0.00,0.00,"12,913.00",0.00,0.00,0.00,0.00,0.00,0.00,0.00,0.00,0.00,0.00,0.00,0.00,0.00
2025-06-20,2025-06-16,2025-06-01,"117,117.00",0.00,"117,117.00","105,618.00","11,499.00","17,428.00",0.00,"40,633.00","40,633.00","3,404.00",0.00,0.00,0.00,"3,520.00",0.00,0.00,0.00,0.00,"11,499.00",0.00,0.00,0.00,0.00,0.00,0.00,0.00,0.00,0.00,0.00,0.00,0.00,0.00
2025-06-21,2025-06-16,2025-06-01,"127,974.00",0.00,"127,974.00","118,332.00","9,642.00","17,983.00",0.00,"46,401.00","46,401.00","3,935.00",0.00,0.00,0.00,"3,612.00",0.00,0.00,0.00,0.00,"9,642.00",0.00,0.00,0.00,0.00,0.00,0.00,0.00,0.00,0.00,0.00,0.00,0.00,0.00
2025-06-22,2025-06-16,2025-06-01,"130,877.00",0.00,"130,877.00","118,812.00","12,065.00","19,435.00",0.00,"45,886.00","45,886.00","3,967.00",0.00,0.00,0.00,"3,638.00",0.00,0.00,0.00,0.00,"12,065.00",0.00,0.00,0.00,0.00,0.00,0.00,0.00,0.00,0.00,0.00,0.00,0.00,0.00
2025-06-23,2025-06-23,2025-06-01,"160,402.00",0.00,"160,402.00","143,770.00","16,632.00","18,903.00",0.00,"59,097.00","59,097.00","3,063.00",0.00,0.00,0.00,"3,610.00",0.00,0.00,0.00,0.00,"16,632.00",0.00,0.00,0.00,0.00,0.00,0.00,0.00,0.00,0.00,0.00,0.00,0.00,0.00
2025-06-24,2025-06-23,2025-06-01,"111,174.00",0.00,"111,174.00","98,136.00","13,038.00","17,992.00",0.00,"35,312.00","35,312.00","1,951.00",0.00,0.00,0.00,"7,569.00",0.00,0.00,0.00,0.00,"13,038.00",0.00,0.00,0.00,0.00,0.00,0.00,0.00,0.00,0.00,0.00,0.00,0.00,0.00
2025-06-25,2025-06-23,2025-06-01,"92,894.00",0.00,"92,894.00","80,473.00","12,421.00","17,835.00",0.00,"26,217.00","26,217.00","2,486.00",0.00,0.00,0.00,"7,718.00",0.00,0.00,0.00,0.00,"12,421.00",0.00,0.00,0.00,0.00,0.00,0.00,0.00,0.00,0.00,0.00,0.00,0.00,0.00
2025-06-26,2025-06-23,2025-06-01,"78,801.00",0.00,"78,801.00","67,562.00","11,239.00","18,266.00",0.00,"19,503.00","19,503.00","3,801.00",0.00,0.00,0.00,"6,489.00",0.00,0.00,0.00,0.00,"11,239.00",0.00,0.00,0.00,0.00,0.00,0.00,0.00,0.00,0.00,0.00,0.00,0.00,0.00
2025-06-27,2025-06-23,2025-06-01,"63,627.00",0.00,"63,627.00","54,136.00","9,491.00","18,179.00",0.00,"13,841.00","13,841.00","2,817.00",0.00,0.00,0.00,"5,458.00",0.00,0.00,0.00,0.00,"9,491.00",0.00,0.00,0.00,0.00,0.00,0.00,0.00,0.00,0.00,0.00,0.00,0.00,0.00
2025-06-28,2025-06-23,2025-06-01,"64,159.00",0.00,"64,159.00","56,828.00","7,331.00","19,086.00",0.00,"13,280.00","13,280.00","2,818.00",0.00,0.00,0.00,"8,364.00",0.00,0.00,0.00,0.00,"7,331.00",0.00,0.00,0.00,0.00,0.00,0.00,0.00,0.00,0.00,0.00,0.00,0.00,0.00
2025-06-29,2025-06-23,2025-06-01,"75,874.00",0.00,"75,874.00","68,353.00","7,521.00","20,217.00",0.00,"17,745.00","17,745.00","3,051.00",0.00,0.00,0.00,"9,595.00",0.00,0.00,0.00,0.00,"7,521.00",0.00,0.00,0.00,0.00,0.00,0.00,0.00,0.00,0.00,0.00,0.00,0.00,0.00
2025-06-30,2025-06-30,2025-06-01,"88,445.00",0.00,"88,445.00","78,044.00","10,401.00","19,595.00",0.00,"23,669.00","23,669.00","4,186.00",0.00,0.00,0.00,"6,925.00",0.00,0.00,0.00,0.00,"10,401.00",0.00,0.00,0.00,0.00,0.00,0.00,0.00,0.00,0.00,0.00,0.00,0.00,0.00
2025-07-01,2025-06-30,2025-07-01,"79,981.00",0.00,"79,981.00","79,942.00",39.00,"19,729.00",0.00,"24,540.00","24,540.00","2,948.00",0.00,0.00,0.00,"8,185.00",0.00,0.00,0.00,0.00,39.00,0.00,0.00,0.00,0.00,0.00,0.00,0.00,0.00,0.00,0.00,0.00,0.00,0.00
2025-07-02,2025-06-30,2025-07-01,"79,247.00",0.00,"79,247.00","79,247.00",0.00,"18,972.00",0.00,"25,834.00","25,834.00","4,124.00",0.00,0.00,0.00,"4,483.00",0.00,0.00,0.00,0.00,0.00,0.00,0.00,0.00,0.00,0.00,0.00,0.00,0.00,0.00,0.00,0.00,0.00,0.00
2025-07-03,2025-06-30,2025-07-01,"83,130.00",0.00,"83,130.00","83,130.00",0.00,"18,806.00",0.00,"28,724.00","28,724.00","3,326.00",0.00,0.00,0.00,"3,550.00",0.00,0.00,0.00,0.00,0.00,0.00,0.00,0.00,0.00,0.00,0.00,0.00,0.00,0.00,0.00,0.00,0.00,0.00
2025-07-04,2025-06-30,2025-07-01,"81,874.00",0.00,"81,874.00","81,874.00",0.00,"21,968.00",0.00,"26,449.00","26,449.00","3,433.00",0.00,0.00,0.00,"3,575.00",0.00,0.00,0.00,0.00,0.00,0.00,0.00,0.00,0.00,0.00,0.00,0.00,0.00,0.00,0.00,0.00,0.00,0.00
2025-07-05,2025-06-30,2025-07-01,"67,064.00",0.00,"67,064.00","67,064.00",0.00,"21,870.00",0.00,"18,777.00","18,777.00","4,067.00",0.00,0.00,0.00,"3,573.00",0.00,0.00,0.00,0.00,0.00,0.00,0.00,0.00,0.00,0.00,0.00,0.00,0.00,0.00,0.00,0.00,0.00,0.00
2025-07-06,2025-06-30,2025-07-01,"75,294.00",0.00,"75,294.00","75,294.00",0.00,"23,545.00",0.00,"22,494.00","22,494.00","3,198.00",0.00,0.00,0.00,"3,563.00",0.00,0.00,0.00,0.00,0.00,0.00,0.00,0.00,0.00,0.00,0.00,0.00,0.00,0.00,0.00,0.00,0.00,0.00
2025-07-07,2025-07-07,2025-07-01,"86,193.00",0.00,"86,193.00","67,683.00","18,510.00","21,982.00",0.00,"19,321.00","19,321.00","3,508.00",0.00,0.00,0.00,"3,551.00",0.00,0.00,0.00,0.00,"18,510.00",0.00,0.00,0.00,0.00,0.00,0.00,0.00,0.00,0.00,0.00,0.00,0.00,0.00
2025-07-08,2025-07-07,2025-07-01,"102,673.00",0.00,"102,673.00","88,771.00","13,902.00","21,283.00",0.00,"30,542.00","30,542.00","2,852.00",0.00,0.00,0.00,"3,552.00",0.00,0.00,0.00,0.00,"13,902.00",0.00,0.00,0.00,0.00,0.00,0.00,0.00,0.00,0.00,0.00,0.00,0.00,0.00
2025-07-09,2025-07-07,2025-07-01,"109,910.00",0.00,"109,910.00","96,047.00","13,863.00","20,477.00",0.00,"33,915.00","33,915.00","4,194.00",0.00,0.00,0.00,"3,546.00",0.00,0.00,0.00,0.00,"13,863.00",0.00,0.00,0.00,0.00,0.00,0.00,0.00,0.00,0.00,0.00,0.00,0.00,0.00
2025-07-10,2025-07-07,2025-07-01,"97,489.00",0.00,"97,489.00","90,079.00","7,410.00","17,942.00",0.00,"32,600.00","32,600.00","3,402.00",0.00,0.00,0.00,"3,535.00",0.00,0.00,0.00,0.00,"7,410.00",0.00,0.00,0.00,0.00,0.00,0.00,0.00,0.00,0.00,0.00,0.00,0.00,0.00
2025-07-11,2025-07-07,2025-07-01,"82,747.00",0.00,"82,747.00","73,174.00","9,573.00","19,750.00",0.00,"23,350.00","23,350.00","3,198.00",0.00,0.00,0.00,"3,526.00",0.00,0.00,0.00,0.00,"9,573.00",0.00,0.00,0.00,0.00,0.00,0.00,0.00,0.00,0.00,0.00,0.00,0.00,0.00
2025-07-12,2025-07-07,2025-07-01,"62,214.00",0.00,"62,214.00","56,091.00","6,123.00","19,978.00",0.00,"14,502.00","14,502.00","3,590.00",0.00,0.00,0.00,"3,519.00",0.00,0.00,0.00,0.00,"6,123.00",0.00,0.00,0.00,0.00,0.00,0.00,0.00,0.00,0.00,0.00,0.00,0.00,0.00
2025-07-13,2025-07-07,2025-07-01,"98,464.00",0.00,"98,464.00","78,375.00","20,089.00","21,517.00",0.00,"24,757.00","24,757.00","3,836.00",0.00,0.00,0.00,"3,508.00",0.00,0.00,0.00,0.00,"20,089.00",0.00,0.00,0.00,0.00,0.00,0.00,0.00,0.00,0.00,0.00,0.00,0.00,0.00
2025-07-14,2025-07-14,2025-07-01,"99,334.00",0.00,"99,334.00","83,217.00","16,117.00","25,080.00",0.00,"25,735.00","25,735.00","3,169.00",0.00,0.00,0.00,"3,498.00",0.00,0.00,0.00,0.00,"16,117.00",0.00,0.00,0.00,0.00,0.00,0.00,0.00,0.00,0.00,0.00,0.00,0.00,0.00
2025-07-15,2025-07-14,2025-07-01,"106,383.00",0.00,"106,383.00","94,596.00","11,787.00","30,496.00",0.00,"28,625.00","28,625.00","2,363.00",0.00,0.00,0.00,"4,487.00",0.00,0.00,0.00,0.00,"11,787.00",0.00,0.00,0.00,0.00,0.00,0.00,0.00,0.00,0.00,0.00,0.00,0.00,0.00
2025-07-16,2025-07-14,2025-07-01,"98,020.00",0.00,"98,020.00","89,131.00","8,889.00","22,428.00",0.00,"29,325.00","29,325.00","3,352.00",0.00,0.00,0.00,"4,701.00",0.00,0.00,0.00,0.00,"8,889.00",0.00,0.00,0.00,0.00,0.00,0.00,0.00,0.00,0.00,0.00,0.00,0.00,0.00
2025-07-17,2025-07-14,2025-07-01,"103,451.00",0.00,"103,451.00","83,340.00","20,111.00","19,783.00",0.00,"28,685.00","28,685.00","3,253.00",0.00,0.00,0.00,"2,934.00",0.00,0.00,0.00,0.00,"20,111.00",0.00,0.00,0.00,0.00,0.00,0.00,0.00,0.00,0.00,0.00,0.00,0.00,0.00
2025-07-18,2025-07-14,2025-07-01,"59,658.00",0.00,"59,658.00","51,924.00","7,734.00","13,678.00",0.00,"17,061.00","17,061.00","3,374.00",0.00,0.00,0.00,750.00,0.00,0.00,0.00,0.00,"7,734.00",0.00,0.00,0.00,0.00,0.00,0.00,0.00,0.00,0.00,0.00,0.00,0.00,0.00
2025-07-19,2025-07-14,2025-07-01,"53,085.00",0.00,"53,085.00","44,054.00","9,031.00","6,314.00",0.00,"17,190.00","17,190.00","3,360.00",0.00,0.00,0.00,0.00,0.00,0.00,0.00,0.00,"9,031.00",0.00,0.00,0.00,0.00,0.00,0.00,0.00,0.00,0.00,0.00,0.00,0.00,0.00
2025-07-20,2025-07-14,2025-07-01,"52,591.00",0.00,"52,591.00","43,105.00","9,486.00","7,442.00",0.00,"15,807.00","15,807.00","4,049.00",0.00,0.00,0.00,0.00,0.00,0.00,0.00,0.00,"9,486.00",0.00,0.00,0.00,0.00,0.00,0.00,0.00,0.00,0.00,0.00,0.00,0.00,0.00
2025-07-21,2025-07-21,2025-07-01,"48,765.00",0.00,"48,765.00","33,803.00","14,962.00","6,668.00",0.00,"12,317.00","12,317.00","2,501.00",0.00,0.00,0.00,0.00,0.00,0.00,0.00,0.00,"14,962.00",0.00,0.00,0.00,0.00,0.00,0.00,0.00,0.00,0.00,0.00,0.00,0.00,0.00
2025-07-22,2025-07-21,2025-07-01,"28,462.00",0.00,"28,462.00","21,622.00","6,840.00","6,273.00",0.00,"6,448.00","6,448.00","2,453.00",0.00,0.00,0.00,0.00,0.00,0.00,0.00,0.00,"6,840.00",0.00,0.00,0.00,0.00,0.00,0.00,0.00,0.00,0.00,0.00,0.00,0.00,0.00
2025-07-23,2025-07-21,2025-07-01,"17,031.00",0.00,"17,031.00","16,758.00",273.00,"3,885.00",0.00,"4,580.00","4,580.00","3,713.00",0.00,0.00,0.00,0.00,0.00,0.00,0.00,0.00,273.00,0.00,0.00,0.00,0.00,0.00,0.00,0.00,0.00,0.00,0.00,0.00,0.00,0.00
2025-07-24,2025-07-21,2025-07-01,"9,134.00",0.00,"9,134.00","8,060.00","1,074.00",0.00,0.00,"3,213.00","3,213.00","1,634.00",0.00,0.00,0.00,0.00,0.00,0.00,0.00,0.00,"1,074.00",0.00,0.00,0.00,0.00,0.00,0.00,0.00,0.00,0.00,0.00,0.00,0.00,0.00
2025-07-25,2025-07-21,2025-07-01,"10,827.00",0.00,"10,827.00","10,260.00",567.00,0.00,0.00,"4,055.00","4,055.00","2,150.00",0.00,0.00,0.00,0.00,0.00,0.00,0.00,0.00,567.00,0.00,0.00,0.00,0.00,0.00,0.00,0.00,0.00,0.00,0.00,0.00,0.00,0.00
2025-07-26,2025-07-21,2025-07-01,"10,383.00",0.00,"10,383.00","9,872.00",511.00,0.00,0.00,"3,934.00","3,934.00","2,004.00",0.00,0.00,0.00,0.00,0.00,0.00,0.00,0.00,511.00,0.00,0.00,0.00,0.00,0.00,0.00,0.00,0.00,0.00,0.00,0.00,0.00,0.00
2025-07-27,2025-07-21,2025-07-01,"9,479.00",0.00,"9,479.00","8,740.00",739.00,0.00,0.00,"3,407.00","3,407.00","1,926.00",0.00,0.00,0.00,0.00,0.00,0.00,0.00,0.00,739.00,0.00,0.00,0.00,0.00,0.00,0.00,0.00,0.00,0.00,0.00,0.00,0.00,0.00
2025-07-28,2025-07-28,2025-07-01,"15,293.00",0.00,"15,293.00","14,548.00",745.00,0.00,0.00,"7,092.00","7,092.00",364.00,0.00,0.00,0.00,0.00,0.00,0.00,0.00,0.00,745.00,0.00,0.00,0.00,0.00,0.00,0.00,0.00,0.00,0.00,0.00,0.00,0.00,0.00
2025-07-29,2025-07-28,2025-07-01,"22,234.00",0.00,"22,234.00","21,384.00",850.00,"1,509.00",0.00,"8,253.00","8,253.00","3,369.00",0.00,0.00,0.00,0.00,0.00,0.00,0.00,0.00,850.00,0.00,0.00,0.00,0.00,0.00,0.00,0.00,0.00,0.00,0.00,0.00,0.00,0.00
2025-07-30,2025-07-28,2025-07-01,"21,282.00",0.00,"21,282.00","20,759.00",523.00,"1,421.00",0.00,"8,744.00","8,744.00","1,850.00",0.00,0.00,0.00,0.00,0.00,0.00,0.00,0.00,523.00,0.00,0.00,0.00,0.00,0.00,0.00,0.00,0.00,0.00,0.00,0.00,0.00,0.00
2025-07-31,2025-07-28,2025-07-01,"32,272.00",0.00,"32,272.00","31,845.00",427.00,"5,915.00",0.00,"10,599.00","10,599.00","2,232.00",0.00,0.00,0.00,"2,500.00",0.00,0.00,0.00,0.00,427.00,0.00,0.00,0.00,0.00,0.00,0.00,0.00,0.00,0.00,0.00,0.00,0.00,0.00
2025-08-01,2025-07-28,2025-08-01,"43,966.00",0.00,"43,966.00","43,898.00",68.00,"20,077.00",0.00,"9,410.00","9,410.00","2,557.00",0.00,0.00,0.00,"2,444.00",0.00,0.00,0.00,0.00,68.00,0.00,0.00,0.00,0.00,0.00,0.00,0.00,0.00,0.00,0.00,0.00,0.00,0.00
2025-08-02,2025-07-28,2025-08-01,"48,161.00",0.00,"48,161.00","48,161.00",0.00,"21,222.00",0.00,"9,602.00","9,602.00","5,172.00",0.00,0.00,0.00,"2,563.00",0.00,0.00,0.00,0.00,0.00,0.00,0.00,0.00,0.00,0.00,0.00,0.00,0.00,0.00,0.00,0.00,0.00,0.00
2025-08-03,2025-07-28,2025-08-01,"35,604.00",0.00,"35,604.00","35,604.00",0.00,"6,971.00",0.00,"10,748.00","10,748.00","4,571.00",0.00,0.00,0.00,"2,566.00",0.00,0.00,0.00,0.00,0.00,0.00,0.00,0.00,0.00,0.00,0.00,0.00,0.00,0.00,0.00,0.00,0.00,0.00
2025-08-04,2025-08-04,2025-08-01,"44,959.00",0.00,"44,959.00","44,959.00",0.00,"18,802.00",0.00,"9,666.00","9,666.00","4,263.00",0.00,0.00,0.00,"2,562.00",0.00,0.00,0.00,0.00,0.00,0.00,0.00,0.00,0.00,0.00,0.00,0.00,0.00,0.00,0.00,0.00,0.00,0.00
2025-08-05,2025-08-04,2025-08-01,"48,148.00",0.00,"48,148.00","48,148.00",0.00,"19,256.00",0.00,"9,781.00","9,781.00","6,775.00",0.00,0.00,0.00,"2,555.00",0.00,0.00,0.00,0.00,0.00,0.00,0.00,0.00,0.00,0.00,0.00,0.00,0.00,0.00,0.00,0.00,0.00,0.00
2025-08-06,2025-08-04,2025-08-01,"46,377.00",0.00,"46,377.00","46,377.00",0.00,"21,700.00",0.00,"8,500.00","8,500.00","5,123.00",0.00,0.00,0.00,"2,554.00",0.00,0.00,0.00,0.00,0.00,0.00,0.00,0.00,0.00,0.00,0.00,0.00,0.00,0.00,0.00,0.00,0.00,0.00
2025-08-07,2025-08-04,2025-08-01,"55,004.00",0.00,"55,004.00","55,004.00",0.00,"21,366.00",0.00,"10,339.00","10,339.00","10,415.00",0.00,0.00,0.00,"2,545.00",0.00,0.00,0.00,0.00,0.00,0.00,0.00,0.00,0.00,0.00,0.00,0.00,0.00,0.00,0.00,0.00,0.00,0.00
2025-08-08,2025-08-04,2025-08-01,"55,006.00",0.00,"55,006.00","55,006.00",0.00,"19,715.00",0.00,"12,825.00","12,825.00","7,098.00",0.00,0.00,0.00,"2,543.00",0.00,0.00,0.00,0.00,0.00,0.00,0.00,0.00,0.00,0.00,0.00,0.00,0.00,0.00,0.00,0.00,0.00,0.00
2025-08-09,2025-08-04,2025-08-01,"57,014.00",0.00,"57,014.00","57,014.00",0.00,"19,983.00",0.00,"13,615.00","13,615.00","7,267.00",0.00,0.00,0.00,"2,534.00",0.00,0.00,0.00,0.00,0.00,0.00,0.00,0.00,0.00,0.00,0.00,0.00,0.00,0.00,0.00,0.00,0.00,0.00
2025-08-10,2025-08-04,2025-08-01,"64,520.00",0.00,"64,520.00","64,520.00",0.00,"21,715.00",0.00,"16,585.00","16,585.00","7,103.00",0.00,0.00,0.00,"2,532.00",0.00,0.00,0.00,0.00,0.00,0.00,0.00,0.00,0.00,0.00,0.00,0.00,0.00,0.00,0.00,0.00,0.00,0.00
2025-08-11,2025-08-11,2025-08-01,"59,895.00",0.00,"59,895.00","59,895.00",0.00,"21,253.00",0.00,"14,791.00","14,791.00","6,536.00",0.00,0.00,0.00,"2,524.00",0.00,0.00,0.00,0.00,0.00,0.00,0.00,0.00,0.00,0.00,0.00,0.00,0.00,0.00,0.00,0.00,0.00,0.00
2025-08-12,2025-08-11,2025-08-01,"56,456.00",0.00,"56,456.00","56,456.00",0.00,"22,047.00",0.00,"12,172.00","12,172.00","8,068.00",0.00,0.00,0.00,"1,997.00",0.00,0.00,0.00,0.00,0.00,0.00,0.00,0.00,0.00,0.00,0.00,0.00,0.00,0.00,0.00,0.00,0.00,0.00
2025-08-13,2025-08-11,2025-08-01,"53,272.00",0.00,"53,272.00","53,272.00",0.00,"18,725.00",0.00,"12,866.00","12,866.00","6,724.00",0.00,0.00,0.00,"2,091.00",0.00,0.00,0.00,0.00,0.00,0.00,0.00,0.00,0.00,0.00,0.00,0.00,0.00,0.00,0.00,0.00,0.00,0.00
2025-08-14,2025-08-11,2025-08-01,"72,920.00",0.00,"72,920.00","72,920.00",0.00,"21,428.00",0.00,"20,433.00","20,433.00","7,505.00",0.00,515.00,0.00,"2,091.00",0.00,0.00,0.00,515.00,0.00,0.00,0.00,0.00,0.00,0.00,0.00,0.00,0.00,0.00,0.00,0.00,0.00,0.00
2025-08-15,2025-08-11,2025-08-01,"72,318.00",0.00,"72,318.00","72,318.00",0.00,"27,211.00",0.00,"15,305.00","15,305.00","11,435.00",0.00,488.00,0.00,"2,086.00",0.00,0.00,0.00,488.00,0.00,0.00,0.00,0.00,0.00,0.00,0.00,0.00,0.00,0.00,0.00,0.00,0.00,0.00
2025-08-16,2025-08-11,2025-08-01,"63,713.00",0.00,"63,713.00","63,713.00",0.00,"22,090.00",0.00,"14,864.00","14,864.00","8,455.00",0.00,526.00,0.00,"2,083.00",0.00,0.00,0.00,831.00,0.00,0.00,0.00,0.00,0.00,0.00,0.00,0.00,0.00,0.00,0.00,0.00,0.00,0.00
2025-08-17,2025-08-11,2025-08-01,"72,589.00",0.00,"72,589.00","72,589.00",0.00,"27,950.00",0.00,"13,247.00","13,247.00","14,648.00",0.00,520.00,0.00,"2,109.00",0.00,0.00,0.00,868.00,0.00,0.00,0.00,0.00,0.00,0.00,0.00,0.00,0.00,0.00,0.00,0.00,0.00,0.00
2025-08-18,2025-08-18,2025-08-01,"76,557.00",0.00,"76,557.00","76,557.00",0.00,"26,696.00",0.00,"14,472.00","14,472.00","17,168.00",0.00,463.00,0.00,"2,070.00",0.00,0.00,0.00,"1,216.00",0.00,0.00,0.00,0.00,0.00,0.00,0.00,0.00,0.00,0.00,0.00,0.00,0.00,0.00
2025-08-19,2025-08-18,2025-08-01,"88,591.00",0.00,"88,591.00","88,591.00",0.00,"33,788.00",0.00,"15,480.00","15,480.00","19,368.00",0.00,579.00,0.00,"2,615.00",0.00,0.00,0.00,"1,281.00",0.00,0.00,0.00,0.00,0.00,0.00,0.00,0.00,0.00,0.00,0.00,0.00,0.00,0.00
2025-08-20,2025-08-18,2025-08-01,"88,886.00",0.00,"88,886.00","88,886.00",0.00,"33,089.00",0.00,"16,031.00","16,031.00","19,034.00",0.00,489.00,0.00,"2,716.00",0.00,0.00,0.00,"1,496.00",0.00,0.00,0.00,0.00,0.00,0.00,0.00,0.00,0.00,0.00,0.00,0.00,0.00,0.00
2025-08-21,2025-08-18,2025-08-01,"99,171.00",0.00,"99,171.00","99,171.00",0.00,"35,956.00",0.00,"20,210.00","20,210.00","18,007.00",0.00,514.00,0.00,"2,718.00",0.00,0.00,0.00,"1,556.00",0.00,0.00,0.00,0.00,0.00,0.00,0.00,0.00,0.00,0.00,0.00,0.00,0.00,0.00
2025-08-22,2025-08-18,2025-08-01,"150,098.00",0.00,"150,098.00","150,098.00",0.00,"46,949.00",0.00,"38,032.00","38,032.00","22,542.00",0.00,522.00,0.00,"2,687.00",0.00,0.00,0.00,"1,334.00",0.00,0.00,0.00,0.00,0.00,0.00,0.00,0.00,0.00,0.00,0.00,0.00,0.00,0.00
2025-08-23,2025-08-18,2025-08-01,"159,728.00",0.00,"159,728.00","159,728.00",0.00,"50,616.00",0.00,"39,250.00","39,250.00","26,301.00",0.00,490.00,0.00,"3,001.00",0.00,0.00,0.00,820.00,0.00,0.00,0.00,0.00,0.00,0.00,0.00,0.00,0.00,0.00,0.00,0.00,0.00,0.00
2025-08-24,2025-08-18,2025-08-01,"175,022.00",0.00,"175,022.00","175,022.00",0.00,"62,367.00",0.00,"41,395.00","41,395.00","25,431.00",0.00,487.00,0.00,"3,128.00",0.00,0.00,0.00,819.00,0.00,0.00,0.00,0.00,0.00,0.00,0.00,0.00,0.00,0.00,0.00,0.00,0.00,0.00
2025-08-25,2025-08-25,2025-08-01,"176,416.00",0.00,"176,416.00","176,416.00",0.00,"60,791.00",0.00,"44,524.00","44,524.00","21,399.00",0.00,500.00,0.00,"3,109.00",0.00,0.00,0.00,"1,569.00",0.00,0.00,0.00,0.00,0.00,0.00,0.00,0.00,0.00,0.00,0.00,0.00,0.00,0.00
2025-08-26,2025-08-25,2025-08-01,"155,088.00",0.00,"155,088.00","155,088.00",0.00,"58,289.00",0.00,"37,855.00","37,855.00","16,028.00",0.00,500.00,0.00,"3,080.00",0.00,0.00,0.00,"1,481.00",0.00,0.00,0.00,0.00,0.00,0.00,0.00,0.00,0.00,0.00,0.00,0.00,0.00,0.00
2025-08-27,2025-08-25,2025-08-01,"107,955.00",0.00,"107,955.00","107,955.00",0.00,"41,184.00",0.00,"26,164.00","26,164.00","10,976.00",0.00,481.00,0.00,"1,503.00",0.00,0.00,0.00,"1,483.00",0.00,0.00,0.00,0.00,0.00,0.00,0.00,0.00,0.00,0.00,0.00,0.00,0.00,0.00
2025-08-28,2025-08-25,2025-08-01,"82,264.00",0.00,"82,264.00","82,264.00",0.00,"24,466.00",0.00,"22,128.00","22,128.00","10,513.00",0.00,482.00,0.00,"1,042.00",0.00,0.00,0.00,"1,505.00",0.00,0.00,0.00,0.00,0.00,0.00,0.00,0.00,0.00,0.00,0.00,0.00,0.00,0.00
2025-08-29,2025-08-25,2025-08-01,"56,078.00",0.00,"56,078.00","56,078.00",0.00,"20,270.00",0.00,"14,140.00","14,140.00","5,134.00",0.00,516.00,0.00,"1,021.00",0.00,0.00,0.00,857.00,0.00,0.00,0.00,0.00,0.00,0.00,0.00,0.00,0.00,0.00,0.00,0.00,0.00,0.00
2025-08-30,2025-08-25,2025-08-01,"50,944.00",0.00,"50,944.00","50,944.00",0.00,"18,210.00",0.00,"12,661.00","12,661.00","5,152.00",0.00,466.00,0.00,995.00,0.00,0.00,0.00,799.00,0.00,0.00,0.00,0.00,0.00,0.00,0.00,0.00,0.00,0.00,0.00,0.00,0.00,0.00
2025-08-31,2025-08-25,2025-08-01,"53,653.00",0.00,"53,653.00","53,653.00",0.00,"20,958.00",0.00,"12,625.00","12,625.00","4,578.00",0.00,455.00,0.00,945.00,0.00,0.00,0.00,"1,467.00",0.00,0.00,0.00,0.00,0.00,0.00,0.00,0.00,0.00,0.00,0.00,0.00,0.00,0.00
2025-09-01,2025-09-01,2025-09-01,"76,705.00",0.00,"76,705.00","76,705.00",0.00,"19,185.00",0.00,"22,649.00","22,649.00","8,988.00",0.00,539.00,0.00,"1,158.00",0.00,0.00,0.00,"1,537.00",0.00,0.00,0.00,0.00,0.00,0.00,0.00,0.00,0.00,0.00,0.00,0.00,0.00,0.00
2025-09-02,2025-09-01,2025-09-01,"101,226.00",0.00,"101,226.00","101,226.00",0.00,"34,297.00",0.00,"23,554.00","23,554.00","16,711.00",0.00,521.00,0.00,"1,102.00",0.00,0.00,0.00,"1,487.00",0.00,0.00,0.00,0.00,0.00,0.00,0.00,0.00,0.00,0.00,0.00,0.00,0.00,0.00
2025-09-03,2025-09-01,2025-09-01,"106,299.00",0.00,"106,299.00","106,299.00",0.00,"38,649.00",0.00,"23,882.00","23,882.00","17,227.00",0.00,513.00,0.00,"1,081.00",0.00,0.00,0.00,"1,065.00",0.00,0.00,0.00,0.00,0.00,0.00,0.00,0.00,0.00,0.00,0.00,0.00,0.00,0.00
2025-09-04,2025-09-01,2025-09-01,"101,818.00",0.00,"101,818.00","101,818.00",0.00,"40,152.00",0.00,"23,026.00","23,026.00","13,081.00",0.00,505.00,0.00,"1,038.00",0.00,0.00,0.00,990.00,0.00,0.00,0.00,0.00,0.00,0.00,0.00,0.00,0.00,0.00,0.00,0.00,0.00,0.00
2025-09-05,2025-09-01,2025-09-01,"110,682.00",0.00,"110,682.00","110,682.00",0.00,"43,399.00",0.00,"27,121.00","27,121.00","9,918.00",0.00,531.00,0.00,"1,005.00",0.00,0.00,0.00,"1,587.00",0.00,0.00,0.00,0.00,0.00,0.00,0.00,0.00,0.00,0.00,0.00,0.00,0.00,0.00
2025-09-06,2025-09-01,2025-09-01,"110,250.00",0.00,"110,250.00","110,250.00",0.00,"40,642.00",0.00,"27,929.00","27,929.00","10,614.00",0.00,525.00,0.00,"1,138.00",0.00,0.00,0.00,"1,473.00",0.00,0.00,0.00,0.00,0.00,0.00,0.00,0.00,0.00,0.00,0.00,0.00,0.00,0.00
2025-09-07,2025-09-01,2025-09-01,"122,787.00",0.00,"122,787.00","122,787.00",0.00,"47,163.00",0.00,"30,287.00","30,287.00","11,945.00",0.00,541.00,0.00,"1,056.00",0.00,0.00,0.00,"1,508.00",0.00,0.00,0.00,0.00,0.00,0.00,0.00,0.00,0.00,0.00,0.00,0.00,0.00,0.00
2025-09-08,2025-09-08,2025-09-01,"121,784.00",0.00,"121,784.00","121,784.00",0.00,"43,310.00",0.00,"32,789.00","32,789.00","9,792.00",0.00,521.00,0.00,"1,071.00",0.00,0.00,0.00,"1,512.00",0.00,0.00,0.00,0.00,0.00,0.00,0.00,0.00,0.00,0.00,0.00,0.00,0.00,0.00
2025-09-09,2025-09-08,2025-09-01,"116,717.00",0.00,"116,717.00","116,717.00",0.00,"41,690.00",0.00,"31,547.00","31,547.00","8,902.00",0.00,504.00,0.00,"1,034.00",0.00,0.00,0.00,"1,493.00",0.00,0.00,0.00,0.00,0.00,0.00,0.00,0.00,0.00,0.00,0.00,0.00,0.00,0.00
2025-09-10,2025-09-08,2025-09-01,"107,425.00",0.00,"107,425.00","107,425.00",0.00,"38,871.00",0.00,"27,396.00","27,396.00","10,774.00",0.00,491.00,0.00,"1,053.00",0.00,0.00,0.00,"1,444.00",0.00,0.00,0.00,0.00,0.00,0.00,0.00,0.00,0.00,0.00,0.00,0.00,0.00,0.00
2025-09-11,2025-09-08,2025-09-01,"100,484.00",0.00,"100,484.00","100,484.00",0.00,"40,110.00",0.00,"23,679.00","23,679.00","9,971.00",0.00,508.00,0.00,"1,029.00",0.00,0.00,0.00,"1,508.00",0.00,0.00,0.00,0.00,0.00,0.00,0.00,0.00,0.00,0.00,0.00,0.00,0.00,0.00
2025-09-12,2025-09-08,2025-09-01,"92,802.00",0.00,"92,802.00","92,802.00",0.00,"38,110.00",0.00,"20,105.00","20,105.00","11,574.00",0.00,475.00,0.00,"1,001.00",0.00,0.00,0.00,"1,432.00",0.00,0.00,0.00,0.00,0.00,0.00,0.00,0.00,0.00,0.00,0.00,0.00,0.00,0.00
2025-09-13,2025-09-08,2025-09-01,"87,135.00",0.00,"87,135.00","87,135.00",0.00,"39,436.00",0.00,"16,686.00","16,686.00","11,333.00",0.00,518.00,0.00,999.00,0.00,0.00,0.00,"1,477.00",0.00,0.00,0.00,0.00,0.00,0.00,0.00,0.00,0.00,0.00,0.00,0.00,0.00,0.00
2025-09-14,2025-09-08,2025-09-01,"94,209.00",0.00,"94,209.00","94,209.00",0.00,"42,252.00",0.00,"19,159.00","19,159.00","10,427.00",0.00,621.00,0.00,999.00,0.00,0.00,0.00,"1,592.00",0.00,0.00,0.00,0.00,0.00,0.00,0.00,0.00,0.00,0.00,0.00,0.00,0.00,0.00
2025-09-15,2025-09-15,2025-09-01,"91,909.00",0.00,"91,909.00","91,909.00",0.00,"40,355.00",0.00,"19,695.00","19,695.00","9,230.00",0.00,501.00,0.00,988.00,0.00,0.00,0.00,"1,445.00",0.00,0.00,0.00,0.00,0.00,0.00,0.00,0.00,0.00,0.00,0.00,0.00,0.00,0.00
2025-09-16,2025-09-15,2025-09-01,"94,504.00",0.00,"94,504.00","94,504.00",0.00,"46,689.00",0.00,"18,166.00","18,166.00","8,897.00",0.00,500.00,0.00,"1,002.00",0.00,0.00,0.00,"1,084.00",0.00,0.00,0.00,0.00,0.00,0.00,0.00,0.00,0.00,0.00,0.00,0.00,0.00,0.00
2025-09-17,2025-09-15,2025-09-01,"89,546.00",0.00,"89,546.00","89,546.00",0.00,"46,873.00",0.00,"15,257.00","15,257.00","9,910.00",0.00,500.00,0.00,998.00,0.00,0.00,0.00,751.00,0.00,0.00,0.00,0.00,0.00,0.00,0.00,0.00,0.00,0.00,0.00,0.00,0.00,0.00
2025-09-18,2025-09-15,2025-09-01,"94,149.00",0.00,"94,149.00","94,149.00",0.00,"46,435.00",0.00,"16,603.00","16,603.00","11,228.00",0.00,450.00,0.00,"2,109.00",0.00,0.00,0.00,721.00,0.00,0.00,0.00,0.00,0.00,0.00,0.00,0.00,0.00,0.00,0.00,0.00,0.00,0.00
2025-09-19,2025-09-15,2025-09-01,"97,074.00",0.00,"97,074.00","97,074.00",0.00,"48,990.00",0.00,"17,086.00","17,086.00","10,711.00",0.00,474.00,0.00,"1,992.00",0.00,0.00,0.00,735.00,0.00,0.00,0.00,0.00,0.00,0.00,0.00,0.00,0.00,0.00,0.00,0.00,0.00,0.00
2025-09-20,2025-09-15,2025-09-01,"98,803.00",0.00,"98,803.00","98,803.00",0.00,"48,620.00",0.00,"17,764.00","17,764.00","11,248.00",0.00,539.00,0.00,"2,095.00",0.00,0.00,0.00,773.00,0.00,0.00,0.00,0.00,0.00,0.00,0.00,0.00,0.00,0.00,0.00,0.00,0.00,0.00
2025-09-21,2025-09-15,2025-09-01,"106,286.00",0.00,"106,286.00","106,286.00",0.00,"52,536.00",0.00,"19,790.00","19,790.00","10,789.00",0.00,500.00,0.00,"2,123.00",0.00,0.00,0.00,758.00,0.00,0.00,0.00,0.00,0.00,0.00,0.00,0.00,0.00,0.00,0.00,0.00,0.00,0.00
2025-09-22,2025-09-22,2025-09-01,"107,006.00",0.00,"107,006.00","107,006.00",0.00,"50,293.00",0.00,"22,022.00","22,022.00","9,512.00",0.00,483.00,0.00,"1,903.00",0.00,0.00,0.00,771.00,0.00,0.00,0.00,0.00,0.00,0.00,0.00,0.00,0.00,0.00,0.00,0.00,0.00,0.00
2025-09-23,2025-09-22,2025-09-01,"109,284.00",0.00,"109,284.00","109,284.00",0.00,"46,703.00",0.00,"25,327.00","25,327.00","9,383.00",0.00,0.00,0.00,"2,161.00",0.00,0.00,0.00,383.00,0.00,0.00,0.00,0.00,0.00,0.00,0.00,0.00,0.00,0.00,0.00,0.00,0.00,0.00
2025-09-24,2025-09-22,2025-09-01,"114,341.00",0.00,"114,341.00","114,341.00",0.00,"39,246.00",0.00,"31,522.00","31,522.00","9,290.00",0.00,0.00,0.00,"1,994.00",0.00,0.00,0.00,767.00,0.00,0.00,0.00,0.00,0.00,0.00,0.00,0.00,0.00,0.00,0.00,0.00,0.00,0.00
2025-09-25,2025-09-22,2025-09-01,"90,512.00",0.00,"90,512.00","90,512.00",0.00,"37,199.00",0.00,"21,087.00","21,087.00","7,979.00",0.00,0.00,0.00,"2,015.00",0.00,0.00,0.00,"1,145.00",0.00,0.00,0.00,0.00,0.00,0.00,0.00,0.00,0.00,0.00,0.00,0.00,0.00,0.00
2025-09-26,2025-09-22,2025-09-01,"81,456.00",0.00,"81,456.00","81,456.00",0.00,"34,002.00",0.00,"17,862.00","17,862.00","8,395.00",0.00,0.00,0.00,"1,998.00",0.00,0.00,0.00,"1,337.00",0.00,0.00,0.00,0.00,0.00,0.00,0.00,0.00,0.00,0.00,0.00,0.00,0.00,0.00
2025-09-27,2025-09-22,2025-09-01,"91,762.00",0.00,"91,762.00","91,762.00",0.00,"32,906.00",0.00,"24,182.00","24,182.00","8,276.00",0.00,0.00,0.00,"1,973.00",0.00,0.00,0.00,243.00,0.00,0.00,0.00,0.00,0.00,0.00,0.00,0.00,0.00,0.00,0.00,0.00,0.00,0.00
2025-09-28,2025-09-22,2025-09-01,"106,201.00",0.00,"106,201.00","106,201.00",0.00,"38,477.00",0.00,"28,819.00","28,819.00","7,870.00",0.00,0.00,0.00,"1,940.00",0.00,0.00,0.00,276.00,0.00,0.00,0.00,0.00,0.00,0.00,0.00,0.00,0.00,0.00,0.00,0.00,0.00,0.00
2025-09-29,2025-09-29,2025-09-01,"127,249.00",0.00,"127,249.00","127,249.00",0.00,"37,488.00",0.00,"39,697.00","39,697.00","8,202.00",0.00,0.00,0.00,"1,888.00",0.00,0.00,0.00,277.00,0.00,0.00,0.00,0.00,0.00,0.00,0.00,0.00,0.00,0.00,0.00,0.00,0.00,0.00
2025-09-30,2025-09-29,2025-09-01,"102,377.00",0.00,"102,377.00","102,377.00",0.00,"38,424.00",0.00,"26,853.00","26,853.00","7,304.00",0.00,0.00,0.00,"1,805.00",0.00,0.00,0.00,"1,138.00",0.00,0.00,0.00,0.00,0.00,0.00,0.00,0.00,0.00,0.00,0.00,0.00,0.00,0.00
2025-10-01,2025-09-29,2025-10-01,"100,904.00",0.00,"100,904.00","100,904.00",0.00,"27,643.00",0.00,"31,100.00","31,100.00","7,751.00",0.00,0.00,0.00,"2,001.00",0.00,0.00,0.00,"1,309.00",0.00,0.00,0.00,0.00,0.00,0.00,0.00,0.00,0.00,0.00,0.00,0.00,0.00,0.00
2025-10-02,2025-09-29,2025-10-01,"93,172.00",0.00,"93,172.00","93,172.00",0.00,"16,279.00",0.00,"32,578.00","32,578.00","7,947.00",0.00,0.00,0.00,"2,027.00",0.00,0.00,0.00,"1,763.00",0.00,0.00,0.00,0.00,0.00,0.00,0.00,0.00,0.00,0.00,0.00,0.00,0.00,0.00
2025-10-03,2025-09-29,2025-10-01,"108,172.00",0.00,"108,172.00","108,172.00",0.00,"28,888.00",0.00,"33,324.00","33,324.00","7,657.00",0.00,0.00,0.00,"2,030.00",0.00,0.00,0.00,"2,949.00",0.00,0.00,0.00,0.00,0.00,0.00,0.00,0.00,0.00,0.00,0.00,0.00,0.00,0.00
2025-10-04,2025-09-29,2025-10-01,"94,424.00",0.00,"94,424.00","94,424.00",0.00,"24,811.00",0.00,"31,543.00","31,543.00","4,173.00",0.00,0.00,0.00,"2,107.00",0.00,0.00,0.00,247.00,0.00,0.00,0.00,0.00,0.00,0.00,0.00,0.00,0.00,0.00,0.00,0.00,0.00,0.00
2025-10-05,2025-09-29,2025-10-01,"105,064.00",0.00,"105,064.00","105,064.00",0.00,"27,591.00",0.00,"34,172.00","34,172.00","6,807.00",0.00,0.00,0.00,"2,063.00",0.00,0.00,0.00,259.00,0.00,0.00,0.00,0.00,0.00,0.00,0.00,0.00,0.00,0.00,0.00,0.00,0.00,0.00
2025-10-06,2025-10-06,2025-10-01,"99,990.00",0.00,"99,990.00","99,990.00",0.00,"26,379.00",0.00,"31,886.00","31,886.00","4,899.00",0.00,0.00,0.00,"1,961.00",0.00,0.00,0.00,"2,979.00",0.00,0.00,0.00,0.00,0.00,0.00,0.00,0.00,0.00,0.00,0.00,0.00,0.00,0.00
2025-10-07,2025-10-06,2025-10-01,"111,971.00",0.00,"111,971.00","111,971.00",0.00,"27,402.00",0.00,"36,350.00","36,350.00","5,885.00",0.00,0.00,0.00,"2,994.00",0.00,0.00,0.00,"2,990.00",0.00,0.00,0.00,0.00,0.00,0.00,0.00,0.00,0.00,0.00,0.00,0.00,0.00,0.00
2025-10-08,2025-10-06,2025-10-01,"104,428.00",0.00,"104,428.00","104,428.00",0.00,"29,912.00",0.00,"31,321.00","31,321.00","5,774.00",0.00,0.00,0.00,"3,143.00",0.00,0.00,0.00,"2,957.00",0.00,0.00,0.00,0.00,0.00,0.00,0.00,0.00,0.00,0.00,0.00,0.00,0.00,0.00
2025-10-09,2025-10-06,2025-10-01,"104,660.00",0.00,"104,660.00","104,660.00",0.00,"28,868.00",0.00,"32,007.00","32,007.00","5,706.00",0.00,0.00,0.00,"3,129.00",0.00,0.00,0.00,"2,943.00",0.00,0.00,0.00,0.00,0.00,0.00,0.00,0.00,0.00,0.00,0.00,0.00,0.00,0.00
2025-10-10,2025-10-06,2025-10-01,"90,764.00",0.00,"90,764.00","90,764.00",0.00,"29,214.00",0.00,"25,693.00","25,693.00","4,283.00",0.00,0.00,0.00,"3,124.00",0.00,0.00,0.00,"2,757.00",0.00,0.00,0.00,0.00,0.00,0.00,0.00,0.00,0.00,0.00,0.00,0.00,0.00,0.00
2025-10-11,2025-10-06,2025-10-01,"93,131.00",0.00,"93,131.00","93,131.00",0.00,"30,923.00",0.00,"25,976.00","25,976.00","4,268.00",0.00,0.00,0.00,"3,122.00",0.00,0.00,0.00,"2,866.00",0.00,0.00,0.00,0.00,0.00,0.00,0.00,0.00,0.00,0.00,0.00,0.00,0.00,0.00
2025-10-12,2025-10-06,2025-10-01,"94,838.00",0.00,"94,838.00","94,838.00",0.00,"33,412.00",0.00,"25,451.00","25,451.00","4,458.00",0.00,0.00,0.00,"3,115.00",0.00,0.00,0.00,"2,951.00",0.00,0.00,0.00,0.00,0.00,0.00,0.00,0.00,0.00,0.00,0.00,0.00,0.00,0.00
2025-10-13,2025-10-13,2025-10-01,"120,885.00",0.00,"120,885.00","120,885.00",0.00,"30,402.00",0.00,"38,378.00","38,378.00","7,659.00",0.00,0.00,0.00,"3,097.00",0.00,0.00,0.00,"2,971.00",0.00,0.00,0.00,0.00,0.00,0.00,0.00,0.00,0.00,0.00,0.00,0.00,0.00,0.00
2025-10-14,2025-10-13,2025-10-01,"124,453.00",0.00,"124,453.00","124,453.00",0.00,"37,816.00",0.00,"33,227.00","33,227.00","13,245.00",0.00,0.00,0.00,"3,990.00",0.00,0.00,0.00,"2,948.00",0.00,0.00,0.00,0.00,0.00,0.00,0.00,0.00,0.00,0.00,0.00,0.00,0.00,0.00
2025-10-15,2025-10-13,2025-10-01,"106,955.00",0.00,"106,955.00","106,955.00",0.00,"38,895.00",0.00,"23,461.00","23,461.00","14,013.00",0.00,0.00,0.00,"4,173.00",0.00,0.00,0.00,"2,952.00",0.00,0.00,0.00,0.00,0.00,0.00,0.00,0.00,0.00,0.00,0.00,0.00,0.00,0.00
2025-10-16,2025-10-13,2025-10-01,"88,314.00","2,848.00","85,466.00","85,466.00",0.00,"31,371.00",0.00,"16,819.00","16,819.00","13,336.00",0.00,0.00,0.00,"4,168.00",0.00,0.00,0.00,"2,953.00",0.00,0.00,0.00,0.00,0.00,0.00,0.00,"2,848.00",0.00,0.00,0.00,0.00,0.00,0.00
2025-10-17,2025-10-13,2025-10-01,"92,531.00","2,848.00","89,683.00","89,683.00",0.00,"35,894.00",0.00,"16,362.00","16,362.00","13,953.00",0.00,0.00,0.00,"4,164.00",0.00,0.00,0.00,"2,948.00",0.00,0.00,0.00,0.00,0.00,0.00,0.00,"2,848.00",0.00,0.00,0.00,0.00,0.00,0.00
2025-10-18,2025-10-13,2025-10-01,"96,541.00","2,848.00","93,693.00","93,693.00",0.00,"36,453.00",0.00,"20,063.00","20,063.00","10,044.00",0.00,0.00,0.00,"4,147.00",0.00,0.00,0.00,"2,923.00",0.00,0.00,0.00,0.00,0.00,0.00,0.00,"2,848.00",0.00,0.00,0.00,0.00,0.00,0.00
2025-10-19,2025-10-13,2025-10-01,"121,053.00","2,848.00","118,205.00","118,205.00",0.00,"43,978.00",0.00,"29,474.00","29,474.00","8,402.00",0.00,0.00,0.00,"4,133.00",0.00,0.00,0.00,"2,744.00",0.00,0.00,0.00,0.00,0.00,0.00,0.00,"2,848.00",0.00,0.00,0.00,0.00,0.00,0.00
2025-10-20,2025-10-20,2025-10-01,"117,725.00","2,848.00","114,877.00","114,877.00",0.00,"41,681.00",0.00,"29,034.00","29,034.00","8,153.00",0.00,0.00,0.00,"4,186.00",0.00,0.00,0.00,"2,789.00",0.00,0.00,0.00,0.00,0.00,0.00,0.00,"2,848.00",0.00,0.00,0.00,0.00,0.00,0.00
2025-10-21,2025-10-20,2025-10-01,"114,570.00","2,848.00","111,722.00","111,722.00",0.00,"41,455.00",0.00,"27,891.00","27,891.00","7,689.00",0.00,0.00,0.00,"4,017.00",0.00,0.00,0.00,"2,779.00",0.00,0.00,0.00,0.00,0.00,0.00,0.00,"2,848.00",0.00,0.00,0.00,0.00,0.00,0.00
2025-10-22,2025-10-20,2025-10-01,"103,127.00","2,848.00","100,279.00","100,279.00",0.00,"42,590.00",0.00,"22,071.00","22,071.00","6,706.00",0.00,0.00,0.00,"4,103.00",0.00,0.00,0.00,"2,738.00",0.00,0.00,0.00,0.00,0.00,0.00,0.00,"2,848.00",0.00,0.00,0.00,0.00,0.00,0.00
2025-10-23,2025-10-20,2025-10-01,"92,226.00","2,848.00","89,378.00","89,378.00",0.00,"44,893.00",0.00,"15,949.00","15,949.00","6,199.00",0.00,0.00,0.00,"4,054.00",0.00,0.00,0.00,"2,334.00",0.00,0.00,0.00,0.00,0.00,0.00,0.00,"2,848.00",0.00,0.00,0.00,0.00,0.00,0.00
2025-10-24,2025-10-20,2025-10-01,"94,805.00","2,848.00","91,957.00","91,957.00",0.00,"41,368.00",0.00,"20,627.00","20,627.00","3,565.00",0.00,0.00,0.00,"4,042.00",0.00,0.00,0.00,"1,728.00",0.00,0.00,0.00,0.00,0.00,0.00,0.00,"2,848.00",0.00,0.00,0.00,0.00,0.00,0.00
2025-10-25,2025-10-20,2025-10-01,"87,713.00","2,848.00","84,865.00","84,865.00",0.00,"34,304.00",0.00,"21,061.00","21,061.00","2,702.00",0.00,0.00,0.00,"3,988.00",0.00,0.00,0.00,"1,749.00",0.00,0.00,0.00,0.00,0.00,0.00,0.00,"2,848.00",0.00,0.00,0.00,0.00,0.00,0.00
2025-10-26,2025-10-20,2025-10-01,"106,845.00","2,848.00","103,997.00","103,997.00",0.00,"42,368.00",0.00,"26,029.00","26,029.00","3,828.00",0.00,0.00,0.00,"3,965.00",0.00,0.00,0.00,"1,778.00",0.00,0.00,0.00,0.00,0.00,0.00,0.00,"2,848.00",0.00,0.00,0.00,0.00,0.00,0.00
2025-10-27,2025-10-27,2025-10-01,"122,006.00","2,848.00","119,158.00","119,158.00",0.00,"39,895.00",0.00,"34,188.00","34,188.00","5,157.00",0.00,0.00,0.00,"3,980.00",0.00,0.00,0.00,"1,750.00",0.00,0.00,0.00,0.00,0.00,0.00,0.00,"2,848.00",0.00,0.00,0.00,0.00,0.00,0.00
2025-10-28,2025-10-27,2025-10-01,"125,993.00","2,848.00","123,145.00","123,145.00",0.00,"41,094.00",0.00,"35,582.00","35,582.00","5,285.00",0.00,0.00,0.00,"3,836.00",0.00,0.00,0.00,"1,766.00",0.00,0.00,0.00,0.00,0.00,0.00,0.00,"2,848.00",0.00,0.00,0.00,0.00,0.00,0.00
2025-10-29,2025-10-27,2025-10-01,"128,677.00","2,848.00","125,829.00","125,829.00",0.00,"39,981.00",0.00,"37,408.00","37,408.00","5,496.00",0.00,0.00,0.00,"3,821.00",0.00,0.00,0.00,"1,715.00",0.00,0.00,0.00,0.00,0.00,0.00,0.00,"2,848.00",0.00,0.00,0.00,0.00,0.00,0.00
2025-10-30,2025-10-27,2025-10-01,"116,872.00","2,848.00","114,024.00","114,024.00",0.00,"34,542.00",0.00,"34,246.00","34,246.00","5,835.00",0.00,0.00,0.00,"3,718.00",0.00,0.00,0.00,"1,437.00",0.00,0.00,0.00,0.00,0.00,0.00,0.00,"2,848.00",0.00,0.00,0.00,0.00,0.00,0.00
2025-10-31,2025-10-27,2025-10-01,"113,821.00","2,848.00","110,973.00","110,973.00",0.00,"30,698.00",0.00,"34,697.00","34,697.00","4,971.00",0.00,0.00,0.00,"3,568.00",0.00,0.00,0.00,"2,342.00",0.00,0.00,0.00,0.00,0.00,0.00,0.00,"2,848.00",0.00,0.00,0.00,0.00,0.00,0.00
2025-11-01,2025-10-27,2025-11-01,"112,248.00","1,037.00","111,211.00","111,211.00",0.00,"25,529.00",0.00,"35,114.00","35,114.00","8,089.00",0.00,0.00,0.00,"4,127.00",0.00,0.00,0.00,"3,238.00",0.00,0.00,0.00,0.00,0.00,0.00,0.00,"1,037.00",0.00,0.00,0.00,0.00,0.00,0.00
2025-11-02,2025-10-27,2025-11-01,"124,484.00","1,037.00","123,447.00","123,447.00",0.00,"34,699.00",0.00,"36,591.00","36,591.00","8,145.00",0.00,0.00,0.00,"4,217.00",0.00,0.00,0.00,"3,204.00",0.00,0.00,0.00,0.00,0.00,0.00,0.00,"1,037.00",0.00,0.00,0.00,0.00,0.00,0.00
2025-11-03,2025-11-03,2025-11-01,"114,080.00","1,037.00","113,043.00","113,043.00",0.00,"32,139.00",0.00,"34,250.00","34,250.00","8,116.00",0.00,0.00,0.00,"4,288.00",0.00,0.00,0.00,0.00,0.00,0.00,0.00,0.00,0.00,0.00,0.00,"1,037.00",0.00,0.00,0.00,0.00,0.00,0.00
2025-11-04,2025-11-03,2025-11-01,"120,228.00","1,037.00","119,191.00","119,191.00",0.00,"34,103.00",0.00,"36,405.00","36,405.00","8,106.00",0.00,0.00,0.00,"4,172.00",0.00,0.00,0.00,0.00,0.00,0.00,0.00,0.00,0.00,0.00,0.00,"1,037.00",0.00,0.00,0.00,0.00,0.00,0.00
2025-11-05,2025-11-03,2025-11-01,"85,315.00","1,037.00","84,278.00","84,278.00",0.00,"27,149.00",0.00,"22,403.00","22,403.00","8,091.00",0.00,0.00,0.00,"4,232.00",0.00,0.00,0.00,0.00,0.00,0.00,0.00,0.00,0.00,0.00,0.00,"1,037.00",0.00,0.00,0.00,0.00,0.00,0.00
2025-11-06,2025-11-03,2025-11-01,"84,530.00","1,037.00","83,493.00","83,493.00",0.00,"30,056.00",0.00,"21,156.00","21,156.00","8,137.00",0.00,0.00,0.00,"2,988.00",0.00,0.00,0.00,0.00,0.00,0.00,0.00,0.00,0.00,0.00,0.00,"1,037.00",0.00,0.00,0.00,0.00,0.00,0.00
2025-11-07,2025-11-03,2025-11-01,"79,445.00","1,037.00","78,408.00","78,408.00",0.00,"29,023.00",0.00,"19,955.00","19,955.00","7,342.00",0.00,0.00,0.00,"2,133.00",0.00,0.00,0.00,0.00,0.00,0.00,0.00,0.00,0.00,0.00,0.00,"1,037.00",0.00,0.00,0.00,0.00,0.00,0.00
2025-11-08,2025-11-03,2025-11-01,"73,213.00","1,037.00","72,176.00","72,176.00",0.00,"26,598.00",0.00,"17,936.00","17,936.00","7,598.00",0.00,0.00,0.00,"2,108.00",0.00,0.00,0.00,0.00,0.00,0.00,0.00,0.00,0.00,0.00,0.00,"1,037.00",0.00,0.00,0.00,0.00,0.00,0.00
2025-11-09,2025-11-03,2025-11-01,"84,863.00","1,037.00","83,826.00","83,826.00",0.00,"31,814.00",0.00,"20,529.00","20,529.00","8,869.00",0.00,0.00,0.00,"2,085.00",0.00,0.00,0.00,0.00,0.00,0.00,0.00,0.00,0.00,0.00,0.00,"1,037.00",0.00,0.00,0.00,0.00,0.00,0.00
2025-11-10,2025-11-10,2025-11-01,"84,814.00","1,037.00","83,777.00","83,777.00",0.00,"27,535.00",0.00,"22,418.00","22,418.00","9,366.00",0.00,0.00,0.00,"2,040.00",0.00,0.00,0.00,0.00,0.00,0.00,0.00,0.00,0.00,0.00,0.00,"1,037.00",0.00,0.00,0.00,0.00,0.00,0.00
2025-11-11,2025-11-10,2025-11-01,"50,743.00","1,037.00","49,706.00","49,706.00",0.00,"24,762.00",0.00,"11,451.00","11,451.00","1,492.00",0.00,0.00,0.00,550.00,0.00,0.00,0.00,0.00,0.00,0.00,0.00,0.00,0.00,0.00,0.00,"1,037.00",0.00,0.00,0.00,0.00,0.00,0.00
2025-11-12,2025-11-10,2025-11-01,"47,148.00","1,037.00","46,111.00","46,111.00",0.00,"24,121.00",0.00,"10,995.00","10,995.00",0.00,0.00,0.00,0.00,0.00,0.00,0.00,0.00,0.00,0.00,0.00,0.00,0.00,0.00,0.00,0.00,"1,037.00",0.00,0.00,0.00,0.00,0.00,0.00
2025-11-13,2025-11-10,2025-11-01,"44,668.00","1,037.00","43,631.00","43,631.00",0.00,"22,189.00",0.00,"10,721.00","10,721.00",0.00,0.00,0.00,0.00,0.00,0.00,0.00,0.00,0.00,0.00,0.00,0.00,0.00,0.00,0.00,0.00,"1,037.00",0.00,0.00,0.00,0.00,0.00,0.00
2025-11-14,2025-11-10,2025-11-01,"45,168.00","1,037.00","44,131.00","44,131.00",0.00,"22,871.00",0.00,"10,630.00","10,630.00",0.00,0.00,0.00,0.00,0.00,0.00,0.00,0.00,0.00,0.00,0.00,0.00,0.00,0.00,0.00,0.00,"1,037.00",0.00,0.00,0.00,0.00,0.00,0.00
2025-11-15,2025-11-10,2025-11-01,"42,524.00","1,037.00","41,487.00","41,487.00",0.00,"19,851.00",0.00,"10,818.00","10,818.00",0.00,0.00,0.00,0.00,0.00,0.00,0.00,0.00,0.00,0.00,0.00,0.00,0.00,0.00,0.00,0.00,"1,037.00",0.00,0.00,0.00,0.00,0.00,0.00
2025-11-16,2025-11-10,2025-11-01,"50,561.00","1,037.00","49,524.00","49,524.00",0.00,"27,512.00",0.00,"11,006.00","11,006.00",0.00,0.00,0.00,0.00,0.00,0.00,0.00,0.00,0.00,0.00,0.00,0.00,0.00,0.00,0.00,0.00,"1,037.00",0.00,0.00,0.00,0.00,0.00,0.00
2025-11-17,2025-11-17,2025-11-01,"48,099.00","1,037.00","47,062.00","47,062.00",0.00,"24,758.00",0.00,"11,152.00","11,152.00",0.00,0.00,0.00,0.00,0.00,0.00,0.00,0.00,0.00,0.00,0.00,0.00,0.00,0.00,0.00,0.00,"1,037.00",0.00,0.00,0.00,0.00,0.00,0.00
2025-11-18,2025-11-17,2025-11-01,"43,102.00","1,037.00","42,065.00","42,065.00",0.00,"20,157.00",0.00,"10,954.00","10,954.00",0.00,0.00,0.00,0.00,0.00,0.00,0.00,0.00,0.00,0.00,0.00,0.00,0.00,0.00,0.00,0.00,"1,037.00",0.00,0.00,0.00,0.00,0.00,0.00
2025-11-19,2025-11-17,2025-11-01,"42,947.00","1,037.00","41,910.00","41,910.00",0.00,"20,346.00",0.00,"10,782.00","10,782.00",0.00,0.00,0.00,0.00,0.00,0.00,0.00,0.00,0.00,0.00,0.00,0.00,0.00,0.00,0.00,0.00,"1,037.00",0.00,0.00,0.00,0.00,0.00,0.00
2025-11-20,2025-11-17,2025-11-01,"50,309.00","1,037.00","49,272.00","49,272.00",0.00,"19,040.00",0.00,"10,449.00","10,449.00","4,680.00",0.00,0.00,0.00,"4,654.00",0.00,0.00,0.00,0.00,0.00,0.00,0.00,0.00,0.00,0.00,0.00,"1,037.00",0.00,0.00,0.00,0.00,0.00,0.00
2025-11-21,2025-11-17,2025-11-01,"58,489.00","1,037.00","57,452.00","57,452.00",0.00,"19,924.00",0.00,"10,141.00","10,141.00","11,672.00",0.00,0.00,0.00,"5,574.00",0.00,0.00,0.00,0.00,0.00,0.00,0.00,0.00,0.00,0.00,0.00,"1,037.00",0.00,0.00,0.00,0.00,0.00,0.00
2025-11-22,2025-11-17,2025-11-01,"54,250.00","1,037.00","53,213.00","53,213.00",0.00,"16,477.00",0.00,"8,797.00","8,797.00","13,860.00",0.00,0.00,0.00,"5,282.00",0.00,0.00,0.00,0.00,0.00,0.00,0.00,0.00,0.00,0.00,0.00,"1,037.00",0.00,0.00,0.00,0.00,0.00,0.00
2025-11-23,2025-11-17,2025-11-01,"61,850.00","1,037.00","60,813.00","60,813.00",0.00,"20,078.00",0.00,"12,840.00","12,840.00","9,902.00",0.00,0.00,0.00,"5,153.00",0.00,0.00,0.00,0.00,0.00,0.00,0.00,0.00,0.00,0.00,0.00,"1,037.00",0.00,0.00,0.00,0.00,0.00,0.00
2025-11-24,2025-11-24,2025-11-01,"54,978.00","1,037.00","53,941.00","53,941.00",0.00,"19,079.00",0.00,"11,016.00","11,016.00","7,788.00",0.00,0.00,0.00,"5,042.00",0.00,0.00,0.00,0.00,0.00,0.00,0.00,0.00,0.00,0.00,0.00,"1,037.00",0.00,0.00,0.00,0.00,0.00,0.00
2025-11-25,2025-11-24,2025-11-01,"60,797.00","1,037.00","59,760.00","59,760.00",0.00,"21,145.00",0.00,"15,080.00","15,080.00","3,306.00",0.00,0.00,0.00,"5,149.00",0.00,0.00,0.00,0.00,0.00,0.00,0.00,0.00,0.00,0.00,0.00,"1,037.00",0.00,0.00,0.00,0.00,0.00,0.00
2025-11-26,2025-11-24,2025-11-01,"68,519.00","1,037.00","67,482.00","67,482.00",0.00,"29,775.00",0.00,"15,086.00","15,086.00","2,511.00",0.00,0.00,0.00,"5,024.00",0.00,0.00,0.00,0.00,0.00,0.00,0.00,0.00,0.00,0.00,0.00,"1,037.00",0.00,0.00,0.00,0.00,0.00,0.00
2025-11-27,2025-11-24,2025-11-01,"84,493.00","1,037.00","83,456.00","83,456.00",0.00,"34,880.00",0.00,"19,930.00","19,930.00","3,653.00",0.00,0.00,0.00,"5,063.00",0.00,0.00,0.00,0.00,0.00,0.00,0.00,0.00,0.00,0.00,0.00,"1,037.00",0.00,0.00,0.00,0.00,0.00,0.00
2025-11-28,2025-11-24,2025-11-01,"96,241.00","1,037.00","95,204.00","95,204.00",0.00,"40,703.00",0.00,"22,948.00","22,948.00","3,774.00",0.00,0.00,0.00,"4,831.00",0.00,0.00,0.00,0.00,0.00,0.00,0.00,0.00,0.00,0.00,0.00,"1,037.00",0.00,0.00,0.00,0.00,0.00,0.00
2025-11-29,2025-11-24,2025-11-01,"93,959.00","1,037.00","92,922.00","92,922.00",0.00,"41,766.00",0.00,"21,596.00","21,596.00","3,177.00",0.00,0.00,0.00,"4,787.00",0.00,0.00,0.00,0.00,0.00,0.00,0.00,0.00,0.00,0.00,0.00,"1,037.00",0.00,0.00,0.00,0.00,0.00,0.00
2025-11-30,2025-11-24,2025-11-01,"91,666.00","1,037.00","90,629.00","90,629.00",0.00,"45,747.00",0.00,"17,894.00","17,894.00","4,569.00",0.00,0.00,0.00,"4,525.00",0.00,0.00,0.00,0.00,0.00,0.00,0.00,0.00,0.00,0.00,0.00,"1,037.00",0.00,0.00,0.00,0.00,0.00,0.00
2025-12-01,2025-12-01,2025-12-01,"89,707.00",0.00,"89,707.00","89,707.00",0.00,"42,157.00",0.00,"19,068.00","19,068.00","4,448.00",0.00,0.00,0.00,"4,966.00",0.00,0.00,0.00,0.00,0.00,0.00,0.00,0.00,0.00,0.00,0.00,0.00,0.00,0.00,0.00,0.00,0.00,0.00
2025-12-02,2025-12-01,2025-12-01,"101,091.00",0.00,"101,091.00","101,091.00",0.00,"50,664.00",0.00,"19,622.00","19,622.00","6,077.00",0.00,0.00,0.00,"5,106.00",0.00,0.00,0.00,0.00,0.00,0.00,0.00,0.00,0.00,0.00,0.00,0.00,0.00,0.00,0.00,0.00,0.00,0.00
2025-12-03,2025-12-01,2025-12-01,"79,832.00",0.00,"79,832.00","79,832.00",0.00,"33,104.00",0.00,"18,647.00","18,647.00","4,316.00",0.00,0.00,0.00,"5,118.00",0.00,0.00,0.00,0.00,0.00,0.00,0.00,0.00,0.00,0.00,0.00,0.00,0.00,0.00,0.00,0.00,0.00,0.00
2025-12-04,2025-12-01,2025-12-01,"75,858.00",0.00,"75,858.00","75,858.00",0.00,"27,393.00",0.00,"19,491.00","19,491.00","4,332.00",0.00,0.00,0.00,"5,151.00",0.00,0.00,0.00,0.00,0.00,0.00,0.00,0.00,0.00,0.00,0.00,0.00,0.00,0.00,0.00,0.00,0.00,0.00
2025-12-05,2025-12-01,2025-12-01,"69,469.00",0.00,"69,469.00","69,469.00",0.00,"16,418.00",0.00,"22,304.00","22,304.00","3,362.00",0.00,0.00,0.00,"5,081.00",0.00,0.00,0.00,0.00,0.00,0.00,0.00,0.00,0.00,0.00,0.00,0.00,0.00,0.00,0.00,0.00,0.00,0.00
2025-12-06,2025-12-01,2025-12-01,"71,106.00",0.00,"71,106.00","71,106.00",0.00,"15,149.00",0.00,"23,026.00","23,026.00","4,719.00",0.00,0.00,0.00,"5,186.00",0.00,0.00,0.00,0.00,0.00,0.00,0.00,0.00,0.00,0.00,0.00,0.00,0.00,0.00,0.00,0.00,0.00,0.00
2025-12-07,2025-12-01,2025-12-01,"73,023.00",0.00,"73,023.00","73,023.00",0.00,"18,921.00",0.00,"21,019.00","21,019.00","6,997.00",0.00,0.00,0.00,"5,067.00",0.00,0.00,0.00,0.00,0.00,0.00,0.00,0.00,0.00,0.00,0.00,0.00,0.00,0.00,0.00,0.00,0.00,0.00
2025-12-08,2025-12-08,2025-12-01,"69,813.00",0.00,"69,813.00","69,813.00",0.00,"19,060.00",0.00,"19,621.00","19,621.00","6,412.00",0.00,0.00,0.00,"5,099.00",0.00,0.00,0.00,0.00,0.00,0.00,0.00,0.00,0.00,0.00,0.00,0.00,0.00,0.00,0.00,0.00,0.00,0.00
2025-12-09,2025-12-08,2025-12-01,"71,182.00",0.00,"71,182.00","71,182.00",0.00,"20,984.00",0.00,"20,238.00","20,238.00","4,683.00",0.00,0.00,0.00,"5,039.00",0.00,0.00,0.00,0.00,0.00,0.00,0.00,0.00,0.00,0.00,0.00,0.00,0.00,0.00,0.00,0.00,0.00,0.00
2025-12-10,2025-12-08,2025-12-01,"56,761.00",0.00,"56,761.00","56,761.00",0.00,"15,512.00",0.00,"16,583.00","16,583.00","3,049.00",0.00,0.00,0.00,"5,034.00",0.00,0.00,0.00,0.00,0.00,0.00,0.00,0.00,0.00,0.00,0.00,0.00,0.00,0.00,0.00,0.00,0.00,0.00
2025-12-11,2025-12-08,2025-12-01,"47,412.00",0.00,"47,412.00","47,412.00",0.00,"15,558.00",0.00,"12,322.00","12,322.00","2,189.00",0.00,0.00,0.00,"5,021.00",0.00,0.00,0.00,0.00,0.00,0.00,0.00,0.00,0.00,0.00,0.00,0.00,0.00,0.00,0.00,0.00,0.00,0.00
2025-12-12,2025-12-08,2025-12-01,"46,779.00",0.00,"46,779.00","46,779.00",0.00,"13,364.00",0.00,"12,826.00","12,826.00","2,740.00",0.00,0.00,0.00,"5,023.00",0.00,0.00,0.00,0.00,0.00,0.00,0.00,0.00,0.00,0.00,0.00,0.00,0.00,0.00,0.00,0.00,0.00,0.00
2025-12-13,2025-12-08,2025-12-01,"52,865.00",0.00,"52,865.00","52,865.00",0.00,"19,539.00",0.00,"12,667.00","12,667.00","2,968.00",0.00,0.00,0.00,"5,024.00",0.00,0.00,0.00,0.00,0.00,0.00,0.00,0.00,0.00,0.00,0.00,0.00,0.00,0.00,0.00,0.00,0.00,0.00
2025-12-14,2025-12-08,2025-12-01,"51,967.00",0.00,"51,967.00","51,967.00",0.00,"16,928.00",0.00,"12,846.00","12,846.00","4,310.00",0.00,0.00,0.00,"5,037.00",0.00,0.00,0.00,0.00,0.00,0.00,0.00,0.00,0.00,0.00,0.00,0.00,0.00,0.00,0.00,0.00,0.00,0.00
2025-12-15,2025-12-15,2025-12-01,"54,699.00",0.00,"54,699.00","54,699.00",0.00,"18,425.00",0.00,"13,803.00","13,803.00","3,683.00",0.00,0.00,0.00,"4,985.00",0.00,0.00,0.00,0.00,0.00,0.00,0.00,0.00,0.00,0.00,0.00,0.00,0.00,0.00,0.00,0.00,0.00,0.00
2025-12-16,2025-12-15,2025-12-01,"53,931.00",0.00,"53,931.00","53,931.00",0.00,"20,007.00",50.00,"12,478.00","12,478.00","3,943.00",0.00,0.00,0.00,"4,975.00",0.00,0.00,0.00,0.00,0.00,0.00,0.00,0.00,0.00,0.00,0.00,0.00,0.00,0.00,0.00,0.00,0.00,0.00
2025-12-17,2025-12-15,2025-12-01,"48,799.00",0.00,"48,799.00","48,799.00",0.00,"16,340.00",50.00,"13,065.00","13,065.00","4,186.00",0.00,0.00,0.00,"2,093.00",0.00,0.00,0.00,0.00,0.00,0.00,0.00,0.00,0.00,0.00,0.00,0.00,0.00,0.00,0.00,0.00,0.00,0.00
2025-12-18,2025-12-15,2025-12-01,"42,365.00",0.00,"42,365.00","42,365.00",0.00,"10,586.00",50.00,"12,722.00","12,722.00","4,054.00",0.00,0.00,0.00,"2,231.00",0.00,0.00,0.00,0.00,0.00,0.00,0.00,0.00,0.00,0.00,0.00,0.00,0.00,0.00,0.00,0.00,0.00,0.00
2025-12-19,2025-12-15,2025-12-01,"33,567.00",0.00,"33,567.00","33,567.00",0.00,"9,337.00",49.00,"9,712.00","9,712.00","3,529.00",0.00,0.00,0.00,"1,228.00",0.00,0.00,0.00,0.00,0.00,0.00,0.00,0.00,0.00,0.00,0.00,0.00,0.00,0.00,0.00,0.00,0.00,0.00
2025-12-20,2025-12-15,2025-12-01,"35,604.00",0.00,"35,604.00","35,604.00",0.00,"9,120.00",48.00,"9,558.00","9,558.00","3,862.00",0.00,0.00,0.00,"3,458.00",0.00,0.00,0.00,0.00,0.00,0.00,0.00,0.00,0.00,0.00,0.00,0.00,0.00,0.00,0.00,0.00,0.00,0.00
2025-12-21,2025-12-15,2025-12-01,"43,310.00",0.00,"43,310.00","43,310.00",0.00,"11,518.00",50.00,"11,244.00","11,244.00","5,068.00",0.00,0.00,0.00,"4,186.00",0.00,0.00,0.00,0.00,0.00,0.00,0.00,0.00,0.00,0.00,0.00,0.00,0.00,0.00,0.00,0.00,0.00,0.00
2025-12-22,2025-12-22,2025-12-01,"38,210.00",0.00,"38,210.00","38,210.00",0.00,"6,338.00",50.00,"10,623.00","10,623.00","4,161.00",0.00,0.00,0.00,"6,415.00",0.00,0.00,0.00,0.00,0.00,0.00,0.00,0.00,0.00,0.00,0.00,0.00,0.00,0.00,0.00,0.00,0.00,0.00
2025-12-23,2025-12-22,2025-12-01,"36,562.00",0.00,"36,562.00","36,562.00",0.00,"6,032.00",501.00,"9,267.00","9,267.00","3,984.00",0.00,0.00,0.00,"7,511.00",0.00,0.00,0.00,0.00,0.00,0.00,0.00,0.00,0.00,0.00,0.00,0.00,0.00,0.00,0.00,0.00,0.00,0.00
2025-12-24,2025-12-22,2025-12-01,"32,002.00",0.00,"32,002.00","32,002.00",0.00,"6,259.00",499.00,"7,849.00","7,849.00","2,521.00",0.00,0.00,0.00,"7,025.00",0.00,0.00,0.00,0.00,0.00,0.00,0.00,0.00,0.00,0.00,0.00,0.00,0.00,0.00,0.00,0.00,0.00,0.00
2025-12-25,2025-12-22,2025-12-01,"29,277.00",0.00,"29,277.00","29,277.00",0.00,"4,546.00",497.00,"7,766.00","7,766.00","2,806.00",0.00,0.00,0.00,"5,896.00",0.00,0.00,0.00,0.00,0.00,0.00,0.00,0.00,0.00,0.00,0.00,0.00,0.00,0.00,0.00,0.00,0.00,0.00
2025-12-26,2025-12-22,2025-12-01,"164,268.00",0.00,"164,268.00","150,632.00","13,636.00","88,087.00","5,038.00","19,073.00","19,073.00","10,212.00",0.00,0.00,0.00,"9,149.00",0.00,0.00,0.00,0.00,"13,636.00",0.00,0.00,0.00,0.00,0.00,0.00,0.00,0.00,0.00,0.00,0.00,0.00,0.00
2025-12-27,2025-12-22,2025-12-01,"159,850.00",0.00,"159,850.00","143,830.00","16,020.00","70,173.00","4,904.00","24,832.00","24,832.00","9,807.00",0.00,0.00,0.00,"9,282.00",0.00,0.00,0.00,0.00,"16,020.00",0.00,0.00,0.00,0.00,0.00,0.00,0.00,0.00,0.00,0.00,0.00,0.00,0.00
2025-12-28,2025-12-22,2025-12-01,"188,331.00",0.00,"188,331.00","169,901.00","18,430.00","78,295.00","2,764.00","34,014.00","34,014.00","10,005.00",0.00,0.00,0.00,"10,809.00",0.00,0.00,0.00,0.00,"18,430.00",0.00,0.00,0.00,0.00,0.00,0.00,0.00,0.00,0.00,0.00,0.00,0.00,0.00
2025-12-29,2025-12-29,2025-12-01,"229,707.00",0.00,"229,707.00","190,749.00","38,958.00","83,270.00","2,422.00","36,241.00","36,241.00","18,755.00",0.00,0.00,0.00,"13,820.00",0.00,0.00,0.00,0.00,"35,431.00",0.00,0.00,0.00,"3,527.00",0.00,0.00,0.00,0.00,0.00,0.00,0.00,0.00,0.00
2025-12-30,2025-12-29,2025-12-01,"223,818.00",0.00,"223,818.00","181,788.00","42,030.00","73,639.00","2,967.00","36,320.00","36,320.00","20,666.00",0.00,0.00,0.00,"11,876.00",0.00,0.00,0.00,0.00,"38,503.00",0.00,0.00,0.00,"3,527.00",0.00,0.00,0.00,0.00,0.00,0.00,0.00,0.00,0.00
2025-12-31,2025-12-29,2025-12-01,"203,887.00",0.00,"203,887.00","165,837.00","38,050.00","72,059.00","2,370.00","35,477.00","35,477.00","14,023.00",0.00,0.00,0.00,"6,431.00",0.00,0.00,0.00,0.00,"34,523.00",0.00,0.00,0.00,"3,527.00",0.00,0.00,0.00,0.00,0.00,0.00,0.00,0.00,0.00
2026-01-01,2025-12-29,2026-01-01,"223,724.00","3,487.00","220,237.00","172,013.00","48,224.00","71,784.00","3,667.00","35,837.00","35,837.00","19,657.00",0.00,0.00,0.00,"5,231.00",0.00,0.00,0.00,0.00,"44,697.00",0.00,0.00,0.00,"3,527.00",0.00,0.00,"3,487.00",0.00,0.00,0.00,0.00,0.00,0.00
2026-01-02,2025-12-29,2026-01-01,"216,776.00","3,487.00","213,289.00","177,699.00","35,590.00","70,109.00","5,900.00","38,493.00","38,493.00","19,747.00",0.00,0.00,0.00,"4,957.00",0.00,0.00,0.00,0.00,"32,063.00",0.00,0.00,0.00,"3,527.00",0.00,0.00,"3,487.00",0.00,0.00,0.00,0.00,0.00,0.00
2026-01-03,2025-12-29,2026-01-01,"220,062.00","3,487.00","216,575.00","177,680.00","38,895.00","68,564.00","6,185.00","37,731.00","37,731.00","19,196.00",0.00,0.00,0.00,"8,273.00",0.00,0.00,0.00,0.00,"35,368.00",0.00,0.00,0.00,"3,527.00",0.00,0.00,"3,487.00",0.00,0.00,0.00,0.00,0.00,0.00
2026-01-04,2025-12-29,2026-01-01,"236,683.00","3,487.00","233,196.00","192,107.00","41,089.00","83,484.00","4,230.00","35,660.00","35,660.00","22,755.00",0.00,0.00,0.00,"10,318.00",0.00,0.00,0.00,0.00,"37,562.00",0.00,0.00,0.00,"3,527.00",0.00,0.00,"3,487.00",0.00,0.00,0.00,0.00,0.00,0.00
2026-01-05,2026-01-05,2026-01-01,"218,162.00","3,487.00","214,675.00","190,512.00","24,163.00","71,310.00","4,553.00","39,531.00","39,531.00","20,846.00",0.00,0.00,0.00,"14,741.00",0.00,0.00,0.00,0.00,"20,636.00",0.00,0.00,0.00,"3,527.00",0.00,0.00,"3,487.00",0.00,0.00,0.00,0.00,0.00,0.00
2026-01-06,2026-01-05,2026-01-01,"207,119.00","3,487.00","203,632.00","188,120.00","15,512.00","72,318.00","5,423.00","38,028.00","38,028.00","21,219.00",0.00,0.00,0.00,"13,104.00",0.00,0.00,0.00,0.00,"11,985.00",0.00,0.00,0.00,"3,527.00",0.00,0.00,"3,487.00",0.00,0.00,0.00,0.00,0.00,0.00
2026-01-07,2026-01-05,2026-01-01,"197,537.00","3,487.00","194,050.00","173,968.00","20,082.00","79,624.00","5,128.00","36,404.00","36,404.00","14,774.00",0.00,0.00,0.00,"1,634.00",0.00,0.00,0.00,0.00,"16,555.00",0.00,0.00,0.00,"3,527.00",0.00,0.00,"3,487.00",0.00,0.00,0.00,0.00,0.00,0.00
2026-01-08,2026-01-05,2026-01-01,"196,768.00","3,487.00","193,281.00","178,405.00","14,876.00","85,027.00","5,588.00","34,073.00","34,073.00","18,464.00",0.00,0.00,0.00,"1,180.00",0.00,0.00,0.00,0.00,"11,349.00",0.00,0.00,0.00,"3,527.00",0.00,0.00,"3,487.00",0.00,0.00,0.00,0.00,0.00,0.00
2026-01-09,2026-01-05,2026-01-01,"176,310.00","3,487.00","172,823.00","155,364.00","17,459.00","75,907.00","7,482.00","26,084.00","26,084.00","17,663.00",0.00,0.00,0.00,"2,144.00",0.00,0.00,0.00,0.00,"13,932.00",0.00,0.00,0.00,"3,527.00",0.00,0.00,"3,487.00",0.00,0.00,0.00,0.00,0.00,0.00
2026-01-10,2026-01-05,2026-01-01,"160,071.00","3,487.00","156,584.00","144,468.00","12,116.00","64,816.00","9,956.00","23,946.00","23,946.00","18,314.00",0.00,0.00,0.00,"3,490.00",0.00,0.00,0.00,0.00,"8,589.00",0.00,0.00,0.00,"3,527.00",0.00,0.00,"3,487.00",0.00,0.00,0.00,0.00,0.00,0.00
2026-01-11,2026-01-05,2026-01-01,"166,141.00","3,487.00","162,654.00","145,079.00","17,575.00","62,804.00","7,769.00","24,702.00","24,702.00","20,044.00",0.00,0.00,0.00,"5,058.00",0.00,0.00,0.00,0.00,"14,048.00",0.00,0.00,0.00,"3,527.00",0.00,0.00,"3,487.00",0.00,0.00,0.00,0.00,0.00,0.00
2026-01-12,2026-01-12,2026-01-01,"147,977.00","3,487.00","144,490.00","130,821.00","13,669.00","54,193.00","5,253.00","25,169.00","25,169.00","17,689.00",0.00,0.00,0.00,"3,348.00",0.00,0.00,0.00,0.00,"10,142.00",0.00,0.00,0.00,"3,527.00",0.00,0.00,"3,487.00",0.00,0.00,0.00,0.00,0.00,0.00
2026-01-13,2026-01-12,2026-01-01,"165,619.00","3,487.00","162,132.00","152,888.00","9,244.00","73,037.00","5,635.00","28,154.00","28,154.00","13,790.00",0.00,0.00,0.00,"4,118.00",0.00,0.00,0.00,0.00,"9,244.00",0.00,0.00,0.00,0.00,0.00,0.00,"3,487.00",0.00,0.00,0.00,0.00,0.00,0.00
2026-01-14,2026-01-12,2026-01-01,"142,960.00","3,487.00","139,473.00","124,619.00","14,854.00","58,798.00","14,987.00","17,842.00","17,842.00","9,976.00",0.00,0.00,0.00,"5,174.00",0.00,0.00,0.00,0.00,"14,854.00",0.00,0.00,0.00,0.00,0.00,0.00,"3,487.00",0.00,0.00,0.00,0.00,0.00,0.00
2026-01-15,2026-01-12,2026-01-01,"194,844.00","3,487.00","191,357.00","178,388.00","12,969.00","111,920.00","14,017.00","18,273.00","18,273.00","9,328.00",0.00,0.00,0.00,"6,577.00",0.00,0.00,0.00,0.00,"12,969.00",0.00,0.00,0.00,0.00,0.00,0.00,"3,487.00",0.00,0.00,0.00,0.00,0.00,0.00
2026-01-16,2026-01-12,2026-01-01,"174,138.00","3,487.00","170,651.00","157,240.00","13,411.00","101,615.00",54.00,"18,291.00","18,291.00","11,362.00",0.00,0.00,0.00,"7,627.00",0.00,0.00,0.00,0.00,"13,411.00",0.00,0.00,0.00,0.00,0.00,0.00,"3,487.00",0.00,0.00,0.00,0.00,0.00,0.00
2026-01-17,2026-01-12,2026-01-01,"161,677.00","3,487.00","158,190.00","150,406.00","7,784.00","91,385.00",4.00,"18,463.00","18,463.00","11,176.00",0.00,0.00,0.00,"10,915.00",0.00,0.00,0.00,0.00,"7,784.00",0.00,0.00,0.00,0.00,0.00,0.00,"3,487.00",0.00,0.00,0.00,0.00,0.00,0.00
2026-01-18,2026-01-12,2026-01-01,"179,888.00","3,487.00","176,401.00","162,092.00","14,309.00","103,982.00",2.00,"18,144.00","18,144.00","8,744.00",0.00,0.00,0.00,"13,076.00",0.00,0.00,0.00,0.00,"14,309.00",0.00,0.00,0.00,0.00,0.00,0.00,"3,487.00",0.00,0.00,0.00,0.00,0.00,0.00
2026-01-19,2026-01-19,2026-01-01,"172,997.00","3,487.00","169,510.00","153,262.00","16,248.00","94,493.00",1.00,"17,893.00","17,893.00","9,281.00",0.00,0.00,0.00,"13,701.00",0.00,0.00,0.00,0.00,"16,248.00",0.00,0.00,0.00,0.00,0.00,0.00,"3,487.00",0.00,0.00,0.00,0.00,0.00,0.00
2026-01-20,2026-01-19,2026-01-01,"173,667.00","3,487.00","170,180.00","152,827.00","17,353.00","90,142.00",1.00,"18,727.00","18,727.00","10,789.00",0.00,0.00,0.00,"14,441.00",0.00,0.00,0.00,0.00,"17,353.00",0.00,0.00,0.00,0.00,0.00,0.00,"3,487.00",0.00,0.00,0.00,0.00,0.00,0.00
2026-01-21,2026-01-19,2026-01-01,"172,269.00","3,487.00","168,782.00","147,916.00","20,866.00","86,925.00",0.00,"17,725.00","17,725.00","10,831.00",0.00,0.00,0.00,"14,710.00",0.00,0.00,0.00,0.00,"20,866.00",0.00,0.00,0.00,0.00,0.00,0.00,"3,487.00",0.00,0.00,0.00,0.00,0.00,0.00
2026-01-22,2026-01-19,2026-01-01,"181,357.00","3,487.00","177,870.00","158,886.00","18,984.00","92,447.00",0.00,"20,510.00","20,510.00","10,073.00",0.00,0.00,0.00,"15,346.00",0.00,0.00,0.00,0.00,"18,984.00",0.00,0.00,0.00,0.00,0.00,0.00,"3,487.00",0.00,0.00,0.00,0.00,0.00,0.00
2026-01-23,2026-01-19,2026-01-01,"169,252.00","3,487.00","165,765.00","149,509.00","16,256.00","87,323.00",0.00,"19,667.00","19,667.00","8,416.00",0.00,0.00,0.00,"14,436.00",0.00,0.00,0.00,0.00,"16,256.00",0.00,0.00,0.00,0.00,0.00,0.00,"3,487.00",0.00,0.00,0.00,0.00,0.00,0.00
2026-01-24,2026-01-19,2026-01-01,"176,121.00","3,487.00","172,634.00","159,529.00","13,105.00","92,491.00",0.00,"19,981.00","19,981.00","11,887.00",0.00,0.00,0.00,"15,189.00",0.00,0.00,0.00,0.00,"13,105.00",0.00,0.00,0.00,0.00,0.00,0.00,"3,487.00",0.00,0.00,0.00,0.00,0.00,0.00
2026-01-25,2026-01-19,2026-01-01,"195,336.00","3,487.00","191,849.00","170,480.00","21,369.00","102,051.00",0.00,"20,741.00","20,741.00","10,358.00",0.00,0.00,0.00,"16,589.00",0.00,0.00,0.00,0.00,"21,369.00",0.00,0.00,0.00,0.00,0.00,0.00,"3,487.00",0.00,0.00,0.00,0.00,0.00,0.00
2026-01-26,2026-01-26,2026-01-01,"126,127.00","3,487.00","122,640.00","102,595.00","20,045.00","34,440.00",0.00,"21,561.00","21,561.00","9,967.00",0.00,0.00,0.00,"15,066.00",0.00,0.00,0.00,0.00,"20,045.00",0.00,0.00,0.00,0.00,0.00,0.00,"3,487.00",0.00,0.00,0.00,0.00,0.00,0.00
2026-01-27,2026-01-26,2026-01-01,"85,345.00","3,487.00","81,858.00","64,623.00","17,235.00",0.00,0.00,"19,603.00","19,603.00","8,768.00",0.00,0.00,0.00,"16,649.00",0.00,0.00,0.00,0.00,"17,235.00",0.00,0.00,0.00,0.00,0.00,0.00,"3,487.00",0.00,0.00,0.00,0.00,0.00,0.00
2026-01-28,2026-01-26,2026-01-01,"78,855.00","3,487.00","75,368.00","59,984.00","15,384.00",0.00,0.00,"19,376.00","19,376.00","10,207.00",0.00,0.00,0.00,"11,025.00",0.00,0.00,0.00,0.00,"15,384.00",0.00,0.00,0.00,0.00,0.00,0.00,"3,487.00",0.00,0.00,0.00,0.00,0.00,0.00
2026-01-29,2026-01-26,2026-01-01,"76,443.00","3,487.00","72,956.00","55,896.00","17,060.00",0.00,0.00,"18,865.00","18,865.00","10,300.00",0.00,0.00,0.00,"7,866.00",0.00,0.00,0.00,0.00,"17,060.00",0.00,0.00,0.00,0.00,0.00,0.00,"3,487.00",0.00,0.00,0.00,0.00,0.00,0.00
2026-01-30,2026-01-26,2026-01-01,"77,764.00","3,487.00","74,277.00","53,244.00","21,033.00",0.00,0.00,"17,915.00","17,915.00","9,009.00",0.00,0.00,0.00,"8,405.00",0.00,0.00,0.00,0.00,"21,033.00",0.00,0.00,0.00,0.00,0.00,0.00,"3,487.00",0.00,0.00,0.00,0.00,0.00,0.00
2026-01-31,2026-01-26,2026-01-01,"70,414.00","3,487.00","66,927.00","52,274.00","14,653.00",0.00,0.00,"17,101.00","17,101.00","8,970.00",0.00,0.00,0.00,"9,102.00",0.00,0.00,0.00,0.00,"14,653.00",0.00,0.00,0.00,0.00,0.00,0.00,"3,487.00",0.00,0.00,0.00,0.00,0.00,0.00
2026-02-01,2026-01-26,2026-02-01,"54,760.00","3,521.00","51,239.00","51,239.00",0.00,0.00,0.00,"17,152.00","17,152.00","10,602.00",0.00,0.00,0.00,"6,333.00",0.00,0.00,0.00,0.00,0.00,0.00,0.00,0.00,0.00,0.00,0.00,"3,521.00",0.00,0.00,0.00,0.00,0.00,0.00
2026-02-02,2026-02-02,2026-02-01,"107,465.00","3,521.00","103,944.00","103,944.00",0.00,"47,361.00",0.00,"19,424.00","19,424.00","14,094.00",0.00,0.00,0.00,"3,641.00",0.00,0.00,0.00,0.00,0.00,0.00,0.00,0.00,0.00,0.00,0.00,"3,521.00",0.00,0.00,0.00,0.00,0.00,0.00
2026-02-03,2026-02-02,2026-02-01,"124,623.00","3,521.00","121,102.00","121,102.00",0.00,"59,626.00",0.00,"24,772.00","24,772.00","7,661.00",0.00,0.00,0.00,"4,271.00",0.00,0.00,0.00,0.00,0.00,0.00,0.00,0.00,0.00,0.00,0.00,"3,521.00",0.00,0.00,0.00,0.00,0.00,0.00
2026-02-04,2026-02-02,2026-02-01,"110,955.00","3,521.00","107,434.00","107,434.00",0.00,"50,389.00",0.00,"21,701.00","21,701.00","9,738.00",0.00,0.00,0.00,"3,905.00",0.00,0.00,0.00,0.00,0.00,0.00,0.00,0.00,0.00,0.00,0.00,"3,521.00",0.00,0.00,0.00,0.00,0.00,0.00
2026-02-05,2026-02-02,2026-02-01,"109,094.00","3,521.00","105,573.00","105,573.00",0.00,"48,592.00",0.00,"22,417.00","22,417.00","7,764.00",0.00,0.00,0.00,"4,383.00",0.00,0.00,0.00,0.00,0.00,0.00,0.00,0.00,0.00,0.00,0.00,"3,521.00",0.00,0.00,0.00,0.00,0.00,0.00
2026-02-06,2026-02-02,2026-02-01,"104,466.00","3,521.00","100,945.00","100,945.00",0.00,"45,188.00",0.00,"20,410.00","20,410.00","10,590.00",0.00,0.00,0.00,"4,347.00",0.00,0.00,0.00,0.00,0.00,0.00,0.00,0.00,0.00,0.00,0.00,"3,521.00",0.00,0.00,0.00,0.00,0.00,0.00
2026-02-07,2026-02-02,2026-02-01,"108,333.00","3,521.00","104,812.00","104,812.00",0.00,"41,263.00",0.00,"23,220.00","23,220.00","12,101.00",0.00,0.00,0.00,"5,008.00",0.00,0.00,0.00,0.00,0.00,0.00,0.00,0.00,0.00,0.00,0.00,"3,521.00",0.00,0.00,0.00,0.00,0.00,0.00
2026-02-08,2026-02-02,2026-02-01,"134,010.00","3,521.00","130,489.00","130,489.00",0.00,"48,239.00",0.00,"32,127.00","32,127.00","13,607.00",0.00,0.00,0.00,"4,389.00",0.00,0.00,0.00,0.00,0.00,0.00,0.00,0.00,0.00,0.00,0.00,"3,521.00",0.00,0.00,0.00,0.00,0.00,0.00
2026-02-09,2026-02-09,2026-02-01,"112,633.00","3,521.00","109,112.00","109,112.00",0.00,"43,308.00","5,236.00","22,704.00","22,704.00","10,174.00",0.00,0.00,0.00,"4,986.00",0.00,0.00,0.00,0.00,0.00,0.00,0.00,0.00,0.00,0.00,0.00,"3,521.00",0.00,0.00,0.00,0.00,0.00,0.00
2026-02-10,2026-02-09,2026-02-01,"124,849.00","3,521.00","121,328.00","121,328.00",0.00,"57,283.00","5,192.00","22,970.00","22,970.00","10,417.00",0.00,0.00,0.00,"2,496.00",0.00,0.00,0.00,0.00,0.00,0.00,0.00,0.00,0.00,0.00,0.00,"3,521.00",0.00,0.00,0.00,0.00,0.00,0.00
2026-02-11,2026-02-09,2026-02-01,"138,865.00","3,521.00","135,344.00","135,344.00",0.00,"74,915.00","5,235.00","22,733.00","22,733.00","9,728.00",0.00,0.00,0.00,0.00,0.00,0.00,0.00,0.00,0.00,0.00,0.00,0.00,0.00,0.00,0.00,"3,521.00",0.00,0.00,0.00,0.00,0.00,0.00
2026-02-12,2026-02-09,2026-02-01,"127,380.00","3,521.00","123,859.00","123,859.00",0.00,"65,711.00","3,541.00","22,287.00","22,287.00","10,033.00",0.00,0.00,0.00,0.00,0.00,0.00,0.00,0.00,0.00,0.00,0.00,0.00,0.00,0.00,0.00,"3,521.00",0.00,0.00,0.00,0.00,0.00,0.00
2026-02-13,2026-02-09,2026-02-01,"104,497.00","3,521.00","100,976.00","100,976.00",0.00,"54,694.00","5,079.00","17,265.00","17,265.00","6,673.00",0.00,0.00,0.00,0.00,0.00,0.00,0.00,0.00,0.00,0.00,0.00,0.00,0.00,0.00,0.00,"3,521.00",0.00,0.00,0.00,0.00,0.00,0.00
2026-02-14,2026-02-09,2026-02-01,"115,626.00","3,521.00","112,105.00","112,105.00",0.00,"63,416.00","5,174.00","17,581.00","17,581.00","8,353.00",0.00,0.00,0.00,0.00,0.00,0.00,0.00,0.00,0.00,0.00,0.00,0.00,0.00,0.00,0.00,"3,521.00",0.00,0.00,0.00,0.00,0.00,0.00
2026-02-15,2026-02-09,2026-02-01,"119,788.00","3,521.00","116,267.00","116,267.00",0.00,"61,119.00","5,718.00","18,835.00","18,835.00","11,760.00",0.00,0.00,0.00,0.00,0.00,0.00,0.00,0.00,0.00,0.00,0.00,0.00,0.00,0.00,0.00,"3,521.00",0.00,0.00,0.00,0.00,0.00,0.00
2026-02-16,2026-02-16,2026-02-01,"115,091.00","3,521.00","111,570.00","111,570.00",0.00,"64,511.00","4,899.00","15,214.00","15,214.00","11,732.00",0.00,0.00,0.00,0.00,0.00,0.00,0.00,0.00,0.00,0.00,0.00,0.00,0.00,0.00,0.00,"3,521.00",0.00,0.00,0.00,0.00,0.00,0.00
2026-02-17,2026-02-16,2026-02-01,"110,309.00","3,521.00","106,788.00","106,788.00",0.00,"62,377.00","3,780.00","14,583.00","14,583.00","11,465.00",0.00,0.00,0.00,0.00,0.00,0.00,0.00,0.00,0.00,0.00,0.00,0.00,0.00,0.00,0.00,"3,521.00",0.00,0.00,0.00,0.00,0.00,0.00
2026-02-18,2026-02-16,2026-02-01,"109,759.00","3,521.00","106,238.00","106,238.00",0.00,"58,303.00","6,661.00","14,620.00","14,620.00","12,034.00",0.00,0.00,0.00,0.00,0.00,0.00,0.00,0.00,0.00,0.00,0.00,0.00,0.00,0.00,0.00,"3,521.00",0.00,0.00,0.00,0.00,0.00,0.00
2026-02-19,2026-02-16,2026-02-01,"108,123.00","3,521.00","104,602.00","104,602.00",0.00,"55,569.00","9,359.00","14,436.00","14,436.00","10,802.00",0.00,0.00,0.00,0.00,0.00,0.00,0.00,0.00,0.00,0.00,0.00,0.00,0.00,0.00,0.00,"3,521.00",0.00,0.00,0.00,0.00,0.00,0.00
2026-02-20,2026-02-16,2026-02-01,"97,383.00","3,521.00","93,862.00","93,862.00",0.00,"48,915.00","6,727.00","13,134.00","13,134.00","11,952.00",0.00,0.00,0.00,0.00,0.00,0.00,0.00,0.00,0.00,0.00,0.00,0.00,0.00,0.00,0.00,"3,521.00",0.00,0.00,0.00,0.00,0.00,0.00
2026-02-21,2026-02-16,2026-02-01,"102,473.00","3,521.00","98,952.00","98,952.00",0.00,"49,066.00","12,712.00","11,634.00","11,634.00","13,906.00",0.00,0.00,0.00,0.00,0.00,0.00,0.00,0.00,0.00,0.00,0.00,0.00,0.00,0.00,0.00,"3,521.00",0.00,0.00,0.00,0.00,0.00,0.00
2026-02-22,2026-02-16,2026-02-01,"113,953.00","3,521.00","110,432.00","110,432.00",0.00,"58,196.00","12,624.00","12,156.00","12,156.00","15,300.00",0.00,0.00,0.00,0.00,0.00,0.00,0.00,0.00,0.00,0.00,0.00,0.00,0.00,0.00,0.00,"3,521.00",0.00,0.00,0.00,0.00,0.00,0.00
2026-02-23,2026-02-23,2026-02-01,"99,973.00","3,521.00","96,452.00","96,452.00",0.00,"49,583.00","10,396.00","12,143.00","12,143.00","12,187.00",0.00,0.00,0.00,0.00,0.00,0.00,0.00,0.00,0.00,0.00,0.00,0.00,0.00,0.00,0.00,"3,521.00",0.00,0.00,0.00,0.00,0.00,0.00
2026-02-24,2026-02-23,2026-02-01,"102,912.00","3,521.00","99,391.00","99,391.00",0.00,"51,565.00","13,514.00","11,665.00","11,665.00","10,982.00",0.00,0.00,0.00,0.00,0.00,0.00,0.00,0.00,0.00,0.00,0.00,0.00,0.00,0.00,0.00,"3,521.00",0.00,0.00,0.00,0.00,0.00,0.00
2026-02-25,2026-02-23,2026-02-01,"107,240.00","3,521.00","103,719.00","103,719.00",0.00,"55,661.00","16,224.00","11,428.00","11,428.00","8,978.00",0.00,0.00,0.00,0.00,0.00,0.00,0.00,0.00,0.00,0.00,0.00,0.00,0.00,0.00,0.00,"3,521.00",0.00,0.00,0.00,0.00,0.00,0.00
2026-02-26,2026-02-23,2026-02-01,"110,619.00","3,521.00","107,098.00","107,098.00",0.00,"57,186.00","16,934.00","10,852.00","10,852.00","11,274.00",0.00,0.00,0.00,0.00,0.00,0.00,0.00,0.00,0.00,0.00,0.00,0.00,0.00,0.00,0.00,"3,521.00",0.00,0.00,0.00,0.00,0.00,0.00
2026-02-27,2026-02-23,2026-02-01,"107,698.00","3,521.00","104,177.00","104,177.00",0.00,"57,042.00","15,807.00","10,531.00","10,531.00","10,266.00",0.00,0.00,0.00,0.00,0.00,0.00,0.00,0.00,0.00,0.00,0.00,0.00,0.00,0.00,0.00,"3,521.00",0.00,0.00,0.00,0.00,0.00,0.00
2026-02-28,2026-02-23,2026-02-01,"119,834.00","3,521.00","116,313.00","116,313.00",0.00,"72,012.00","13,966.00","10,348.00","10,348.00","9,639.00",0.00,0.00,0.00,0.00,0.00,0.00,0.00,0.00,0.00,0.00,0.00,0.00,0.00,0.00,0.00,"3,521.00",0.00,0.00,0.00,0.00,0.00,0.00
2026-03-01,2026-02-23,2026-03-01,"134,905.00","2,219.00","132,686.00","132,686.00",0.00,"81,690.00","18,547.00","11,323.00","11,323.00","9,803.00",0.00,0.00,0.00,0.00,0.00,0.00,0.00,0.00,0.00,0.00,0.00,0.00,0.00,0.00,0.00,"2,219.00",0.00,0.00,0.00,0.00,0.00,0.00
2026-03-02,2026-03-02,2026-03-01,"126,922.00","2,219.00","124,703.00","124,703.00",0.00,"74,469.00","17,088.00","11,716.00","11,716.00","9,714.00",0.00,0.00,0.00,0.00,0.00,0.00,0.00,0.00,0.00,0.00,0.00,0.00,0.00,0.00,0.00,"2,219.00",0.00,0.00,0.00,0.00,0.00,0.00
2026-03-03,2026-03-02,2026-03-01,"120,789.00","2,219.00","118,570.00","118,570.00",0.00,"72,499.00","13,015.00","11,807.00","11,807.00","9,442.00",0.00,0.00,0.00,0.00,0.00,0.00,0.00,0.00,0.00,0.00,0.00,0.00,0.00,0.00,0.00,"2,219.00",0.00,0.00,0.00,0.00,0.00,0.00
2026-03-04,2026-03-02,2026-03-01,"137,222.00","2,219.00","135,003.00","135,003.00",0.00,"80,348.00","17,853.00","13,231.00","13,231.00","10,340.00",0.00,0.00,0.00,0.00,0.00,0.00,0.00,0.00,0.00,0.00,0.00,0.00,0.00,0.00,0.00,"2,219.00",0.00,0.00,0.00,0.00,0.00,0.00
2026-03-05,2026-03-02,2026-03-01,"137,815.00","2,219.00","135,596.00","135,596.00",0.00,"80,911.00","17,735.00","13,237.00","13,237.00","10,476.00",0.00,0.00,0.00,0.00,0.00,0.00,0.00,0.00,0.00,0.00,0.00,0.00,0.00,0.00,0.00,"2,219.00",0.00,0.00,0.00,0.00,0.00,0.00
2026-03-06,2026-03-02,2026-03-01,"132,730.00","2,219.00","130,511.00","130,511.00",0.00,"80,094.00","10,445.00","14,127.00","14,127.00","11,718.00",0.00,0.00,0.00,0.00,0.00,0.00,0.00,0.00,0.00,0.00,0.00,0.00,0.00,0.00,0.00,"2,219.00",0.00,0.00,0.00,0.00,0.00,0.00
2026-03-07,2026-03-02,2026-03-01,"119,255.00","2,219.00","117,036.00","117,036.00",0.00,"76,405.00",0.00,"13,803.00","13,803.00","13,025.00",0.00,0.00,0.00,0.00,0.00,0.00,0.00,0.00,0.00,0.00,0.00,0.00,0.00,0.00,0.00,"2,219.00",0.00,0.00,0.00,0.00,0.00,0.00
2026-03-08,2026-03-02,2026-03-01,"115,263.00","2,219.00","113,044.00","113,044.00",0.00,"72,618.00",0.00,"13,813.00","13,813.00","12,800.00",0.00,0.00,0.00,0.00,0.00,0.00,0.00,0.00,0.00,0.00,0.00,0.00,0.00,0.00,0.00,"2,219.00",0.00,0.00,0.00,0.00,0.00,0.00
2026-03-09,2026-03-09,2026-03-01,"114,991.00","2,219.00","112,772.00","112,772.00",0.00,"55,721.00","18,813.00","13,211.00","13,211.00","11,816.00",0.00,0.00,0.00,0.00,0.00,0.00,0.00,0.00,0.00,0.00,0.00,0.00,0.00,0.00,0.00,"2,219.00",0.00,0.00,0.00,0.00,0.00,0.00
2026-03-10,2026-03-09,2026-03-01,"112,428.00","2,219.00","110,209.00","110,209.00",0.00,"50,729.00","21,461.00","13,561.00","13,561.00","10,897.00",0.00,0.00,0.00,0.00,0.00,0.00,0.00,0.00,0.00,0.00,0.00,0.00,0.00,0.00,0.00,"2,219.00",0.00,0.00,0.00,0.00,0.00,0.00
2026-03-11,2026-03-09,2026-03-01,"95,182.00","2,219.00","92,963.00","92,963.00",0.00,"43,606.00","12,805.00","11,900.00","11,900.00","12,752.00",0.00,0.00,0.00,0.00,0.00,0.00,0.00,0.00,0.00,0.00,0.00,0.00,0.00,0.00,0.00,"2,219.00",0.00,0.00,0.00,0.00,0.00,0.00
2026-03-12,2026-03-09,2026-03-01,"84,189.00","2,219.00","81,970.00","81,970.00",0.00,"28,567.00","16,058.00","12,647.00","12,647.00","12,051.00",0.00,0.00,0.00,0.00,0.00,0.00,0.00,0.00,0.00,0.00,0.00,0.00,0.00,0.00,0.00,"2,219.00",0.00,0.00,0.00,0.00,0.00,0.00
2026-03-13,2026-03-09,2026-03-01,"73,007.00","2,219.00","70,788.00","70,788.00",0.00,"25,019.00","8,470.00","13,136.00","13,136.00","11,027.00",0.00,0.00,0.00,0.00,0.00,0.00,0.00,0.00,0.00,0.00,0.00,0.00,0.00,0.00,0.00,"2,219.00",0.00,0.00,0.00,0.00,0.00,0.00
2026-03-14,2026-03-09,2026-03-01,"73,683.00","2,219.00","71,464.00","71,464.00",0.00,"25,222.00","8,448.00","12,893.00","12,893.00","12,008.00",0.00,0.00,0.00,0.00,0.00,0.00,0.00,0.00,0.00,0.00,0.00,0.00,0.00,0.00,0.00,"2,219.00",0.00,0.00,0.00,0.00,0.00,0.00
2026-03-15,2026-03-09,2026-03-01,"71,596.00","2,219.00","69,377.00","69,377.00",0.00,"27,775.00","8,401.00","10,044.00","10,044.00","13,113.00",0.00,0.00,0.00,0.00,0.00,0.00,0.00,0.00,0.00,0.00,0.00,0.00,0.00,0.00,0.00,"2,219.00",0.00,0.00,0.00,0.00,0.00,0.00
2026-03-16,2026-03-16,2026-03-01,"77,422.00","2,219.00","75,203.00","75,203.00",0.00,"27,656.00","9,717.00","12,500.00","12,500.00","12,830.00",0.00,0.00,0.00,0.00,0.00,0.00,0.00,0.00,0.00,0.00,0.00,0.00,0.00,0.00,0.00,"2,219.00",0.00,0.00,0.00,0.00,0.00,0.00
2026-03-17,2026-03-16,2026-03-01,"86,328.00","2,219.00","84,109.00","84,109.00",0.00,"35,761.00","5,517.00","15,071.00","15,071.00","12,689.00",0.00,0.00,0.00,0.00,0.00,0.00,0.00,0.00,0.00,0.00,0.00,0.00,0.00,0.00,0.00,"2,219.00",0.00,0.00,0.00,0.00,0.00,0.00
2026-03-18,2026-03-16,2026-03-01,"89,367.00","2,219.00","87,148.00","87,148.00",0.00,"37,324.00","5,378.00","15,218.00","15,218.00","14,010.00",0.00,0.00,0.00,0.00,0.00,0.00,0.00,0.00,0.00,0.00,0.00,0.00,0.00,0.00,0.00,"2,219.00",0.00,0.00,0.00,0.00,0.00,0.00
2026-03-19,2026-03-16,2026-03-01,"90,345.00","2,219.00","88,126.00","88,126.00",0.00,"45,382.00","5,570.00","12,477.00","12,477.00","12,220.00",0.00,0.00,0.00,0.00,0.00,0.00,0.00,0.00,0.00,0.00,0.00,0.00,0.00,0.00,0.00,"2,219.00",0.00,0.00,0.00,0.00,0.00,0.00
2026-03-20,2026-03-16,2026-03-01,"89,502.00","2,219.00","87,283.00","87,283.00",0.00,"44,647.00","5,151.00","11,881.00","11,881.00","13,723.00",0.00,0.00,0.00,0.00,0.00,0.00,0.00,0.00,0.00,0.00,0.00,0.00,0.00,0.00,0.00,"2,219.00",0.00,0.00,0.00,0.00,0.00,0.00
2026-03-21,2026-03-16,2026-03-01,"92,861.00","2,219.00","90,642.00","90,642.00",0.00,"45,639.00","4,778.00","13,895.00","13,895.00","12,435.00",0.00,0.00,0.00,0.00,0.00,0.00,0.00,0.00,0.00,0.00,0.00,0.00,0.00,0.00,0.00,"2,219.00",0.00,0.00,0.00,0.00,0.00,0.00
2026-03-22,2026-03-16,2026-03-01,"101,776.00","2,219.00","99,557.00","99,557.00",0.00,"49,702.00","6,071.00","15,508.00","15,508.00","12,768.00",0.00,0.00,0.00,0.00,0.00,0.00,0.00,0.00,0.00,0.00,0.00,0.00,0.00,0.00,0.00,"2,219.00",0.00,0.00,0.00,0.00,0.00,0.00
2026-03-23,2026-03-23,2026-03-01,"108,507.00","2,219.00","106,288.00","106,288.00",0.00,"48,170.00","5,825.00","19,706.00","19,706.00","12,881.00",0.00,0.00,0.00,0.00,0.00,0.00,0.00,0.00,0.00,0.00,0.00,0.00,0.00,0.00,0.00,"2,219.00",0.00,0.00,0.00,0.00,0.00,0.00
2026-03-24,2026-03-23,2026-03-01,"99,171.00","2,219.00","96,952.00","94,189.00","2,763.00","46,846.00","5,019.00","14,058.00","14,058.00","12,722.00",0.00,0.00,0.00,"1,486.00",0.00,0.00,0.00,0.00,"2,763.00",0.00,0.00,0.00,0.00,0.00,0.00,"2,219.00",0.00,0.00,0.00,0.00,0.00,0.00
2026-03-25,2026-03-23,2026-03-01,"98,131.00","2,219.00","95,912.00","92,794.00","3,118.00","44,542.00","5,345.00","14,820.00","14,820.00","11,523.00",0.00,0.00,0.00,"1,744.00",0.00,0.00,0.00,0.00,"3,118.00",0.00,0.00,0.00,0.00,0.00,0.00,"2,219.00",0.00,0.00,0.00,0.00,0.00,0.00
2026-03-26,2026-03-23,2026-03-01,"101,748.00","2,219.00","99,529.00","97,408.00","2,121.00","48,995.00","4,881.00","14,170.00","14,170.00","13,013.00",0.00,0.00,0.00,"2,179.00",0.00,0.00,0.00,0.00,"2,121.00",0.00,0.00,0.00,0.00,0.00,0.00,"2,219.00",0.00,0.00,0.00,0.00,0.00,0.00
2026-03-27,2026-03-23,2026-03-01,"100,145.00","2,219.00","97,926.00","96,650.00","1,276.00","42,695.00","4,652.00","17,023.00","17,023.00","12,780.00",0.00,0.00,0.00,"2,477.00",0.00,0.00,0.00,0.00,"1,276.00",0.00,0.00,0.00,0.00,0.00,0.00,"2,219.00",0.00,0.00,0.00,0.00,0.00,0.00
2026-03-28,2026-03-23,2026-03-01,"101,376.00","2,219.00","99,157.00","96,933.00","2,224.00","51,180.00","4,581.00","12,255.00","12,255.00","13,785.00",0.00,0.00,0.00,"2,877.00",0.00,0.00,0.00,0.00,"2,224.00",0.00,0.00,0.00,0.00,0.00,0.00,"2,219.00",0.00,0.00,0.00,0.00,0.00,0.00
2026-03-29,2026-03-23,2026-03-01,"123,095.00","2,219.00","120,876.00","118,133.00","2,743.00","58,776.00","5,642.00","17,586.00","17,586.00","16,381.00",0.00,0.00,0.00,"2,162.00",0.00,0.00,0.00,0.00,"2,743.00",0.00,0.00,0.00,0.00,0.00,0.00,"2,219.00",0.00,0.00,0.00,0.00,0.00,0.00
2026-03-30,2026-03-30,2026-03-01,"110,029.00","2,219.00","107,810.00","100,846.00","6,964.00","48,106.00","5,781.00","16,271.00","16,271.00","12,493.00",0.00,0.00,0.00,"1,924.00",0.00,0.00,0.00,0.00,"6,964.00",0.00,0.00,0.00,0.00,0.00,0.00,"2,219.00",0.00,0.00,0.00,0.00,0.00,0.00
2026-03-31,2026-03-30,2026-03-01,"111,768.00","2,219.00","109,549.00","104,385.00","5,164.00","49,504.00","6,622.00","16,755.00","16,755.00","11,762.00",0.00,0.00,0.00,"2,987.00",0.00,0.00,0.00,0.00,"5,164.00",0.00,0.00,0.00,0.00,0.00,0.00,"2,219.00",0.00,0.00,0.00,0.00,0.00,0.00
2026-04-01,2026-03-30,2026-04-01,"124,691.35","9,391.23","115,300.12","115,300.12",0.00,"63,766.00","2,769.00","10,629.94","20,793.46","12,984.36",0.00,0.00,0.00,"4,357.36",0.00,0.00,0.00,0.00,0.00,0.00,0.00,0.00,0.00,0.00,0.00,"2,757.90","1,100.00",166.67,"5,366.67",0.00,0.00,0.00
2026-04-02,2026-03-30,2026-04-01,"118,701.07","9,391.23","109,309.84","109,309.84",0.00,"60,334.00","2,684.00","10,546.36","20,777.34","12,033.06",0.00,0.00,0.00,"2,935.08",0.00,0.00,0.00,0.00,0.00,0.00,0.00,0.00,0.00,0.00,0.00,"2,757.90","1,100.00",166.67,"5,366.67",0.00,0.00,0.00
2026-04-03,2026-03-30,2026-04-01,"124,178.43","9,391.23","114,787.20","114,787.20",0.00,"62,953.00","2,900.00","11,730.11","21,480.93","12,754.21",0.00,0.00,0.00,"2,968.95",0.00,0.00,0.00,0.00,0.00,0.00,0.00,0.00,0.00,0.00,0.00,"2,757.90","1,100.00",166.67,"5,366.67",0.00,0.00,0.00
2026-04-04,2026-03-30,2026-04-01,"109,520.78","9,391.23","100,129.55","100,129.55",0.00,"49,554.00","2,892.00","11,314.60","23,790.75","10,506.90",0.00,0.00,0.00,"2,071.30",0.00,0.00,0.00,0.00,0.00,0.00,0.00,0.00,0.00,0.00,0.00,"2,757.90","1,100.00",166.67,"5,366.67",0.00,0.00,0.00
2026-04-05,2026-03-30,2026-04-01,"86,066.15","9,391.23","76,674.92","76,674.92",0.00,"28,510.00","3,231.00","10,803.02","20,011.22","12,367.87",0.00,0.00,0.00,"1,751.81",0.00,0.00,0.00,0.00,0.00,0.00,0.00,0.00,0.00,0.00,0.00,"2,757.90","1,100.00",166.67,"5,366.67",0.00,0.00,0.00
2026-04-06,2026-04-06,2026-04-01,"91,195.83","9,391.23","81,804.60","81,804.60",0.00,"29,929.00","3,444.00","11,261.33","21,399.80","14,116.14",0.00,0.00,0.00,"1,654.33",0.00,0.00,0.00,0.00,0.00,0.00,0.00,0.00,0.00,0.00,0.00,"2,757.90","1,100.00",166.67,"5,366.67",0.00,0.00,0.00
2026-04-07,2026-04-06,2026-04-01,"83,394.21","9,391.23","74,002.98","74,002.98",0.00,"30,328.00","2,748.00","10,603.81","18,204.56","10,821.12",0.00,0.00,0.00,"1,297.49",0.00,0.00,0.00,0.00,0.00,0.00,0.00,0.00,0.00,0.00,0.00,"2,757.90","1,100.00",166.67,"5,366.67",0.00,0.00,0.00
2026-04-08,2026-04-06,2026-04-01,"85,021.02","9,391.23","75,629.79","75,629.79",0.00,"27,732.00","2,915.00","12,110.73","20,162.72","11,410.19",0.00,0.00,0.00,"1,299.15",0.00,0.00,0.00,0.00,0.00,0.00,0.00,0.00,0.00,0.00,0.00,"2,757.90","1,100.00",166.67,"5,366.67",0.00,0.00,0.00
2026-04-09,2026-04-06,2026-04-01,"80,185.29","9,391.23","70,794.06","70,794.06",0.00,"30,673.00","3,017.00","9,803.87","15,655.50","10,415.94",0.00,0.00,0.00,"1,228.75",0.00,0.00,0.00,0.00,0.00,0.00,0.00,0.00,0.00,0.00,0.00,"2,757.90","1,100.00",166.67,"5,366.67",0.00,0.00,0.00
2026-04-10,2026-04-06,2026-04-01,"77,117.02","9,391.23","67,725.79","67,725.79",0.00,"31,480.00","2,514.00","9,868.37","14,020.08","8,912.33",0.00,0.00,0.00,931.01,0.00,0.00,0.00,0.00,0.00,0.00,0.00,0.00,0.00,0.00,0.00,"2,757.90","1,100.00",166.67,"5,366.67",0.00,0.00,0.00
2026-04-11,2026-04-06,2026-04-01,"74,715.63","9,391.23","65,324.40","65,324.40",0.00,"33,370.00","2,483.00","9,352.26","10,503.36","8,736.98",0.00,0.00,0.00,878.80,0.00,0.00,0.00,0.00,0.00,0.00,0.00,0.00,0.00,0.00,0.00,"2,757.90","1,100.00",166.67,"5,366.67",0.00,0.00,0.00
2026-04-12,2026-04-06,2026-04-01,"84,509.46","9,391.23","75,118.23","75,118.23",0.00,"40,389.00","2,877.00","9,667.34","12,200.04","8,954.95",0.00,0.00,0.00,"1,029.90",0.00,0.00,0.00,0.00,0.00,0.00,0.00,0.00,0.00,0.00,0.00,"2,757.90","1,100.00",166.67,"5,366.67",0.00,0.00,0.00
2026-04-13,2026-04-13,2026-04-01,"80,353.41","9,391.23","70,962.18","70,962.18",0.00,"37,346.00","3,082.00","10,596.47","10,752.32","8,042.05",0.00,0.00,0.00,"1,143.34",0.00,0.00,0.00,0.00,0.00,0.00,0.00,0.00,0.00,0.00,0.00,"2,757.90","1,100.00",166.67,"5,366.67",0.00,0.00,0.00
2026-04-14,2026-04-13,2026-04-01,"78,683.88","9,391.23","69,292.65","69,292.65",0.00,"37,718.00","2,605.00","9,736.87","9,391.17","7,599.94",614.94,0.00,0.00,"1,626.73",0.00,0.00,0.00,0.00,0.00,0.00,0.00,0.00,0.00,0.00,0.00,"2,757.90","1,100.00",166.67,"5,366.67",0.00,0.00,0.00
2026-04-15,2026-04-13,2026-04-01,"89,132.89","9,391.23","79,741.66","79,741.66",0.00,"36,895.00","1,284.00","9,814.89","21,334.19","7,666.89",405.12,0.00,0.00,"2,341.57",0.00,0.00,0.00,0.00,0.00,0.00,0.00,0.00,0.00,0.00,0.00,"2,757.90","1,100.00",166.67,"5,366.67",0.00,0.00,0.00
2026-04-16,2026-04-13,2026-04-01,"89,418.27","9,391.23","80,027.04","80,027.04",0.00,"35,064.00","1,101.00","9,931.55","24,514.52","7,138.89",397.72,0.00,0.00,"1,879.36",0.00,0.00,0.00,0.00,0.00,0.00,0.00,0.00,0.00,0.00,0.00,"2,757.90","1,100.00",166.67,"5,366.67",0.00,0.00,0.00
2026-04-17,2026-04-13,2026-04-01,"94,374.28","9,391.23","84,983.05","84,983.05",0.00,"35,096.00",25.00,"8,831.74","29,491.21","9,037.90",398.40,0.00,0.00,"2,102.80",0.00,0.00,0.00,0.00,0.00,0.00,0.00,0.00,0.00,0.00,0.00,"2,757.90","1,100.00",166.67,"5,366.67",0.00,0.00,0.00
2026-04-18,2026-04-13,2026-04-01,"79,737.91","9,391.23","70,346.68","70,346.68",0.00,"34,057.00",0.00,"10,570.18","14,902.57","7,891.28",448.31,0.00,0.00,"2,477.34",0.00,0.00,0.00,0.00,0.00,0.00,0.00,0.00,0.00,0.00,0.00,"2,757.90","1,100.00",166.67,"5,366.67",0.00,0.00,0.00
2026-04-19,2026-04-13,2026-04-01,"87,659.19","9,391.23","78,267.96","78,267.96",0.00,"37,991.00",0.00,"8,969.19","18,627.35","7,786.09",442.11,0.00,0.00,"4,452.22",0.00,0.00,0.00,0.00,0.00,0.00,0.00,0.00,0.00,0.00,0.00,"2,757.90","1,100.00",166.67,"5,366.67",0.00,0.00,0.00
2026-04-20,2026-04-20,2026-04-01,"95,128.50","9,391.23","85,737.27","85,737.27",0.00,"43,800.00","2,973.00","10,807.72","15,365.31","7,006.48",433.66,0.00,0.00,"5,351.10",0.00,0.00,0.00,0.00,0.00,0.00,0.00,0.00,0.00,0.00,0.00,"2,757.90","1,100.00",166.67,"5,366.67",0.00,0.00,0.00
2026-04-21,2026-04-20,2026-04-01,"96,122.81","9,391.23","86,731.58","86,731.58",0.00,"40,651.00","3,641.00","9,897.05","15,813.61","6,507.57",519.97,0.00,0.00,"9,701.38",0.00,0.00,0.00,0.00,0.00,0.00,0.00,0.00,0.00,0.00,0.00,"2,757.90","1,100.00",166.67,"5,366.67",0.00,0.00,0.00
2026-04-22,2026-04-20,2026-04-01,"96,311.29","9,391.23","86,920.06","86,920.06",0.00,"41,877.00","3,198.00","9,435.01","16,031.98","6,123.75",446.30,0.00,0.00,"9,808.02",0.00,0.00,0.00,0.00,0.00,0.00,0.00,0.00,0.00,0.00,0.00,"2,757.90","1,100.00",166.67,"5,366.67",0.00,0.00,0.00
2026-04-23,2026-04-20,2026-04-01,"96,244.39","9,391.23","86,853.16","86,853.16",0.00,"46,084.00","2,292.00","8,928.98","12,994.08","6,595.41",386.17,0.00,0.00,"9,572.52",0.00,0.00,0.00,0.00,0.00,0.00,0.00,0.00,0.00,0.00,0.00,"2,757.90","1,100.00",166.67,"5,366.67",0.00,0.00,0.00
2026-04-24,2026-04-20,2026-04-01,"100,208.31","9,391.23","90,817.08","90,817.08",0.00,"52,272.00","2,148.00","9,728.56","12,963.89","7,410.62",349.82,0.00,0.00,"5,944.19",0.00,0.00,0.00,0.00,0.00,0.00,0.00,0.00,0.00,0.00,0.00,"2,757.90","1,100.00",166.67,"5,366.67",0.00,0.00,0.00
2026-04-25,2026-04-20,2026-04-01,"98,311.51","9,391.23","88,920.28","88,920.28",0.00,"53,716.00","3,749.00","7,901.32","10,695.55","6,792.22",342.49,0.00,0.00,"5,723.70",0.00,0.00,0.00,0.00,0.00,0.00,0.00,0.00,0.00,0.00,0.00,"2,757.90","1,100.00",166.67,"5,366.67",0.00,0.00,0.00
2026-04-26,2026-04-20,2026-04-01,"106,356.12","9,391.23","96,964.89","96,964.89",0.00,"53,791.00","2,947.00","9,600.40","15,658.01","7,318.68",382.79,0.00,0.00,"7,267.01",0.00,0.00,0.00,0.00,0.00,0.00,0.00,0.00,0.00,0.00,0.00,"2,757.90","1,100.00",166.67,"5,366.67",0.00,0.00,0.00
2026-04-27,2026-04-27,2026-04-01,"101,182.64","9,391.23","91,791.41","91,791.41",0.00,"45,984.00","3,457.00","9,497.15","17,413.41","7,202.97",391.34,0.00,0.00,"7,845.54",0.00,0.00,0.00,0.00,0.00,0.00,0.00,0.00,0.00,0.00,0.00,"2,757.90","1,100.00",166.67,"5,366.67",0.00,0.00,0.00
2026-04-28,2026-04-27,2026-04-01,"94,649.42","9,391.23","85,258.19","85,258.19",0.00,"39,870.00","2,853.00","9,019.28","18,925.64","8,025.78",362.74,0.00,0.00,"6,201.75",0.00,0.00,0.00,0.00,0.00,0.00,0.00,0.00,0.00,0.00,0.00,"2,757.90","1,100.00",166.67,"5,366.67",0.00,0.00,0.00
2026-04-29,2026-04-27,2026-04-01,"98,548.02","9,391.23","89,156.79","89,156.79",0.00,"42,543.00","3,386.00","8,728.13","18,578.53","6,967.07",351.24,0.00,0.00,"8,602.82",0.00,0.00,0.00,0.00,0.00,0.00,0.00,0.00,0.00,0.00,0.00,"2,757.90","1,100.00",166.67,"5,366.67",0.00,0.00,0.00
2026-04-30,2026-04-27,2026-04-01,"94,299.18","9,391.23","84,907.95","84,907.95",0.00,"42,163.00","2,988.00","8,325.02","16,719.84","7,121.61",342.29,0.00,0.00,"7,248.19",0.00,0.00,0.00,0.00,0.00,0.00,0.00,0.00,0.00,0.00,0.00,"2,757.90","1,100.00",166.67,"5,366.67",0.00,0.00,0.00
2026-05-01,2026-04-27,2026-05-01,"95,399.48","9,486.13","85,913.35","85,913.35",0.00,"41,248.00","2,519.00","10,396.38","17,793.21","6,878.61",412.93,0.00,0.00,"6,665.22",0.00,0.00,0.00,0.00,0.00,0.00,0.00,0.00,0.00,0.00,0.00,"2,518.39","1,129.03",161.29,"5,677.42",0.00,0.00,0.00
2026-05-02,2026-04-27,2026-05-01,"89,232.37","9,486.13","79,746.24","79,746.24",0.00,"35,452.00","2,850.00","10,125.63","17,519.55","6,712.92",416.15,0.00,0.00,"6,669.99",0.00,0.00,0.00,0.00,0.00,0.00,0.00,0.00,0.00,0.00,0.00,"2,518.39","1,129.03",161.29,"5,677.42",0.00,0.00,0.00
2026-05-03,2026-04-27,2026-05-01,"100,705.50","9,486.13","91,219.37","91,219.37",0.00,"39,918.00","2,956.00","10,757.18","22,540.87","8,280.48",415.38,0.00,0.00,"6,351.46",0.00,0.00,0.00,0.00,0.00,0.00,0.00,0.00,0.00,0.00,0.00,"2,518.39","1,129.03",161.29,"5,677.42",0.00,0.00,0.00
2026-05-04,2026-05-04,2026-05-01,"102,075.16","9,486.13","92,589.03","92,589.03",0.00,"38,041.00","4,227.00","10,675.06","24,635.85","9,686.95",412.05,0.00,0.00,"4,911.12",0.00,0.00,0.00,0.00,0.00,0.00,0.00,0.00,0.00,0.00,0.00,"2,518.39","1,129.03",161.29,"5,677.42",0.00,0.00,0.00
2026-05-05,2026-05-04,2026-05-01,"94,421.17","9,486.13","84,935.04","84,935.04",0.00,"35,574.00","3,230.00","11,013.99","21,705.53","8,235.99",409.71,0.00,0.00,"4,765.82",0.00,0.00,0.00,0.00,0.00,0.00,0.00,0.00,0.00,0.00,0.00,"2,518.39","1,129.03",161.29,"5,677.42",0.00,0.00,0.00
2026-05-06,2026-05-04,2026-05-01,"93,498.71","9,486.13","84,012.58","84,012.58",0.00,"40,695.00","3,284.00","10,408.89","17,782.67","6,497.76",409.40,0.00,0.00,"4,934.86",0.00,0.00,0.00,0.00,0.00,0.00,0.00,0.00,0.00,0.00,0.00,"2,518.39","1,129.03",161.29,"5,677.42",0.00,0.00,0.00
2026-05-07,2026-05-04,2026-05-01,"85,155.37","9,486.13","75,669.24","75,669.24",0.00,"35,466.00","3,827.00","10,419.05","15,150.58","5,464.77",631.83,0.00,0.00,"4,710.01",0.00,0.00,0.00,0.00,0.00,0.00,0.00,0.00,0.00,0.00,0.00,"2,518.39","1,129.03",161.29,"5,677.42",0.00,0.00,0.00
2026-05-08,2026-05-04,2026-05-01,"85,710.73","9,486.13","76,224.60","76,224.60",0.00,"37,080.00","2,988.00","9,686.24","15,683.07","6,434.86",478.44,0.00,0.00,"3,873.99",0.00,0.00,0.00,0.00,0.00,0.00,0.00,0.00,0.00,0.00,0.00,"2,518.39","1,129.03",161.29,"5,677.42",0.00,0.00,0.00
2026-05-09,2026-05-04,2026-05-01,"94,041.87","9,486.13","84,555.74","84,555.74",0.00,"40,108.00","4,461.00","9,154.59","17,655.69","8,141.89",472.15,0.00,0.00,"4,562.42",0.00,0.00,0.00,0.00,0.00,0.00,0.00,0.00,0.00,0.00,0.00,"2,518.39","1,129.03",161.29,"5,677.42",0.00,0.00,0.00
2026-05-10,2026-05-04,2026-05-01,"103,638.91","9,486.13","94,152.78","94,152.78",0.00,"44,763.00","2,841.00","9,745.33","21,786.51","9,521.22",471.41,0.00,0.00,"5,024.31",0.00,0.00,0.00,0.00,0.00,0.00,0.00,0.00,0.00,0.00,0.00,"2,518.39","1,129.03",161.29,"5,677.42",0.00,0.00,0.00
2026-05-11,2026-05-11,2026-05-01,"98,773.60","9,486.13","89,287.47","89,287.47",0.00,"42,983.00","4,844.00","9,398.56","20,770.67","6,962.58",420.39,0.00,0.00,"3,908.27",0.00,0.00,0.00,0.00,0.00,0.00,0.00,0.00,0.00,0.00,0.00,"2,518.39","1,129.03",161.29,"5,677.42",0.00,0.00,0.00
2026-05-12,2026-05-11,2026-05-01,"92,907.49","9,486.13","83,421.36","83,421.36",0.00,"39,740.00","3,040.00","9,824.27","18,931.67","9,095.61",419.00,265.76,0.00,"2,105.05",0.00,0.00,0.00,0.00,0.00,0.00,0.00,0.00,0.00,0.00,0.00,"2,518.39","1,129.03",161.29,"5,677.42",0.00,0.00,0.00
2026-05-13,2026-05-11,2026-05-01,"94,721.81","9,486.13","85,235.68","85,235.68",0.00,"37,961.00","4,096.00","10,275.79","20,906.64","9,230.90",421.20,237.83,0.00,"2,106.32",0.00,0.00,0.00,0.00,0.00,0.00,0.00,0.00,0.00,0.00,0.00,"2,518.39","1,129.03",161.29,"5,677.42",0.00,0.00,0.00
2026-05-14,2026-05-11,2026-05-01,"90,207.23","9,486.13","80,721.10","80,721.10",0.00,"36,597.00","4,497.00","10,026.15","18,199.14","8,709.42",419.81,272.93,0.00,"1,999.65",0.00,0.00,0.00,0.00,0.00,0.00,0.00,0.00,0.00,0.00,0.00,"2,518.39","1,129.03",161.29,"5,677.42",0.00,0.00,0.00
2026-05-15,2026-05-11,2026-05-01,"85,674.55","9,486.13","76,188.42","76,188.42",0.00,"38,884.00","4,362.00","9,346.07","14,510.23","6,257.59",415.74,285.91,0.00,"2,126.88",0.00,0.00,0.00,0.00,0.00,0.00,0.00,0.00,0.00,0.00,0.00,"2,518.39","1,129.03",161.29,"5,677.42",0.00,0.00,0.00
2026-05-16,2026-05-11,2026-05-01,"86,675.80","9,486.13","77,189.67","77,189.67",0.00,"41,122.00","2,292.00","8,926.52","15,782.45","6,337.92",417.10,162.26,0.00,"2,149.42",0.00,0.00,0.00,0.00,0.00,0.00,0.00,0.00,0.00,0.00,0.00,"2,518.39","1,129.03",161.29,"5,677.42",0.00,0.00,0.00
2026-05-17,2026-05-11,2026-05-01,"97,962.18","9,486.13","88,476.05","88,476.05",0.00,"47,050.00","2,076.00","9,781.32","19,071.87","7,719.99",414.35,296.22,0.00,"2,066.30",0.00,0.00,0.00,0.00,0.00,0.00,0.00,0.00,0.00,0.00,0.00,"2,518.39","1,129.03",161.29,"5,677.42",0.00,0.00,0.00
2026-05-18,2026-05-18,2026-05-01,"86,763.41","9,486.13","77,277.28","77,277.28",0.00,"39,020.00","3,384.00","10,027.49","13,462.74","8,393.80",415.14,447.68,0.00,"2,126.43",0.00,0.00,0.00,0.00,0.00,0.00,0.00,0.00,0.00,0.00,0.00,"2,518.39","1,129.03",161.29,"5,677.42",0.00,0.00,0.00
2026-05-19,2026-05-18,2026-05-01,"88,243.59","9,486.13","78,757.46","78,757.46",0.00,"37,949.00","5,226.00","9,898.07","12,890.55","9,947.29",322.78,456.14,0.00,"2,067.63",0.00,0.00,0.00,0.00,0.00,0.00,0.00,0.00,0.00,0.00,0.00,"2,518.39","1,129.03",161.29,"5,677.42",0.00,0.00,0.00
2026-05-20,2026-05-18,2026-05-01,"86,519.46","9,486.13","77,033.33","77,033.33",0.00,"39,326.00","2,922.00","11,664.19","12,483.31","7,957.64",317.78,394.56,0.00,"1,967.85",0.00,0.00,0.00,0.00,0.00,0.00,0.00,0.00,0.00,0.00,0.00,"2,518.39","1,129.03",161.29,"5,677.42",0.00,0.00,0.00
2026-05-21,2026-05-18,2026-05-01,"87,291.02","9,486.13","77,804.89","77,804.89",0.00,"38,511.00","6,926.00","7,248.68","15,153.47","7,042.07",312.77,641.82,0.00,"1,969.08",0.00,0.00,0.00,0.00,0.00,0.00,0.00,0.00,0.00,0.00,0.00,"2,518.39","1,129.03",161.29,"5,677.42",0.00,0.00,0.00
2026-05-22,2026-05-18,2026-05-01,"87,561.71","9,486.13","78,075.58","78,075.58",0.00,"38,684.00","4,332.00","6,965.11","18,795.30","6,388.04",426.42,516.93,0.00,"1,967.78",0.00,0.00,0.00,0.00,0.00,0.00,0.00,0.00,0.00,0.00,0.00,"2,518.39","1,129.03",161.29,"5,677.42",0.00,0.00,0.00
2026-05-23,2026-05-18,2026-05-01,"85,597.91","9,486.13","76,111.78","76,111.78",0.00,"38,590.00","5,399.00","6,266.65","16,162.95","6,760.55",424.24,490.96,0.00,"2,017.43",0.00,0.00,0.00,0.00,0.00,0.00,0.00,0.00,0.00,0.00,0.00,"2,518.39","1,129.03",161.29,"5,677.42",0.00,0.00,0.00
2026-05-24,2026-05-18,2026-05-01,"93,610.08","9,486.13","84,123.95","84,123.95",0.00,"45,251.00","5,398.00","7,183.05","16,207.59","7,090.07",419.60,514.12,0.00,"2,060.52",0.00,0.00,0.00,0.00,0.00,0.00,0.00,0.00,0.00,0.00,0.00,"2,518.39","1,129.03",161.29,"5,677.42",0.00,0.00,0.00
2026-05-25,2026-05-25,2026-05-01,"90,640.13","9,486.13","81,154.00","81,154.00",0.00,"38,676.00","5,425.00","8,016.28","17,961.67","8,169.47",418.54,514.81,0.00,"1,972.23",0.00,0.00,0.00,0.00,0.00,0.00,0.00,0.00,0.00,0.00,0.00,"2,518.39","1,129.03",161.29,"5,677.42",0.00,0.00,0.00
2026-05-26,2026-05-25,2026-05-01,"102,248.70","9,486.13","92,762.57","92,762.57",0.00,"43,148.00","4,995.00","10,087.18","20,856.02","10,721.02",472.48,547.90,0.00,"1,934.97",0.00,0.00,0.00,0.00,0.00,0.00,0.00,0.00,0.00,0.00,0.00,"2,518.39","1,129.03",161.29,"5,677.42",0.00,0.00,0.00
2026-05-27,2026-05-25,2026-05-01,"99,296.53","9,486.13","89,810.40","89,810.40",0.00,"41,108.00","4,999.00","10,932.38","18,845.92","10,695.20",468.86,812.69,0.00,"1,948.35",0.00,0.00,0.00,0.00,0.00,0.00,0.00,0.00,0.00,0.00,0.00,"2,518.39","1,129.03",161.29,"5,677.42",0.00,0.00,0.00
2026-05-28,2026-05-25,2026-05-01,"101,210.31","9,486.13","91,724.18","91,724.18",0.00,"43,651.00","4,994.00","10,985.91","18,645.55","9,253.17",941.03,"1,325.77",0.00,"1,927.75",0.00,0.00,0.00,0.00,0.00,0.00,0.00,0.00,0.00,0.00,0.00,"2,518.39","1,129.03",161.29,"5,677.42",0.00,0.00,0.00
2026-05-29,2026-05-25,2026-05-01,"117,125.39","9,486.13","107,639.26","107,639.26",0.00,"52,889.00","7,228.00","12,099.94","21,940.75","9,259.60",733.71,"1,595.54",0.00,"1,892.72",0.00,0.00,0.00,0.00,0.00,0.00,0.00,0.00,0.00,0.00,0.00,"2,518.39","1,129.03",161.29,"5,677.42",0.00,0.00,0.00
2026-05-30,2026-05-25,2026-05-01,"106,104.43","9,486.13","96,618.30","96,618.30",0.00,"44,310.00","6,740.00","10,013.24","21,424.89","10,552.11",692.14,"1,029.44",0.00,"1,856.48",0.00,0.00,0.00,0.00,0.00,0.00,0.00,0.00,0.00,0.00,0.00,"2,518.39","1,129.03",161.29,"5,677.42",0.00,0.00,0.00
2026-05-31,2026-05-25,2026-05-01,"112,949.66","9,486.13","103,463.53","103,463.53",0.00,"51,935.00","6,994.00","10,789.45","18,969.77","11,168.73",674.15,"1,187.65",0.00,"1,744.78",0.00,0.00,0.00,0.00,0.00,0.00,0.00,0.00,0.00,0.00,0.00,"2,518.39","1,129.03",161.29,"5,677.42",0.00,0.00,0.00
2026-06-01,2026-06-01,2026-06-01,"125,727.12","9,204.53","116,522.59","116,522.59",0.00,"61,510.00","7,001.00","9,975.97","24,884.75","8,818.15",698.00,"1,364.90",0.00,"2,269.82",0.00,0.00,0.00,0.00,0.00,0.00,0.00,0.00,0.00,0.00,0.00,"2,504.53","1,166.67",166.67,"5,366.67",0.00,0.00,0.00
2026-06-02,2026-06-01,2026-06-01,"109,327.52","9,204.53","100,122.99","100,122.99",0.00,"51,555.00","4,045.00","8,661.01","22,072.07","9,923.81",721.68,"1,041.59",0.00,"2,102.83",0.00,0.00,0.00,0.00,0.00,0.00,0.00,0.00,0.00,0.00,0.00,"2,504.53","1,166.67",166.67,"5,366.67",0.00,0.00,0.00
2026-06-03,2026-06-01,2026-06-01,"92,498.84","9,204.53","83,294.31","83,294.31",0.00,"40,799.00","7,002.00","8,432.46","15,910.51","7,516.40",593.31,939.94,0.00,"2,100.69",0.00,0.00,0.00,0.00,0.00,0.00,0.00,0.00,0.00,0.00,0.00,"2,504.53","1,166.67",166.67,"5,366.67",0.00,0.00,0.00
2026-06-04,2026-06-01,2026-06-01,"99,543.18","9,204.53","90,338.65","90,338.65",0.00,"48,640.00","6,235.00","7,674.09","17,309.28","6,555.12",611.66,"1,173.01",0.00,"2,140.49",0.00,0.00,0.00,0.00,0.00,0.00,0.00,0.00,0.00,0.00,0.00,"2,504.53","1,166.67",166.67,"5,366.67",0.00,0.00,0.00
2026-06-05,2026-06-01,2026-06-01,"95,835.19","9,204.53","86,630.66","86,630.66",0.00,"48,343.00","8,407.00","7,011.23","14,338.61","5,002.43",504.60,930.52,0.00,"2,093.27",0.00,0.00,0.00,0.00,0.00,0.00,0.00,0.00,0.00,0.00,0.00,"2,504.53","1,166.67",166.67,"5,366.67",0.00,0.00,0.00
2026-06-06,2026-06-01,2026-06-01,"83,490.61","9,204.53","74,286.08","74,286.08",0.00,"40,583.00","4,913.00","6,208.94","13,963.44","5,215.97",543.72,824.12,0.00,"2,033.89",0.00,0.00,0.00,0.00,0.00,0.00,0.00,0.00,0.00,0.00,0.00,"2,504.53","1,166.67",166.67,"5,366.67",0.00,0.00,0.00
2026-06-07,2026-06-01,2026-06-01,"99,119.79","9,204.53","89,915.26","89,915.26",0.00,"44,878.00","5,913.00","7,957.97","20,208.85","7,045.57",700.56,"1,094.90",0.00,"2,116.41",0.00,0.00,0.00,0.00,0.00,0.00,0.00,0.00,0.00,0.00,0.00,"2,504.53","1,166.67",166.67,"5,366.67",0.00,0.00,0.00
2026-06-08,2026-06-08,2026-06-01,"95,917.77","9,204.53","86,713.24","86,713.24",0.00,"38,962.00","4,033.00","7,939.72","21,874.80","9,200.46",730.21,"2,004.68",0.00,"1,968.37",0.00,0.00,0.00,0.00,0.00,0.00,0.00,0.00,0.00,0.00,0.00,"2,504.53","1,166.67",166.67,"5,366.67",0.00,0.00,0.00
2026-06-09,2026-06-08,2026-06-01,"97,121.33","9,204.53","87,916.80","87,916.80",0.00,"36,138.00","7,796.00","7,779.31","23,097.70","9,152.07",666.99,"1,596.72",0.00,"1,690.01",0.00,0.00,0.00,0.00,0.00,0.00,0.00,0.00,0.00,0.00,0.00,"2,504.53","1,166.67",166.67,"5,366.67",0.00,0.00,0.00
2026-06-10,2026-06-08,2026-06-01,"98,700.38","9,204.53","89,495.85","89,495.85",0.00,"38,131.00","7,806.00","9,000.67","20,801.92","9,932.07",620.88,"1,821.83",0.00,"1,381.48",0.00,0.00,0.00,0.00,0.00,0.00,0.00,0.00,0.00,0.00,0.00,"2,504.53","1,166.67",166.67,"5,366.67",0.00,0.00,0.00
2026-06-11,2026-06-08,2026-06-01,"114,255.93","9,204.53","105,051.40","105,051.40",0.00,"43,090.00","5,117.00","10,917.21","26,005.82","14,766.32",574.40,"2,473.18",0.00,"2,107.47",0.00,0.00,0.00,0.00,0.00,0.00,0.00,0.00,0.00,0.00,0.00,"2,504.53","1,166.67",166.67,"5,366.67",0.00,0.00,0.00
2026-06-12,2026-06-08,2026-06-01,"98,718.32","9,204.53","89,513.79","89,513.79",0.00,"37,161.00","7,999.00","12,002.57","18,967.34","9,298.99",563.56,"1,603.43",0.00,"1,917.90",0.00,0.00,0.00,0.00,0.00,0.00,0.00,0.00,0.00,0.00,0.00,"2,504.53","1,166.67",166.67,"5,366.67",0.00,0.00,0.00
2026-06-13,2026-06-08,2026-06-01,"106,659.73","9,204.53","97,455.20","97,455.20",0.00,"41,377.00","7,883.00","12,624.93","24,744.79","7,616.14",509.39,889.92,0.00,"1,810.03",0.00,0.00,0.00,0.00,0.00,0.00,0.00,0.00,0.00,0.00,0.00,"2,504.53","1,166.67",166.67,"5,366.67",0.00,0.00,0.00
2026-06-14,2026-06-08,2026-06-01,"122,753.70","9,204.53","113,549.17","113,549.17",0.00,"55,816.00","6,994.00","13,322.88","22,442.46","10,080.62",737.20,"1,076.67",0.00,"3,079.34",0.00,0.00,0.00,0.00,0.00,0.00,0.00,0.00,0.00,0.00,0.00,"2,504.53","1,166.67",166.67,"5,366.67",0.00,0.00,0.00
2026-06-15,2026-06-15,2026-06-01,"114,644.30","9,204.53","105,439.77","105,439.77",0.00,"52,720.00","5,270.00","12,600.53","21,460.40","8,537.91",845.91,"1,438.27",0.00,"2,566.75",0.00,0.00,0.00,0.00,0.00,0.00,0.00,0.00,0.00,0.00,0.00,"2,504.53","1,166.67",166.67,"5,366.67",0.00,0.00,0.00
2026-06-16,2026-06-15,2026-06-01,"110,228.41","9,204.53","101,023.88","101,023.88",0.00,"50,714.00","5,966.00","12,575.29","20,377.07","6,747.16","1,038.72","1,157.12",0.00,"2,448.52",0.00,0.00,0.00,0.00,0.00,0.00,0.00,0.00,0.00,0.00,0.00,"2,504.53","1,166.67",166.67,"5,366.67",0.00,0.00,0.00
2026-06-17,2026-06-15,2026-06-01,"95,555.99","9,204.53","86,351.46","86,351.46",0.00,"40,880.00","3,740.00","12,507.79","17,149.24","7,944.92","1,105.40",958.14,0.00,"2,065.97",0.00,0.00,0.00,0.00,0.00,0.00,0.00,0.00,0.00,0.00,0.00,"2,504.53","1,166.67",166.67,"5,366.67",0.00,0.00,0.00
2026-06-18,2026-06-15,2026-06-01,"106,174.56","9,204.53","96,970.03","96,970.03",0.00,"42,178.00","6,620.00","12,285.04","21,059.62","10,098.29",985.56,"1,185.62",0.00,"2,557.90",0.00,0.00,0.00,0.00,0.00,0.00,0.00,0.00,0.00,0.00,0.00,"2,504.53","1,166.67",166.67,"5,366.67",0.00,0.00,0.00
2026-06-19,2026-06-15,2026-06-01,"107,804.90","9,204.53","98,600.37","98,600.37",0.00,"45,405.00","5,983.00","12,587.02","19,608.78","10,625.40",971.13,786.70,0.00,"2,633.34",0.00,0.00,0.00,0.00,0.00,0.00,0.00,0.00,0.00,0.00,0.00,"2,504.53","1,166.67",166.67,"5,366.67",0.00,0.00,0.00
2026-06-20,2026-06-15,2026-06-01,"97,386.45","9,204.53","88,181.92","88,181.92",0.00,"38,114.00","6,016.00","12,164.19","16,281.26","11,274.50",944.02,762.09,0.00,"2,625.86",0.00,0.00,0.00,0.00,0.00,0.00,0.00,0.00,0.00,0.00,0.00,"2,504.53","1,166.67",166.67,"5,366.67",0.00,0.00,0.00
2026-06-21,2026-06-15,2026-06-01,"123,510.12","9,204.53","114,305.59","114,305.59",0.00,"56,419.00","5,086.00","12,485.51","22,657.36","13,210.87",951.93,857.89,0.00,"2,637.03",0.00,0.00,0.00,0.00,0.00,0.00,0.00,0.00,0.00,0.00,0.00,"2,504.53","1,166.67",166.67,"5,366.67",0.00,0.00,0.00
2026-06-22,2026-06-22,2026-06-01,"107,633.71","9,204.53","98,429.18","98,429.18",0.00,"42,539.00","6,629.00","13,400.94","21,010.70","10,522.28",735.99,"1,068.64",0.00,"2,522.63",0.00,0.00,0.00,0.00,0.00,0.00,0.00,0.00,0.00,0.00,0.00,"2,504.53","1,166.67",166.67,"5,366.67",0.00,0.00,0.00
2026-06-23,2026-06-22,2026-06-01,"106,303.14","9,204.53","97,098.61","97,098.61",0.00,"44,096.00","6,512.00","11,559.88","20,916.27","9,240.35",730.73,999.22,0.00,"3,044.16",0.00,0.00,0.00,0.00,0.00,0.00,0.00,0.00,0.00,0.00,0.00,"2,504.53","1,166.67",166.67,"5,366.67",0.00,0.00,0.00
2026-06-24,2026-06-22,2026-06-01,"115,343.50","9,204.53","106,138.97","106,138.97",0.00,"51,120.00","6,717.00","11,719.62","20,781.41","9,306.59",730.43,"1,168.49",0.00,"4,235.00",360.43,0.00,0.00,0.00,0.00,0.00,0.00,0.00,0.00,0.00,0.00,"2,504.53","1,166.67",166.67,"5,366.67",0.00,0.00,0.00
2026-06-25,2026-06-22,2026-06-01,"114,513.57","9,204.53","105,309.04","105,309.04",0.00,"50,906.00","5,752.00","12,465.78","20,575.11","9,341.05",734.61,"1,223.27",0.00,"3,961.54",349.68,0.00,0.00,0.00,0.00,0.00,0.00,0.00,0.00,0.00,0.00,"2,504.53","1,166.67",166.67,"5,366.67",0.00,0.00,0.00
2026-06-26,2026-06-22,2026-06-01,"109,975.31","9,204.53","100,770.78","100,770.78",0.00,"43,872.00","7,252.00","13,187.91","20,416.26","9,959.46",845.90,979.77,0.00,"3,925.10",332.38,0.00,0.00,0.00,0.00,0.00,0.00,0.00,0.00,0.00,0.00,"2,504.53","1,166.67",166.67,"5,366.67",0.00,0.00,0.00
2026-06-27,2026-06-22,2026-06-01,"110,123.80","9,204.53","100,919.27","100,919.27",0.00,"46,583.00","7,232.00","12,502.84","20,159.19","8,368.96",829.82,"1,035.67",0.00,"3,844.39",363.40,0.00,0.00,0.00,0.00,0.00,0.00,0.00,0.00,0.00,0.00,"2,504.53","1,166.67",166.67,"5,366.67",0.00,0.00,0.00
2026-06-28,2026-06-22,2026-06-01,"115,108.21","9,204.53","105,903.68","105,903.68",0.00,"45,652.00","6,816.00","12,466.28","22,096.16","12,816.42",828.63,"1,072.30",0.00,"3,804.87",351.02,0.00,0.00,0.00,0.00,0.00,0.00,0.00,0.00,0.00,0.00,"2,504.53","1,166.67",166.67,"5,366.67",0.00,0.00,0.00
2026-06-29,2026-06-29,2026-06-01,"125,948.30","9,204.53","116,743.77","116,743.77",0.00,"55,829.00","6,623.00","15,108.32","22,038.68","10,710.52",802.33,"1,546.37",0.00,"3,716.58",368.97,0.00,0.00,0.00,0.00,0.00,0.00,0.00,0.00,0.00,0.00,"2,504.53","1,166.67",166.67,"5,366.67",0.00,0.00,0.00
2026-06-30,2026-06-29,2026-06-01,"138,839.82","9,204.53","129,635.29","129,635.29",0.00,"74,789.00","6,973.00","13,889.18","20,879.57","6,991.21",448.44,"1,500.46",0.00,"3,829.30",335.13,0.00,0.00,0.00,0.00,0.00,0.00,0.00,0.00,0.00,0.00,"2,504.53","1,166.67",166.67,"5,366.67",0.00,0.00,0.00
2026-07-01,2026-06-29,2026-07-01,"122,514.79","8,533.87","113,980.92","113,464.19",516.73,"54,783.00","6,804.00","15,235.79","19,905.32","10,201.01",786.93,"1,404.07",0.00,"3,996.81",347.26,0.00,0.00,0.00,0.00,0.00,0.00,0.00,516.73,0.00,0.00,"1,630.65","1,064.52",161.29,"5,677.42",0.00,0.00,0.00
2026-07-02,2026-06-29,2026-07-01,"116,340.60","8,533.87","107,806.73","107,327.43",479.30,"45,946.00","7,108.00","15,592.42","22,497.44","9,142.81",912.94,"1,373.78",0.00,"4,395.97",358.07,0.00,0.00,0.00,0.00,0.00,0.00,0.00,479.30,0.00,0.00,"1,630.65","1,064.52",161.29,"5,677.42",0.00,0.00,0.00
2026-07-03,2026-06-29,2026-07-01,"116,817.30","8,533.87","108,283.43","107,833.92",449.51,"47,308.00","7,650.00","14,403.18","20,745.53","10,150.69",727.03,"1,275.75",0.00,"4,560.85","1,012.89",0.00,0.00,0.00,0.00,0.00,0.00,0.00,449.51,0.00,0.00,"1,630.65","1,064.52",161.29,"5,677.42",0.00,0.00,0.00
2026-07-04,2026-06-29,2026-07-01,"121,469.26","8,533.87","112,935.39","112,501.09",434.30,"47,211.00","6,359.00","14,173.08","27,949.29","9,582.91",738.03,935.01,0.00,"4,551.29","1,001.48",0.00,0.00,0.00,0.00,0.00,0.00,0.00,434.30,0.00,0.00,"1,630.65","1,064.52",161.29,"5,677.42",0.00,0.00,0.00
2026-07-05,2026-06-29,2026-07-01,"139,601.46","8,533.87","131,067.59","130,656.52",411.07,"65,441.00","8,013.00","15,262.48","24,032.98","10,354.71",705.08,"1,283.05",0.00,"4,560.33","1,003.89",0.00,0.00,0.00,0.00,0.00,0.00,0.00,411.07,0.00,0.00,"1,630.65","1,064.52",161.29,"5,677.42",0.00,0.00,0.00
2026-07-06,2026-07-06,2026-07-01,"143,234.45","8,533.87","134,700.58","134,310.26",390.32,"59,700.00","7,535.00","15,021.78","32,450.70","11,189.13",683.01,"1,990.44",0.00,"4,694.83","1,045.37",0.00,0.00,0.00,0.00,0.00,0.00,0.00,390.32,0.00,0.00,"1,630.65","1,064.52",161.29,"5,677.42",0.00,0.00,0.00
2026-07-07,2026-07-06,2026-07-01,"142,775.55","8,533.87","134,241.68","133,887.62",354.06,"57,905.00","8,060.00","14,044.12","38,187.94","7,773.82",695.10,"1,824.13",0.00,"4,427.44",970.07,0.00,0.00,0.00,0.00,0.00,0.00,0.00,354.06,0.00,0.00,"1,630.65","1,064.52",161.29,"5,677.42",0.00,0.00,0.00
2026-07-08,2026-07-06,2026-07-01,"135,550.65","8,533.87","127,016.78","126,678.36",338.42,"64,664.00","7,562.00","11,912.77","26,853.78","6,902.01",677.22,"1,663.92",0.00,"4,421.46","2,021.20",0.00,0.00,0.00,0.00,0.00,0.00,0.00,338.42,0.00,0.00,"1,630.65","1,064.52",161.29,"5,677.42",0.00,0.00,0.00
2026-07-09,2026-07-06,2026-07-01,"126,924.35","8,533.87","118,390.48","118,059.92",330.56,"56,976.00","8,204.00","13,001.84","21,706.44","9,340.21",676.80,"1,574.06",0.00,"4,549.76","2,030.81",0.00,0.00,0.00,0.00,0.00,0.00,0.00,330.56,0.00,0.00,"1,630.65","1,064.52",161.29,"5,677.42",0.00,0.00,0.00
2026-07-10,2026-07-06,2026-07-01,"99,955.82","8,533.87","91,421.95","91,095.41",326.54,"42,278.00","6,699.00","9,759.00","17,070.03","8,157.61",630.98,"1,030.26",0.00,"4,460.38","1,010.15",0.00,0.00,0.00,0.00,0.00,0.00,0.00,326.54,0.00,0.00,"1,630.65","1,064.52",161.29,"5,677.42",0.00,0.00,0.00
2026-07-11,2026-07-06,2026-07-01,"90,888.28","8,533.87","82,354.40","82,029.36",325.04,"40,072.00","3,844.00","8,842.61","15,954.64","6,364.31",580.27,861.92,0.00,"4,499.29","1,010.32",0.00,0.00,0.00,0.00,0.00,0.00,0.00,325.04,0.00,0.00,"1,630.65","1,064.52",161.29,"5,677.42",0.00,0.00,0.00
2026-07-12,2026-07-06,2026-07-01,"106,194.35","8,533.87","97,660.48","97,332.72",327.76,"47,197.00","6,601.00","9,665.27","18,187.44","8,606.04",686.01,826.64,0.00,"4,557.23","1,006.09",0.00,0.00,0.00,0.00,0.00,0.00,0.00,327.76,0.00,0.00,"1,630.65","1,064.52",161.29,"5,677.42",0.00,0.00,0.00
2026-07-13,2026-07-13,2026-07-01,"103,452.93","8,533.87","94,919.06","94,585.97",333.09,"44,769.00","6,640.00","10,561.72","16,828.82","7,867.64",688.94,"1,165.00",0.00,"5,006.40","1,058.45",0.00,0.00,0.00,0.00,0.00,0.00,0.00,333.09,0.00,0.00,"1,630.65","1,064.52",161.29,"5,677.42",0.00,0.00,0.00
2026-07-14,2026-07-13,2026-07-01,"72,649.98","8,533.87","64,116.11","63,777.88",338.23,"10,742.00","5,697.00","8,722.07","19,295.47","4,892.01",533.38,"1,426.98",0.00,"11,533.98",934.99,0.00,0.00,0.00,0.00,0.00,0.00,0.00,338.23,0.00,0.00,"1,630.65","1,064.52",161.29,"5,677.42",0.00,0.00,0.00
2026-07-15,2026-07-13,2026-07-01,"71,954.25","8,533.87","63,420.38","63,088.89",331.49,"6,714.00","4,721.00","8,596.84","20,992.59","5,789.17",745.36,"1,473.78",0.00,"13,029.55","1,026.60",0.00,0.00,0.00,0.00,0.00,0.00,0.00,331.49,0.00,0.00,"1,630.65","1,064.52",161.29,"5,677.42",0.00,0.00,0.00
2026-07-16,2026-07-13,2026-07-01,"105,546.71","8,533.87","97,012.84","96,684.04",328.80,"34,939.00","4,355.00","9,337.39","26,874.32","5,495.54",747.99,"1,372.66",0.00,"12,561.18","1,000.96",0.00,0.00,0.00,0.00,0.00,0.00,0.00,328.80,0.00,0.00,"1,630.65","1,064.52",161.29,"5,677.42",0.00,0.00,0.00
2026-07-17,2026-07-13,2026-07-01,"84,376.82","8,533.87","75,842.95","75,528.80",314.15,"18,939.00","5,940.00","8,611.14","24,847.88","5,147.64",617.98,"1,222.08",0.00,"9,221.05",982.03,0.00,0.00,0.00,0.00,0.00,0.00,0.00,314.15,0.00,0.00,"1,630.65","1,064.52",161.29,"5,677.42",0.00,0.00,0.00
2026-07-18,2026-07-13,2026-07-01,"77,103.60","8,533.87","68,569.73","68,254.93",314.80,"16,872.00","3,277.00","8,908.99","23,968.10","6,465.13",635.79,949.61,0.00,"6,170.79","1,007.52",0.00,0.00,0.00,0.00,0.00,0.00,0.00,314.80,0.00,0.00,"1,630.65","1,064.52",161.29,"5,677.42",0.00,0.00,0.00
2026-07-19,2026-07-13,2026-07-01,"81,261.52","8,533.87","72,727.65","72,419.07",308.58,"20,171.00","5,231.00","9,014.65","22,077.10","7,799.06",725.92,"1,069.74",0.00,"5,322.46","1,008.14",0.00,0.00,0.00,0.00,0.00,0.00,0.00,308.58,0.00,0.00,"1,630.65","1,064.52",161.29,"5,677.42",0.00,0.00,0.00
2026-07-20,2026-07-20,2026-07-01,"84,788.32","8,533.87","76,254.45","75,931.27",323.18,"21,350.00","4,445.00","8,930.35","21,791.21","9,320.03",663.28,"1,454.30",0.00,"6,920.77","1,056.33",0.00,0.00,0.00,0.00,0.00,0.00,0.00,323.18,0.00,0.00,"1,630.65","1,064.52",161.29,"5,677.42",0.00,0.00,0.00
2026-07-21,2026-07-20,2026-07-01,"103,301.46","8,533.87","94,767.59","94,422.70",344.89,"35,316.00","6,294.00","9,756.61","20,778.49","8,710.89",709.63,"1,515.78",0.00,"10,397.25",944.05,0.00,0.00,0.00,0.00,0.00,0.00,0.00,344.89,0.00,0.00,"1,630.65","1,064.52",161.29,"5,677.42",0.00,0.00,0.00
2026-07-22,2026-07-20,2026-07-01,"109,901.59","8,533.87","101,367.72","101,009.93",357.79,"35,483.00","6,986.00","10,452.76","23,152.63","6,908.63",642.18,"1,609.74",0.00,"14,761.80","1,013.19",0.00,0.00,0.00,0.00,0.00,0.00,0.00,357.79,0.00,0.00,"1,630.65","1,064.52",161.29,"5,677.42",0.00,0.00,0.00
2026-07-23,2026-07-20,2026-07-01,"115,486.85","8,533.87","106,952.98","106,585.58",367.40,"39,714.00","7,189.00","10,222.31","25,399.47","5,646.58",749.21,"1,876.30",0.00,"14,787.22","1,001.49",0.00,0.00,0.00,0.00,0.00,0.00,0.00,367.40,0.00,0.00,"1,630.65","1,064.52",161.29,"5,677.42",0.00,0.00,0.00
2026-07-24,2026-07-20,2026-07-01,"111,777.10","8,533.87","103,243.23","102,874.07",369.16,"40,912.00","6,794.00","9,527.31","22,949.81","5,987.03",761.52,"1,560.10",0.00,"13,400.79",981.51,0.00,0.00,0.00,0.00,0.00,0.00,0.00,369.16,0.00,0.00,"1,630.65","1,064.52",161.29,"5,677.42",0.00,0.00,0.00
2026-07-25,2026-07-20,2026-07-01,"103,594.67","8,533.87","95,060.80","94,668.33",392.47,"35,442.00","5,517.00","9,066.14","21,281.37","7,594.14",651.27,"1,383.11",0.00,"12,722.16","1,011.14",0.00,0.00,0.00,0.00,0.00,0.00,0.00,392.47,0.00,0.00,"1,630.65","1,064.52",161.29,"5,677.42",0.00,0.00,0.00
2026-07-26,2026-07-20,2026-07-01,"119,533.86","8,533.87","110,999.99","110,575.55",424.44,"41,510.00","6,955.00","10,531.86","28,335.86","8,631.97",700.29,"1,544.04",0.00,"11,363.71","1,002.82",0.00,0.00,0.00,0.00,0.00,0.00,0.00,424.44,0.00,0.00,"1,630.65","1,064.52",161.29,"5,677.42",0.00,0.00,0.00
2026-07-27,2026-07-27,2026-07-01,"115,811.99","8,533.87","107,278.12","106,820.62",457.50,"42,257.00","5,155.00","10,582.70","29,596.79","11,067.40",617.16,"2,354.36",0.00,"4,549.12",641.09,0.00,0.00,0.00,0.00,0.00,0.00,0.00,457.50,0.00,0.00,"1,630.65","1,064.52",161.29,"5,677.42",0.00,0.00,0.00
2026-07-28,2026-07-27,2026-07-01,"107,948.88","8,533.87","99,415.01","98,944.93",470.08,"34,950.00","4,834.00","11,547.99","33,073.71","7,710.82",537.02,"1,708.29",0.00,"4,096.73",486.37,0.00,0.00,0.00,0.00,0.00,0.00,0.00,470.08,0.00,0.00,"1,630.65","1,064.52",161.29,"5,677.42",0.00,0.00,0.00
2026-07-29,2026-07-27,2026-07-01,"107,024.55","8,533.87","98,490.68","98,023.35",467.33,"42,347.00","4,677.00","9,398.59","27,531.81","7,125.40",611.28,"1,767.91",0.00,"4,066.27",498.09,0.00,0.00,0.00,0.00,0.00,0.00,0.00,467.33,0.00,0.00,"1,630.65","1,064.52",161.29,"5,677.42",0.00,0.00,0.00
2026-07-30,2026-07-27,2026-07-01,"105,465.02","8,533.87","96,931.15","96,441.84",489.31,"37,154.00","4,620.00","10,192.15","30,321.41","7,253.36",641.59,"1,742.18",0.00,"4,007.71",509.44,0.00,0.00,0.00,0.00,0.00,0.00,0.00,489.31,0.00,0.00,"1,630.65","1,064.52",161.29,"5,677.42",0.00,0.00,0.00
2026-07-31,2026-07-27,2026-07-01,"110,026.33","8,533.87","101,492.46","101,008.77",483.69,"42,108.00","4,580.00","10,106.17","30,582.62","7,222.19",497.12,"1,608.12",0.00,"3,809.58",494.97,0.00,0.00,0.00,0.00,0.00,0.00,0.00,483.69,0.00,0.00,"1,630.65","1,064.52",161.29,"5,677.42",0.00,0.00,0.00
2026-08-01,2026-07-27,2026-08-01,"94,707.61","8,193.87","86,513.74","85,997.01",516.73,"31,553.00","3,910.00","8,433.77","26,922.34","8,754.06",516.30,"1,166.77",0.00,"4,240.78",499.99,0.00,0.00,0.00,0.00,0.00,0.00,0.00,516.73,0.00,0.00,"1,710.00","1,129.03",161.29,"5,193.55",0.00,0.00,0.00
2026-08-02,2026-07-27,2026-08-01,"72,949.03","8,193.87","64,755.16","64,275.86",479.30,"3,058.00","4,917.00","8,845.77","31,324.00","9,418.96",513.85,"1,427.98",0.00,"4,267.44",502.86,0.00,0.00,0.00,0.00,0.00,0.00,0.00,479.30,0.00,0.00,"1,710.00","1,129.03",161.29,"5,193.55",0.00,0.00,0.00
2026-08-03,2026-08-03,2026-08-01,"74,309.70","8,193.87","66,115.83","65,666.32",449.51,0.00,"4,806.00","9,799.96","29,938.88","8,358.42",555.03,"1,648.15",0.00,"10,029.67",530.21,0.00,0.00,0.00,0.00,0.00,0.00,0.00,449.51,0.00,0.00,"1,710.00","1,129.03",161.29,"5,193.55",0.00,0.00,0.00
2026-08-04,2026-08-03,2026-08-01,"73,983.16","8,193.87","65,789.29","65,354.99",434.30,68.00,"4,839.00","9,145.73","31,485.78","7,959.97",419.65,"1,791.95",0.00,"9,168.83",476.08,0.00,0.00,0.00,0.00,0.00,0.00,0.00,434.30,0.00,0.00,"1,710.00","1,129.03",161.29,"5,193.55",0.00,0.00,0.00
2026-08-05,2026-08-03,2026-08-01,"73,600.03","8,193.87","65,406.16","64,995.09",411.07,"6,362.00","4,648.00","8,552.81","29,770.17","4,886.48",276.58,"1,359.72",0.00,"8,641.27",498.06,0.00,0.00,0.00,0.00,0.00,0.00,0.00,411.07,0.00,0.00,"1,710.00","1,129.03",161.29,"5,193.55",0.00,0.00,0.00
2026-08-06,2026-08-03,2026-08-01,"76,351.04","8,193.87","68,157.17","67,766.85",390.32,"7,841.00","4,682.00","7,384.72","27,858.43","8,245.25",351.06,"1,229.51",0.00,"9,669.13",505.75,0.00,0.00,0.00,0.00,0.00,0.00,0.00,390.32,0.00,0.00,"1,710.00","1,129.03",161.29,"5,193.55",0.00,0.00,0.00
2026-08-07,2026-08-03,2026-08-01,"78,256.75","8,193.87","70,062.88","69,708.82",354.06,"14,789.00","4,826.00","6,321.44","24,301.64","9,741.76",328.82,"1,177.01",0.00,"8,088.75",134.40,0.00,0.00,0.00,0.00,0.00,0.00,0.00,354.06,0.00,0.00,"1,710.00","1,129.03",161.29,"5,193.55",0.00,0.00,0.00
2026-08-08,2026-08-03,2026-08-01,"70,034.24","8,193.87","61,840.37","61,501.95",338.42,"16,552.00","4,699.00","4,847.79","19,482.46","9,305.02",355.03,988.10,0.00,"5,272.55",0.00,0.00,0.00,0.00,0.00,0.00,0.00,0.00,338.42,0.00,0.00,"1,710.00","1,129.03",161.29,"5,193.55",0.00,0.00,0.00
2026-08-09,2026-08-03,2026-08-01,"73,470.22","8,193.87","65,276.35","64,945.79",330.56,"18,158.00","5,544.00","5,633.33","22,619.73","6,848.91",392.76,"1,212.92",0.00,"4,536.14",0.00,0.00,0.00,0.00,0.00,0.00,0.00,0.00,330.56,0.00,0.00,"1,710.00","1,129.03",161.29,"5,193.55",0.00,0.00,0.00
2026-08-10,2026-08-10,2026-08-01,"74,067.30","8,193.87","65,873.43","65,546.89",326.54,"16,818.00","5,267.00","6,123.01","20,830.31","8,376.57",415.52,"1,102.12",0.00,"6,614.36",0.00,0.00,0.00,0.00,0.00,0.00,0.00,0.00,326.54,0.00,0.00,"1,710.00","1,129.03",161.29,"5,193.55",0.00,0.00,0.00
2026-08-11,2026-08-10,2026-08-01,"83,377.75","8,193.87","75,183.87","74,858.83",325.04,"22,515.00","5,274.00","4,960.72","27,267.73","6,316.54",392.71,933.23,0.00,"7,198.90",0.00,0.00,0.00,0.00,0.00,0.00,0.00,0.00,325.04,0.00,0.00,"1,710.00","1,129.03",161.29,"5,193.55",0.00,0.00,0.00
2026-08-12,2026-08-10,2026-08-01,"81,575.07","8,193.87","73,381.20","73,053.44",327.76,"24,142.00","5,011.00","4,597.61","24,770.79","5,838.35",326.19,904.01,0.00,"7,463.49",0.00,0.00,0.00,0.00,0.00,0.00,0.00,0.00,327.76,0.00,0.00,"1,710.00","1,129.03",161.29,"5,193.55",0.00,0.00,0.00
2026-08-13,2026-08-10,2026-08-01,"78,298.67","8,193.87","70,104.80","69,771.71",333.09,"23,773.00","4,648.00","4,805.67","26,252.16","3,225.35",362.74,735.71,0.00,"5,969.08",0.00,0.00,0.00,0.00,0.00,0.00,0.00,0.00,333.09,0.00,0.00,"1,710.00","1,129.03",161.29,"5,193.55",0.00,0.00,0.00
2026-08-14,2026-08-10,2026-08-01,"66,625.82","8,193.87","58,431.95","58,093.72",338.23,"17,868.00","6,165.00","4,649.60","21,293.28","3,380.68",318.83,659.99,0.00,"3,758.34",0.00,0.00,0.00,0.00,0.00,0.00,0.00,0.00,338.23,0.00,0.00,"1,710.00","1,129.03",161.29,"5,193.55",0.00,0.00,0.00
2026-08-15,2026-08-10,2026-08-01,"74,861.09","8,193.87","66,667.22","66,335.73",331.49,"27,567.00","5,361.00","3,727.29","20,785.00","3,388.28",308.96,927.77,0.00,"4,270.43",0.00,0.00,0.00,0.00,0.00,0.00,0.00,0.00,331.49,0.00,0.00,"1,710.00","1,129.03",161.29,"5,193.55",0.00,0.00,0.00
2026-08-16,2026-08-10,2026-08-01,"90,185.86","8,193.87","81,991.99","81,663.19",328.80,"31,741.00","6,310.00","5,060.09","26,014.75","3,601.45",353.10,845.02,0.00,"7,737.78",0.00,0.00,0.00,0.00,0.00,0.00,0.00,0.00,328.80,0.00,0.00,"1,710.00","1,129.03",161.29,"5,193.55",0.00,0.00,0.00
2026-08-17,2026-08-17,2026-08-01,"88,338.98","8,193.87","80,145.11","79,830.96",314.15,"29,592.00","6,286.00","5,095.05","27,379.77","3,294.05",425.09,"1,093.88",0.00,"6,665.12",0.00,0.00,0.00,0.00,0.00,0.00,0.00,0.00,314.15,0.00,0.00,"1,710.00","1,129.03",161.29,"5,193.55",0.00,0.00,0.00
2026-08-18,2026-08-17,2026-08-01,"76,605.26","8,193.87","68,411.39","68,096.59",314.80,"24,193.00","6,443.00","4,280.12","22,447.99","4,180.06",354.56,"1,283.17",0.00,"4,914.69",0.00,0.00,0.00,0.00,0.00,0.00,0.00,0.00,314.80,0.00,0.00,"1,710.00","1,129.03",161.29,"5,193.55",0.00,0.00,0.00
2026-08-19,2026-08-17,2026-08-01,"93,093.95","8,193.87","84,900.08","84,591.50",308.58,"40,006.00","7,164.00","4,516.50","22,040.85","4,436.75",396.21,"1,100.07",0.00,"4,931.12",0.00,0.00,0.00,0.00,0.00,0.00,0.00,0.00,308.58,0.00,0.00,"1,710.00","1,129.03",161.29,"5,193.55",0.00,0.00,0.00
2026-08-20,2026-08-17,2026-08-01,"80,492.54","8,193.87","72,298.67","71,975.49",323.18,"22,317.00","8,314.00","4,037.00","23,840.01","5,867.38",295.91,"1,303.67",0.00,"6,000.52",0.00,0.00,0.00,0.00,0.00,0.00,0.00,0.00,323.18,0.00,0.00,"1,710.00","1,129.03",161.29,"5,193.55",0.00,0.00,0.00
2026-08-21,2026-08-17,2026-08-01,"78,145.81","8,193.87","69,951.94","69,607.05",344.89,"11,085.00","7,552.00","4,160.23","29,459.74","5,749.76",280.05,"1,171.71",0.00,"10,148.56",0.00,0.00,0.00,0.00,0.00,0.00,0.00,0.00,344.89,0.00,0.00,"1,710.00","1,129.03",161.29,"5,193.55",0.00,0.00,0.00
2026-08-22,2026-08-17,2026-08-01,"78,975.24","8,193.87","70,781.37","70,423.58",357.79,"15,577.00","4,770.00","3,939.75","27,655.29","7,712.31",265.48,649.86,0.00,"9,853.89",0.00,0.00,0.00,0.00,0.00,0.00,0.00,0.00,357.79,0.00,0.00,"1,710.00","1,129.03",161.29,"5,193.55",0.00,0.00,0.00
2026-08-23,2026-08-17,2026-08-01,"94,764.05","8,193.87","86,570.18","86,202.78",367.40,"21,729.00","7,850.00","3,869.55","33,926.15","8,004.47",275.33,780.55,0.00,"9,767.73",0.00,0.00,0.00,0.00,0.00,0.00,0.00,0.00,367.40,0.00,0.00,"1,710.00","1,129.03",161.29,"5,193.55",0.00,0.00,0.00
2026-08-24,2026-08-24,2026-08-01,"114,021.30","8,193.87","105,827.43","105,458.27",369.16,"36,665.00","10,807.00","4,185.40","33,514.01","8,685.35",322.49,"1,120.18",0.00,"10,158.84",0.00,0.00,0.00,0.00,0.00,0.00,0.00,0.00,369.16,0.00,0.00,"1,710.00","1,129.03",161.29,"5,193.55",0.00,0.00,0.00
2026-08-25,2026-08-24,2026-08-01,"105,986.31","8,193.87","97,792.44","97,399.97",392.47,"30,023.00","9,948.00","3,885.39","25,872.97","8,737.29",363.13,"1,204.38",0.00,"17,365.81",0.00,0.00,0.00,0.00,0.00,0.00,0.00,0.00,392.47,0.00,0.00,"1,710.00","1,129.03",161.29,"5,193.55",0.00,0.00,0.00
2026-08-26,2026-08-24,2026-08-01,"80,897.25","8,193.87","72,703.38","72,278.94",424.44,0.00,"9,781.00","3,960.67","29,062.88","9,787.46",337.59,"1,194.12",0.00,"18,155.22",0.00,0.00,0.00,0.00,0.00,0.00,0.00,0.00,424.44,0.00,0.00,"1,710.00","1,129.03",161.29,"5,193.55",0.00,0.00,0.00
2026-08-27,2026-08-24,2026-08-01,"85,591.12","8,193.87","77,397.25","76,939.75",457.50,0.00,"11,331.00","3,210.38","33,995.81","10,798.63",326.88,"1,136.85",0.00,"16,140.20",0.00,0.00,0.00,0.00,0.00,0.00,0.00,0.00,457.50,0.00,0.00,"1,710.00","1,129.03",161.29,"5,193.55",0.00,0.00,0.00
2026-08-28,2026-08-24,2026-08-01,"98,297.70","8,193.87","90,103.83","89,633.75",470.08,"3,620.96","14,514.00","3,725.78","39,872.08","12,516.09",276.56,"1,056.60",0.00,"14,051.68",0.00,0.00,0.00,0.00,0.00,0.00,0.00,0.00,470.08,0.00,0.00,"1,710.00","1,129.03",161.29,"5,193.55",0.00,0.00,0.00
2026-08-29,2026-08-24,2026-08-01,"105,039.11","8,193.87","96,845.24","96,377.91",467.33,"11,407.93","11,991.00","3,387.64","38,506.81","14,393.62",272.45,788.08,0.00,"15,630.38",0.00,0.00,0.00,0.00,0.00,0.00,0.00,0.00,467.33,0.00,0.00,"1,710.00","1,129.03",161.29,"5,193.55",0.00,0.00,0.00
2026-08-30,2026-08-24,2026-08-01,"119,888.84","8,193.87","111,694.97","111,205.66",489.31,"18,678.63","13,537.00","3,807.31","40,558.64","16,012.83",325.22,828.07,0.00,"17,457.96",0.00,0.00,0.00,0.00,0.00,0.00,0.00,0.00,489.31,0.00,0.00,"1,710.00","1,129.03",161.29,"5,193.55",0.00,0.00,0.00
2026-08-31,2026-08-31,2026-08-01,"122,932.39","8,193.87","114,738.52","114,254.83",483.69,"21,917.10","14,143.00","3,849.94","43,260.61","11,326.05",340.78,"1,045.44",0.00,"18,371.91",0.00,0.00,0.00,0.00,0.00,0.00,0.00,0.00,483.69,0.00,0.00,"1,710.00","1,129.03",161.29,"5,193.55",0.00,0.00,0.00
2026-09-01,2026-08-31,2026-09-01,"134,969.82","7,866.67","127,103.15","126,620.19",482.96,"32,309.71","11,318.00","3,615.88","41,774.38","18,488.68",341.83,916.59,0.00,"17,855.12",0.00,0.00,0.00,0.00,0.00,0.00,0.00,0.00,482.96,0.00,0.00,0.00,"1,166.67",166.67,"6,533.33",0.00,0.00,0.00
2026-09-02,2026-08-31,2026-09-01,"114,921.79","7,866.67","107,055.13","106,628.24",426.89,"25,785.85","9,930.00","3,692.96","36,989.28","12,359.99",328.69,"1,031.57",0.00,"16,509.90",0.00,0.00,0.00,0.00,0.00,0.00,0.00,0.00,426.89,0.00,0.00,0.00,"1,166.67",166.67,"6,533.33",0.00,0.00,0.00
2026-09-03,2026-08-31,2026-09-01,"107,533.04","7,866.67","99,666.37","99,273.64",392.73,"27,880.21","8,327.00","3,446.03","29,679.26","16,423.10",294.79,982.23,0.00,"12,241.02",0.00,0.00,0.00,0.00,0.00,0.00,0.00,0.00,392.73,0.00,0.00,0.00,"1,166.67",166.67,"6,533.33",0.00,0.00,0.00
2026-09-04,2026-08-31,2026-09-01,"96,136.27","7,866.67","88,269.60","87,898.94",370.66,"23,800.41","12,887.00","3,374.41","29,701.55","10,421.83",285.20,771.46,0.00,"6,657.08",0.00,0.00,0.00,0.00,0.00,0.00,0.00,0.00,370.66,0.00,0.00,0.00,"1,166.67",166.67,"6,533.33",0.00,0.00,0.00
2026-09-05,2026-08-31,2026-09-01,"86,449.26","7,866.67","78,582.59","78,212.38",370.21,"23,158.88","11,008.00","2,817.51","24,737.96","10,297.46",290.35,613.63,0.00,"5,288.59",0.00,0.00,0.00,0.00,0.00,0.00,0.00,0.00,370.21,0.00,0.00,0.00,"1,166.67",166.67,"6,533.33",0.00,0.00,0.00
2026-09-06,2026-08-31,2026-09-01,"99,348.72","7,866.67","91,482.05","91,102.31",379.74,"26,041.32","12,611.00","3,333.29","26,939.88","13,101.95",385.83,770.70,0.00,"7,918.34",0.00,0.00,0.00,0.00,0.00,0.00,0.00,0.00,379.74,0.00,0.00,0.00,"1,166.67",166.67,"6,533.33",0.00,0.00,0.00
2026-09-07,2026-09-07,2026-09-01,"80,791.22","7,866.67","72,924.55","72,533.78",390.77,"22,738.54","6,681.00","2,505.93","20,025.37","13,442.21",322.42,"1,185.04",0.00,"5,633.27",0.00,0.00,0.00,0.00,0.00,0.00,0.00,0.00,390.77,0.00,0.00,0.00,"1,166.67",166.67,"6,533.33",0.00,0.00,0.00
2026-09-08,2026-09-07,2026-09-01,"76,892.00","7,866.67","69,025.34","68,646.65",378.69,"21,028.30","7,435.00","2,272.78","20,490.63","9,942.68",305.89,"1,103.74",0.00,"6,067.63",0.00,0.00,0.00,0.00,0.00,0.00,0.00,0.00,378.69,0.00,0.00,0.00,"1,166.67",166.67,"6,533.33",0.00,0.00,0.00
2026-09-09,2026-09-07,2026-09-01,"83,867.09","7,866.67","76,000.42","75,638.69",361.73,"23,418.78","7,723.46","2,260.15","23,831.85","11,538.01",265.69,"1,002.58",0.00,"5,598.17",0.00,0.00,0.00,0.00,0.00,0.00,0.00,0.00,361.73,0.00,0.00,0.00,"1,166.67",166.67,"6,533.33",0.00,0.00,0.00
2026-09-10,2026-09-07,2026-09-01,"55,572.98","7,866.67","47,706.31","47,361.89",344.43,0.00,0.00,"2,157.53","22,888.97","11,694.17",340.57,"1,108.97",0.00,"9,171.67",0.00,0.00,0.00,0.00,0.00,0.00,0.00,0.00,344.43,0.00,0.00,0.00,"1,166.67",166.67,"6,533.33",0.00,0.00,0.00
2026-09-11,2026-09-07,2026-09-01,"8,215.21","7,866.67",348.54,0.00,348.54,0.00,0.00,0.00,0.00,0.00,0.00,0.00,0.00,0.00,0.00,0.00,0.00,0.00,0.00,0.00,0.00,0.00,348.54,0.00,0.00,0.00,"1,166.67",166.67,"6,533.33",0.00,0.00,0.00
2026-09-12,2026-09-07,2026-09-01,"8,218.97","7,866.67",352.30,0.00,352.30,0.00,0.00,0.00,0.00,0.00,0.00,0.00,0.00,0.00,0.00,0.00,0.00,0.00,0.00,0.00,0.00,0.00,352.30,0.00,0.00,0.00,"1,166.67",166.67,"6,533.33",0.00,0.00,0.00
2026-09-13,2026-09-07,2026-09-01,"8,217.92","7,866.67",351.25,0.00,351.25,0.00,0.00,0.00,0.00,0.00,0.00,0.00,0.00,0.00,0.00,0.00,0.00,0.00,0.00,0.00,0.00,0.00,351.25,0.00,0.00,0.00,"1,166.67",166.67,"6,533.33",0.00,0.00,0.00
2026-09-14,2026-09-14,2026-09-01,"8,223.23","7,866.67",356.57,0.00,356.57,0.00,0.00,0.00,0.00,0.00,0.00,0.00,0.00,0.00,0.00,0.00,0.00,0.00,0.00,0.00,0.00,0.00,356.57,0.00,0.00,0.00,"1,166.67",166.67,"6,533.33",0.00,0.00,0.00
2026-09-15,2026-09-14,2026-09-01,"8,230.56","7,866.67",363.89,0.00,363.89,0.00,0.00,0.00,0.00,0.00,0.00,0.00,0.00,0.00,0.00,0.00,0.00,0.00,0.00,0.00,0.00,0.00,363.89,0.00,0.00,0.00,"1,166.67",166.67,"6,533.33",0.00,0.00,0.00
2026-09-16,2026-09-14,2026-09-01,"8,234.82","7,866.67",368.15,0.00,368.15,0.00,0.00,0.00,0.00,0.00,0.00,0.00,0.00,0.00,0.00,0.00,0.00,0.00,0.00,0.00,0.00,0.00,368.15,0.00,0.00,0.00,"1,166.67",166.67,"6,533.33",0.00,0.00,0.00
2026-09-17,2026-09-14,2026-09-01,"8,227.65","7,866.67",360.98,0.00,360.98,0.00,0.00,0.00,0.00,0.00,0.00,0.00,0.00,0.00,0.00,0.00,0.00,0.00,0.00,0.00,0.00,0.00,360.98,0.00,0.00,0.00,"1,166.67",166.67,"6,533.33",0.00,0.00,0.00
2026-09-18,2026-09-14,2026-09-01,"8,223.28","7,866.67",356.62,0.00,356.62,0.00,0.00,0.00,0.00,0.00,0.00,0.00,0.00,0.00,0.00,0.00,0.00,0.00,0.00,0.00,0.00,0.00,356.62,0.00,0.00,0.00,"1,166.67",166.67,"6,533.33",0.00,0.00,0.00
2026-09-19,2026-09-14,2026-09-01,"8,212.05","7,866.67",345.38,0.00,345.38,0.00,0.00,0.00,0.00,0.00,0.00,0.00,0.00,0.00,0.00,0.00,0.00,0.00,0.00,0.00,0.00,0.00,345.38,0.00,0.00,0.00,"1,166.67",166.67,"6,533.33",0.00,0.00,0.00
2026-09-20,2026-09-14,2026-09-01,"8,218.92","7,866.67",352.25,0.00,352.25,0.00,0.00,0.00,0.00,0.00,0.00,0.00,0.00,0.00,0.00,0.00,0.00,0.00,0.00,0.00,0.00,0.00,352.25,0.00,0.00,0.00,"1,166.67",166.67,"6,533.33",0.00,0.00,0.00
2026-09-21,2026-09-21,2026-09-01,"8,220.07","7,866.67",353.41,0.00,353.41,0.00,0.00,0.00,0.00,0.00,0.00,0.00,0.00,0.00,0.00,0.00,0.00,0.00,0.00,0.00,0.00,0.00,353.41,0.00,0.00,0.00,"1,166.67",166.67,"6,533.33",0.00,0.00,0.00
2026-09-22,2026-09-21,2026-09-01,"8,246.86","7,866.67",380.19,0.00,380.19,0.00,0.00,0.00,0.00,0.00,0.00,0.00,0.00,0.00,0.00,0.00,0.00,0.00,0.00,0.00,0.00,0.00,380.19,0.00,0.00,0.00,"1,166.67",166.67,"6,533.33",0.00,0.00,0.00
2026-09-23,2026-09-21,2026-09-01,"8,251.57","7,866.67",384.90,0.00,384.90,0.00,0.00,0.00,0.00,0.00,0.00,0.00,0.00,0.00,0.00,0.00,0.00,0.00,0.00,0.00,0.00,0.00,384.90,0.00,0.00,0.00,"1,166.67",166.67,"6,533.33",0.00,0.00,0.00
2026-09-24,2026-09-21,2026-09-01,"8,268.47","7,866.67",401.81,0.00,401.81,0.00,0.00,0.00,0.00,0.00,0.00,0.00,0.00,0.00,0.00,0.00,0.00,0.00,0.00,0.00,0.00,0.00,401.81,0.00,0.00,0.00,"1,166.67",166.67,"6,533.33",0.00,0.00,0.00
2026-09-25,2026-09-21,2026-09-01,"8,290.49","7,866.67",423.83,0.00,423.83,0.00,0.00,0.00,0.00,0.00,0.00,0.00,0.00,0.00,0.00,0.00,0.00,0.00,0.00,0.00,0.00,0.00,423.83,0.00,0.00,0.00,"1,166.67",166.67,"6,533.33",0.00,0.00,0.00
2026-09-26,2026-09-21,2026-09-01,"8,314.72","7,866.67",448.05,0.00,448.05,0.00,0.00,0.00,0.00,0.00,0.00,0.00,0.00,0.00,0.00,0.00,0.00,0.00,0.00,0.00,0.00,0.00,448.05,0.00,0.00,0.00,"1,166.67",166.67,"6,533.33",0.00,0.00,0.00
2026-09-27,2026-09-21,2026-09-01,"8,331.97","7,866.67",465.31,0.00,465.31,0.00,0.00,0.00,0.00,0.00,0.00,0.00,0.00,0.00,0.00,0.00,0.00,0.00,0.00,0.00,0.00,0.00,465.31,0.00,0.00,0.00,"1,166.67",166.67,"6,533.33",0.00,0.00,0.00
2026-09-28,2026-09-28,2026-09-01,"8,357.80","7,866.67",491.14,0.00,491.14,0.00,0.00,0.00,0.00,0.00,0.00,0.00,0.00,0.00,0.00,0.00,0.00,0.00,0.00,0.00,0.00,0.00,491.14,0.00,0.00,0.00,"1,166.67",166.67,"6,533.33",0.00,0.00,0.00
2026-09-29,2026-09-28,2026-09-01,"8,409.62","7,866.67",542.95,0.00,542.95,0.00,0.00,0.00,0.00,0.00,0.00,0.00,0.00,0.00,0.00,0.00,0.00,0.00,0.00,0.00,0.00,0.00,542.95,0.00,0.00,0.00,"1,166.67",166.67,"6,533.33",0.00,0.00,0.00
2026-09-30,2026-09-28,2026-09-01,"8,420.35","7,866.67",553.68,0.00,553.68,0.00,0.00,0.00,0.00,0.00,0.00,0.00,0.00,0.00,0.00,0.00,0.00,0.00,0.00,0.00,0.00,0.00,553.68,0.00,0.00,0.00,"1,166.67",166.67,"6,533.33",0.00,0.00,0.00
2026-10-01,2026-09-28,2026-10-01,"7,064.52","7,064.52",0.00,0.00,0.00,0.00,0.00,0.00,0.00,0.00,0.00,0.00,0.00,0.00,0.00,0.00,0.00,0.00,0.00,0.00,0.00,0.00,0.00,0.00,0.00,0.00,"1,064.52",161.29,"5,838.71",0.00,0.00,0.00
2026-10-02,2026-09-28,2026-10-01,"7,064.52","7,064.52",0.00,0.00,0.00,0.00,0.00,0.00,0.00,0.00,0.00,0.00,0.00,0.00,0.00,0.00,0.00,0.00,0.00,0.00,0.00,0.00,0.00,0.00,0.00,0.00,"1,064.52",161.29,"5,838.71",0.00,0.00,0.00
2026-10-03,2026-09-28,2026-10-01,"7,064.52","7,064.52",0.00,0.00,0.00,0.00,0.00,0.00,0.00,0.00,0.00,0.00,0.00,0.00,0.00,0.00,0.00,0.00,0.00,0.00,0.00,0.00,0.00,0.00,0.00,0.00,"1,064.52",161.29,"5,838.71",0.00,0.00,0.00
2026-10-04,2026-09-28,2026-10-01,"7,064.52","7,064.52",0.00,0.00,0.00,0.00,0.00,0.00,0.00,0.00,0.00,0.00,0.00,0.00,0.00,0.00,0.00,0.00,0.00,0.00,0.00,0.00,0.00,0.00,0.00,0.00,"1,064.52",161.29,"5,838.71",0.00,0.00,0.00
2026-10-05,2026-10-05,2026-10-01,"7,064.52","7,064.52",0.00,0.00,0.00,0.00,0.00,0.00,0.00,0.00,0.00,0.00,0.00,0.00,0.00,0.00,0.00,0.00,0.00,0.00,0.00,0.00,0.00,0.00,0.00,0.00,"1,064.52",161.29,"5,838.71",0.00,0.00,0.00
2026-10-06,2026-10-05,2026-10-01,"7,064.52","7,064.52",0.00,0.00,0.00,0.00,0.00,0.00,0.00,0.00,0.00,0.00,0.00,0.00,0.00,0.00,0.00,0.00,0.00,0.00,0.00,0.00,0.00,0.00,0.00,0.00,"1,064.52",161.29,"5,838.71",0.00,0.00,0.00
2026-10-07,2026-10-05,2026-10-01,"7,064.52","7,064.52",0.00,0.00,0.00,0.00,0.00,0.00,0.00,0.00,0.00,0.00,0.00,0.00,0.00,0.00,0.00,0.00,0.00,0.00,0.00,0.00,0.00,0.00,0.00,0.00,"1,064.52",161.29,"5,838.71",0.00,0.00,0.00
2026-10-08,2026-10-05,2026-10-01,"7,064.52","7,064.52",0.00,0.00,0.00,0.00,0.00,0.00,0.00,0.00,0.00,0.00,0.00,0.00,0.00,0.00,0.00,0.00,0.00,0.00,0.00,0.00,0.00,0.00,0.00,0.00,"1,064.52",161.29,"5,838.71",0.00,0.00,0.00
2026-10-09,2026-10-05,2026-10-01,"7,064.52","7,064.52",0.00,0.00,0.00,0.00,0.00,0.00,0.00,0.00,0.00,0.00,0.00,0.00,0.00,0.00,0.00,0.00,0.00,0.00,0.00,0.00,0.00,0.00,0.00,0.00,"1,064.52",161.29,"5,838.71",0.00,0.00,0.00
2026-10-10,2026-10-05,2026-10-01,"7,064.52","7,064.52",0.00,0.00,0.00,0.00,0.00,0.00,0.00,0.00,0.00,0.00,0.00,0.00,0.00,0.00,0.00,0.00,0.00,0.00,0.00,0.00,0.00,0.00,0.00,0.00,"1,064.52",161.29,"5,838.71",0.00,0.00,0.00
2026-10-11,2026-10-05,2026-10-01,"7,064.52","7,064.52",0.00,0.00,0.00,0.00,0.00,0.00,0.00,0.00,0.00,0.00,0.00,0.00,0.00,0.00,0.00,0.00,0.00,0.00,0.00,0.00,0.00,0.00,0.00,0.00,"1,064.52",161.29,"5,838.71",0.00,0.00,0.00
2026-10-12,2026-10-12,2026-10-01,"7,064.52","7,064.52",0.00,0.00,0.00,0.00,0.00,0.00,0.00,0.00,0.00,0.00,0.00,0.00,0.00,0.00,0.00,0.00,0.00,0.00,0.00,0.00,0.00,0.00,0.00,0.00,"1,064.52",161.29,"5,838.71",0.00,0.00,0.00
2026-10-13,2026-10-12,2026-10-01,"7,064.52","7,064.52",0.00,0.00,0.00,0.00,0.00,0.00,0.00,0.00,0.00,0.00,0.00,0.00,0.00,0.00,0.00,0.00,0.00,0.00,0.00,0.00,0.00,0.00,0.00,0.00,"1,064.52",161.29,"5,838.71",0.00,0.00,0.00
2026-10-14,2026-10-12,2026-10-01,"7,064.52","7,064.52",0.00,0.00,0.00,0.00,0.00,0.00,0.00,0.00,0.00,0.00,0.00,0.00,0.00,0.00,0.00,0.00,0.00,0.00,0.00,0.00,0.00,0.00,0.00,0.00,"1,064.52",161.29,"5,838.71",0.00,0.00,0.00
2026-10-15,2026-10-12,2026-10-01,"7,064.52","7,064.52",0.00,0.00,0.00,0.00,0.00,0.00,0.00,0.00,0.00,0.00,0.00,0.00,0.00,0.00,0.00,0.00,0.00,0.00,0.00,0.00,0.00,0.00,0.00,0.00,"1,064.52",161.29,"5,838.71",0.00,0.00,0.00
2026-10-16,2026-10-12,2026-10-01,"7,064.52","7,064.52",0.00,0.00,0.00,0.00,0.00,0.00,0.00,0.00,0.00,0.00,0.00,0.00,0.00,0.00,0.00,0.00,0.00,0.00,0.00,0.00,0.00,0.00,0.00,0.00,"1,064.52",161.29,"5,838.71",0.00,0.00,0.00
2026-10-17,2026-10-12,2026-10-01,"7,064.52","7,064.52",0.00,0.00,0.00,0.00,0.00,0.00,0.00,0.00,0.00,0.00,0.00,0.00,0.00,0.00,0.00,0.00,0.00,0.00,0.00,0.00,0.00,0.00,0.00,0.00,"1,064.52",161.29,"5,838.71",0.00,0.00,0.00
2026-10-18,2026-10-12,2026-10-01,"7,064.52","7,064.52",0.00,0.00,0.00,0.00,0.00,0.00,0.00,0.00,0.00,0.00,0.00,0.00,0.00,0.00,0.00,0.00,0.00,0.00,0.00,0.00,0.00,0.00,0.00,0.00,"1,064.52",161.29,"5,838.71",0.00,0.00,0.00
2026-10-19,2026-10-19,2026-10-01,"7,064.52","7,064.52",0.00,0.00,0.00,0.00,0.00,0.00,0.00,0.00,0.00,0.00,0.00,0.00,0.00,0.00,0.00,0.00,0.00,0.00,0.00,0.00,0.00,0.00,0.00,0.00,"1,064.52",161.29,"5,838.71",0.00,0.00,0.00
2026-10-20,2026-10-19,2026-10-01,"7,064.52","7,064.52",0.00,0.00,0.00,0.00,0.00,0.00,0.00,0.00,0.00,0.00,0.00,0.00,0.00,0.00,0.00,0.00,0.00,0.00,0.00,0.00,0.00,0.00,0.00,0.00,"1,064.52",161.29,"5,838.71",0.00,0.00,0.00
2026-10-21,2026-10-19,2026-10-01,"7,064.52","7,064.52",0.00,0.00,0.00,0.00,0.00,0.00,0.00,0.00,0.00,0.00,0.00,0.00,0.00,0.00,0.00,0.00,0.00,0.00,0.00,0.00,0.00,0.00,0.00,0.00,"1,064.52",161.29,"5,838.71",0.00,0.00,0.00
2026-10-22,2026-10-19,2026-10-01,"7,064.52","7,064.52",0.00,0.00,0.00,0.00,0.00,0.00,0.00,0.00,0.00,0.00,0.00,0.00,0.00,0.00,0.00,0.00,0.00,0.00,0.00,0.00,0.00,0.00,0.00,0.00,"1,064.52",161.29,"5,838.71",0.00,0.00,0.00
2026-10-23,2026-10-19,2026-10-01,"7,064.52","7,064.52",0.00,0.00,0.00,0.00,0.00,0.00,0.00,0.00,0.00,0.00,0.00,0.00,0.00,0.00,0.00,0.00,0.00,0.00,0.00,0.00,0.00,0.00,0.00,0.00,"1,064.52",161.29,"5,838.71",0.00,0.00,0.00
2026-10-24,2026-10-19,2026-10-01,"7,064.52","7,064.52",0.00,0.00,0.00,0.00,0.00,0.00,0.00,0.00,0.00,0.00,0.00,0.00,0.00,0.00,0.00,0.00,0.00,0.00,0.00,0.00,0.00,0.00,0.00,0.00,"1,064.52",161.29,"5,838.71",0.00,0.00,0.00
2026-10-25,2026-10-19,2026-10-01,"7,064.52","7,064.52",0.00,0.00,0.00,0.00,0.00,0.00,0.00,0.00,0.00,0.00,0.00,0.00,0.00,0.00,0.00,0.00,0.00,0.00,0.00,0.00,0.00,0.00,0.00,0.00,"1,064.52",161.29,"5,838.71",0.00,0.00,0.00
2026-10-26,2026-10-26,2026-10-01,"7,064.52","7,064.52",0.00,0.00,0.00,0.00,0.00,0.00,0.00,0.00,0.00,0.00,0.00,0.00,0.00,0.00,0.00,0.00,0.00,0.00,0.00,0.00,0.00,0.00,0.00,0.00,"1,064.52",161.29,"5,838.71",0.00,0.00,0.00
2026-10-27,2026-10-26,2026-10-01,"7,064.52","7,064.52",0.00,0.00,0.00,0.00,0.00,0.00,0.00,0.00,0.00,0.00,0.00,0.00,0.00,0.00,0.00,0.00,0.00,0.00,0.00,0.00,0.00,0.00,0.00,0.00,"1,064.52",161.29,"5,838.71",0.00,0.00,0.00
2026-10-28,2026-10-26,2026-10-01,"7,064.52","7,064.52",0.00,0.00,0.00,0.00,0.00,0.00,0.00,0.00,0.00,0.00,0.00,0.00,0.00,0.00,0.00,0.00,0.00,0.00,0.00,0.00,0.00,0.00,0.00,0.00,"1,064.52",161.29,"5,838.71",0.00,0.00,0.00
2026-10-29,2026-10-26,2026-10-01,"7,064.52","7,064.52",0.00,0.00,0.00,0.00,0.00,0.00,0.00,0.00,0.00,0.00,0.00,0.00,0.00,0.00,0.00,0.00,0.00,0.00,0.00,0.00,0.00,0.00,0.00,0.00,"1,064.52",161.29,"5,838.71",0.00,0.00,0.00
2026-10-30,2026-10-26,2026-10-01,"7,064.52","7,064.52",0.00,0.00,0.00,0.00,0.00,0.00,0.00,0.00,0.00,0.00,0.00,0.00,0.00,0.00,0.00,0.00,0.00,0.00,0.00,0.00,0.00,0.00,0.00,0.00,"1,064.52",161.29,"5,838.71",0.00,0.00,0.00
2026-10-31,2026-10-26,2026-10-01,"7,064.52","7,064.52",0.00,0.00,0.00,0.00,0.00,0.00,0.00,0.00,0.00,0.00,0.00,0.00,0.00,0.00,0.00,0.00,0.00,0.00,0.00,0.00,0.00,0.00,0.00,0.00,"1,064.52",161.29,"5,838.71",0.00,0.00,0.00
2026-11-01,2026-10-26,2026-11-01,"7,866.67","7,866.67",0.00,0.00,0.00,0.00,0.00,0.00,0.00,0.00,0.00,0.00,0.00,0.00,0.00,0.00,0.00,0.00,0.00,0.00,0.00,0.00,0.00,0.00,0.00,0.00,"1,166.67",166.67,"6,533.33",0.00,0.00,0.00
2026-11-02,2026-11-02,2026-11-01,"7,866.67","7,866.67",0.00,0.00,0.00,0.00,0.00,0.00,0.00,0.00,0.00,0.00,0.00,0.00,0.00,0.00,0.00,0.00,0.00,0.00,0.00,0.00,0.00,0.00,0.00,0.00,"1,166.67",166.67,"6,533.33",0.00,0.00,0.00
2026-11-03,2026-11-02,2026-11-01,"7,866.67","7,866.67",0.00,0.00,0.00,0.00,0.00,0.00,0.00,0.00,0.00,0.00,0.00,0.00,0.00,0.00,0.00,0.00,0.00,0.00,0.00,0.00,0.00,0.00,0.00,0.00,"1,166.67",166.67,"6,533.33",0.00,0.00,0.00
2026-11-04,2026-11-02,2026-11-01,"7,866.67","7,866.67",0.00,0.00,0.00,0.00,0.00,0.00,0.00,0.00,0.00,0.00,0.00,0.00,0.00,0.00,0.00,0.00,0.00,0.00,0.00,0.00,0.00,0.00,0.00,0.00,"1,166.67",166.67,"6,533.33",0.00,0.00,0.00
2026-11-05,2026-11-02,2026-11-01,"7,866.67","7,866.67",0.00,0.00,0.00,0.00,0.00,0.00,0.00,0.00,0.00,0.00,0.00,0.00,0.00,0.00,0.00,0.00,0.00,0.00,0.00,0.00,0.00,0.00,0.00,0.00,"1,166.67",166.67,"6,533.33",0.00,0.00,0.00
2026-11-06,2026-11-02,2026-11-01,"7,866.67","7,866.67",0.00,0.00,0.00,0.00,0.00,0.00,0.00,0.00,0.00,0.00,0.00,0.00,0.00,0.00,0.00,0.00,0.00,0.00,0.00,0.00,0.00,0.00,0.00,0.00,"1,166.67",166.67,"6,533.33",0.00,0.00,0.00
2026-11-07,2026-11-02,2026-11-01,"7,866.67","7,866.67",0.00,0.00,0.00,0.00,0.00,0.00,0.00,0.00,0.00,0.00,0.00,0.00,0.00,0.00,0.00,0.00,0.00,0.00,0.00,0.00,0.00,0.00,0.00,0.00,"1,166.67",166.67,"6,533.33",0.00,0.00,0.00
2026-11-08,2026-11-02,2026-11-01,"7,866.67","7,866.67",0.00,0.00,0.00,0.00,0.00,0.00,0.00,0.00,0.00,0.00,0.00,0.00,0.00,0.00,0.00,0.00,0.00,0.00,0.00,0.00,0.00,0.00,0.00,0.00,"1,166.67",166.67,"6,533.33",0.00,0.00,0.00
2026-11-09,2026-11-09,2026-11-01,"7,866.67","7,866.67",0.00,0.00,0.00,0.00,0.00,0.00,0.00,0.00,0.00,0.00,0.00,0.00,0.00,0.00,0.00,0.00,0.00,0.00,0.00,0.00,0.00,0.00,0.00,0.00,"1,166.67",166.67,"6,533.33",0.00,0.00,0.00
2026-11-10,2026-11-09,2026-11-01,"7,866.67","7,866.67",0.00,0.00,0.00,0.00,0.00,0.00,0.00,0.00,0.00,0.00,0.00,0.00,0.00,0.00,0.00,0.00,0.00,0.00,0.00,0.00,0.00,0.00,0.00,0.00,"1,166.67",166.67,"6,533.33",0.00,0.00,0.00
2026-11-11,2026-11-09,2026-11-01,"7,866.67","7,866.67",0.00,0.00,0.00,0.00,0.00,0.00,0.00,0.00,0.00,0.00,0.00,0.00,0.00,0.00,0.00,0.00,0.00,0.00,0.00,0.00,0.00,0.00,0.00,0.00,"1,166.67",166.67,"6,533.33",0.00,0.00,0.00
2026-11-12,2026-11-09,2026-11-01,"7,866.67","7,866.67",0.00,0.00,0.00,0.00,0.00,0.00,0.00,0.00,0.00,0.00,0.00,0.00,0.00,0.00,0.00,0.00,0.00,0.00,0.00,0.00,0.00,0.00,0.00,0.00,"1,166.67",166.67,"6,533.33",0.00,0.00,0.00
2026-11-13,2026-11-09,2026-11-01,"7,866.67","7,866.67",0.00,0.00,0.00,0.00,0.00,0.00,0.00,0.00,0.00,0.00,0.00,0.00,0.00,0.00,0.00,0.00,0.00,0.00,0.00,0.00,0.00,0.00,0.00,0.00,"1,166.67",166.67,"6,533.33",0.00,0.00,0.00
2026-11-14,2026-11-09,2026-11-01,"7,866.67","7,866.67",0.00,0.00,0.00,0.00,0.00,0.00,0.00,0.00,0.00,0.00,0.00,0.00,0.00,0.00,0.00,0.00,0.00,0.00,0.00,0.00,0.00,0.00,0.00,0.00,"1,166.67",166.67,"6,533.33",0.00,0.00,0.00
2026-11-15,2026-11-09,2026-11-01,"7,866.67","7,866.67",0.00,0.00,0.00,0.00,0.00,0.00,0.00,0.00,0.00,0.00,0.00,0.00,0.00,0.00,0.00,0.00,0.00,0.00,0.00,0.00,0.00,0.00,0.00,0.00,"1,166.67",166.67,"6,533.33",0.00,0.00,0.00
2026-11-16,2026-11-16,2026-11-01,"7,866.67","7,866.67",0.00,0.00,0.00,0.00,0.00,0.00,0.00,0.00,0.00,0.00,0.00,0.00,0.00,0.00,0.00,0.00,0.00,0.00,0.00,0.00,0.00,0.00,0.00,0.00,"1,166.67",166.67,"6,533.33",0.00,0.00,0.00
2026-11-17,2026-11-16,2026-11-01,"7,866.67","7,866.67",0.00,0.00,0.00,0.00,0.00,0.00,0.00,0.00,0.00,0.00,0.00,0.00,0.00,0.00,0.00,0.00,0.00,0.00,0.00,0.00,0.00,0.00,0.00,0.00,"1,166.67",166.67,"6,533.33",0.00,0.00,0.00
2026-11-18,2026-11-16,2026-11-01,"7,866.67","7,866.67",0.00,0.00,0.00,0.00,0.00,0.00,0.00,0.00,0.00,0.00,0.00,0.00,0.00,0.00,0.00,0.00,0.00,0.00,0.00,0.00,0.00,0.00,0.00,0.00,"1,166.67",166.67,"6,533.33",0.00,0.00,0.00
2026-11-19,2026-11-16,2026-11-01,"7,866.67","7,866.67",0.00,0.00,0.00,0.00,0.00,0.00,0.00,0.00,0.00,0.00,0.00,0.00,0.00,0.00,0.00,0.00,0.00,0.00,0.00,0.00,0.00,0.00,0.00,0.00,"1,166.67",166.67,"6,533.33",0.00,0.00,0.00
2026-11-20,2026-11-16,2026-11-01,"7,866.67","7,866.67",0.00,0.00,0.00,0.00,0.00,0.00,0.00,0.00,0.00,0.00,0.00,0.00,0.00,0.00,0.00,0.00,0.00,0.00,0.00,0.00,0.00,0.00,0.00,0.00,"1,166.67",166.67,"6,533.33",0.00,0.00,0.00
2026-11-21,2026-11-16,2026-11-01,"7,866.67","7,866.67",0.00,0.00,0.00,0.00,0.00,0.00,0.00,0.00,0.00,0.00,0.00,0.00,0.00,0.00,0.00,0.00,0.00,0.00,0.00,0.00,0.00,0.00,0.00,0.00,"1,166.67",166.67,"6,533.33",0.00,0.00,0.00
2026-11-22,2026-11-16,2026-11-01,"7,866.67","7,866.67",0.00,0.00,0.00,0.00,0.00,0.00,0.00,0.00,0.00,0.00,0.00,0.00,0.00,0.00,0.00,0.00,0.00,0.00,0.00,0.00,0.00,0.00,0.00,0.00,"1,166.67",166.67,"6,533.33",0.00,0.00,0.00
2026-11-23,2026-11-23,2026-11-01,"7,866.67","7,866.67",0.00,0.00,0.00,0.00,0.00,0.00,0.00,0.00,0.00,0.00,0.00,0.00,0.00,0.00,0.00,0.00,0.00,0.00,0.00,0.00,0.00,0.00,0.00,0.00,"1,166.67",166.67,"6,533.33",0.00,0.00,0.00
2026-11-24,2026-11-23,2026-11-01,"7,866.67","7,866.67",0.00,0.00,0.00,0.00,0.00,0.00,0.00,0.00,0.00,0.00,0.00,0.00,0.00,0.00,0.00,0.00,0.00,0.00,0.00,0.00,0.00,0.00,0.00,0.00,"1,166.67",166.67,"6,533.33",0.00,0.00,0.00
2026-11-25,2026-11-23,2026-11-01,"7,866.67","7,866.67",0.00,0.00,0.00,0.00,0.00,0.00,0.00,0.00,0.00,0.00,0.00,0.00,0.00,0.00,0.00,0.00,0.00,0.00,0.00,0.00,0.00,0.00,0.00,0.00,"1,166.67",166.67,"6,533.33",0.00,0.00,0.00
2026-11-26,2026-11-23,2026-11-01,"7,866.67","7,866.67",0.00,0.00,0.00,0.00,0.00,0.00,0.00,0.00,0.00,0.00,0.00,0.00,0.00,0.00,0.00,0.00,0.00,0.00,0.00,0.00,0.00,0.00,0.00,0.00,"1,166.67",166.67,"6,533.33",0.00,0.00,0.00
2026-11-27,2026-11-23,2026-11-01,"7,866.67","7,866.67",0.00,0.00,0.00,0.00,0.00,0.00,0.00,0.00,0.00,0.00,0.00,0.00,0.00,0.00,0.00,0.00,0.00,0.00,0.00,0.00,0.00,0.00,0.00,0.00,"1,166.67",166.67,"6,533.33",0.00,0.00,0.00
2026-11-28,2026-11-23,2026-11-01,"7,866.67","7,866.67",0.00,0.00,0.00,0.00,0.00,0.00,0.00,0.00,0.00,0.00,0.00,0.00,0.00,0.00,0.00,0.00,0.00,0.00,0.00,0.00,0.00,0.00,0.00,0.00,"1,166.67",166.67,"6,533.33",0.00,0.00,0.00
2026-11-29,2026-11-23,2026-11-01,"7,866.67","7,866.67",0.00,0.00,0.00,0.00,0.00,0.00,0.00,0.00,0.00,0.00,0.00,0.00,0.00,0.00,0.00,0.00,0.00,0.00,0.00,0.00,0.00,0.00,0.00,0.00,"1,166.67",166.67,"6,533.33",0.00,0.00,0.00
2026-11-30,2026-11-30,2026-11-01,"7,866.67","7,866.67",0.00,0.00,0.00,0.00,0.00,0.00,0.00,0.00,0.00,0.00,0.00,0.00,0.00,0.00,0.00,0.00,0.00,0.00,0.00,0.00,0.00,0.00,0.00,0.00,"1,166.67",166.67,"6,533.33",0.00,0.00,0.00
2026-12-01,2026-11-30,2026-12-01,"7,129.03","7,129.03",0.00,0.00,0.00,0.00,0.00,0.00,0.00,0.00,0.00,0.00,0.00,0.00,0.00,0.00,0.00,0.00,0.00,0.00,0.00,0.00,0.00,0.00,0.00,0.00,"1,129.03",161.29,"5,838.71",0.00,0.00,0.00
2026-12-02,2026-11-30,2026-12-01,"7,129.03","7,129.03",0.00,0.00,0.00,0.00,0.00,0.00,0.00,0.00,0.00,0.00,0.00,0.00,0.00,0.00,0.00,0.00,0.00,0.00,0.00,0.00,0.00,0.00,0.00,0.00,"1,129.03",161.29,"5,838.71",0.00,0.00,0.00
2026-12-03,2026-11-30,2026-12-01,"7,129.03","7,129.03",0.00,0.00,0.00,0.00,0.00,0.00,0.00,0.00,0.00,0.00,0.00,0.00,0.00,0.00,0.00,0.00,0.00,0.00,0.00,0.00,0.00,0.00,0.00,0.00,"1,129.03",161.29,"5,838.71",0.00,0.00,0.00
2026-12-04,2026-11-30,2026-12-01,"7,129.03","7,129.03",0.00,0.00,0.00,0.00,0.00,0.00,0.00,0.00,0.00,0.00,0.00,0.00,0.00,0.00,0.00,0.00,0.00,0.00,0.00,0.00,0.00,0.00,0.00,0.00,"1,129.03",161.29,"5,838.71",0.00,0.00,0.00
2026-12-05,2026-11-30,2026-12-01,"7,129.03","7,129.03",0.00,0.00,0.00,0.00,0.00,0.00,0.00,0.00,0.00,0.00,0.00,0.00,0.00,0.00,0.00,0.00,0.00,0.00,0.00,0.00,0.00,0.00,0.00,0.00,"1,129.03",161.29,"5,838.71",0.00,0.00,0.00
2026-12-06,2026-11-30,2026-12-01,"7,129.03","7,129.03",0.00,0.00,0.00,0.00,0.00,0.00,0.00,0.00,0.00,0.00,0.00,0.00,0.00,0.00,0.00,0.00,0.00,0.00,0.00,0.00,0.00,0.00,0.00,0.00,"1,129.03",161.29,"5,838.71",0.00,0.00,0.00
2026-12-07,2026-12-07,2026-12-01,"7,129.03","7,129.03",0.00,0.00,0.00,0.00,0.00,0.00,0.00,0.00,0.00,0.00,0.00,0.00,0.00,0.00,0.00,0.00,0.00,0.00,0.00,0.00,0.00,0.00,0.00,0.00,"1,129.03",161.29,"5,838.71",0.00,0.00,0.00
2026-12-08,2026-12-07,2026-12-01,"7,129.03","7,129.03",0.00,0.00,0.00,0.00,0.00,0.00,0.00,0.00,0.00,0.00,0.00,0.00,0.00,0.00,0.00,0.00,0.00,0.00,0.00,0.00,0.00,0.00,0.00,0.00,"1,129.03",161.29,"5,838.71",0.00,0.00,0.00
2026-12-09,2026-12-07,2026-12-01,"7,129.03","7,129.03",0.00,0.00,0.00,0.00,0.00,0.00,0.00,0.00,0.00,0.00,0.00,0.00,0.00,0.00,0.00,0.00,0.00,0.00,0.00,0.00,0.00,0.00,0.00,0.00,"1,129.03",161.29,"5,838.71",0.00,0.00,0.00
2026-12-10,2026-12-07,2026-12-01,"7,129.03","7,129.03",0.00,0.00,0.00,0.00,0.00,0.00,0.00,0.00,0.00,0.00,0.00,0.00,0.00,0.00,0.00,0.00,0.00,0.00,0.00,0.00,0.00,0.00,0.00,0.00,"1,129.03",161.29,"5,838.71",0.00,0.00,0.00
2026-12-11,2026-12-07,2026-12-01,"7,129.03","7,129.03",0.00,0.00,0.00,0.00,0.00,0.00,0.00,0.00,0.00,0.00,0.00,0.00,0.00,0.00,0.00,0.00,0.00,0.00,0.00,0.00,0.00,0.00,0.00,0.00,"1,129.03",161.29,"5,838.71",0.00,0.00,0.00
2026-12-12,2026-12-07,2026-12-01,"7,129.03","7,129.03",0.00,0.00,0.00,0.00,0.00,0.00,0.00,0.00,0.00,0.00,0.00,0.00,0.00,0.00,0.00,0.00,0.00,0.00,0.00,0.00,0.00,0.00,0.00,0.00,"1,129.03",161.29,"5,838.71",0.00,0.00,0.00
2026-12-13,2026-12-07,2026-12-01,"7,129.03","7,129.03",0.00,0.00,0.00,0.00,0.00,0.00,0.00,0.00,0.00,0.00,0.00,0.00,0.00,0.00,0.00,0.00,0.00,0.00,0.00,0.00,0.00,0.00,0.00,0.00,"1,129.03",161.29,"5,838.71",0.00,0.00,0.00
2026-12-14,2026-12-14,2026-12-01,"7,129.03","7,129.03",0.00,0.00,0.00,0.00,0.00,0.00,0.00,0.00,0.00,0.00,0.00,0.00,0.00,0.00,0.00,0.00,0.00,0.00,0.00,0.00,0.00,0.00,0.00,0.00,"1,129.03",161.29,"5,838.71",0.00,0.00,0.00
2026-12-15,2026-12-14,2026-12-01,"7,129.03","7,129.03",0.00,0.00,0.00,0.00,0.00,0.00,0.00,0.00,0.00,0.00,0.00,0.00,0.00,0.00,0.00,0.00,0.00,0.00,0.00,0.00,0.00,0.00,0.00,0.00,"1,129.03",161.29,"5,838.71",0.00,0.00,0.00
2026-12-16,2026-12-14,2026-12-01,"7,129.03","7,129.03",0.00,0.00,0.00,0.00,0.00,0.00,0.00,0.00,0.00,0.00,0.00,0.00,0.00,0.00,0.00,0.00,0.00,0.00,0.00,0.00,0.00,0.00,0.00,0.00,"1,129.03",161.29,"5,838.71",0.00,0.00,0.00
2026-12-17,2026-12-14,2026-12-01,"7,129.03","7,129.03",0.00,0.00,0.00,0.00,0.00,0.00,0.00,0.00,0.00,0.00,0.00,0.00,0.00,0.00,0.00,0.00,0.00,0.00,0.00,0.00,0.00,0.00,0.00,0.00,"1,129.03",161.29,"5,838.71",0.00,0.00,0.00
2026-12-18,2026-12-14,2026-12-01,"7,129.03","7,129.03",0.00,0.00,0.00,0.00,0.00,0.00,0.00,0.00,0.00,0.00,0.00,0.00,0.00,0.00,0.00,0.00,0.00,0.00,0.00,0.00,0.00,0.00,0.00,0.00,"1,129.03",161.29,"5,838.71",0.00,0.00,0.00
2026-12-19,2026-12-14,2026-12-01,"7,129.03","7,129.03",0.00,0.00,0.00,0.00,0.00,0.00,0.00,0.00,0.00,0.00,0.00,0.00,0.00,0.00,0.00,0.00,0.00,0.00,0.00,0.00,0.00,0.00,0.00,0.00,"1,129.03",161.29,"5,838.71",0.00,0.00,0.00
2026-12-20,2026-12-14,2026-12-01,"7,129.03","7,129.03",0.00,0.00,0.00,0.00,0.00,0.00,0.00,0.00,0.00,0.00,0.00,0.00,0.00,0.00,0.00,0.00,0.00,0.00,0.00,0.00,0.00,0.00,0.00,0.00,"1,129.03",161.29,"5,838.71",0.00,0.00,0.00
2026-12-21,2026-12-21,2026-12-01,"7,129.03","7,129.03",0.00,0.00,0.00,0.00,0.00,0.00,0.00,0.00,0.00,0.00,0.00,0.00,0.00,0.00,0.00,0.00,0.00,0.00,0.00,0.00,0.00,0.00,0.00,0.00,"1,129.03",161.29,"5,838.71",0.00,0.00,0.00
2026-12-22,2026-12-21,2026-12-01,"7,129.03","7,129.03",0.00,0.00,0.00,0.00,0.00,0.00,0.00,0.00,0.00,0.00,0.00,0.00,0.00,0.00,0.00,0.00,0.00,0.00,0.00,0.00,0.00,0.00,0.00,0.00,"1,129.03",161.29,"5,838.71",0.00,0.00,0.00
2026-12-23,2026-12-21,2026-12-01,"7,129.03","7,129.03",0.00,0.00,0.00,0.00,0.00,0.00,0.00,0.00,0.00,0.00,0.00,0.00,0.00,0.00,0.00,0.00,0.00,0.00,0.00,0.00,0.00,0.00,0.00,0.00,"1,129.03",161.29,"5,838.71",0.00,0.00,0.00
2026-12-24,2026-12-21,2026-12-01,"7,129.03","7,129.03",0.00,0.00,0.00,0.00,0.00,0.00,0.00,0.00,0.00,0.00,0.00,0.00,0.00,0.00,0.00,0.00,0.00,0.00,0.00,0.00,0.00,0.00,0.00,0.00,"1,129.03",161.29,"5,838.71",0.00,0.00,0.00
2026-12-25,2026-12-21,2026-12-01,"7,129.03","7,129.03",0.00,0.00,0.00,0.00,0.00,0.00,0.00,0.00,0.00,0.00,0.00,0.00,0.00,0.00,0.00,0.00,0.00,0.00,0.00,0.00,0.00,0.00,0.00,0.00,"1,129.03",161.29,"5,838.71",0.00,0.00,0.00
2026-12-26,2026-12-21,2026-12-01,"7,129.03","7,129.03",0.00,0.00,0.00,0.00,0.00,0.00,0.00,0.00,0.00,0.00,0.00,0.00,0.00,0.00,0.00,0.00,0.00,0.00,0.00,0.00,0.00,0.00,0.00,0.00,"1,129.03",161.29,"5,838.71",0.00,0.00,0.00
2026-12-27,2026-12-21,2026-12-01,"7,129.03","7,129.03",0.00,0.00,0.00,0.00,0.00,0.00,0.00,0.00,0.00,0.00,0.00,0.00,0.00,0.00,0.00,0.00,0.00,0.00,0.00,0.00,0.00,0.00,0.00,0.00,"1,129.03",161.29,"5,838.71",0.00,0.00,0.00
2026-12-28,2026-12-28,2026-12-01,"7,129.03","7,129.03",0.00,0.00,0.00,0.00,0.00,0.00,0.00,0.00,0.00,0.00,0.00,0.00,0.00,0.00,0.00,0.00,0.00,0.00,0.00,0.00,0.00,0.00,0.00,0.00,"1,129.03",161.29,"5,838.71",0.00,0.00,0.00
2026-12-29,2026-12-28,2026-12-01,"7,129.03","7,129.03",0.00,0.00,0.00,0.00,0.00,0.00,0.00,0.00,0.00,0.00,0.00,0.00,0.00,0.00,0.00,0.00,0.00,0.00,0.00,0.00,0.00,0.00,0.00,0.00,"1,129.03",161.29,"5,838.71",0.00,0.00,0.00
2026-12-30,2026-12-28,2026-12-01,"7,129.03","7,129.03",0.00,0.00,0.00,0.00,0.00,0.00,0.00,0.00,0.00,0.00,0.00,0.00,0.00,0.00,0.00,0.00,0.00,0.00,0.00,0.00,0.00,0.00,0.00,0.00,"1,129.03",161.29,"5,838.71",0.00,0.00,0.00
2026-12-31,2026-12-28,2026-12-01,"7,129.03","7,129.03",0.00,0.00,0.00,0.00,0.00,0.00,0.00,0.00,0.00,0.00,0.00,0.00,0.00,0.00,0.00,0.00,0.00,0.00,0.00,0.00,0.00,0.00,0.00,0.00,"1,129.03",161.29,"5,838.71",0.00,0.00,0.00