date_day,metric,value
2026-08-08,market_impressions,346992.4651
2026-08-08,top_impressions,79014.50135
2026-08-08,avg_gross_order_revenue,185.34
2026-08-08,avg_discount,81.44
2026-08-08,avg_net_order_revenue,103.90
2026-08-08,discount_pct_of_revenue,0.44
2026-08-07,market_impressions,382605.8278
2026-08-07,top_impressions,92322.00386
2026-08-07,avg_gross_order_revenue,182.20
2026-08-07,avg_discount,79.65
2026-08-07,avg_net_order_revenue,102.54
2026-08-07,discount_pct_of_revenue,0.44
2026-08-06,market_impressions,458206.6035
2026-08-06,top_impressions,119583.2609
2026-08-06,avg_gross_order_revenue,181.91
2026-08-06,avg_discount,80.53
2026-08-06,avg_net_order_revenue,101.39
2026-08-06,discount_pct_of_revenue,0.44
2026-08-05,market_impressions,481851.8498
2026-08-05,top_impressions,122145.8829
2026-08-05,avg_gross_order_revenue,181.45
2026-08-05,avg_discount,80.56
2026-08-05,avg_net_order_revenue,100.88
2026-08-05,discount_pct_of_revenue,0.44
2026-08-04,market_impressions,519871.9098
2026-08-04,top_impressions,125254.1002
2026-08-04,avg_gross_order_revenue,181.15
2026-08-04,avg_discount,80.17
2026-08-04,avg_net_order_revenue,100.98
2026-08-04,discount_pct_of_revenue,0.44
2026-08-03,market_impressions,488252.4275
2026-08-03,top_impressions,117120.4778
2026-08-03,avg_gross_order_revenue,179.50
2026-08-03,avg_discount,78.94
2026-08-03,avg_net_order_revenue,100.56
2026-08-03,discount_pct_of_revenue,0.44
2026-08-02,market_impressions,450005.9808
2026-08-02,top_impressions,110128.8297
2026-08-02,avg_gross_order_revenue,179.86
2026-08-02,avg_discount,82.43
2026-08-02,avg_net_order_revenue,97.43
2026-08-02,discount_pct_of_revenue,0.46
2026-08-01,market_impressions,396719.7928
2026-08-01,top_impressions,99108.15643
2026-08-01,avg_gross_order_revenue,178.00
2026-08-01,avg_discount,82.25
2026-08-01,avg_net_order_revenue,95.74
2026-08-01,discount_pct_of_revenue,0.46
2026-07-31,market_impressions,429542.9034
2026-07-31,top_impressions,115183.064
2026-07-31,avg_gross_order_revenue,179.09
2026-07-31,avg_discount,84.42
2026-07-31,avg_net_order_revenue,94.67
2026-07-31,discount_pct_of_revenue,0.47
2026-07-30,market_impressions,459258.222
2026-07-30,top_impressions,112670.9529
2026-07-30,avg_gross_order_revenue,178.49
2026-07-30,avg_discount,82.03
2026-07-30,avg_net_order_revenue,96.46
2026-07-30,discount_pct_of_revenue,0.46
2026-07-29,market_impressions,473232.3332
2026-07-29,top_impressions,109897.4396
2026-07-29,avg_gross_order_revenue,178.09
2026-07-29,avg_discount,79.83
2026-07-29,avg_net_order_revenue,98.26
2026-07-29,discount_pct_of_revenue,0.45
2026-07-28,market_impressions,532013.3263
2026-07-28,top_impressions,132382.0433
2026-07-28,avg_gross_order_revenue,180.25
2026-07-28,avg_discount,78.94
2026-07-28,avg_net_order_revenue,101.31
2026-07-28,discount_pct_of_revenue,0.44
2026-07-27,market_impressions,513592.9498
2026-07-27,top_impressions,122485.7789
2026-07-27,avg_gross_order_revenue,178.87
2026-07-27,avg_discount,80.13
2026-07-27,avg_net_order_revenue,98.74
2026-07-27,discount_pct_of_revenue,0.45
2026-07-26,market_impressions,468134.8911
2026-07-26,top_impressions,112097.3446
2026-07-26,avg_gross_order_revenue,178.09
2026-07-26,avg_discount,80.35
2026-07-26,avg_net_order_revenue,97.74
2026-07-26,discount_pct_of_revenue,0.45
2026-07-25,market_impressions,383556.968
2026-07-25,top_impressions,85159.87697
2026-07-25,avg_gross_order_revenue,176.27
2026-07-25,avg_discount,81.28
2026-07-25,avg_net_order_revenue,94.98
2026-07-25,discount_pct_of_revenue,0.46
2026-07-24,market_impressions,422208.0298
2026-07-24,top_impressions,92641.00905
2026-07-24,avg_gross_order_revenue,179.88
2026-07-24,avg_discount,77.97
2026-07-24,avg_net_order_revenue,101.91
2026-07-24,discount_pct_of_revenue,0.43
2026-07-23,market_impressions,452578.0643
2026-07-23,top_impressions,103758.1648
2026-07-23,avg_gross_order_revenue,177.23
2026-07-23,avg_discount,78.64
2026-07-23,avg_net_order_revenue,98.58
2026-07-23,discount_pct_of_revenue,0.44
2026-07-22,market_impressions,457179.6664
2026-07-22,top_impressions,100769.9056
2026-07-22,avg_gross_order_revenue,178.18
2026-07-22,avg_discount,78.05
2026-07-22,avg_net_order_revenue,100.13
2026-07-22,discount_pct_of_revenue,0.44
2026-07-21,market_impressions,446729.2582
2026-07-21,top_impressions,95318.27314
2026-07-21,avg_gross_order_revenue,179.46
2026-07-21,avg_discount,74.64
2026-07-21,avg_net_order_revenue,104.83
2026-07-21,discount_pct_of_revenue,0.42
2026-07-20,market_impressions,426967.7357
2026-07-20,top_impressions,91905.38449
2026-07-20,avg_gross_order_revenue,179.66
2026-07-20,avg_discount,76.92
2026-07-20,avg_net_order_revenue,102.74
2026-07-20,discount_pct_of_revenue,0.43
2026-07-19,market_impressions,418843.6264
2026-07-19,top_impressions,91337.5494
2026-07-19,avg_gross_order_revenue,177.34
2026-07-19,avg_discount,77.90
2026-07-19,avg_net_order_revenue,99.44
2026-07-19,discount_pct_of_revenue,0.44
2026-07-18,market_impressions,394523.4564
2026-07-18,top_impressions,95540.20456
2026-07-18,avg_gross_order_revenue,177.00
2026-07-18,avg_discount,78.83
2026-07-18,avg_net_order_revenue,98.17
2026-07-18,discount_pct_of_revenue,0.45
2026-07-17,market_impressions,393674.8792
2026-07-17,top_impressions,100214.0116
2026-07-17,avg_gross_order_revenue,174.66
2026-07-17,avg_discount,76.34
2026-07-17,avg_net_order_revenue,98.32
2026-07-17,discount_pct_of_revenue,0.44
2026-07-16,market_impressions,450463.0254
2026-07-16,top_impressions,115806.4047
2026-07-16,avg_gross_order_revenue,178.31
2026-07-16,avg_discount,74.99
2026-07-16,avg_net_order_revenue,103.32
2026-07-16,discount_pct_of_revenue,0.42
2026-07-15,market_impressions,457241.4685
2026-07-15,top_impressions,99240.22197
2026-07-15,avg_gross_order_revenue,174.98
2026-07-15,avg_discount,80.41
2026-07-15,avg_net_order_revenue,94.57
2026-07-15,discount_pct_of_revenue,0.46
2026-07-14,market_impressions,491099.6281
2026-07-14,top_impressions,88498.9822
2026-07-14,avg_gross_order_revenue,178.73
2026-07-14,avg_discount,78.87
2026-07-14,avg_net_order_revenue,99.86
2026-07-14,discount_pct_of_revenue,0.44
2026-07-13,market_impressions,496693.6017
2026-07-13,top_impressions,80899.60218
2026-07-13,avg_gross_order_revenue,175.83
2026-07-13,avg_discount,78.18
2026-07-13,avg_net_order_revenue,97.65
2026-07-13,discount_pct_of_revenue,0.44
2026-07-12,market_impressions,485615.1294
2026-07-12,top_impressions,92205.64559
2026-07-12,avg_gross_order_revenue,176.33
2026-07-12,avg_discount,76.06
2026-07-12,avg_net_order_revenue,100.27
2026-07-12,discount_pct_of_revenue,0.43
2026-07-11,market_impressions,419595.2052
2026-07-11,top_impressions,78995.43814
2026-07-11,avg_gross_order_revenue,176.15
2026-07-11,avg_discount,78.33
2026-07-11,avg_net_order_revenue,97.82
2026-07-11,discount_pct_of_revenue,0.44
2026-07-10,market_impressions,411064.7346
2026-07-10,top_impressions,74769.30422
2026-07-10,avg_gross_order_revenue,175.69
2026-07-10,avg_discount,78.30
2026-07-10,avg_net_order_revenue,97.39
2026-07-10,discount_pct_of_revenue,0.45
2026-07-09,market_impressions,501593.5453
2026-07-09,top_impressions,100726.2085
2026-07-09,avg_gross_order_revenue,171.07
2026-07-09,avg_discount,79.29
2026-07-09,avg_net_order_revenue,91.78
2026-07-09,discount_pct_of_revenue,0.46
2026-07-08,market_impressions,534243.2207
2026-07-08,top_impressions,118615.261
2026-07-08,avg_gross_order_revenue,172.81
2026-07-08,avg_discount,77.44
2026-07-08,avg_net_order_revenue,95.37
2026-07-08,discount_pct_of_revenue,0.45
2026-07-07,market_impressions,606779.901
2026-07-07,top_impressions,162094.5226
2026-07-07,avg_gross_order_revenue,162.79
2026-07-07,avg_discount,77.49
2026-07-07,avg_net_order_revenue,85.30
2026-07-07,discount_pct_of_revenue,0.48
2026-07-06,market_impressions,721424.7301
2026-07-06,top_impressions,180208.1984
2026-07-06,avg_gross_order_revenue,180.54
2026-07-06,avg_discount,84.95
2026-07-06,avg_net_order_revenue,95.59
2026-07-06,discount_pct_of_revenue,0.47
2026-07-05,market_impressions,472928.6145
2026-07-05,top_impressions,104022.2069
2026-07-05,avg_gross_order_revenue,187.20
2026-07-05,avg_discount,85.93
2026-07-05,avg_net_order_revenue,101.28
2026-07-05,discount_pct_of_revenue,0.46
2026-07-04,market_impressions,468730.0445
2026-07-04,top_impressions,122898.0027
2026-07-04,avg_gross_order_revenue,180.74
2026-07-04,avg_discount,84.35
2026-07-04,avg_net_order_revenue,96.39
2026-07-04,discount_pct_of_revenue,0.47
2026-07-03,market_impressions,420979.6594
2026-07-03,top_impressions,97353.42355
2026-07-03,avg_gross_order_revenue,186.53
2026-07-03,avg_discount,86.16
2026-07-03,avg_net_order_revenue,100.37
2026-07-03,discount_pct_of_revenue,0.46
2026-07-02,market_impressions,494811.5576
2026-07-02,top_impressions,104727.4276
2026-07-02,avg_gross_order_revenue,185.37
2026-07-02,avg_discount,87.52
2026-07-02,avg_net_order_revenue,97.85
2026-07-02,discount_pct_of_revenue,0.47
2026-07-01,market_impressions,453206.4334
2026-07-01,top_impressions,99037.37079
2026-07-01,avg_gross_order_revenue,184.85
2026-07-01,avg_discount,87.97
2026-07-01,avg_net_order_revenue,96.88
2026-07-01,discount_pct_of_revenue,0.48
2026-06-30,market_impressions,497529.9755
2026-06-30,top_impressions,101928.1291
2026-06-30,avg_gross_order_revenue,185.73
2026-06-30,avg_discount,87.30
2026-06-30,avg_net_order_revenue,98.43
2026-06-30,discount_pct_of_revenue,0.47
2026-06-29,market_impressions,441974.6139
2026-06-29,top_impressions,97298.53717
2026-06-29,avg_gross_order_revenue,184.78
2026-06-29,avg_discount,87.87
2026-06-29,avg_net_order_revenue,96.91
2026-06-29,discount_pct_of_revenue,0.48
2026-06-28,market_impressions,397724.5892
2026-06-28,top_impressions,93464.66542
2026-06-28,avg_gross_order_revenue,184.67
2026-06-28,avg_discount,85.03
2026-06-28,avg_net_order_revenue,99.64
2026-06-28,discount_pct_of_revenue,0.46
2026-06-27,market_impressions,432439.6759
2026-06-27,top_impressions,103012.6925
2026-06-27,avg_gross_order_revenue,185.90
2026-06-27,avg_discount,85.89
2026-06-27,avg_net_order_revenue,100.01
2026-06-27,discount_pct_of_revenue,0.46
2026-06-26,market_impressions,348903.6432
2026-06-26,top_impressions,88719.82302
2026-06-26,avg_gross_order_revenue,184.50
2026-06-26,avg_discount,84.79
2026-06-26,avg_net_order_revenue,99.70
2026-06-26,discount_pct_of_revenue,0.46
2026-06-25,market_impressions,386941.1543
2026-06-25,top_impressions,94973.06927
2026-06-25,avg_gross_order_revenue,184.52
2026-06-25,avg_discount,82.21
2026-06-25,avg_net_order_revenue,102.31
2026-06-25,discount_pct_of_revenue,0.45
2026-06-24,market_impressions,319366.0265
2026-06-24,top_impressions,82581.40744
2026-06-24,avg_gross_order_revenue,185.77
2026-06-24,avg_discount,82.20
2026-06-24,avg_net_order_revenue,103.57
2026-06-24,discount_pct_of_revenue,0.44
2026-06-23,market_impressions,348756.0783
2026-06-23,top_impressions,98320.90302
2026-06-23,avg_gross_order_revenue,188.29
2026-06-23,avg_discount,78.46
2026-06-23,avg_net_order_revenue,109.83
2026-06-23,discount_pct_of_revenue,0.42
2026-06-22,market_impressions,383196.7359
2026-06-22,top_impressions,95489.57583
2026-06-22,avg_gross_order_revenue,190.33
2026-06-22,avg_discount,80.28
2026-06-22,avg_net_order_revenue,110.06
2026-06-22,discount_pct_of_revenue,0.42
2026-06-21,market_impressions,459396.1741
2026-06-21,top_impressions,111619.7814
2026-06-21,avg_gross_order_revenue,198.90
2026-06-21,avg_discount,81.14
2026-06-21,avg_net_order_revenue,117.77
2026-06-21,discount_pct_of_revenue,0.41
2026-06-20,market_impressions,405526.1584
2026-06-20,top_impressions,90697.27212
2026-06-20,avg_gross_order_revenue,195.16
2026-06-20,avg_discount,78.82
2026-06-20,avg_net_order_revenue,116.34
2026-06-20,discount_pct_of_revenue,0.40
2026-06-19,market_impressions,436890.656
2026-06-19,top_impressions,104895.8106
2026-06-19,avg_gross_order_revenue,198.92
2026-06-19,avg_discount,79.66
2026-06-19,avg_net_order_revenue,119.26
2026-06-19,discount_pct_of_revenue,0.40
2026-06-18,market_impressions,461849.4435
2026-06-18,top_impressions,109100.6977
2026-06-18,avg_gross_order_revenue,204.39
2026-06-18,avg_discount,87.88
2026-06-18,avg_net_order_revenue,116.51
2026-06-18,discount_pct_of_revenue,0.43
2026-06-17,market_impressions,445204.7504
2026-06-17,top_impressions,95773.8442
2026-06-17,avg_gross_order_revenue,201.52
2026-06-17,avg_discount,80.58
2026-06-17,avg_net_order_revenue,120.94
2026-06-17,discount_pct_of_revenue,0.40
2026-06-16,market_impressions,470646.0669
2026-06-16,top_impressions,108246.955
2026-06-16,avg_gross_order_revenue,188.45
2026-06-16,avg_discount,80.48
2026-06-16,avg_net_order_revenue,107.97
2026-06-16,discount_pct_of_revenue,0.43
2026-06-15,market_impressions,447385.8849
2026-06-15,top_impressions,105674.6015
2026-06-15,avg_gross_order_revenue,192.95
2026-06-15,avg_discount,80.45
2026-06-15,avg_net_order_revenue,112.50
2026-06-15,discount_pct_of_revenue,0.42
2026-06-14,market_impressions,364312.6473
2026-06-14,top_impressions,84884.51674
2026-06-14,avg_gross_order_revenue,186.77
2026-06-14,avg_discount,78.67
2026-06-14,avg_net_order_revenue,108.10
2026-06-14,discount_pct_of_revenue,0.42
2026-06-13,market_impressions,374481.9269
2026-06-13,top_impressions,101140.0862
2026-06-13,avg_gross_order_revenue,181.64
2026-06-13,avg_discount,82.07
2026-06-13,avg_net_order_revenue,99.57
2026-06-13,discount_pct_of_revenue,0.45
2026-06-12,market_impressions,409939.5008
2026-06-12,top_impressions,111365.6062
2026-06-12,avg_gross_order_revenue,185.15
2026-06-12,avg_discount,83.81
2026-06-12,avg_net_order_revenue,101.34
2026-06-12,discount_pct_of_revenue,0.45
2026-06-11,market_impressions,593351.7626
2026-06-11,top_impressions,166377.7038
2026-06-11,avg_gross_order_revenue,200.30
2026-06-11,avg_discount,80.07
2026-06-11,avg_net_order_revenue,120.22
2026-06-11,discount_pct_of_revenue,0.40
2026-06-10,market_impressions,408376.1358
2026-06-10,top_impressions,103619.5532
2026-06-10,avg_gross_order_revenue,196.42
2026-06-10,avg_discount,81.27
2026-06-10,avg_net_order_revenue,115.16
2026-06-10,discount_pct_of_revenue,0.41
2026-06-09,market_impressions,325492.3898
2026-06-09,top_impressions,90516.31189
2026-06-09,avg_gross_order_revenue,193.56
2026-06-09,avg_discount,82.47
2026-06-09,avg_net_order_revenue,111.09
2026-06-09,discount_pct_of_revenue,0.43
2026-06-08,market_impressions,436924.177
2026-06-08,top_impressions,109359.2587
2026-06-08,avg_gross_order_revenue,195.20
2026-06-08,avg_discount,80.57
2026-06-08,avg_net_order_revenue,114.63
2026-06-08,discount_pct_of_revenue,0.41
2026-06-07,market_impressions,441603.0031
2026-06-07,top_impressions,106002.4736
2026-06-07,avg_gross_order_revenue,192.88
2026-06-07,avg_discount,81.10
2026-06-07,avg_net_order_revenue,111.78
2026-06-07,discount_pct_of_revenue,0.42
2026-06-06,market_impressions,342434.5293
2026-06-06,top_impressions,73548.36862
2026-06-06,avg_gross_order_revenue,189.42
2026-06-06,avg_discount,81.91
2026-06-06,avg_net_order_revenue,107.51
2026-06-06,discount_pct_of_revenue,0.43
2026-06-05,market_impressions,350481.3209
2026-06-05,top_impressions,72233.89495
2026-06-05,avg_gross_order_revenue,193.58
2026-06-05,avg_discount,80.78
2026-06-05,avg_net_order_revenue,112.80
2026-06-05,discount_pct_of_revenue,0.42
2026-06-04,market_impressions,412925.7768
2026-06-04,top_impressions,88578.06567
2026-06-04,avg_gross_order_revenue,191.51
2026-06-04,avg_discount,81.29
2026-06-04,avg_net_order_revenue,110.22
2026-06-04,discount_pct_of_revenue,0.42
2026-06-03,market_impressions,422422.028
2026-06-03,top_impressions,83259.15554
2026-06-03,avg_gross_order_revenue,191.64
2026-06-03,avg_discount,84.74
2026-06-03,avg_net_order_revenue,106.90
2026-06-03,discount_pct_of_revenue,0.44
2026-06-02,market_impressions,453517.2062
2026-06-02,top_impressions,104851.1828
2026-06-02,avg_gross_order_revenue,190.46
2026-06-02,avg_discount,79.61
2026-06-02,avg_net_order_revenue,110.86
2026-06-02,discount_pct_of_revenue,0.42
2026-06-01,market_impressions,502084.6085
2026-06-01,top_impressions,120530.0427
2026-06-01,avg_gross_order_revenue,192.43
2026-06-01,avg_discount,82.04
2026-06-01,avg_net_order_revenue,110.39
2026-06-01,discount_pct_of_revenue,0.43
2026-05-31,market_impressions,419006.5959
2026-05-31,top_impressions,80793.78621
2026-05-31,avg_gross_order_revenue,192.05
2026-05-31,avg_discount,81.00
2026-05-31,avg_net_order_revenue,111.05
2026-05-31,discount_pct_of_revenue,0.42
2026-05-30,market_impressions,466326.0402
2026-05-30,top_impressions,101295.8634
2026-05-30,avg_gross_order_revenue,190.19
2026-05-30,avg_discount,83.47
2026-05-30,avg_net_order_revenue,106.73
2026-05-30,discount_pct_of_revenue,0.44
2026-05-29,market_impressions,419029.9543
2026-05-29,top_impressions,94718.2868
2026-05-29,avg_gross_order_revenue,184.25
2026-05-29,avg_discount,82.36
2026-05-29,avg_net_order_revenue,101.89
2026-05-29,discount_pct_of_revenue,0.45
2026-05-28,market_impressions,454456.5153
2026-05-28,top_impressions,90973.22919
2026-05-28,avg_gross_order_revenue,191.34
2026-05-28,avg_discount,82.41
2026-05-28,avg_net_order_revenue,108.93
2026-05-28,discount_pct_of_revenue,0.43
2026-05-27,market_impressions,370784.209
2026-05-27,top_impressions,81175.68074
2026-05-27,avg_gross_order_revenue,186.72
2026-05-27,avg_discount,81.11
2026-05-27,avg_net_order_revenue,105.62
2026-05-27,discount_pct_of_revenue,0.43
2026-05-26,market_impressions,451163.175
2026-05-26,top_impressions,98934.64251
2026-05-26,avg_gross_order_revenue,185.67
2026-05-26,avg_discount,81.91
2026-05-26,avg_net_order_revenue,103.76
2026-05-26,discount_pct_of_revenue,0.44
2026-05-25,market_impressions,380929.2679
2026-05-25,top_impressions,84774.15217
2026-05-25,avg_gross_order_revenue,182.74
2026-05-25,avg_discount,78.43
2026-05-25,avg_net_order_revenue,104.30
2026-05-25,discount_pct_of_revenue,0.43
2026-05-24,market_impressions,358783.1927
2026-05-24,top_impressions,80683.43366
2026-05-24,avg_gross_order_revenue,179.41
2026-05-24,avg_discount,82.43
2026-05-24,avg_net_order_revenue,96.98
2026-05-24,discount_pct_of_revenue,0.46
2026-05-23,market_impressions,336165.0658
2026-05-23,top_impressions,75792.35035
2026-05-23,avg_gross_order_revenue,182.84
2026-05-23,avg_discount,80.90
2026-05-23,avg_net_order_revenue,101.94
2026-05-23,discount_pct_of_revenue,0.44
2026-05-22,market_impressions,368991.5501
2026-05-22,top_impressions,89999.42092
2026-05-22,avg_gross_order_revenue,189.81
2026-05-22,avg_discount,81.53
2026-05-22,avg_net_order_revenue,108.28
2026-05-22,discount_pct_of_revenue,0.43
2026-05-21,market_impressions,374142.2788
2026-05-21,top_impressions,81861.29528
2026-05-21,avg_gross_order_revenue,188.85
2026-05-21,avg_discount,81.31
2026-05-21,avg_net_order_revenue,107.53
2026-05-21,discount_pct_of_revenue,0.43
2026-05-20,market_impressions,373759.0255
2026-05-20,top_impressions,73275.50443
2026-05-20,avg_gross_order_revenue,184.36
2026-05-20,avg_discount,81.56
2026-05-20,avg_net_order_revenue,102.80
2026-05-20,discount_pct_of_revenue,0.44
2026-05-19,market_impressions,383054.4999
2026-05-19,top_impressions,73760.15802
2026-05-19,avg_gross_order_revenue,183.01
2026-05-19,avg_discount,79.70
2026-05-19,avg_net_order_revenue,103.31
2026-05-19,discount_pct_of_revenue,0.44
2026-05-18,market_impressions,394198.974
2026-05-18,top_impressions,78548.38992
2026-05-18,avg_gross_order_revenue,183.62
2026-05-18,avg_discount,80.07
2026-05-18,avg_net_order_revenue,103.55
2026-05-18,discount_pct_of_revenue,0.44
2026-05-17,market_impressions,427493.4882
2026-05-17,top_impressions,102324.8503
2026-05-17,avg_gross_order_revenue,181.12
2026-05-17,avg_discount,78.10
2026-05-17,avg_net_order_revenue,103.02
2026-05-17,discount_pct_of_revenue,0.43
2026-05-16,market_impressions,374954.5681
2026-05-16,top_impressions,87852.36104
2026-05-16,avg_gross_order_revenue,181.71
2026-05-16,avg_discount,80.84
2026-05-16,avg_net_order_revenue,100.87
2026-05-16,discount_pct_of_revenue,0.44
2026-05-15,market_impressions,375463.6667
2026-05-15,top_impressions,80099.36231
2026-05-15,avg_gross_order_revenue,182.26
2026-05-15,avg_discount,80.51
2026-05-15,avg_net_order_revenue,101.75
2026-05-15,discount_pct_of_revenue,0.44
2026-05-14,market_impressions,449270.9483
2026-05-14,top_impressions,100679.1335
2026-05-14,avg_gross_order_revenue,182.24
2026-05-14,avg_discount,80.15
2026-05-14,avg_net_order_revenue,102.10
2026-05-14,discount_pct_of_revenue,0.44
2026-05-13,market_impressions,606476.1976
2026-05-13,top_impressions,119619.9457
2026-05-13,avg_gross_order_revenue,181.88
2026-05-13,avg_discount,79.89
2026-05-13,avg_net_order_revenue,101.99
2026-05-13,discount_pct_of_revenue,0.44
2026-05-12,market_impressions,509170.0601
2026-05-12,top_impressions,98894.67602
2026-05-12,avg_gross_order_revenue,182.82
2026-05-12,avg_discount,80.02
2026-05-12,avg_net_order_revenue,102.81
2026-05-12,discount_pct_of_revenue,0.44
2026-05-11,market_impressions,572522.5462
2026-05-11,top_impressions,114718.945
2026-05-11,avg_gross_order_revenue,181.86
2026-05-11,avg_discount,81.15
2026-05-11,avg_net_order_revenue,100.71
2026-05-11,discount_pct_of_revenue,0.45
2026-05-10,market_impressions,582932.9152
2026-05-10,top_impressions,107431.5189
2026-05-10,avg_gross_order_revenue,180.05
2026-05-10,avg_discount,77.41
2026-05-10,avg_net_order_revenue,102.64
2026-05-10,discount_pct_of_revenue,0.43
2026-05-09,market_impressions,499112.4582
2026-05-09,top_impressions,95132.76208
2026-05-09,avg_gross_order_revenue,180.80
2026-05-09,avg_discount,81.58
2026-05-09,avg_net_order_revenue,99.22
2026-05-09,discount_pct_of_revenue,0.45
2026-05-08,market_impressions,501174.8024
2026-05-08,top_impressions,96711.76734
2026-05-08,avg_gross_order_revenue,183.95
2026-05-08,avg_discount,80.14
2026-05-08,avg_net_order_revenue,103.80
2026-05-08,discount_pct_of_revenue,0.44
2026-05-07,market_impressions,484128.0874
2026-05-07,top_impressions,94037.19738
2026-05-07,avg_gross_order_revenue,183.46
2026-05-07,avg_discount,79.03
2026-05-07,avg_net_order_revenue,104.43
2026-05-07,discount_pct_of_revenue,0.43
2026-05-06,market_impressions,577631.5763
2026-05-06,top_impressions,110091.5947
2026-05-06,avg_gross_order_revenue,179.45
2026-05-06,avg_discount,82.92
2026-05-06,avg_net_order_revenue,96.53
2026-05-06,discount_pct_of_revenue,0.46
2026-05-05,market_impressions,630160.8035
2026-05-05,top_impressions,124044.5677
2026-05-05,avg_gross_order_revenue,178.64
2026-05-05,avg_discount,80.03
2026-05-05,avg_net_order_revenue,98.61
2026-05-05,discount_pct_of_revenue,0.45
2026-05-04,market_impressions,673890.2459
2026-05-04,top_impressions,132459.5928
2026-05-04,avg_gross_order_revenue,180.80
2026-05-04,avg_discount,78.43
2026-05-04,avg_net_order_revenue,102.36
2026-05-04,discount_pct_of_revenue,0.43
2026-05-03,market_impressions,628983.1151
2026-05-03,top_impressions,124142.26
2026-05-03,avg_gross_order_revenue,181.75
2026-05-03,avg_discount,81.17
2026-05-03,avg_net_order_revenue,100.58
2026-05-03,discount_pct_of_revenue,0.45
2026-05-02,market_impressions,536460.0465
2026-05-02,top_impressions,99439.22407
2026-05-02,avg_gross_order_revenue,182.51
2026-05-02,avg_discount,79.50
2026-05-02,avg_net_order_revenue,103.00
2026-05-02,discount_pct_of_revenue,0.44
2026-05-01,market_impressions,552388.0798
2026-05-01,top_impressions,102599.5805
2026-05-01,avg_gross_order_revenue,178.46
2026-05-01,avg_discount,79.00
2026-05-01,avg_net_order_revenue,99.47
2026-05-01,discount_pct_of_revenue,0.44
2026-04-30,market_impressions,576470.6096
2026-04-30,top_impressions,102047.8295
2026-04-30,avg_gross_order_revenue,181.33
2026-04-30,avg_discount,82.27
2026-04-30,avg_net_order_revenue,99.06
2026-04-30,discount_pct_of_revenue,0.45
2026-04-29,market_impressions,613198.7336
2026-04-29,top_impressions,111011.7491
2026-04-29,avg_gross_order_revenue,185.15
2026-04-29,avg_discount,80.78
2026-04-29,avg_net_order_revenue,104.37
2026-04-29,discount_pct_of_revenue,0.44
2026-04-28,market_impressions,633909.6238
2026-04-28,top_impressions,116845.872
2026-04-28,avg_gross_order_revenue,187.83
2026-04-28,avg_discount,80.47
2026-04-28,avg_net_order_revenue,107.35
2026-04-28,discount_pct_of_revenue,0.43
2026-04-27,market_impressions,616695.8486
2026-04-27,top_impressions,105351.2476
2026-04-27,avg_gross_order_revenue,183.93
2026-04-27,avg_discount,81.60
2026-04-27,avg_net_order_revenue,102.33
2026-04-27,discount_pct_of_revenue,0.44
2026-04-26,market_impressions,540479.7775
2026-04-26,top_impressions,92825.36235
2026-04-26,avg_gross_order_revenue,186.13
2026-04-26,avg_discount,79.40
2026-04-26,avg_net_order_revenue,106.73
2026-04-26,discount_pct_of_revenue,0.43
2026-04-25,market_impressions,442140.524
2026-04-25,top_impressions,71246.4704
2026-04-25,avg_gross_order_revenue,189.24
2026-04-25,avg_discount,75.86
2026-04-25,avg_net_order_revenue,113.37
2026-04-25,discount_pct_of_revenue,0.40
2026-04-24,market_impressions,476312.7521
2026-04-24,top_impressions,80244.11719
2026-04-24,avg_gross_order_revenue,192.36
2026-04-24,avg_discount,77.26
2026-04-24,avg_net_order_revenue,115.10
2026-04-24,discount_pct_of_revenue,0.40
2026-04-23,market_impressions,530851.5519
2026-04-23,top_impressions,87023.0241
2026-04-23,avg_gross_order_revenue,186.38
2026-04-23,avg_discount,77.32
2026-04-23,avg_net_order_revenue,109.06
2026-04-23,discount_pct_of_revenue,0.41
2026-04-22,market_impressions,555408.6448
2026-04-22,top_impressions,101267.8381
2026-04-22,avg_gross_order_revenue,188.44
2026-04-22,avg_discount,78.75
2026-04-22,avg_net_order_revenue,109.69
2026-04-22,discount_pct_of_revenue,0.42
2026-04-21,market_impressions,567913.0441
2026-04-21,top_impressions,105297.6372
2026-04-21,avg_gross_order_revenue,189.49
2026-04-21,avg_discount,79.16
2026-04-21,avg_net_order_revenue,110.33
2026-04-21,discount_pct_of_revenue,0.42
2026-04-20,market_impressions,573617.4909
2026-04-20,top_impressions,100504.5122
2026-04-20,avg_gross_order_revenue,189.52
2026-04-20,avg_discount,77.18
2026-04-20,avg_net_order_revenue,112.34
2026-04-20,discount_pct_of_revenue,0.41
2026-04-19,market_impressions,587573.5121
2026-04-19,top_impressions,115749.0769
2026-04-19,avg_gross_order_revenue,189.17
2026-04-19,avg_discount,75.98
2026-04-19,avg_net_order_revenue,113.19
2026-04-19,discount_pct_of_revenue,0.40
2026-04-18,market_impressions,524569.9482
2026-04-18,top_impressions,100797.1461
2026-04-18,avg_gross_order_revenue,184.40
2026-04-18,avg_discount,80.29
2026-04-18,avg_net_order_revenue,104.11
2026-04-18,discount_pct_of_revenue,0.44
2026-04-17,market_impressions,693013.1942
2026-04-17,top_impressions,164191.0805
2026-04-17,avg_gross_order_revenue,185.13
2026-04-17,avg_discount,78.68
2026-04-17,avg_net_order_revenue,106.44
2026-04-17,discount_pct_of_revenue,0.43
2026-04-16,market_impressions,671214.0726
2026-04-16,top_impressions,152237.7516
2026-04-16,avg_gross_order_revenue,190.74
2026-04-16,avg_discount,77.92
2026-04-16,avg_net_order_revenue,112.82
2026-04-16,discount_pct_of_revenue,0.41
2026-04-15,market_impressions,690096.4853
2026-04-15,top_impressions,142029.6145
2026-04-15,avg_gross_order_revenue,187.62
2026-04-15,avg_discount,76.88
2026-04-15,avg_net_order_revenue,110.74
2026-04-15,discount_pct_of_revenue,0.41
2026-04-14,market_impressions,497671.8709
2026-04-14,top_impressions,72291.45143
2026-04-14,avg_gross_order_revenue,190.30
2026-04-14,avg_discount,78.44
2026-04-14,avg_net_order_revenue,111.86
2026-04-14,discount_pct_of_revenue,0.41
2026-04-13,market_impressions,519015.5853
2026-04-13,top_impressions,66506.95905
2026-04-13,avg_gross_order_revenue,185.39
2026-04-13,avg_discount,77.49
2026-04-13,avg_net_order_revenue,107.91
2026-04-13,discount_pct_of_revenue,0.42
2026-04-12,market_impressions,511188.6136
2026-04-12,top_impressions,69290.5533
2026-04-12,avg_gross_order_revenue,186.43
2026-04-12,avg_discount,79.10
2026-04-12,avg_net_order_revenue,107.33
2026-04-12,discount_pct_of_revenue,0.42
2026-04-11,market_impressions,395103.4592
2026-04-11,top_impressions,56415.38129
2026-04-11,avg_gross_order_revenue,186.49
2026-04-11,avg_discount,77.04
2026-04-11,avg_net_order_revenue,109.45
2026-04-11,discount_pct_of_revenue,0.41
2026-04-10,market_impressions,492700.8394
2026-04-10,top_impressions,71183.99528
2026-04-10,avg_gross_order_revenue,189.16
2026-04-10,avg_discount,77.45
2026-04-10,avg_net_order_revenue,111.70
2026-04-10,discount_pct_of_revenue,0.41
2026-04-09,market_impressions,561006.4121
2026-04-09,top_impressions,80301.34214
2026-04-09,avg_gross_order_revenue,187.82
2026-04-09,avg_discount,79.10
2026-04-09,avg_net_order_revenue,108.72
2026-04-09,discount_pct_of_revenue,0.42
2026-04-08,market_impressions,679034.1344
2026-04-08,top_impressions,111811.2335
2026-04-08,avg_gross_order_revenue,184.28
2026-04-08,avg_discount,79.01
2026-04-08,avg_net_order_revenue,105.27
2026-04-08,discount_pct_of_revenue,0.43
2026-04-07,market_impressions,453810.1396
2026-04-07,top_impressions,82498.65871
2026-04-07,avg_gross_order_revenue,188.07
2026-04-07,avg_discount,78.78
2026-04-07,avg_net_order_revenue,109.29
2026-04-07,discount_pct_of_revenue,0.42
2026-04-06,market_impressions,420295.9815
2026-04-06,top_impressions,93793.94081
2026-04-06,avg_gross_order_revenue,183.61
2026-04-06,avg_discount,79.78
2026-04-06,avg_net_order_revenue,103.83
2026-04-06,discount_pct_of_revenue,0.43
2026-04-05,market_impressions,385927.7517
2026-04-05,top_impressions,88734.07356
2026-04-05,avg_gross_order_revenue,181.48
2026-04-05,avg_discount,80.83
2026-04-05,avg_net_order_revenue,100.65
2026-04-05,discount_pct_of_revenue,0.45
2026-04-04,market_impressions,382572.8982
2026-04-04,top_impressions,89126.10834
2026-04-04,avg_gross_order_revenue,184.73
2026-04-04,avg_discount,80.14
2026-04-04,avg_net_order_revenue,104.59
2026-04-04,discount_pct_of_revenue,0.43
2026-04-03,market_impressions,399883.2414
2026-04-03,top_impressions,84146.15639
2026-04-03,avg_gross_order_revenue,186.10
2026-04-03,avg_discount,81.05
2026-04-03,avg_net_order_revenue,105.05
2026-04-03,discount_pct_of_revenue,0.44
2026-04-02,market_impressions,414129.3386
2026-04-02,top_impressions,93493.74207
2026-04-02,avg_gross_order_revenue,180.51
2026-04-02,avg_discount,81.25
2026-04-02,avg_net_order_revenue,99.26
2026-04-02,discount_pct_of_revenue,0.45
2026-04-01,market_impressions,505247.4046
2026-04-01,top_impressions,109730.0783
2026-04-01,avg_gross_order_revenue,184.21
2026-04-01,avg_discount,82.31
2026-04-01,avg_net_order_revenue,101.91
2026-04-01,discount_pct_of_revenue,0.45
2026-03-31,market_impressions,462123.7884
2026-03-31,top_impressions,96122.74586
2026-03-31,avg_gross_order_revenue,184.85
2026-03-31,avg_discount,80.63
2026-03-31,avg_net_order_revenue,104.22
2026-03-31,discount_pct_of_revenue,0.44
2026-03-30,market_impressions,536628.5239
2026-03-30,top_impressions,108617.7334
2026-03-30,avg_gross_order_revenue,181.89
2026-03-30,avg_discount,82.00
2026-03-30,avg_net_order_revenue,99.89
2026-03-30,discount_pct_of_revenue,0.45
2026-03-29,market_impressions,536353.8924
2026-03-29,top_impressions,115703.4868
2026-03-29,avg_gross_order_revenue,185.66
2026-03-29,avg_discount,82.44
2026-03-29,avg_net_order_revenue,103.22
2026-03-29,discount_pct_of_revenue,0.44
2026-03-28,market_impressions,399381.9563
2026-03-28,top_impressions,74202.83699
2026-03-28,avg_gross_order_revenue,183.01
2026-03-28,avg_discount,81.39
2026-03-28,avg_net_order_revenue,101.62
2026-03-28,discount_pct_of_revenue,0.44
2026-03-27,market_impressions,409853.1947
2026-03-27,top_impressions,82805.3903
2026-03-27,avg_gross_order_revenue,184.29
2026-03-27,avg_discount,81.20
2026-03-27,avg_net_order_revenue,103.09
2026-03-27,discount_pct_of_revenue,0.44
2026-03-26,market_impressions,484120.3605
2026-03-26,top_impressions,106653.4891
2026-03-26,avg_gross_order_revenue,181.79
2026-03-26,avg_discount,82.14
2026-03-26,avg_net_order_revenue,99.65
2026-03-26,discount_pct_of_revenue,0.45
2026-03-25,market_impressions,519538.4542
2026-03-25,top_impressions,111194.0696
2026-03-25,avg_gross_order_revenue,183.02
2026-03-25,avg_discount,81.34
2026-03-25,avg_net_order_revenue,101.67
2026-03-25,discount_pct_of_revenue,0.44
2026-03-24,market_impressions,493500.3434
2026-03-24,top_impressions,97992.88813
2026-03-24,avg_gross_order_revenue,185.44
2026-03-24,avg_discount,77.61
2026-03-24,avg_net_order_revenue,107.83
2026-03-24,discount_pct_of_revenue,0.42
2026-03-23,market_impressions,663514.5734
2026-03-23,top_impressions,153252.1489
2026-03-23,avg_gross_order_revenue,183.43
2026-03-23,avg_discount,79.66
2026-03-23,avg_net_order_revenue,103.77
2026-03-23,discount_pct_of_revenue,0.43
2026-03-22,market_impressions,590380.1775
2026-03-22,top_impressions,129352.7693
2026-03-22,avg_gross_order_revenue,182.75
2026-03-22,avg_discount,82.70
2026-03-22,avg_net_order_revenue,100.05
2026-03-22,discount_pct_of_revenue,0.45
2026-03-21,market_impressions,495234.3747
2026-03-21,top_impressions,102799.9043
2026-03-21,avg_gross_order_revenue,183.47
2026-03-21,avg_discount,79.64
2026-03-21,avg_net_order_revenue,103.83
2026-03-21,discount_pct_of_revenue,0.43
2026-03-20,market_impressions,474710.0585
2026-03-20,top_impressions,92288.17336
2026-03-20,avg_gross_order_revenue,184.54
2026-03-20,avg_discount,80.38
2026-03-20,avg_net_order_revenue,104.15
2026-03-20,discount_pct_of_revenue,0.44
2026-03-19,market_impressions,491870.8054
2026-03-19,top_impressions,95253.97166
2026-03-19,avg_gross_order_revenue,182.04
2026-03-19,avg_discount,82.28
2026-03-19,avg_net_order_revenue,99.75
2026-03-19,discount_pct_of_revenue,0.45
2026-03-18,market_impressions,531366.4827
2026-03-18,top_impressions,120642.9559
2026-03-18,avg_gross_order_revenue,182.83
2026-03-18,avg_discount,80.66
2026-03-18,avg_net_order_revenue,102.17
2026-03-18,discount_pct_of_revenue,0.44
2026-03-17,market_impressions,540565.8612
2026-03-17,top_impressions,115305.3783
2026-03-17,avg_gross_order_revenue,184.79
2026-03-17,avg_discount,81.92
2026-03-17,avg_net_order_revenue,102.87
2026-03-17,discount_pct_of_revenue,0.44
2026-03-16,market_impressions,514157.0791
2026-03-16,top_impressions,93631.1847
2026-03-16,avg_gross_order_revenue,184.89
2026-03-16,avg_discount,80.02
2026-03-16,avg_net_order_revenue,104.88
2026-03-16,discount_pct_of_revenue,0.43
2026-03-15,market_impressions,435560.7814
2026-03-15,top_impressions,74024.67304
2026-03-15,avg_gross_order_revenue,182.37
2026-03-15,avg_discount,80.46
2026-03-15,avg_net_order_revenue,101.91
2026-03-15,discount_pct_of_revenue,0.44
2026-03-14,market_impressions,438927.0691
2026-03-14,top_impressions,94216.10677
2026-03-14,avg_gross_order_revenue,182.74
2026-03-14,avg_discount,81.45
2026-03-14,avg_net_order_revenue,101.29
2026-03-14,discount_pct_of_revenue,0.45
2026-03-13,market_impressions,492529.8037
2026-03-13,top_impressions,106961.7378
2026-03-13,avg_gross_order_revenue,181.21
2026-03-13,avg_discount,81.03
2026-03-13,avg_net_order_revenue,100.18
2026-03-13,discount_pct_of_revenue,0.45
2026-03-12,market_impressions,549329.2748
2026-03-12,top_impressions,106642.6199
2026-03-12,avg_gross_order_revenue,188.01
2026-03-12,avg_discount,78.20
2026-03-12,avg_net_order_revenue,109.81
2026-03-12,discount_pct_of_revenue,0.42
2026-03-11,market_impressions,535375.4217
2026-03-11,top_impressions,100045.2603
2026-03-11,avg_gross_order_revenue,184.13
2026-03-11,avg_discount,80.74
2026-03-11,avg_net_order_revenue,103.39
2026-03-11,discount_pct_of_revenue,0.44
2026-03-10,market_impressions,480294.829
2026-03-10,top_impressions,99277.57215
2026-03-10,avg_gross_order_revenue,182.95
2026-03-10,avg_discount,82.14
2026-03-10,avg_net_order_revenue,100.81
2026-03-10,discount_pct_of_revenue,0.45
2026-03-09,market_impressions,440828.2095
2026-03-09,top_impressions,83801.18464
2026-03-09,avg_gross_order_revenue,181.12
2026-03-09,avg_discount,83.24
2026-03-09,avg_net_order_revenue,97.88
2026-03-09,discount_pct_of_revenue,0.46
2026-03-08,market_impressions,415383.3881
2026-03-08,top_impressions,81300.00987
2026-03-08,avg_gross_order_revenue,181.79
2026-03-08,avg_discount,81.24
2026-03-08,avg_net_order_revenue,100.55
2026-03-08,discount_pct_of_revenue,0.45
2026-03-07,market_impressions,434901.6311
2026-03-07,top_impressions,85693.48087
2026-03-07,avg_gross_order_revenue,180.21
2026-03-07,avg_discount,80.14
2026-03-07,avg_net_order_revenue,100.08
2026-03-07,discount_pct_of_revenue,0.44
2026-03-06,market_impressions,473115.1591
2026-03-06,top_impressions,92099.52126
2026-03-06,avg_gross_order_revenue,180.00
2026-03-06,avg_discount,80.33
2026-03-06,avg_net_order_revenue,99.67
2026-03-06,discount_pct_of_revenue,0.45
2026-03-05,market_impressions,439754.9123
2026-03-05,top_impressions,80111.2073
2026-03-05,avg_gross_order_revenue,182.42
2026-03-05,avg_discount,80.70
2026-03-05,avg_net_order_revenue,101.72
2026-03-05,discount_pct_of_revenue,0.44
2026-03-04,market_impressions,415450.7173
2026-03-04,top_impressions,78769.78081
2026-03-04,avg_gross_order_revenue,182.13
2026-03-04,avg_discount,81.05
2026-03-04,avg_net_order_revenue,101.08
2026-03-04,discount_pct_of_revenue,0.44
2026-03-03,market_impressions,403627.9283
2026-03-03,top_impressions,68471.20533
2026-03-03,avg_gross_order_revenue,184.51
2026-03-03,avg_discount,81.30
2026-03-03,avg_net_order_revenue,103.21
2026-03-03,discount_pct_of_revenue,0.44
2026-03-02,market_impressions,576767.4956
2026-03-02,top_impressions,80916.48544
2026-03-02,avg_gross_order_revenue,182.18
2026-03-02,avg_discount,78.77
2026-03-02,avg_net_order_revenue,103.42
2026-03-02,discount_pct_of_revenue,0.43
2026-03-01,market_impressions,574540.9746
2026-03-01,top_impressions,82010.10386
2026-03-01,avg_gross_order_revenue,182.34
2026-03-01,avg_discount,79.88
2026-03-01,avg_net_order_revenue,102.46
2026-03-01,discount_pct_of_revenue,0.44
2026-02-28,market_impressions,520805.199
2026-02-28,top_impressions,73917.11762
2026-02-28,avg_gross_order_revenue,183.22
2026-02-28,avg_discount,80.48
2026-02-28,avg_net_order_revenue,102.74
2026-02-28,discount_pct_of_revenue,0.44
2026-02-27,market_impressions,499358.2147
2026-02-27,top_impressions,71928.30276
2026-02-27,avg_gross_order_revenue,186.80
2026-02-27,avg_discount,79.03
2026-02-27,avg_net_order_revenue,107.77
2026-02-27,discount_pct_of_revenue,0.42
2026-02-26,market_impressions,554480.4664
2026-02-26,top_impressions,75285.30903
2026-02-26,avg_gross_order_revenue,181.20
2026-02-26,avg_discount,82.42
2026-02-26,avg_net_order_revenue,98.78
2026-02-26,discount_pct_of_revenue,0.45
2026-02-25,market_impressions,579153.2335
2026-02-25,top_impressions,86349.33403
2026-02-25,avg_gross_order_revenue,181.79
2026-02-25,avg_discount,79.02
2026-02-25,avg_net_order_revenue,102.77
2026-02-25,discount_pct_of_revenue,0.43
2026-02-24,market_impressions,636410.4141
2026-02-24,top_impressions,89457.35472
2026-02-24,avg_gross_order_revenue,181.25
2026-02-24,avg_discount,81.17
2026-02-24,avg_net_order_revenue,100.09
2026-02-24,discount_pct_of_revenue,0.45
2026-02-23,market_impressions,651589.074
2026-02-23,top_impressions,87694.32682
2026-02-23,avg_gross_order_revenue,184.30
2026-02-23,avg_discount,77.26
2026-02-23,avg_net_order_revenue,107.04
2026-02-23,discount_pct_of_revenue,0.42
2026-02-22,market_impressions,627117.9644
2026-02-22,top_impressions,84443.53975
2026-02-22,avg_gross_order_revenue,179.63
2026-02-22,avg_discount,80.02
2026-02-22,avg_net_order_revenue,99.62
2026-02-22,discount_pct_of_revenue,0.45
2026-02-21,market_impressions,552389.2712
2026-02-21,top_impressions,76789.02426
2026-02-21,avg_gross_order_revenue,182.60
2026-02-21,avg_discount,78.24
2026-02-21,avg_net_order_revenue,104.36
2026-02-21,discount_pct_of_revenue,0.43
2026-02-20,market_impressions,620621.5118
2026-02-20,top_impressions,85022.67968
2026-02-20,avg_gross_order_revenue,184.07
2026-02-20,avg_discount,78.86
2026-02-20,avg_net_order_revenue,105.21
2026-02-20,discount_pct_of_revenue,0.43
2026-02-19,market_impressions,691957.2315
2026-02-19,top_impressions,99591.12837
2026-02-19,avg_gross_order_revenue,186.40
2026-02-19,avg_discount,73.08
2026-02-19,avg_net_order_revenue,113.32
2026-02-19,discount_pct_of_revenue,0.39
2026-02-18,market_impressions,686670.0195
2026-02-18,top_impressions,97930.62453
2026-02-18,avg_gross_order_revenue,183.88
2026-02-18,avg_discount,76.83
2026-02-18,avg_net_order_revenue,107.05
2026-02-18,discount_pct_of_revenue,0.42
2026-02-17,market_impressions,684550.225
2026-02-17,top_impressions,94683.908
2026-02-17,avg_gross_order_revenue,187.01
2026-02-17,avg_discount,76.20
2026-02-17,avg_net_order_revenue,110.81
2026-02-17,discount_pct_of_revenue,0.41
2026-02-16,market_impressions,658531.5007
2026-02-16,top_impressions,93670.37605
2026-02-16,avg_gross_order_revenue,185.03
2026-02-16,avg_discount,76.13
2026-02-16,avg_net_order_revenue,108.90
2026-02-16,discount_pct_of_revenue,0.41
2026-02-15,market_impressions,681479.5796
2026-02-15,top_impressions,119097.6378
2026-02-15,avg_gross_order_revenue,182.35
2026-02-15,avg_discount,76.93
2026-02-15,avg_net_order_revenue,105.42
2026-02-15,discount_pct_of_revenue,0.42
2026-02-14,market_impressions,573390.3722
2026-02-14,top_impressions,114784.0168
2026-02-14,avg_gross_order_revenue,184.00
2026-02-14,avg_discount,77.16
2026-02-14,avg_net_order_revenue,106.84
2026-02-14,discount_pct_of_revenue,0.42
2026-02-13,market_impressions,598731.728
2026-02-13,top_impressions,108987.0056
2026-02-13,avg_gross_order_revenue,184.47
2026-02-13,avg_discount,76.81
2026-02-13,avg_net_order_revenue,107.67
2026-02-13,discount_pct_of_revenue,0.42
2026-02-12,market_impressions,671376.4365
2026-02-12,top_impressions,125873.9469
2026-02-12,avg_gross_order_revenue,181.91
2026-02-12,avg_discount,77.42
2026-02-12,avg_net_order_revenue,104.50
2026-02-12,discount_pct_of_revenue,0.43
2026-02-11,market_impressions,663625.8206
2026-02-11,top_impressions,118320.0656
2026-02-11,avg_gross_order_revenue,186.10
2026-02-11,avg_discount,75.73
2026-02-11,avg_net_order_revenue,110.37
2026-02-11,discount_pct_of_revenue,0.41
2026-02-10,market_impressions,676821.7582
2026-02-10,top_impressions,127500.9329
2026-02-10,avg_gross_order_revenue,187.55
2026-02-10,avg_discount,73.93
2026-02-10,avg_net_order_revenue,113.61
2026-02-10,discount_pct_of_revenue,0.39
2026-02-09,market_impressions,545387.543
2026-02-09,top_impressions,122074.6994
2026-02-09,avg_gross_order_revenue,181.68
2026-02-09,avg_discount,76.73
2026-02-09,avg_net_order_revenue,104.95
2026-02-09,discount_pct_of_revenue,0.42
2026-02-08,market_impressions,809881.7468
2026-02-08,top_impressions,203591.2306
2026-02-08,avg_gross_order_revenue,183.51
2026-02-08,avg_discount,75.74
2026-02-08,avg_net_order_revenue,107.77
2026-02-08,discount_pct_of_revenue,0.41
2026-02-07,market_impressions,693576.1164
2026-02-07,top_impressions,162435.074
2026-02-07,avg_gross_order_revenue,187.03
2026-02-07,avg_discount,75.69
2026-02-07,avg_net_order_revenue,111.34
2026-02-07,discount_pct_of_revenue,0.40
2026-02-06,market_impressions,686731.9543
2026-02-06,top_impressions,142744.6627
2026-02-06,avg_gross_order_revenue,185.62
2026-02-06,avg_discount,74.96
2026-02-06,avg_net_order_revenue,110.66
2026-02-06,discount_pct_of_revenue,0.40
2026-02-05,market_impressions,710537.0949
2026-02-05,top_impressions,146870.0971
2026-02-05,avg_gross_order_revenue,185.76
2026-02-05,avg_discount,72.51
2026-02-05,avg_net_order_revenue,113.25
2026-02-05,discount_pct_of_revenue,0.39
2026-02-04,market_impressions,737239.5436
2026-02-04,top_impressions,141257.8426
2026-02-04,avg_gross_order_revenue,185.24
2026-02-04,avg_discount,74.68
2026-02-04,avg_net_order_revenue,110.55
2026-02-04,discount_pct_of_revenue,0.40
2026-02-03,market_impressions,815399.2025
2026-02-03,top_impressions,155687.5249
2026-02-03,avg_gross_order_revenue,186.62
2026-02-03,avg_discount,72.14
2026-02-03,avg_net_order_revenue,114.48
2026-02-03,discount_pct_of_revenue,0.39
2026-02-02,market_impressions,739875.2038
2026-02-02,top_impressions,126254.8876
2026-02-02,avg_gross_order_revenue,186.20
2026-02-02,avg_discount,73.71
2026-02-02,avg_net_order_revenue,112.49
2026-02-02,discount_pct_of_revenue,0.40
2026-02-01,market_impressions,696942.0616
2026-02-01,top_impressions,124293.6166
2026-02-01,avg_gross_order_revenue,184.91
2026-02-01,avg_discount,71.46
2026-02-01,avg_net_order_revenue,113.45
2026-02-01,discount_pct_of_revenue,0.39
2026-01-31,market_impressions,593911.6896
2026-01-31,top_impressions,114981.8611
2026-01-31,avg_gross_order_revenue,184.55
2026-01-31,avg_discount,76.94
2026-01-31,avg_net_order_revenue,107.61
2026-01-31,discount_pct_of_revenue,0.42
2026-01-30,market_impressions,464270.6725
2026-01-30,top_impressions,101769.5433
2026-01-30,avg_gross_order_revenue,183.12
2026-01-30,avg_discount,75.69
2026-01-30,avg_net_order_revenue,107.43
2026-01-30,discount_pct_of_revenue,0.41
2026-01-29,market_impressions,473822.3668
2026-01-29,top_impressions,98986.45188
2026-01-29,avg_gross_order_revenue,183.84
2026-01-29,avg_discount,73.72
2026-01-29,avg_net_order_revenue,110.12
2026-01-29,discount_pct_of_revenue,0.40
2026-01-28,market_impressions,488694.4744
2026-01-28,top_impressions,96051.25417
2026-01-28,avg_gross_order_revenue,185.77
2026-01-28,avg_discount,73.74
2026-01-28,avg_net_order_revenue,112.03
2026-01-28,discount_pct_of_revenue,0.40
2026-01-27,market_impressions,470944.424
2026-01-27,top_impressions,96706.97265
2026-01-27,avg_gross_order_revenue,184.11
2026-01-27,avg_discount,75.35
2026-01-27,avg_net_order_revenue,108.75
2026-01-27,discount_pct_of_revenue,0.41
2026-01-26,market_impressions,512678.7417
2026-01-26,top_impressions,105295.4814
2026-01-26,avg_gross_order_revenue,182.34
2026-01-26,avg_discount,75.79
2026-01-26,avg_net_order_revenue,106.55
2026-01-26,discount_pct_of_revenue,0.42
2026-01-25,market_impressions,512799.0077
2026-01-25,top_impressions,100979.4324
2026-01-25,avg_gross_order_revenue,180.16
2026-01-25,avg_discount,77.52
2026-01-25,avg_net_order_revenue,102.64
2026-01-25,discount_pct_of_revenue,0.43
2026-01-24,market_impressions,529110.1742
2026-01-24,top_impressions,110683.8791
2026-01-24,avg_gross_order_revenue,183.04
2026-01-24,avg_discount,75.95
2026-01-24,avg_net_order_revenue,107.09
2026-01-24,discount_pct_of_revenue,0.41
2026-01-23,market_impressions,570163.4662
2026-01-23,top_impressions,114499.661
2026-01-23,avg_gross_order_revenue,183.49
2026-01-23,avg_discount,76.13
2026-01-23,avg_net_order_revenue,107.36
2026-01-23,discount_pct_of_revenue,0.41
2026-01-22,market_impressions,568584.8131
2026-01-22,top_impressions,113307.7049
2026-01-22,avg_gross_order_revenue,183.85
2026-01-22,avg_discount,74.37
2026-01-22,avg_net_order_revenue,109.48
2026-01-22,discount_pct_of_revenue,0.40
2026-01-21,market_impressions,559573.2235
2026-01-21,top_impressions,112958.5278
2026-01-21,avg_gross_order_revenue,181.59
2026-01-21,avg_discount,78.80
2026-01-21,avg_net_order_revenue,102.79
2026-01-21,discount_pct_of_revenue,0.43
2026-01-20,market_impressions,506014.6224
2026-01-20,top_impressions,117441.0612
2026-01-20,avg_gross_order_revenue,184.03
2026-01-20,avg_discount,78.12
2026-01-20,avg_net_order_revenue,105.91
2026-01-20,discount_pct_of_revenue,0.42
2026-01-19,market_impressions,527135.7877
2026-01-19,top_impressions,113993.0972
2026-01-19,avg_gross_order_revenue,182.08
2026-01-19,avg_discount,78.18
2026-01-19,avg_net_order_revenue,103.91
2026-01-19,discount_pct_of_revenue,0.43
2026-01-18,market_impressions,443161.9022
2026-01-18,top_impressions,98652.08256
2026-01-18,avg_gross_order_revenue,180.55
2026-01-18,avg_discount,77.30
2026-01-18,avg_net_order_revenue,103.25
2026-01-18,discount_pct_of_revenue,0.43
2026-01-17,market_impressions,411304.7174
2026-01-17,top_impressions,100764.6728
2026-01-17,avg_gross_order_revenue,181.38
2026-01-17,avg_discount,76.78
2026-01-17,avg_net_order_revenue,104.59
2026-01-17,discount_pct_of_revenue,0.42
2026-01-16,market_impressions,429507.7893
2026-01-16,top_impressions,102383.9115
2026-01-16,avg_gross_order_revenue,182.98
2026-01-16,avg_discount,76.65
2026-01-16,avg_net_order_revenue,106.33
2026-01-16,discount_pct_of_revenue,0.42
2026-01-15,market_impressions,491625.8455
2026-01-15,top_impressions,105150.2762
2026-01-15,avg_gross_order_revenue,181.20
2026-01-15,avg_discount,74.43
2026-01-15,avg_net_order_revenue,106.78
2026-01-15,discount_pct_of_revenue,0.41
2026-01-14,market_impressions,509550.6754
2026-01-14,top_impressions,113064.8158
2026-01-14,avg_gross_order_revenue,179.80
2026-01-14,avg_discount,76.94
2026-01-14,avg_net_order_revenue,102.86
2026-01-14,discount_pct_of_revenue,0.43
2026-01-13,market_impressions,797122.6351
2026-01-13,top_impressions,203618.3524
2026-01-13,avg_gross_order_revenue,184.74
2026-01-13,avg_discount,72.89
2026-01-13,avg_net_order_revenue,111.85
2026-01-13,discount_pct_of_revenue,0.39
2026-01-12,market_impressions,753037.0937
2026-01-12,top_impressions,180054.8652
2026-01-12,avg_gross_order_revenue,182.33
2026-01-12,avg_discount,76.87
2026-01-12,avg_net_order_revenue,105.46
2026-01-12,discount_pct_of_revenue,0.42
2026-01-11,market_impressions,719393.6124
2026-01-11,top_impressions,167911.068
2026-01-11,avg_gross_order_revenue,181.16
2026-01-11,avg_discount,74.10
2026-01-11,avg_net_order_revenue,107.07
2026-01-11,discount_pct_of_revenue,0.41
2026-01-10,market_impressions,654327.6459
2026-01-10,top_impressions,157347.0795
2026-01-10,avg_gross_order_revenue,181.02
2026-01-10,avg_discount,76.68
2026-01-10,avg_net_order_revenue,104.34
2026-01-10,discount_pct_of_revenue,0.42
2026-01-09,market_impressions,732410.8989
2026-01-09,top_impressions,184458.2926
2026-01-09,avg_gross_order_revenue,182.02
2026-01-09,avg_discount,74.73
2026-01-09,avg_net_order_revenue,107.30
2026-01-09,discount_pct_of_revenue,0.41
2026-01-08,market_impressions,863166.5019
2026-01-08,top_impressions,230760.634
2026-01-08,avg_gross_order_revenue,179.37
2026-01-08,avg_discount,73.98
2026-01-08,avg_net_order_revenue,105.39
2026-01-08,discount_pct_of_revenue,0.41
2026-01-07,market_impressions,731120.896
2026-01-07,top_impressions,216228.4595
2026-01-07,avg_gross_order_revenue,181.94
2026-01-07,avg_discount,73.81
2026-01-07,avg_net_order_revenue,108.14
2026-01-07,discount_pct_of_revenue,0.41
2026-01-06,market_impressions,830285.1145
2026-01-06,top_impressions,263585.2181
2026-01-06,avg_gross_order_revenue,181.69
2026-01-06,avg_discount,72.81
2026-01-06,avg_net_order_revenue,108.88
2026-01-06,discount_pct_of_revenue,0.40
2026-01-05,market_impressions,606134.4709
2026-01-05,top_impressions,209867.8595
2026-01-05,avg_gross_order_revenue,178.70
2026-01-05,avg_discount,75.51
2026-01-05,avg_net_order_revenue,103.20
2026-01-05,discount_pct_of_revenue,0.42
2026-01-04,market_impressions,514624.6257
2026-01-04,top_impressions,178962.8938
2026-01-04,avg_gross_order_revenue,181.29
2026-01-04,avg_discount,76.69
2026-01-04,avg_net_order_revenue,104.60
2026-01-04,discount_pct_of_revenue,0.42
2026-01-03,market_impressions,478946.7414
2026-01-03,top_impressions,175915.8838
2026-01-03,avg_gross_order_revenue,179.59
2026-01-03,avg_discount,75.13
2026-01-03,avg_net_order_revenue,104.46
2026-01-03,discount_pct_of_revenue,0.42
2026-01-02,market_impressions,576647.6985
2026-01-02,top_impressions,206207.2642
2026-01-02,avg_gross_order_revenue,182.68
2026-01-02,avg_discount,71.69
2026-01-02,avg_net_order_revenue,111.00
2026-01-02,discount_pct_of_revenue,0.39
2026-01-01,market_impressions,519626.0217
2026-01-01,top_impressions,172482.739
2026-01-01,avg_gross_order_revenue,179.77
2026-01-01,avg_discount,74.00
2026-01-01,avg_net_order_revenue,105.77
2026-01-01,discount_pct_of_revenue,0.41
2025-12-31,market_impressions,442432.3975
2025-12-31,top_impressions,156191.7252
2025-12-31,avg_gross_order_revenue,180.50
2025-12-31,avg_discount,73.84
2025-12-31,avg_net_order_revenue,106.66
2025-12-31,discount_pct_of_revenue,0.41
2025-12-30,market_impressions,498163.8385
2025-12-30,top_impressions,153708.8076
2025-12-30,avg_gross_order_revenue,181.11
2025-12-30,avg_discount,74.65
2025-12-30,avg_net_order_revenue,106.46
2025-12-30,discount_pct_of_revenue,0.41
2025-12-29,market_impressions,481325.8036
2025-12-29,top_impressions,151937.6516
2025-12-29,avg_gross_order_revenue,179.89
2025-12-29,avg_discount,73.60
2025-12-29,avg_net_order_revenue,106.29
2025-12-29,discount_pct_of_revenue,0.41
2025-12-28,market_impressions,638476.1439
2025-12-28,top_impressions,185453.525
2025-12-28,avg_gross_order_revenue,179.50
2025-12-28,avg_discount,72.57
2025-12-28,avg_net_order_revenue,106.93
2025-12-28,discount_pct_of_revenue,0.40
2025-12-27,market_impressions,543968.9558
2025-12-27,top_impressions,157974.7858
2025-12-27,avg_gross_order_revenue,181.26
2025-12-27,avg_discount,73.92
2025-12-27,avg_net_order_revenue,107.33
2025-12-27,discount_pct_of_revenue,0.41
2025-12-26,market_impressions,416787.8668
2025-12-26,top_impressions,116529.1547
2025-12-26,avg_gross_order_revenue,181.44
2025-12-26,avg_discount,71.60
2025-12-26,avg_net_order_revenue,109.84
2025-12-26,discount_pct_of_revenue,0.39
2025-12-25,market_impressions,214243.0665
2025-12-25,top_impressions,59453.2203
2025-12-25,avg_gross_order_revenue,184.14
2025-12-25,avg_discount,66.57
2025-12-25,avg_net_order_revenue,117.57
2025-12-25,discount_pct_of_revenue,0.36
2025-12-24,market_impressions,231348.7678
2025-12-24,top_impressions,61650.38863
2025-12-24,avg_gross_order_revenue,191.02
2025-12-24,avg_discount,62.56
2025-12-24,avg_net_order_revenue,128.46
2025-12-24,discount_pct_of_revenue,0.33
2025-12-23,market_impressions,257949.8439
2025-12-23,top_impressions,63940.27507
2025-12-23,avg_gross_order_revenue,189.62
2025-12-23,avg_discount,65.86
2025-12-23,avg_net_order_revenue,123.76
2025-12-23,discount_pct_of_revenue,0.35
2025-12-22,market_impressions,283702.9066
2025-12-22,top_impressions,79136.98013
2025-12-22,avg_gross_order_revenue,187.76
2025-12-22,avg_discount,66.11
2025-12-22,avg_net_order_revenue,121.66
2025-12-22,discount_pct_of_revenue,0.35
2025-12-21,market_impressions,331978.9268
2025-12-21,top_impressions,96347.82685
2025-12-21,avg_gross_order_revenue,184.03
2025-12-21,avg_discount,67.54
2025-12-21,avg_net_order_revenue,116.48
2025-12-21,discount_pct_of_revenue,0.37
2025-12-20,market_impressions,268782.8426
2025-12-20,top_impressions,70584.01732
2025-12-20,avg_gross_order_revenue,187.76
2025-12-20,avg_discount,65.09
2025-12-20,avg_net_order_revenue,122.67
2025-12-20,discount_pct_of_revenue,0.35
2025-12-19,market_impressions,230940.1418
2025-12-19,top_impressions,60596.78433
2025-12-19,avg_gross_order_revenue,185.80
2025-12-19,avg_discount,67.65
2025-12-19,avg_net_order_revenue,118.15
2025-12-19,discount_pct_of_revenue,0.36
2025-12-18,market_impressions,277472.6502
2025-12-18,top_impressions,80268.5633
2025-12-18,avg_gross_order_revenue,190.87
2025-12-18,avg_discount,64.06
2025-12-18,avg_net_order_revenue,126.81
2025-12-18,discount_pct_of_revenue,0.34
2025-12-17,market_impressions,316268.113
2025-12-17,top_impressions,93951.07738
2025-12-17,avg_gross_order_revenue,184.81
2025-12-17,avg_discount,68.08
2025-12-17,avg_net_order_revenue,116.73
2025-12-17,discount_pct_of_revenue,0.37
2025-12-16,market_impressions,342855.159
2025-12-16,top_impressions,95589.06124
2025-12-16,avg_gross_order_revenue,180.73
2025-12-16,avg_discount,65.88
2025-12-16,avg_net_order_revenue,114.85
2025-12-16,discount_pct_of_revenue,0.36
2025-12-15,market_impressions,364602.4124
2025-12-15,top_impressions,88788.08226
2025-12-15,avg_gross_order_revenue,184.29
2025-12-15,avg_discount,64.50
2025-12-15,avg_net_order_revenue,119.79
2025-12-15,discount_pct_of_revenue,0.35
2025-12-14,market_impressions,334654.694
2025-12-14,top_impressions,77687.48237
2025-12-14,avg_gross_order_revenue,183.86
2025-12-14,avg_discount,68.87
2025-12-14,avg_net_order_revenue,114.99
2025-12-14,discount_pct_of_revenue,0.37
2025-12-13,market_impressions,241425.637
2025-12-13,top_impressions,64212.58426
2025-12-13,avg_gross_order_revenue,195.91
2025-12-13,avg_discount,64.42
2025-12-13,avg_net_order_revenue,131.50
2025-12-13,discount_pct_of_revenue,0.33
2025-12-12,market_impressions,276307.2235
2025-12-12,top_impressions,73695.6527
2025-12-12,avg_gross_order_revenue,189.08
2025-12-12,avg_discount,67.22
2025-12-12,avg_net_order_revenue,121.86
2025-12-12,discount_pct_of_revenue,0.36
2025-12-11,market_impressions,327343.2848
2025-12-11,top_impressions,80476.13121
2025-12-11,avg_gross_order_revenue,187.14
2025-12-11,avg_discount,64.63
2025-12-11,avg_net_order_revenue,122.52
2025-12-11,discount_pct_of_revenue,0.35
2025-12-10,market_impressions,365444.9945
2025-12-10,top_impressions,98172.35627
2025-12-10,avg_gross_order_revenue,184.19
2025-12-10,avg_discount,60.90
2025-12-10,avg_net_order_revenue,123.30
2025-12-10,discount_pct_of_revenue,0.33
2025-12-09,market_impressions,355380.9753
2025-12-09,top_impressions,98065.2472
2025-12-09,avg_gross_order_revenue,184.16
2025-12-09,avg_discount,62.27
2025-12-09,avg_net_order_revenue,121.89
2025-12-09,discount_pct_of_revenue,0.34
2025-12-08,market_impressions,286559.4877
2025-12-08,top_impressions,72892.96832
2025-12-08,avg_gross_order_revenue,185.04
2025-12-08,avg_discount,63.16
2025-12-08,avg_net_order_revenue,121.88
2025-12-08,discount_pct_of_revenue,0.34
2025-12-07,market_impressions,273718.811
2025-12-07,top_impressions,70913.26998
2025-12-07,avg_gross_order_revenue,182.41
2025-12-07,avg_discount,67.53
2025-12-07,avg_net_order_revenue,114.89
2025-12-07,discount_pct_of_revenue,0.37
2025-12-06,market_impressions,315610.4071
2025-12-06,top_impressions,97443.68286
2025-12-06,avg_gross_order_revenue,185.11
2025-12-06,avg_discount,65.43
2025-12-06,avg_net_order_revenue,119.68
2025-12-06,discount_pct_of_revenue,0.35
2025-12-05,market_impressions,343831.2741
2025-12-05,top_impressions,103755.7259
2025-12-05,avg_gross_order_revenue,188.58
2025-12-05,avg_discount,58.77
2025-12-05,avg_net_order_revenue,129.81
2025-12-05,discount_pct_of_revenue,0.31
2025-12-04,market_impressions,319454.247
2025-12-04,top_impressions,81648.10861
2025-12-04,avg_gross_order_revenue,186.78
2025-12-04,avg_discount,62.09
2025-12-04,avg_net_order_revenue,124.69
2025-12-04,discount_pct_of_revenue,0.33
2025-12-03,market_impressions,304753.4566
2025-12-03,top_impressions,75104.84352
2025-12-03,avg_gross_order_revenue,187.63
2025-12-03,avg_discount,63.66
2025-12-03,avg_net_order_revenue,123.97
2025-12-03,discount_pct_of_revenue,0.34
2025-12-02,market_impressions,344298.785
2025-12-02,top_impressions,89022.8927
2025-12-02,avg_gross_order_revenue,186.32
2025-12-02,avg_discount,61.71
2025-12-02,avg_net_order_revenue,124.61
2025-12-02,discount_pct_of_revenue,0.33
2025-12-01,market_impressions,363564.3504
2025-12-01,top_impressions,84913.11152
2025-12-01,avg_gross_order_revenue,184.37
2025-12-01,avg_discount,63.15
2025-12-01,avg_net_order_revenue,121.22
2025-12-01,discount_pct_of_revenue,0.34
2025-11-30,market_impressions,297887.6188
2025-11-30,top_impressions,68999.94274
2025-11-30,avg_gross_order_revenue,185.40
2025-11-30,avg_discount,59.46
2025-11-30,avg_net_order_revenue,125.94
2025-11-30,discount_pct_of_revenue,0.32
2025-11-29,market_impressions,348233.01
2025-11-29,top_impressions,91528.36307
2025-11-29,avg_gross_order_revenue,184.31
2025-11-29,avg_discount,66.58
2025-11-29,avg_net_order_revenue,117.73
2025-11-29,discount_pct_of_revenue,0.36
2025-11-28,market_impressions,428173.5997
2025-11-28,top_impressions,113508.7007
2025-11-28,avg_gross_order_revenue,183.57
2025-11-28,avg_discount,64.95
2025-11-28,avg_net_order_revenue,118.62
2025-11-28,discount_pct_of_revenue,0.35
2025-11-27,market_impressions,438198.8221
2025-11-27,top_impressions,107338.7153
2025-11-27,avg_gross_order_revenue,185.56
2025-11-27,avg_discount,67.55
2025-11-27,avg_net_order_revenue,118.00
2025-11-27,discount_pct_of_revenue,0.36
2025-11-26,market_impressions,445881.7808
2025-11-26,top_impressions,98297.57968
2025-11-26,avg_gross_order_revenue,183.80
2025-11-26,avg_discount,65.17
2025-11-26,avg_net_order_revenue,118.63
2025-11-26,discount_pct_of_revenue,0.35
2025-11-25,market_impressions,426890.9529
2025-11-25,top_impressions,97694.40384
2025-11-25,avg_gross_order_revenue,184.08
2025-11-25,avg_discount,64.45
2025-11-25,avg_net_order_revenue,119.63
2025-11-25,discount_pct_of_revenue,0.35
2025-11-24,market_impressions,304132.6418
2025-11-24,top_impressions,57136.99216
2025-11-24,avg_gross_order_revenue,187.31
2025-11-24,avg_discount,64.74
2025-11-24,avg_net_order_revenue,122.57
2025-11-24,discount_pct_of_revenue,0.35
2025-11-23,market_impressions,294349.1316
2025-11-23,top_impressions,61552.54345
2025-11-23,avg_gross_order_revenue,183.64
2025-11-23,avg_discount,64.23
2025-11-23,avg_net_order_revenue,119.41
2025-11-23,discount_pct_of_revenue,0.35
2025-11-22,market_impressions,225229.9741
2025-11-22,top_impressions,46268.97552
2025-11-22,avg_gross_order_revenue,189.49
2025-11-22,avg_discount,64.83
2025-11-22,avg_net_order_revenue,124.66
2025-11-22,discount_pct_of_revenue,0.34
2025-11-21,market_impressions,292667.7379
2025-11-21,top_impressions,61546.53888
2025-11-21,avg_gross_order_revenue,192.50
2025-11-21,avg_discount,63.87
2025-11-21,avg_net_order_revenue,128.64
2025-11-21,discount_pct_of_revenue,0.33
2025-11-20,market_impressions,317799.7696
2025-11-20,top_impressions,63319.64926
2025-11-20,avg_gross_order_revenue,189.49
2025-11-20,avg_discount,63.33
2025-11-20,avg_net_order_revenue,126.16
2025-11-20,discount_pct_of_revenue,0.33
2025-11-19,market_impressions,317393.8138
2025-11-19,top_impressions,63847.95987
2025-11-19,avg_gross_order_revenue,186.20
2025-11-19,avg_discount,66.21
2025-11-19,avg_net_order_revenue,119.99
2025-11-19,discount_pct_of_revenue,0.36
2025-11-18,market_impressions,334628.0158
2025-11-18,top_impressions,68326.43304
2025-11-18,avg_gross_order_revenue,182.42
2025-11-18,avg_discount,67.25
2025-11-18,avg_net_order_revenue,115.17
2025-11-18,discount_pct_of_revenue,0.37
2025-11-17,market_impressions,340755.3211
2025-11-17,top_impressions,74828.65384
2025-11-17,avg_gross_order_revenue,186.53
2025-11-17,avg_discount,65.59
2025-11-17,avg_net_order_revenue,120.95
2025-11-17,discount_pct_of_revenue,0.35
2025-11-16,market_impressions,328446.5098
2025-11-16,top_impressions,74900.77808
2025-11-16,avg_gross_order_revenue,182.63
2025-11-16,avg_discount,63.67
2025-11-16,avg_net_order_revenue,118.96
2025-11-16,discount_pct_of_revenue,0.35
2025-11-15,market_impressions,317437.7662
2025-11-15,top_impressions,72542.69972
2025-11-15,avg_gross_order_revenue,184.72
2025-11-15,avg_discount,67.17
2025-11-15,avg_net_order_revenue,117.55
2025-11-15,discount_pct_of_revenue,0.36
2025-11-14,market_impressions,336535.4927
2025-11-14,top_impressions,66422.07941
2025-11-14,avg_gross_order_revenue,188.45
2025-11-14,avg_discount,64.59
2025-11-14,avg_net_order_revenue,123.86
2025-11-14,discount_pct_of_revenue,0.34
2025-11-13,market_impressions,342727.813
2025-11-13,top_impressions,67547.17893
2025-11-13,avg_gross_order_revenue,185.41
2025-11-13,avg_discount,67.74
2025-11-13,avg_net_order_revenue,117.68
2025-11-13,discount_pct_of_revenue,0.37
2025-11-12,market_impressions,323346.2293
2025-11-12,top_impressions,66742.4267
2025-11-12,avg_gross_order_revenue,185.91
2025-11-12,avg_discount,68.61
2025-11-12,avg_net_order_revenue,117.31
2025-11-12,discount_pct_of_revenue,0.37
2025-11-11,market_impressions,379294.272
2025-11-11,top_impressions,72257.15092
2025-11-11,avg_gross_order_revenue,182.75
2025-11-11,avg_discount,69.08
2025-11-11,avg_net_order_revenue,113.68
2025-11-11,discount_pct_of_revenue,0.38
2025-11-10,market_impressions,510051.3539
2025-11-10,top_impressions,140784.2834
2025-11-10,avg_gross_order_revenue,184.32
2025-11-10,avg_discount,68.03
2025-11-10,avg_net_order_revenue,116.29
2025-11-10,discount_pct_of_revenue,0.37
2025-11-09,market_impressions,473073.7422
2025-11-09,top_impressions,133843.1133
2025-11-09,avg_gross_order_revenue,184.56
2025-11-09,avg_discount,68.66
2025-11-09,avg_net_order_revenue,115.90
2025-11-09,discount_pct_of_revenue,0.37
2025-11-08,market_impressions,426092.9933
2025-11-08,top_impressions,128043.8661
2025-11-08,avg_gross_order_revenue,183.50
2025-11-08,avg_discount,66.92
2025-11-08,avg_net_order_revenue,116.57
2025-11-08,discount_pct_of_revenue,0.36
2025-11-07,market_impressions,358192.3063
2025-11-07,top_impressions,108914.8297
2025-11-07,avg_gross_order_revenue,184.18
2025-11-07,avg_discount,67.70
2025-11-07,avg_net_order_revenue,116.48
2025-11-07,discount_pct_of_revenue,0.37
2025-11-06,market_impressions,345841.9082
2025-11-06,top_impressions,96225.29962
2025-11-06,avg_gross_order_revenue,185.62
2025-11-06,avg_discount,68.10
2025-11-06,avg_net_order_revenue,117.53
2025-11-06,discount_pct_of_revenue,0.37
2025-11-05,market_impressions,535394.5356
2025-11-05,top_impressions,125348.9269
2025-11-05,avg_gross_order_revenue,188.54
2025-11-05,avg_discount,65.38
2025-11-05,avg_net_order_revenue,123.16
2025-11-05,discount_pct_of_revenue,0.35
2025-11-04,market_impressions,462579.6534
2025-11-04,top_impressions,141316.4379
2025-11-04,avg_gross_order_revenue,187.43
2025-11-04,avg_discount,60.44
2025-11-04,avg_net_order_revenue,126.99
2025-11-04,discount_pct_of_revenue,0.32
2025-11-03,market_impressions,479944.2324
2025-11-03,top_impressions,139006.3885
2025-11-03,avg_gross_order_revenue,187.57
2025-11-03,avg_discount,59.04
2025-11-03,avg_net_order_revenue,128.53
2025-11-03,discount_pct_of_revenue,0.31
2025-11-02,market_impressions,447185.8808
2025-11-02,top_impressions,142901.2297
2025-11-02,avg_gross_order_revenue,185.57
2025-11-02,avg_discount,58.75
2025-11-02,avg_net_order_revenue,126.82
2025-11-02,discount_pct_of_revenue,0.32
2025-11-01,market_impressions,548894.7328
2025-11-01,top_impressions,181668.9477
2025-11-01,avg_gross_order_revenue,185.60
2025-11-01,avg_discount,66.12
2025-11-01,avg_net_order_revenue,119.48
2025-11-01,discount_pct_of_revenue,0.36
2025-10-31,market_impressions,530045.7791
2025-10-31,top_impressions,184356.7161
2025-10-31,avg_gross_order_revenue,186.16
2025-10-31,avg_discount,67.52
2025-10-31,avg_net_order_revenue,118.64
2025-10-31,discount_pct_of_revenue,0.36
2025-10-30,market_impressions,576244.3228
2025-10-30,top_impressions,194142.3207
2025-10-30,avg_gross_order_revenue,189.85
2025-10-30,avg_discount,65.93
2025-10-30,avg_net_order_revenue,123.92
2025-10-30,discount_pct_of_revenue,0.35
2025-10-29,market_impressions,613012.4035
2025-10-29,top_impressions,211396.5749
2025-10-29,avg_gross_order_revenue,187.19
2025-10-29,avg_discount,67.39
2025-10-29,avg_net_order_revenue,119.80
2025-10-29,discount_pct_of_revenue,0.36
2025-10-28,market_impressions,622693.0654
2025-10-28,top_impressions,206324.4558
2025-10-28,avg_gross_order_revenue,186.73
2025-10-28,avg_discount,67.13
2025-10-28,avg_net_order_revenue,119.60
2025-10-28,discount_pct_of_revenue,0.36
2025-10-27,market_impressions,638196.0881
2025-10-27,top_impressions,208131.0737
2025-10-27,avg_gross_order_revenue,186.46
2025-10-27,avg_discount,68.19
2025-10-27,avg_net_order_revenue,118.27
2025-10-27,discount_pct_of_revenue,0.37
2025-10-26,market_impressions,555423.7029
2025-10-26,top_impressions,171198.5112
2025-10-26,avg_gross_order_revenue,187.92
2025-10-26,avg_discount,66.74
2025-10-26,avg_net_order_revenue,121.18
2025-10-26,discount_pct_of_revenue,0.36
2025-10-25,market_impressions,476555.6329
2025-10-25,top_impressions,137761.4451
2025-10-25,avg_gross_order_revenue,186.19
2025-10-25,avg_discount,67.07
2025-10-25,avg_net_order_revenue,119.11
2025-10-25,discount_pct_of_revenue,0.36
2025-10-24,market_impressions,469990.018
2025-10-24,top_impressions,132106.579
2025-10-24,avg_gross_order_revenue,187.60
2025-10-24,avg_discount,66.61
2025-10-24,avg_net_order_revenue,120.99
2025-10-24,discount_pct_of_revenue,0.36
2025-10-23,market_impressions,453172.5385
2025-10-23,top_impressions,107871.9075
2025-10-23,avg_gross_order_revenue,190.41
2025-10-23,avg_discount,65.39
2025-10-23,avg_net_order_revenue,125.02
2025-10-23,discount_pct_of_revenue,0.34
2025-10-22,market_impressions,523744.9687
2025-10-22,top_impressions,135202.8294
2025-10-22,avg_gross_order_revenue,192.95
2025-10-22,avg_discount,62.80
2025-10-22,avg_net_order_revenue,130.16
2025-10-22,discount_pct_of_revenue,0.33
2025-10-21,market_impressions,589575.1837
2025-10-21,top_impressions,173001.187
2025-10-21,avg_gross_order_revenue,193.68
2025-10-21,avg_discount,62.27
2025-10-21,avg_net_order_revenue,131.41
2025-10-21,discount_pct_of_revenue,0.32
2025-10-20,market_impressions,594571.5146
2025-10-20,top_impressions,165087.7978
2025-10-20,avg_gross_order_revenue,189.76
2025-10-20,avg_discount,64.58
2025-10-20,avg_net_order_revenue,125.18
2025-10-20,discount_pct_of_revenue,0.34
2025-10-19,market_impressions,603479.2627
2025-10-19,top_impressions,171726.152
2025-10-19,avg_gross_order_revenue,190.38
2025-10-19,avg_discount,63.55
2025-10-19,avg_net_order_revenue,126.83
2025-10-19,discount_pct_of_revenue,0.33
2025-10-18,market_impressions,472076.7532
2025-10-18,top_impressions,122828.1307
2025-10-18,avg_gross_order_revenue,189.84
2025-10-18,avg_discount,63.51
2025-10-18,avg_net_order_revenue,126.33
2025-10-18,discount_pct_of_revenue,0.33
2025-10-17,market_impressions,449343.1174
2025-10-17,top_impressions,108082.9158
2025-10-17,avg_gross_order_revenue,188.49
2025-10-17,avg_discount,64.12
2025-10-17,avg_net_order_revenue,124.36
2025-10-17,discount_pct_of_revenue,0.34
2025-10-16,market_impressions,466635.7723
2025-10-16,top_impressions,112430.0381
2025-10-16,avg_gross_order_revenue,191.02
2025-10-16,avg_discount,65.27
2025-10-16,avg_net_order_revenue,125.75
2025-10-16,discount_pct_of_revenue,0.34
2025-10-15,market_impressions,537563.0485
2025-10-15,top_impressions,139968.1334
2025-10-15,avg_gross_order_revenue,193.16
2025-10-15,avg_discount,64.40
2025-10-15,avg_net_order_revenue,128.76
2025-10-15,discount_pct_of_revenue,0.33
2025-10-14,market_impressions,660134.4272
2025-10-14,top_impressions,197829.5963
2025-10-14,avg_gross_order_revenue,193.95
2025-10-14,avg_discount,62.88
2025-10-14,avg_net_order_revenue,131.06
2025-10-14,discount_pct_of_revenue,0.32
2025-10-13,market_impressions,779060.32
2025-10-13,top_impressions,234489.542
2025-10-13,avg_gross_order_revenue,200.63
2025-10-13,avg_discount,63.18
2025-10-13,avg_net_order_revenue,137.46
2025-10-13,discount_pct_of_revenue,0.31
2025-10-12,market_impressions,640576.2538
2025-10-12,top_impressions,154270.7494
2025-10-12,avg_gross_order_revenue,188.69
2025-10-12,avg_discount,65.73
2025-10-12,avg_net_order_revenue,122.96
2025-10-12,discount_pct_of_revenue,0.35
2025-10-11,market_impressions,583444.6708
2025-10-11,top_impressions,163151.9166
2025-10-11,avg_gross_order_revenue,191.10
2025-10-11,avg_discount,63.76
2025-10-11,avg_net_order_revenue,127.34
2025-10-11,discount_pct_of_revenue,0.33
2025-10-10,market_impressions,550634.6893
2025-10-10,top_impressions,147020.4666
2025-10-10,avg_gross_order_revenue,193.45
2025-10-10,avg_discount,67.21
2025-10-10,avg_net_order_revenue,126.24
2025-10-10,discount_pct_of_revenue,0.35
2025-10-09,market_impressions,639276.3294
2025-10-09,top_impressions,174516.6289
2025-10-09,avg_gross_order_revenue,193.58
2025-10-09,avg_discount,63.52
2025-10-09,avg_net_order_revenue,130.06
2025-10-09,discount_pct_of_revenue,0.33
2025-10-08,market_impressions,580550.9666
2025-10-08,top_impressions,153718.0648
2025-10-08,avg_gross_order_revenue,200.78
2025-10-08,avg_discount,64.32
2025-10-08,avg_net_order_revenue,136.45
2025-10-08,discount_pct_of_revenue,0.32
2025-10-07,market_impressions,729153.3321
2025-10-07,top_impressions,184790.6823
2025-10-07,avg_gross_order_revenue,197.95
2025-10-07,avg_discount,64.85
2025-10-07,avg_net_order_revenue,133.10
2025-10-07,discount_pct_of_revenue,0.33
2025-10-06,market_impressions,722474.2458
2025-10-06,top_impressions,171584.1066
2025-10-06,avg_gross_order_revenue,212.16
2025-10-06,avg_discount,74.19
2025-10-06,avg_net_order_revenue,137.97
2025-10-06,discount_pct_of_revenue,0.35
2025-10-05,market_impressions,513955.244
2025-10-05,top_impressions,137785.818
2025-10-05,avg_gross_order_revenue,222.88
2025-10-05,avg_discount,83.38
2025-10-05,avg_net_order_revenue,139.50
2025-10-05,discount_pct_of_revenue,0.37
2025-10-04,market_impressions,606640.5498
2025-10-04,top_impressions,173103.2094
2025-10-04,avg_gross_order_revenue,214.07
2025-10-04,avg_discount,83.34
2025-10-04,avg_net_order_revenue,130.74
2025-10-04,discount_pct_of_revenue,0.39
2025-10-03,market_impressions,615604.0145
2025-10-03,top_impressions,170332.4578
2025-10-03,avg_gross_order_revenue,212.88
2025-10-03,avg_discount,80.12
2025-10-03,avg_net_order_revenue,132.76
2025-10-03,discount_pct_of_revenue,0.38
2025-10-02,market_impressions,579320.8255
2025-10-02,top_impressions,171492.7114
2025-10-02,avg_gross_order_revenue,192.03
2025-10-02,avg_discount,71.47
2025-10-02,avg_net_order_revenue,120.56
2025-10-02,discount_pct_of_revenue,0.37
2025-10-01,market_impressions,648806.5537
2025-10-01,top_impressions,183622.5459
2025-10-01,avg_gross_order_revenue,187.58
2025-10-01,avg_discount,65.35
2025-10-01,avg_net_order_revenue,122.23
2025-10-01,discount_pct_of_revenue,0.35
2025-09-30,market_impressions,604777.91
2025-09-30,top_impressions,146742.6276
2025-09-30,avg_gross_order_revenue,189.19
2025-09-30,avg_discount,67.80
2025-09-30,avg_net_order_revenue,121.39
2025-09-30,discount_pct_of_revenue,0.36
2025-09-29,market_impressions,706106.9508
2025-09-29,top_impressions,213589.2004
2025-09-29,avg_gross_order_revenue,188.00
2025-09-29,avg_discount,64.27
2025-09-29,avg_net_order_revenue,123.73
2025-09-29,discount_pct_of_revenue,0.34
2025-09-28,market_impressions,603911.0786
2025-09-28,top_impressions,172214.1935
2025-09-28,avg_gross_order_revenue,189.89
2025-09-28,avg_discount,65.78
2025-09-28,avg_net_order_revenue,124.11
2025-09-28,discount_pct_of_revenue,0.35
2025-09-27,market_impressions,530098.898
2025-09-27,top_impressions,150792.043
2025-09-27,avg_gross_order_revenue,186.39
2025-09-27,avg_discount,66.74
2025-09-27,avg_net_order_revenue,119.65
2025-09-27,discount_pct_of_revenue,0.36
2025-09-26,market_impressions,497716.9098
2025-09-26,top_impressions,118605.3049
2025-09-26,avg_gross_order_revenue,189.01
2025-09-26,avg_discount,67.37
2025-09-26,avg_net_order_revenue,121.64
2025-09-26,discount_pct_of_revenue,0.36
2025-09-25,market_impressions,560874.1205
2025-09-25,top_impressions,136447.3757
2025-09-25,avg_gross_order_revenue,187.07
2025-09-25,avg_discount,66.54
2025-09-25,avg_net_order_revenue,120.53
2025-09-25,discount_pct_of_revenue,0.36
2025-09-24,market_impressions,595437.9238
2025-09-24,top_impressions,171135.5262
2025-09-24,avg_gross_order_revenue,186.80
2025-09-24,avg_discount,65.97
2025-09-24,avg_net_order_revenue,120.83
2025-09-24,discount_pct_of_revenue,0.35
2025-09-23,market_impressions,707599.6242
2025-09-23,top_impressions,161916.7479
2025-09-23,avg_gross_order_revenue,185.34
2025-09-23,avg_discount,66.22
2025-09-23,avg_net_order_revenue,119.11
2025-09-23,discount_pct_of_revenue,0.36
2025-09-22,market_impressions,538567.0995
2025-09-22,top_impressions,149617.4425
2025-09-22,avg_gross_order_revenue,188.30
2025-09-22,avg_discount,65.10
2025-09-22,avg_net_order_revenue,123.20
2025-09-22,discount_pct_of_revenue,0.35
2025-09-21,market_impressions,502405.5311
2025-09-21,top_impressions,128179.9297
2025-09-21,avg_gross_order_revenue,187.43
2025-09-21,avg_discount,64.57
2025-09-21,avg_net_order_revenue,122.86
2025-09-21,discount_pct_of_revenue,0.34
2025-09-20,market_impressions,490557.2627
2025-09-20,top_impressions,121643.1416
2025-09-20,avg_gross_order_revenue,188.89
2025-09-20,avg_discount,68.10
2025-09-20,avg_net_order_revenue,120.79
2025-09-20,discount_pct_of_revenue,0.36
2025-09-19,market_impressions,515919.1269
2025-09-19,top_impressions,116861.9427
2025-09-19,avg_gross_order_revenue,190.49
2025-09-19,avg_discount,66.56
2025-09-19,avg_net_order_revenue,123.93
2025-09-19,discount_pct_of_revenue,0.35
2025-09-18,market_impressions,564142.1746
2025-09-18,top_impressions,121473.0057
2025-09-18,avg_gross_order_revenue,188.70
2025-09-18,avg_discount,67.97
2025-09-18,avg_net_order_revenue,120.73
2025-09-18,discount_pct_of_revenue,0.36
2025-09-17,market_impressions,548113.9428
2025-09-17,top_impressions,110541.7675
2025-09-17,avg_gross_order_revenue,191.07
2025-09-17,avg_discount,65.82
2025-09-17,avg_net_order_revenue,125.25
2025-09-17,discount_pct_of_revenue,0.34
2025-09-16,market_impressions,553169.0815
2025-09-16,top_impressions,136487.2036
2025-09-16,avg_gross_order_revenue,188.73
2025-09-16,avg_discount,67.29
2025-09-16,avg_net_order_revenue,121.44
2025-09-16,discount_pct_of_revenue,0.36
2025-09-15,market_impressions,572828.0938
2025-09-15,top_impressions,136776.9747
2025-09-15,avg_gross_order_revenue,187.86
2025-09-15,avg_discount,66.17
2025-09-15,avg_net_order_revenue,121.68
2025-09-15,discount_pct_of_revenue,0.35
2025-09-14,market_impressions,505423.2564
2025-09-14,top_impressions,125508.5905
2025-09-14,avg_gross_order_revenue,188.19
2025-09-14,avg_discount,63.82
2025-09-14,avg_net_order_revenue,124.37
2025-09-14,discount_pct_of_revenue,0.34
2025-09-13,market_impressions,460441.3089
2025-09-13,top_impressions,109255.0992
2025-09-13,avg_gross_order_revenue,190.36
2025-09-13,avg_discount,66.62
2025-09-13,avg_net_order_revenue,123.74
2025-09-13,discount_pct_of_revenue,0.35
2025-09-12,market_impressions,439367.7771
2025-09-12,top_impressions,122250.7568
2025-09-12,avg_gross_order_revenue,190.98
2025-09-12,avg_discount,64.77
2025-09-12,avg_net_order_revenue,126.21
2025-09-12,discount_pct_of_revenue,0.34
2025-09-11,market_impressions,503530.379
2025-09-11,top_impressions,136253.5865
2025-09-11,avg_gross_order_revenue,191.06
2025-09-11,avg_discount,62.18
2025-09-11,avg_net_order_revenue,128.89
2025-09-11,discount_pct_of_revenue,0.33
2025-09-10,market_impressions,557224.576
2025-09-10,top_impressions,153511.6032
2025-09-10,avg_gross_order_revenue,193.65
2025-09-10,avg_discount,62.17
2025-09-10,avg_net_order_revenue,131.47
2025-09-10,discount_pct_of_revenue,0.32
2025-09-09,market_impressions,731052.3943
2025-09-09,top_impressions,215804.4402
2025-09-09,avg_gross_order_revenue,192.43
2025-09-09,avg_discount,59.69
2025-09-09,avg_net_order_revenue,132.74
2025-09-09,discount_pct_of_revenue,0.31
2025-09-08,market_impressions,591817.6141
2025-09-08,top_impressions,182361.8278
2025-09-08,avg_gross_order_revenue,198.80
2025-09-08,avg_discount,61.61
2025-09-08,avg_net_order_revenue,137.20
2025-09-08,discount_pct_of_revenue,0.31
2025-09-07,market_impressions,621822.1128
2025-09-07,top_impressions,193524.0045
2025-09-07,avg_gross_order_revenue,192.77
2025-09-07,avg_discount,61.76
2025-09-07,avg_net_order_revenue,131.01
2025-09-07,discount_pct_of_revenue,0.32
2025-09-06,market_impressions,666685.2982
2025-09-06,top_impressions,186015.2299
2025-09-06,avg_gross_order_revenue,195.38
2025-09-06,avg_discount,62.13
2025-09-06,avg_net_order_revenue,133.25
2025-09-06,discount_pct_of_revenue,0.32
2025-09-05,market_impressions,721310.4089
2025-09-05,top_impressions,201183.0684
2025-09-05,avg_gross_order_revenue,202.70
2025-09-05,avg_discount,64.35
2025-09-05,avg_net_order_revenue,138.36
2025-09-05,discount_pct_of_revenue,0.32
2025-09-04,market_impressions,608877.138
2025-09-04,top_impressions,153175.8664
2025-09-04,avg_gross_order_revenue,192.69
2025-09-04,avg_discount,61.85
2025-09-04,avg_net_order_revenue,130.85
2025-09-04,discount_pct_of_revenue,0.32
2025-09-03,market_impressions,529000.7923
2025-09-03,top_impressions,138186.7558
2025-09-03,avg_gross_order_revenue,191.21
2025-09-03,avg_discount,62.81
2025-09-03,avg_net_order_revenue,128.40
2025-09-03,discount_pct_of_revenue,0.33
2025-09-02,market_impressions,558980.0602
2025-09-02,top_impressions,139561.2717
2025-09-02,avg_gross_order_revenue,191.48
2025-09-02,avg_discount,61.88
2025-09-02,avg_net_order_revenue,129.60
2025-09-02,discount_pct_of_revenue,0.32
2025-09-01,market_impressions,610352.6038
2025-09-01,top_impressions,164748.1969
2025-09-01,avg_gross_order_revenue,211.08
2025-09-01,avg_discount,72.74
2025-09-01,avg_net_order_revenue,138.34
2025-09-01,discount_pct_of_revenue,0.34
2025-08-31,market_impressions,404972.5305
2025-08-31,top_impressions,87319.67072
2025-08-31,avg_gross_order_revenue,229.92
2025-08-31,avg_discount,81.78
2025-08-31,avg_net_order_revenue,148.15
2025-08-31,discount_pct_of_revenue,0.36
2025-08-30,market_impressions,390839.6873
2025-08-30,top_impressions,86986.60015
2025-08-30,avg_gross_order_revenue,239.21
2025-08-30,avg_discount,90.63
2025-08-30,avg_net_order_revenue,148.58
2025-08-30,discount_pct_of_revenue,0.38
2025-08-29,market_impressions,449336.5763
2025-08-29,top_impressions,90204.80017
2025-08-29,avg_gross_order_revenue,256.52
2025-08-29,avg_discount,103.77
2025-08-29,avg_net_order_revenue,152.76
2025-08-29,discount_pct_of_revenue,0.40
2025-08-28,market_impressions,620621.8992
2025-08-28,top_impressions,161767.2038
2025-08-28,avg_gross_order_revenue,241.08
2025-08-28,avg_discount,92.46
2025-08-28,avg_net_order_revenue,148.62
2025-08-28,discount_pct_of_revenue,0.38
2025-08-27,market_impressions,689323.9387
2025-08-27,top_impressions,129230.0893
2025-08-27,avg_gross_order_revenue,206.34
2025-08-27,avg_discount,59.79
2025-08-27,avg_net_order_revenue,146.55
2025-08-27,discount_pct_of_revenue,0.29
2025-08-26,market_impressions,892051.999
2025-08-26,top_impressions,239845.3902
2025-08-26,avg_gross_order_revenue,206.58
2025-08-26,avg_discount,58.30
2025-08-26,avg_net_order_revenue,148.28
2025-08-26,discount_pct_of_revenue,0.28
2025-08-25,market_impressions,1002614.211
2025-08-25,top_impressions,316805.7291
2025-08-25,avg_gross_order_revenue,207.30
2025-08-25,avg_discount,61.83
2025-08-25,avg_net_order_revenue,145.47
2025-08-25,discount_pct_of_revenue,0.30
2025-08-24,market_impressions,771367.0203
2025-08-24,top_impressions,265665.9087
2025-08-24,avg_gross_order_revenue,205.37
2025-08-24,avg_discount,63.88
2025-08-24,avg_net_order_revenue,141.49
2025-08-24,discount_pct_of_revenue,0.31
2025-08-23,market_impressions,893730.1397
2025-08-23,top_impressions,309822.9621
2025-08-23,avg_gross_order_revenue,198.73
2025-08-23,avg_discount,65.55
2025-08-23,avg_net_order_revenue,133.19
2025-08-23,discount_pct_of_revenue,0.33
2025-08-22,market_impressions,987649.6975
2025-08-22,top_impressions,317908.6639
2025-08-22,avg_gross_order_revenue,195.97
2025-08-22,avg_discount,67.57
2025-08-22,avg_net_order_revenue,128.40
2025-08-22,discount_pct_of_revenue,0.34
2025-08-21,market_impressions,878894.3521
2025-08-21,top_impressions,202548.8404
2025-08-21,avg_gross_order_revenue,190.70
2025-08-21,avg_discount,67.19
2025-08-21,avg_net_order_revenue,123.52
2025-08-21,discount_pct_of_revenue,0.35
2025-08-20,market_impressions,805479.8078
2025-08-20,top_impressions,145901.9819
2025-08-20,avg_gross_order_revenue,184.03
2025-08-20,avg_discount,68.10
2025-08-20,avg_net_order_revenue,115.93
2025-08-20,discount_pct_of_revenue,0.37
2025-08-19,market_impressions,764574.0358
2025-08-19,top_impressions,143846.099
2025-08-19,avg_gross_order_revenue,184.27
2025-08-19,avg_discount,67.29
2025-08-19,avg_net_order_revenue,116.97
2025-08-19,discount_pct_of_revenue,0.37
2025-08-18,market_impressions,752848.904
2025-08-18,top_impressions,136428.2731
2025-08-18,avg_gross_order_revenue,186.38
2025-08-18,avg_discount,65.29
2025-08-18,avg_net_order_revenue,121.09
2025-08-18,discount_pct_of_revenue,0.35
2025-08-17,market_impressions,677131.7254
2025-08-17,top_impressions,111870.7074
2025-08-17,avg_gross_order_revenue,181.12
2025-08-17,avg_discount,64.03
2025-08-17,avg_net_order_revenue,117.09
2025-08-17,discount_pct_of_revenue,0.35
2025-08-16,market_impressions,609742.7539
2025-08-16,top_impressions,120854.0101
2025-08-16,avg_gross_order_revenue,179.89
2025-08-16,avg_discount,65.14
2025-08-16,avg_net_order_revenue,114.75
2025-08-16,discount_pct_of_revenue,0.36
2025-08-15,market_impressions,825912.146
2025-08-15,top_impressions,140505.3777
2025-08-15,avg_gross_order_revenue,188.80
2025-08-15,avg_discount,73.24
2025-08-15,avg_net_order_revenue,115.56
2025-08-15,discount_pct_of_revenue,0.39
2025-08-14,market_impressions,1099413.424
2025-08-14,top_impressions,205443.4086
2025-08-14,avg_gross_order_revenue,191.04
2025-08-14,avg_discount,73.75
2025-08-14,avg_net_order_revenue,117.29
2025-08-14,discount_pct_of_revenue,0.39
2025-08-13,market_impressions,478900.155
2025-08-13,top_impressions,93707.02207
2025-08-13,avg_gross_order_revenue,190.69
2025-08-13,avg_discount,67.47
2025-08-13,avg_net_order_revenue,123.22
2025-08-13,discount_pct_of_revenue,0.35
2025-08-12,market_impressions,464398.3012
2025-08-12,top_impressions,91321.62172
2025-08-12,avg_gross_order_revenue,189.43
2025-08-12,avg_discount,76.31
2025-08-12,avg_net_order_revenue,113.12
2025-08-12,discount_pct_of_revenue,0.40
2025-08-11,market_impressions,482072.5711
2025-08-11,top_impressions,109292.0169
2025-08-11,avg_gross_order_revenue,189.78
2025-08-11,avg_discount,74.89
2025-08-11,avg_net_order_revenue,114.89
2025-08-11,discount_pct_of_revenue,0.39
2025-08-10,market_impressions,471515.3792
2025-08-10,top_impressions,116682.7779
2025-08-10,avg_gross_order_revenue,189.24
2025-08-10,avg_discount,76.49
2025-08-10,avg_net_order_revenue,112.74
2025-08-10,discount_pct_of_revenue,0.40
2025-08-09,market_impressions,412966.6271
2025-08-09,top_impressions,101339.1511
2025-08-09,avg_gross_order_revenue,192.23
2025-08-09,avg_discount,70.06
2025-08-09,avg_net_order_revenue,122.16
2025-08-09,discount_pct_of_revenue,0.36
2025-08-08,market_impressions,453928.0489
2025-08-08,top_impressions,105372.8396
2025-08-08,avg_gross_order_revenue,191.12
2025-08-08,avg_discount,70.03
2025-08-08,avg_net_order_revenue,121.10
2025-08-08,discount_pct_of_revenue,0.37
2025-08-07,market_impressions,512595.51
2025-08-07,top_impressions,87965.68532
2025-08-07,avg_gross_order_revenue,189.30
2025-08-07,avg_discount,69.63
2025-08-07,avg_net_order_revenue,119.67
2025-08-07,discount_pct_of_revenue,0.37
2025-08-06,market_impressions,412826.8505
2025-08-06,top_impressions,68367.57816
2025-08-06,avg_gross_order_revenue,190.56
2025-08-06,avg_discount,67.30
2025-08-06,avg_net_order_revenue,123.26
2025-08-06,discount_pct_of_revenue,0.35
2025-08-05,market_impressions,474365.7629
2025-08-05,top_impressions,73198.64183
2025-08-05,avg_gross_order_revenue,191.16
2025-08-05,avg_discount,58.80
2025-08-05,avg_net_order_revenue,132.36
2025-08-05,discount_pct_of_revenue,0.31
2025-08-04,market_impressions,507167.3353
2025-08-04,top_impressions,69339.7478
2025-08-04,avg_gross_order_revenue,189.91
2025-08-04,avg_discount,62.39
2025-08-04,avg_net_order_revenue,127.52
2025-08-04,discount_pct_of_revenue,0.33
2025-08-03,market_impressions,479123.4267
2025-08-03,top_impressions,73008.37522
2025-08-03,avg_gross_order_revenue,190.11
2025-08-03,avg_discount,64.08
2025-08-03,avg_net_order_revenue,126.03
2025-08-03,discount_pct_of_revenue,0.34
2025-08-02,market_impressions,388382.9563
2025-08-02,top_impressions,67624.48224
2025-08-02,avg_gross_order_revenue,190.50
2025-08-02,avg_discount,70.54
2025-08-02,avg_net_order_revenue,119.96
2025-08-02,discount_pct_of_revenue,0.37
2025-08-01,market_impressions,398086.0314
2025-08-01,top_impressions,64555.71322
2025-08-01,avg_gross_order_revenue,190.40
2025-08-01,avg_discount,68.05
2025-08-01,avg_net_order_revenue,122.35
2025-08-01,discount_pct_of_revenue,0.36
2025-07-31,market_impressions,399905.4032
2025-07-31,top_impressions,65547.15168
2025-07-31,avg_gross_order_revenue,190.74
2025-07-31,avg_discount,64.36
2025-07-31,avg_net_order_revenue,126.38
2025-07-31,discount_pct_of_revenue,0.34
2025-07-30,market_impressions,387471.7455
2025-07-30,top_impressions,58921.37808
2025-07-30,avg_gross_order_revenue,190.02
2025-07-30,avg_discount,62.03
2025-07-30,avg_net_order_revenue,127.99
2025-07-30,discount_pct_of_revenue,0.33
2025-07-29,market_impressions,416846.9991
2025-07-29,top_impressions,63128.39976
2025-07-29,avg_gross_order_revenue,190.93
2025-07-29,avg_discount,62.58
2025-07-29,avg_net_order_revenue,128.35
2025-07-29,discount_pct_of_revenue,0.33
2025-07-28,market_impressions,435556.9428
2025-07-28,top_impressions,60144.50834
2025-07-28,avg_gross_order_revenue,190.45
2025-07-28,avg_discount,62.96
2025-07-28,avg_net_order_revenue,127.49
2025-07-28,discount_pct_of_revenue,0.33
2025-07-27,market_impressions,318587.3145
2025-07-27,top_impressions,29842.30118
2025-07-27,avg_gross_order_revenue,189.68
2025-07-27,avg_discount,58.26
2025-07-27,avg_net_order_revenue,131.42
2025-07-27,discount_pct_of_revenue,0.31
2025-07-26,market_impressions,316161.0853
2025-07-26,top_impressions,35540.50737
2025-07-26,avg_gross_order_revenue,189.87
2025-07-26,avg_discount,60.04
2025-07-26,avg_net_order_revenue,129.83
2025-07-26,discount_pct_of_revenue,0.32
2025-07-25,market_impressions,331779.2989
2025-07-25,top_impressions,31024.16051
2025-07-25,avg_gross_order_revenue,190.32
2025-07-25,avg_discount,53.86
2025-07-25,avg_net_order_revenue,136.46
2025-07-25,discount_pct_of_revenue,0.28
2025-07-24,market_impressions,335129.7365
2025-07-24,top_impressions,26302.17864
2025-07-24,avg_gross_order_revenue,191.15
2025-07-24,avg_discount,56.19
2025-07-24,avg_net_order_revenue,134.95
2025-07-24,discount_pct_of_revenue,0.29
2025-07-23,market_impressions,384333.9321
2025-07-23,top_impressions,42372.32032
2025-07-23,avg_gross_order_revenue,190.41
2025-07-23,avg_discount,46.46
2025-07-23,avg_net_order_revenue,143.94
2025-07-23,discount_pct_of_revenue,0.24
2025-07-22,market_impressions,395639.0458
2025-07-22,top_impressions,52813.23828
2025-07-22,avg_gross_order_revenue,190.31
2025-07-22,avg_discount,51.50
2025-07-22,avg_net_order_revenue,138.81
2025-07-22,discount_pct_of_revenue,0.27
2025-07-21,market_impressions,414145.3807
2025-07-21,top_impressions,81096.2195
2025-07-21,avg_gross_order_revenue,189.71
2025-07-21,avg_discount,47.17
2025-07-21,avg_net_order_revenue,142.54
2025-07-21,discount_pct_of_revenue,0.25
2025-07-20,market_impressions,430374.8793
2025-07-20,top_impressions,93236.12925
2025-07-20,avg_gross_order_revenue,189.70
2025-07-20,avg_discount,42.87
2025-07-20,avg_net_order_revenue,146.83
2025-07-20,discount_pct_of_revenue,0.23
2025-07-19,market_impressions,467777.6357
2025-07-19,top_impressions,103592.0268
2025-07-19,avg_gross_order_revenue,189.71
2025-07-19,avg_discount,54.49
2025-07-19,avg_net_order_revenue,135.22
2025-07-19,discount_pct_of_revenue,0.29
2025-07-18,market_impressions,396266.6111
2025-07-18,top_impressions,91076.57492
2025-07-18,avg_gross_order_revenue,190.14
2025-07-18,avg_discount,58.35
2025-07-18,avg_net_order_revenue,131.79
2025-07-18,discount_pct_of_revenue,0.31
2025-07-17,market_impressions,600045.3805
2025-07-17,top_impressions,148740.6197
2025-07-17,avg_gross_order_revenue,189.67
2025-07-17,avg_discount,58.60
2025-07-17,avg_net_order_revenue,131.07
2025-07-17,discount_pct_of_revenue,0.31
2025-07-16,market_impressions,607605.7009
2025-07-16,top_impressions,159489.111
2025-07-16,avg_gross_order_revenue,190.15
2025-07-16,avg_discount,59.30
2025-07-16,avg_net_order_revenue,130.84
2025-07-16,discount_pct_of_revenue,0.31
2025-07-15,market_impressions,636308.8371
2025-07-15,top_impressions,164812.7961
2025-07-15,avg_gross_order_revenue,190.15
2025-07-15,avg_discount,61.55
2025-07-15,avg_net_order_revenue,128.59
2025-07-15,discount_pct_of_revenue,0.32
2025-07-14,market_impressions,661153.0446
2025-07-14,top_impressions,157553.5336
2025-07-14,avg_gross_order_revenue,190.02
2025-07-14,avg_discount,60.07
2025-07-14,avg_net_order_revenue,129.95
2025-07-14,discount_pct_of_revenue,0.32
2025-07-13,market_impressions,632387.9729
2025-07-13,top_impressions,149213.131
2025-07-13,avg_gross_order_revenue,190.52
2025-07-13,avg_discount,62.46
2025-07-13,avg_net_order_revenue,128.06
2025-07-13,discount_pct_of_revenue,0.33
2025-07-12,market_impressions,465534.9924
2025-07-12,top_impressions,91674.22659
2025-07-12,avg_gross_order_revenue,189.98
2025-07-12,avg_discount,57.54
2025-07-12,avg_net_order_revenue,132.44
2025-07-12,discount_pct_of_revenue,0.30
2025-07-11,market_impressions,555863.4708
2025-07-11,top_impressions,141208.3345
2025-07-11,avg_gross_order_revenue,190.02
2025-07-11,avg_discount,58.65
2025-07-11,avg_net_order_revenue,131.37
2025-07-11,discount_pct_of_revenue,0.31
2025-07-10,market_impressions,654605.9812
2025-07-10,top_impressions,185414.456
2025-07-10,avg_gross_order_revenue,190.05
2025-07-10,avg_discount,58.57
2025-07-10,avg_net_order_revenue,131.49
2025-07-10,discount_pct_of_revenue,0.31
2025-07-09,market_impressions,686812.7079
2025-07-09,top_impressions,191253.268
2025-07-09,avg_gross_order_revenue,190.22
2025-07-09,avg_discount,59.17
2025-07-09,avg_net_order_revenue,131.05
2025-07-09,discount_pct_of_revenue,0.31
2025-07-08,market_impressions,651984.9276
2025-07-08,top_impressions,169183.3156
2025-07-08,avg_gross_order_revenue,190.83
2025-07-08,avg_discount,56.91
2025-07-08,avg_net_order_revenue,133.91
2025-07-08,discount_pct_of_revenue,0.30
2025-07-07,market_impressions,583536.1072
2025-07-07,top_impressions,113802.8723
2025-07-07,avg_gross_order_revenue,191.21
2025-07-07,avg_discount,57.64
2025-07-07,avg_net_order_revenue,133.58
2025-07-07,discount_pct_of_revenue,0.30
2025-07-06,market_impressions,607144.2943
2025-07-06,top_impressions,127735.7342
2025-07-06,avg_gross_order_revenue,191.37
2025-07-06,avg_discount,56.30
2025-07-06,avg_net_order_revenue,135.07
2025-07-06,discount_pct_of_revenue,0.29
2025-07-05,market_impressions,538650.4362
2025-07-05,top_impressions,118580.8116
2025-07-05,avg_gross_order_revenue,190.33
2025-07-05,avg_discount,58.95
2025-07-05,avg_net_order_revenue,131.38
2025-07-05,discount_pct_of_revenue,0.31
2025-07-04,market_impressions,642505.569
2025-07-04,top_impressions,166145.1852
2025-07-04,avg_gross_order_revenue,190.27
2025-07-04,avg_discount,61.75
2025-07-04,avg_net_order_revenue,128.52
2025-07-04,discount_pct_of_revenue,0.32
2025-07-03,market_impressions,705826.4904
2025-07-03,top_impressions,179867.312
2025-07-03,avg_gross_order_revenue,191.22
2025-07-03,avg_discount,68.73
2025-07-03,avg_net_order_revenue,122.49
2025-07-03,discount_pct_of_revenue,0.36
2025-07-02,market_impressions,751969.2711
2025-07-02,top_impressions,222999.0654
2025-07-02,avg_gross_order_revenue,190.60
2025-07-02,avg_discount,67.22
2025-07-02,avg_net_order_revenue,123.37
2025-07-02,discount_pct_of_revenue,0.35
2025-07-01,market_impressions,634516.2858
2025-07-01,top_impressions,157224.3273
2025-07-01,avg_gross_order_revenue,190.63
2025-07-01,avg_discount,66.40
2025-07-01,avg_net_order_revenue,124.24
2025-07-01,discount_pct_of_revenue,0.35
2025-06-30,market_impressions,657831.305
2025-06-30,top_impressions,168260.0269
2025-06-30,avg_gross_order_revenue,190.76
2025-06-30,avg_discount,63.26
2025-06-30,avg_net_order_revenue,127.50
2025-06-30,discount_pct_of_revenue,0.33
2025-06-29,market_impressions,572249.493
2025-06-29,top_impressions,122756.4238
2025-06-29,avg_gross_order_revenue,190.25
2025-06-29,avg_discount,61.58
2025-06-29,avg_net_order_revenue,128.67
2025-06-29,discount_pct_of_revenue,0.32
2025-06-28,market_impressions,501832.6708
2025-06-28,top_impressions,109679.8779
2025-06-28,avg_gross_order_revenue,190.47
2025-06-28,avg_discount,62.68
2025-06-28,avg_net_order_revenue,127.80
2025-06-28,discount_pct_of_revenue,0.33
2025-06-27,market_impressions,546265.2146
2025-06-27,top_impressions,122363.3953
2025-06-27,avg_gross_order_revenue,190.53
2025-06-27,avg_discount,61.27
2025-06-27,avg_net_order_revenue,129.26
2025-06-27,discount_pct_of_revenue,0.32
2025-06-26,market_impressions,693998.6923
2025-06-26,top_impressions,168826.2307
2025-06-26,avg_gross_order_revenue,189.38
2025-06-26,avg_discount,54.26
2025-06-26,avg_net_order_revenue,135.12
2025-06-26,discount_pct_of_revenue,0.29
2025-06-25,market_impressions,709308.184
2025-06-25,top_impressions,191037.1357
2025-06-25,avg_gross_order_revenue,189.81
2025-06-25,avg_discount,52.84
2025-06-25,avg_net_order_revenue,136.97
2025-06-25,discount_pct_of_revenue,0.28
2025-06-24,market_impressions,711258.1958
2025-06-24,top_impressions,216328.8673
2025-06-24,avg_gross_order_revenue,189.92
2025-06-24,avg_discount,55.68
2025-06-24,avg_net_order_revenue,134.24
2025-06-24,discount_pct_of_revenue,0.29
2025-06-23,market_impressions,890796.6876
2025-06-23,top_impressions,318364.8864
2025-06-23,avg_gross_order_revenue,189.48
2025-06-23,avg_discount,52.48
2025-06-23,avg_net_order_revenue,137.01
2025-06-23,discount_pct_of_revenue,0.28
2025-06-22,market_impressions,696376.7757
2025-06-22,top_impressions,236435.5522
2025-06-22,avg_gross_order_revenue,189.91
2025-06-22,avg_discount,53.00
2025-06-22,avg_net_order_revenue,136.91
2025-06-22,discount_pct_of_revenue,0.28
2025-06-21,market_impressions,630151.2372
2025-06-21,top_impressions,226370.622
2025-06-21,avg_gross_order_revenue,190.14
2025-06-21,avg_discount,54.71
2025-06-21,avg_net_order_revenue,135.43
2025-06-21,discount_pct_of_revenue,0.29
2025-06-20,market_impressions,576933.4711
2025-06-20,top_impressions,183850.586
2025-06-20,avg_gross_order_revenue,189.79
2025-06-20,avg_discount,54.16
2025-06-20,avg_net_order_revenue,135.63
2025-06-20,discount_pct_of_revenue,0.29
2025-06-19,market_impressions,635481.3819
2025-06-19,top_impressions,205388.8275
2025-06-19,avg_gross_order_revenue,189.85
2025-06-19,avg_discount,53.55
2025-06-19,avg_net_order_revenue,136.30
2025-06-19,discount_pct_of_revenue,0.28
2025-06-18,market_impressions,719709.5877
2025-06-18,top_impressions,244660.0982
2025-06-18,avg_gross_order_revenue,189.26
2025-06-18,avg_discount,54.49
2025-06-18,avg_net_order_revenue,134.77
2025-06-18,discount_pct_of_revenue,0.29
2025-06-17,market_impressions,773983.3619
2025-06-17,top_impressions,285169.6679
2025-06-17,avg_gross_order_revenue,189.49
2025-06-17,avg_discount,54.30
2025-06-17,avg_net_order_revenue,135.19
2025-06-17,discount_pct_of_revenue,0.29
2025-06-16,market_impressions,777982.4941
2025-06-16,top_impressions,268415.8268
2025-06-16,avg_gross_order_revenue,189.59
2025-06-16,avg_discount,53.12
2025-06-16,avg_net_order_revenue,136.46
2025-06-16,discount_pct_of_revenue,0.28
2025-06-15,market_impressions,816171.5143
2025-06-15,top_impressions,295105.2391
2025-06-15,avg_gross_order_revenue,189.85
2025-06-15,avg_discount,52.67
2025-06-15,avg_net_order_revenue,137.18
2025-06-15,discount_pct_of_revenue,0.28
2025-06-14,market_impressions,728289.5178
2025-06-14,top_impressions,262484.2086
2025-06-14,avg_gross_order_revenue,189.70
2025-06-14,avg_discount,54.14
2025-06-14,avg_net_order_revenue,135.56
2025-06-14,discount_pct_of_revenue,0.29
2025-06-13,market_impressions,688008.4408
2025-06-13,top_impressions,238377.5309
2025-06-13,avg_gross_order_revenue,190.06
2025-06-13,avg_discount,51.29
2025-06-13,avg_net_order_revenue,138.77
2025-06-13,discount_pct_of_revenue,0.27
2025-06-12,market_impressions,727795.0428
2025-06-12,top_impressions,240505.0772
2025-06-12,avg_gross_order_revenue,189.83
2025-06-12,avg_discount,54.45
2025-06-12,avg_net_order_revenue,135.38
2025-06-12,discount_pct_of_revenue,0.29
2025-06-11,market_impressions,670626.3605
2025-06-11,top_impressions,211819.9133
2025-06-11,avg_gross_order_revenue,189.62
2025-06-11,avg_discount,54.48
2025-06-11,avg_net_order_revenue,135.13
2025-06-11,discount_pct_of_revenue,0.29
2025-06-10,market_impressions,569028.8792
2025-06-10,top_impressions,145619.2534
2025-06-10,avg_gross_order_revenue,190.19
2025-06-10,avg_discount,52.52
2025-06-10,avg_net_order_revenue,137.68
2025-06-10,discount_pct_of_revenue,0.28
2025-06-09,market_impressions,515831.4295
2025-06-09,top_impressions,119050.0625
2025-06-09,avg_gross_order_revenue,190.39
2025-06-09,avg_discount,48.68
2025-06-09,avg_net_order_revenue,141.71
2025-06-09,discount_pct_of_revenue,0.26
2025-06-08,market_impressions,517632.7986
2025-06-08,top_impressions,126470.2217
2025-06-08,avg_gross_order_revenue,189.73
2025-06-08,avg_discount,47.02
2025-06-08,avg_net_order_revenue,142.71
2025-06-08,discount_pct_of_revenue,0.25
2025-06-07,market_impressions,503720.0133
2025-06-07,top_impressions,132420.3617
2025-06-07,avg_gross_order_revenue,190.15
2025-06-07,avg_discount,50.23
2025-06-07,avg_net_order_revenue,139.92
2025-06-07,discount_pct_of_revenue,0.26
2025-06-06,market_impressions,517618.7993
2025-06-06,top_impressions,138443.345
2025-06-06,avg_gross_order_revenue,0.00
2025-06-06,avg_discount,0.00
2025-06-06,avg_net_order_revenue,0.00
2025-06-06,discount_pct_of_revenue,0.00
2025-06-05,market_impressions,670171.5679
2025-06-05,top_impressions,182435.7697
2025-06-05,avg_gross_order_revenue,0.00
2025-06-05,avg_discount,0.00
2025-06-05,avg_net_order_revenue,0.00
2025-06-05,discount_pct_of_revenue,0.00
2025-06-04,market_impressions,551130.0389
2025-06-04,top_impressions,123187.2404
2025-06-04,avg_gross_order_revenue,0.00
2025-06-04,avg_discount,0.00
2025-06-04,avg_net_order_revenue,0.00
2025-06-04,discount_pct_of_revenue,0.00
2025-06-03,market_impressions,565707.2675
2025-06-03,top_impressions,131001.776
2025-06-03,avg_gross_order_revenue,0.00
2025-06-03,avg_discount,0.00
2025-06-03,avg_net_order_revenue,0.00
2025-06-03,discount_pct_of_revenue,0.00
2025-06-02,market_impressions,648387.5554
2025-06-02,top_impressions,166022.587
2025-06-02,avg_gross_order_revenue,0.00
2025-06-02,avg_discount,0.00
2025-06-02,avg_net_order_revenue,0.00
2025-06-02,discount_pct_of_revenue,0.00
2025-06-01,market_impressions,622165.7282
2025-06-01,top_impressions,153240.0807
2025-06-01,avg_gross_order_revenue,0.00
2025-06-01,avg_discount,0.00
2025-06-01,avg_net_order_revenue,0.00
2025-06-01,discount_pct_of_revenue,0.00
2025-05-31,market_impressions,538278.5706
2025-05-31,top_impressions,136945.5712
2025-05-31,avg_gross_order_revenue,0.00
2025-05-31,avg_discount,0.00
2025-05-31,avg_net_order_revenue,0.00
2025-05-31,discount_pct_of_revenue,0.00