date_day,platform,campaign_type,Values,
2025-12-01,google,search_brand,impressions,"35,543.00"
2025-12-01,google,search_brand,clicks,"2,877.00"
2025-12-01,google,search_brand,qs,471.65
2025-12-01,google,search_brand,cp,83.06
2025-12-01,google,search_nb,impressions,"96,050.00"
2025-12-01,google,search_nb,clicks,"4,839.00"
2025-12-01,google,search_nb,qs,"1,382.26"
2025-12-01,google,search_nb,cp,198.14
2025-12-01,google,search_pmax,impressions,"326,469.00"
2025-12-01,google,search_pmax,clicks,"1,756.00"
2025-12-01,google,search_pmax,qs,0.00
2025-12-01,google,search_pmax,cp,19.95
2025-12-01,google,youtube,impressions,"552,082.00"
2025-12-01,google,youtube,clicks,"2,124.00"
2025-12-01,google,youtube,qs,149.29
2025-12-01,google,youtube,cp,12.29
2025-12-01,meta,meta_bof,impressions,"2,325,166.00"
2025-12-01,meta,meta_bof,clicks,"17,527.00"
2025-12-01,meta,meta_bof,qs,0.00
2025-12-01,meta,meta_bof,cp,"4,682.00"
2025-12-01,meta,meta_tof,impressions,"1,033,188.00"
2025-12-01,meta,meta_tof,clicks,"13,751.00"
2025-12-01,meta,meta_tof,qs,0.00
2025-12-01,meta,meta_tof,cp,"3,045.00"
2025-12-02,google,search_brand,impressions,"47,594.00"
2025-12-02,google,search_brand,clicks,"2,959.00"
2025-12-02,google,search_brand,qs,578.88
2025-12-02,google,search_brand,cp,109.53
2025-12-02,google,search_nb,impressions,"103,747.00"
2025-12-02,google,search_nb,clicks,"4,668.00"
2025-12-02,google,search_nb,qs,"1,604.95"
2025-12-02,google,search_nb,cp,231.68
2025-12-02,google,search_pmax,impressions,"355,197.00"
2025-12-02,google,search_pmax,clicks,"3,552.00"
2025-12-02,google,search_pmax,qs,0.00
2025-12-02,google,search_pmax,cp,35.34
2025-12-02,google,youtube,impressions,"734,581.00"
2025-12-02,google,youtube,clicks,"2,119.00"
2025-12-02,google,youtube,qs,198.52
2025-12-02,google,youtube,cp,20.56
2025-12-02,meta,meta_bof,impressions,"3,061,569.00"
2025-12-02,meta,meta_bof,clicks,"20,726.00"
2025-12-02,meta,meta_bof,qs,0.00
2025-12-02,meta,meta_bof,cp,"3,629.00"
2025-12-02,meta,meta_tof,impressions,"1,462,012.00"
2025-12-02,meta,meta_tof,clicks,"17,236.00"
2025-12-02,meta,meta_tof,qs,0.00
2025-12-02,meta,meta_tof,cp,"3,584.00"
2025-12-03,google,search_brand,impressions,"32,398.00"
2025-12-03,google,search_brand,clicks,"2,631.00"
2025-12-03,google,search_brand,qs,462.07
2025-12-03,google,search_brand,cp,89.05
2025-12-03,google,search_nb,impressions,"88,899.00"
2025-12-03,google,search_nb,clicks,"4,662.00"
2025-12-03,google,search_nb,qs,"1,561.26"
2025-12-03,google,search_nb,cp,249.15
2025-12-03,google,search_pmax,impressions,"325,222.00"
2025-12-03,google,search_pmax,clicks,"3,654.00"
2025-12-03,google,search_pmax,qs,0.00
2025-12-03,google,search_pmax,cp,28.20
2025-12-03,google,youtube,impressions,"857,973.00"
2025-12-03,google,youtube,clicks,"2,340.00"
2025-12-03,google,youtube,qs,185.09
2025-12-03,google,youtube,cp,20.23
2025-12-03,meta,meta_bof,impressions,"2,216,580.00"
2025-12-03,meta,meta_bof,clicks,"19,418.00"
2025-12-03,meta,meta_bof,qs,0.00
2025-12-03,meta,meta_bof,cp,"2,597.00"
2025-12-03,meta,meta_tof,impressions,"1,107,041.00"
2025-12-03,meta,meta_tof,clicks,"12,882.00"
2025-12-03,meta,meta_tof,qs,0.00
2025-12-03,meta,meta_tof,cp,"2,714.00"
2025-12-04,google,search_brand,impressions,"31,189.00"
2025-12-04,google,search_brand,clicks,"2,441.00"
2025-12-04,google,search_brand,qs,390.90
2025-12-04,google,search_brand,cp,44.93
2025-12-04,google,search_nb,impressions,"96,653.00"
2025-12-04,google,search_nb,clicks,"4,437.00"
2025-12-04,google,search_nb,qs,"1,551.48"
2025-12-04,google,search_nb,cp,247.08
2025-12-04,google,search_pmax,impressions,"395,816.00"
2025-12-04,google,search_pmax,clicks,"3,184.00"
2025-12-04,google,search_pmax,qs,0.00
2025-12-04,google,search_pmax,cp,19.62
2025-12-04,google,youtube,impressions,"858,198.00"
2025-12-04,google,youtube,clicks,"2,673.00"
2025-12-04,google,youtube,qs,222.81
2025-12-04,google,youtube,cp,19.20
2025-12-04,meta,meta_bof,impressions,"2,140,757.00"
2025-12-04,meta,meta_bof,clicks,"18,048.00"
2025-12-04,meta,meta_bof,qs,0.00
2025-12-04,meta,meta_bof,cp,"2,052.00"
2025-12-04,meta,meta_tof,impressions,"918,366.00"
2025-12-04,meta,meta_tof,clicks,"11,179.00"
2025-12-04,meta,meta_tof,qs,0.00
2025-12-04,meta,meta_tof,cp,"2,252.00"
2025-12-05,google,search_brand,impressions,"17,915.00"
2025-12-05,google,search_brand,clicks,"2,369.00"
2025-12-05,google,search_brand,qs,347.59
2025-12-05,google,search_brand,cp,65.84
2025-12-05,google,search_nb,impressions,"124,797.00"
2025-12-05,google,search_nb,clicks,"4,726.00"
2025-12-05,google,search_nb,qs,"1,435.52"
2025-12-05,google,search_nb,cp,253.30
2025-12-05,google,search_pmax,impressions,"155,834.00"
2025-12-05,google,search_pmax,clicks,"1,451.00"
2025-12-05,google,search_pmax,qs,0.00
2025-12-05,google,search_pmax,cp,14.75
2025-12-05,google,youtube,impressions,"954,864.00"
2025-12-05,google,youtube,clicks,"3,711.00"
2025-12-05,google,youtube,qs,140.25
2025-12-05,google,youtube,cp,18.17
2025-12-05,meta,meta_bof,impressions,"1,241,623.00"
2025-12-05,meta,meta_bof,clicks,"11,732.00"
2025-12-05,meta,meta_bof,qs,0.00
2025-12-05,meta,meta_bof,cp,"1,727.00"
2025-12-05,meta,meta_tof,impressions,"670,276.00"
2025-12-05,meta,meta_tof,clicks,"6,912.00"
2025-12-05,meta,meta_tof,qs,0.00
2025-12-05,meta,meta_tof,cp,"1,799.00"
2025-12-06,google,search_brand,impressions,"13,378.00"
2025-12-06,google,search_brand,clicks,"2,104.00"
2025-12-06,google,search_brand,qs,435.09
2025-12-06,google,search_brand,cp,72.24
2025-12-06,google,search_nb,impressions,"114,952.00"
2025-12-06,google,search_nb,clicks,"4,541.00"
2025-12-06,google,search_nb,qs,"1,511.87"
2025-12-06,google,search_nb,cp,202.17
2025-12-06,google,search_pmax,impressions,"284,900.00"
2025-12-06,google,search_pmax,clicks,"3,029.00"
2025-12-06,google,search_pmax,qs,0.00
2025-12-06,google,search_pmax,cp,29.74
2025-12-06,google,youtube,impressions,"844,626.00"
2025-12-06,google,youtube,clicks,"4,326.00"
2025-12-06,google,youtube,qs,195.17
2025-12-06,google,youtube,cp,15.99
2025-12-06,meta,meta_bof,impressions,"1,062,883.00"
2025-12-06,meta,meta_bof,clicks,"10,459.00"
2025-12-06,meta,meta_bof,qs,0.00
2025-12-06,meta,meta_bof,cp,"1,453.00"
2025-12-06,meta,meta_tof,impressions,"685,447.00"
2025-12-06,meta,meta_tof,clicks,"7,786.00"
2025-12-06,meta,meta_tof,qs,0.00
2025-12-06,meta,meta_tof,cp,"2,009.00"
2025-12-07,google,search_brand,impressions,"33,958.00"
2025-12-07,google,search_brand,clicks,"2,607.00"
2025-12-07,google,search_brand,qs,563.42
2025-12-07,google,search_brand,cp,86.71
2025-12-07,google,search_nb,impressions,"88,969.00"
2025-12-07,google,search_nb,clicks,"4,417.00"
2025-12-07,google,search_nb,qs,"1,469.68"
2025-12-07,google,search_nb,cp,197.80
2025-12-07,google,search_pmax,impressions,"339,678.00"
2025-12-07,google,search_pmax,clicks,"3,535.00"
2025-12-07,google,search_pmax,qs,0.00
2025-12-07,google,search_pmax,cp,30.04
2025-12-07,google,youtube,impressions,"762,628.00"
2025-12-07,google,youtube,clicks,"3,629.00"
2025-12-07,google,youtube,qs,143.49
2025-12-07,google,youtube,cp,10.79
2025-12-07,meta,meta_bof,impressions,"1,240,404.00"
2025-12-07,meta,meta_bof,clicks,"11,513.00"
2025-12-07,meta,meta_bof,qs,0.00
2025-12-07,meta,meta_bof,cp,"1,549.00"
2025-12-07,meta,meta_tof,impressions,"998,708.00"
2025-12-07,meta,meta_tof,clicks,"11,155.00"
2025-12-07,meta,meta_tof,qs,0.00
2025-12-07,meta,meta_tof,cp,"3,139.00"
2025-12-08,google,search_brand,impressions,"36,568.00"
2025-12-08,google,search_brand,clicks,"2,605.00"
2025-12-08,google,search_brand,qs,583.08
2025-12-08,google,search_brand,cp,91.55
2025-12-08,google,search_nb,impressions,"92,285.00"
2025-12-08,google,search_nb,clicks,"4,421.00"
2025-12-08,google,search_nb,qs,"1,521.99"
2025-12-08,google,search_nb,cp,224.04
2025-12-08,google,search_pmax,impressions,"373,766.00"
2025-12-08,google,search_pmax,clicks,"3,682.00"
2025-12-08,google,search_pmax,qs,0.00
2025-12-08,google,search_pmax,cp,25.64
2025-12-08,google,youtube,impressions,"549,516.00"
2025-12-08,google,youtube,clicks,"2,728.00"
2025-12-08,google,youtube,qs,150.93
2025-12-08,google,youtube,cp,8.40
2025-12-08,meta,meta_bof,impressions,"1,441,732.00"
2025-12-08,meta,meta_bof,clicks,"11,515.00"
2025-12-08,meta,meta_bof,qs,0.00
2025-12-08,meta,meta_bof,cp,"1,712.00"
2025-12-08,meta,meta_tof,impressions,"1,001,075.00"
2025-12-08,meta,meta_tof,clicks,"10,280.00"
2025-12-08,meta,meta_tof,qs,0.00
2025-12-08,meta,meta_tof,cp,"2,819.00"
2025-12-09,google,search_brand,impressions,"44,715.00"
2025-12-09,google,search_brand,clicks,"2,754.00"
2025-12-09,google,search_brand,qs,606.43
2025-12-09,google,search_brand,cp,100.48
2025-12-09,google,search_nb,impressions,"119,571.00"
2025-12-09,google,search_nb,clicks,"4,633.00"
2025-12-09,google,search_nb,qs,"1,598.28"
2025-12-09,google,search_nb,cp,216.33
2025-12-09,google,search_pmax,impressions,"311,426.00"
2025-12-09,google,search_pmax,clicks,"2,944.00"
2025-12-09,google,search_pmax,qs,0.00
2025-12-09,google,search_pmax,cp,24.47
2025-12-09,google,youtube,impressions,"544,116.00"
2025-12-09,google,youtube,clicks,"2,619.00"
2025-12-09,google,youtube,qs,157.72
2025-12-09,google,youtube,cp,12.67
2025-12-09,meta,meta_bof,impressions,"1,092,485.00"
2025-12-09,meta,meta_bof,clicks,"9,244.00"
2025-12-09,meta,meta_bof,qs,0.00
2025-12-09,meta,meta_bof,cp,"1,672.00"
2025-12-09,meta,meta_tof,impressions,"1,478,832.00"
2025-12-09,meta,meta_tof,clicks,"12,051.00"
2025-12-09,meta,meta_tof,qs,0.00
2025-12-09,meta,meta_tof,cp,"2,535.00"
2025-12-10,google,search_brand,impressions,"32,428.00"
2025-12-10,google,search_brand,clicks,"2,393.00"
2025-12-10,google,search_brand,qs,528.32
2025-12-10,google,search_brand,cp,90.83
2025-12-10,google,search_nb,impressions,"119,569.00"
2025-12-10,google,search_nb,clicks,"4,173.00"
2025-12-10,google,search_nb,qs,"1,437.38"
2025-12-10,google,search_nb,cp,207.02
2025-12-10,google,search_pmax,impressions,"247,545.00"
2025-12-10,google,search_pmax,clicks,"1,972.00"
2025-12-10,google,search_pmax,qs,0.00
2025-12-10,google,search_pmax,cp,26.65
2025-12-10,google,youtube,impressions,"858,564.00"
2025-12-10,google,youtube,clicks,"2,707.00"
2025-12-10,google,youtube,qs,202.15
2025-12-10,google,youtube,cp,20.52
2025-12-10,meta,meta_bof,impressions,"1,012,002.00"
2025-12-10,meta,meta_bof,clicks,"7,159.00"
2025-12-10,meta,meta_bof,qs,0.00
2025-12-10,meta,meta_bof,cp,"1,570.00"
2025-12-10,meta,meta_tof,impressions,"852,216.00"
2025-12-10,meta,meta_tof,clicks,"8,168.00"
2025-12-10,meta,meta_tof,qs,0.00
2025-12-10,meta,meta_tof,cp,"1,996.00"
2025-12-11,google,search_brand,impressions,"15,492.00"
2025-12-11,google,search_brand,clicks,"2,282.00"
2025-12-11,google,search_brand,qs,516.89
2025-12-11,google,search_brand,cp,93.06
2025-12-11,google,search_nb,impressions,"103,810.00"
2025-12-11,google,search_nb,clicks,"3,160.00"
2025-12-11,google,search_nb,qs,"1,119.78"
2025-12-11,google,search_nb,cp,161.14
2025-12-11,google,search_pmax,impressions,"213,964.00"
2025-12-11,google,search_pmax,clicks,"1,653.00"
2025-12-11,google,search_pmax,qs,0.00
2025-12-11,google,search_pmax,cp,13.80
2025-12-11,google,youtube,impressions,"808,792.00"
2025-12-11,google,youtube,clicks,"2,659.00"
2025-12-11,google,youtube,qs,178.13
2025-12-11,google,youtube,cp,17.93
2025-12-11,meta,meta_bof,impressions,"832,009.00"
2025-12-11,meta,meta_bof,clicks,"6,675.00"
2025-12-11,meta,meta_bof,qs,0.00
2025-12-11,meta,meta_bof,cp,"1,349.00"
2025-12-11,meta,meta_tof,impressions,"945,074.00"
2025-12-11,meta,meta_tof,clicks,"9,020.00"
2025-12-11,meta,meta_tof,qs,0.00
2025-12-11,meta,meta_tof,cp,"1,985.00"
2025-12-12,google,search_brand,impressions,"44,829.00"
2025-12-12,google,search_brand,clicks,"2,401.00"
2025-12-12,google,search_brand,qs,504.78
2025-12-12,google,search_brand,cp,102.71
2025-12-12,google,search_nb,impressions,"87,218.00"
2025-12-12,google,search_nb,clicks,"3,017.00"
2025-12-12,google,search_nb,qs,"1,043.65"
2025-12-12,google,search_nb,cp,150.57
2025-12-12,google,search_pmax,impressions,"217,432.00"
2025-12-12,google,search_pmax,clicks,"1,789.00"
2025-12-12,google,search_pmax,qs,0.00
2025-12-12,google,search_pmax,cp,21.47
2025-12-12,google,youtube,impressions,"978,762.00"
2025-12-12,google,youtube,clicks,"2,827.00"
2025-12-12,google,youtube,qs,255.30
2025-12-12,google,youtube,cp,8.91
2025-12-12,meta,meta_bof,impressions,"692,081.00"
2025-12-12,meta,meta_bof,clicks,"7,061.00"
2025-12-12,meta,meta_bof,qs,0.00
2025-12-12,meta,meta_bof,cp,"1,334.00"
2025-12-12,meta,meta_tof,impressions,"715,247.00"
2025-12-12,meta,meta_tof,clicks,"7,398.00"
2025-12-12,meta,meta_tof,qs,0.00
2025-12-12,meta,meta_tof,cp,"1,670.00"
2025-12-13,google,search_brand,impressions,"47,195.00"
2025-12-13,google,search_brand,clicks,"2,411.00"
2025-12-13,google,search_brand,qs,482.19
2025-12-13,google,search_brand,cp,86.88
2025-12-13,google,search_nb,impressions,"79,566.00"
2025-12-13,google,search_nb,clicks,"3,046.00"
2025-12-13,google,search_nb,qs,"1,020.80"
2025-12-13,google,search_nb,cp,143.83
2025-12-13,google,search_pmax,impressions,"222,275.00"
2025-12-13,google,search_pmax,clicks,"1,725.00"
2025-12-13,google,search_pmax,qs,0.00
2025-12-13,google,search_pmax,cp,18.81
2025-12-13,google,youtube,impressions,"1,044,692.00"
2025-12-13,google,youtube,clicks,"2,942.00"
2025-12-13,google,youtube,qs,212.29
2025-12-13,google,youtube,cp,12.45
2025-12-13,meta,meta_bof,impressions,"1,268,202.00"
2025-12-13,meta,meta_bof,clicks,"23,407.00"
2025-12-13,meta,meta_bof,qs,0.00
2025-12-13,meta,meta_bof,cp,"1,860.00"
2025-12-13,meta,meta_tof,impressions,"506,144.00"
2025-12-13,meta,meta_tof,clicks,"5,302.00"
2025-12-13,meta,meta_tof,qs,0.00
2025-12-13,meta,meta_tof,cp,"1,348.00"
2025-12-14,google,search_brand,impressions,"61,316.00"
2025-12-14,google,search_brand,clicks,"2,977.00"
2025-12-14,google,search_brand,qs,658.42
2025-12-14,google,search_brand,cp,104.10
2025-12-14,google,search_nb,impressions,"93,649.00"
2025-12-14,google,search_nb,clicks,"3,186.00"
2025-12-14,google,search_nb,qs,"1,009.01"
2025-12-14,google,search_nb,cp,127.76
2025-12-14,google,search_pmax,impressions,"294,779.00"
2025-12-14,google,search_pmax,clicks,"2,123.00"
2025-12-14,google,search_pmax,qs,0.00
2025-12-14,google,search_pmax,cp,31.14
2025-12-14,google,youtube,impressions,"1,104,827.00"
2025-12-14,google,youtube,clicks,"2,856.00"
2025-12-14,google,youtube,qs,249.83
2025-12-14,google,youtube,cp,13.49
2025-12-14,meta,meta_bof,impressions,"817,267.00"
2025-12-14,meta,meta_bof,clicks,"10,362.00"
2025-12-14,meta,meta_bof,qs,0.00
2025-12-14,meta,meta_bof,cp,"1,633.00"
2025-12-14,meta,meta_tof,impressions,"750,046.00"
2025-12-14,meta,meta_tof,clicks,"7,867.00"
2025-12-14,meta,meta_tof,qs,0.00
2025-12-14,meta,meta_tof,cp,"1,958.00"
2025-12-15,google,search_brand,impressions,"29,701.00"
2025-12-15,google,search_brand,clicks,"2,707.00"
2025-12-15,google,search_brand,qs,604.41
2025-12-15,google,search_brand,cp,92.61
2025-12-15,google,search_nb,impressions,"113,705.00"
2025-12-15,google,search_nb,clicks,"3,775.00"
2025-12-15,google,search_nb,qs,"1,309.65"
2025-12-15,google,search_nb,cp,166.18
2025-12-15,google,search_pmax,impressions,"280,060.00"
2025-12-15,google,search_pmax,clicks,"2,193.00"
2025-12-15,google,search_pmax,qs,0.00
2025-12-15,google,search_pmax,cp,26.55
2025-12-15,google,youtube,impressions,"966,388.00"
2025-12-15,google,youtube,clicks,"2,687.00"
2025-12-15,google,youtube,qs,219.35
2025-12-15,google,youtube,cp,13.77
2025-12-15,meta,meta_bof,impressions,"1,140,229.00"
2025-12-15,meta,meta_bof,clicks,"12,222.00"
2025-12-15,meta,meta_bof,qs,0.00
2025-12-15,meta,meta_bof,cp,"1,649.00"
2025-12-15,meta,meta_tof,impressions,"716,994.00"
2025-12-15,meta,meta_tof,clicks,"7,023.00"
2025-12-15,meta,meta_tof,qs,0.00
2025-12-15,meta,meta_tof,cp,"1,852.00"
2025-12-16,google,search_brand,impressions,"29,165.00"
2025-12-16,google,search_brand,clicks,"2,660.00"
2025-12-16,google,search_brand,qs,512.70
2025-12-16,google,search_brand,cp,78.00
2025-12-16,google,search_nb,impressions,"120,790.00"
2025-12-16,google,search_nb,clicks,"3,466.00"
2025-12-16,google,search_nb,qs,"1,205.88"
2025-12-16,google,search_nb,cp,172.04
2025-12-16,google,search_pmax,impressions,"274,807.00"
2025-12-16,google,search_pmax,clicks,"2,150.00"
2025-12-16,google,search_pmax,qs,0.00
2025-12-16,google,search_pmax,cp,29.03
2025-12-16,google,youtube,impressions,"1,009,207.00"
2025-12-16,google,youtube,clicks,"2,852.00"
2025-12-16,google,youtube,qs,223.01
2025-12-16,google,youtube,cp,16.18
2025-12-16,meta,meta_bof,impressions,"1,277,297.00"
2025-12-16,meta,meta_bof,clicks,"17,125.00"
2025-12-16,meta,meta_bof,qs,0.00
2025-12-16,meta,meta_bof,cp,"1,957.00"
2025-12-16,meta,meta_tof,impressions,"715,088.00"
2025-12-16,meta,meta_tof,clicks,"6,752.00"
2025-12-16,meta,meta_tof,qs,0.00
2025-12-16,meta,meta_tof,cp,"1,493.00"
2025-12-16,tiktok,tiktok,impressions,"70,758.00"
2025-12-16,tiktok,tiktok,clicks,0.00
2025-12-16,tiktok,tiktok,qs,0.00
2025-12-16,tiktok,tiktok,cp,0.00
2025-12-17,google,search_brand,impressions,"49,548.00"
2025-12-17,google,search_brand,clicks,"2,387.00"
2025-12-17,google,search_brand,qs,456.17
2025-12-17,google,search_brand,cp,76.11
2025-12-17,google,search_nb,impressions,"109,636.00"
2025-12-17,google,search_nb,clicks,"3,771.00"
2025-12-17,google,search_nb,qs,"1,350.23"
2025-12-17,google,search_nb,cp,174.29
2025-12-17,google,search_pmax,impressions,"280,299.00"
2025-12-17,google,search_pmax,clicks,"2,192.00"
2025-12-17,google,search_pmax,qs,0.00
2025-12-17,google,search_pmax,cp,31.11
2025-12-17,google,youtube,impressions,"393,495.00"
2025-12-17,google,youtube,clicks,"1,320.00"
2025-12-17,google,youtube,qs,83.59
2025-12-17,google,youtube,cp,8.55
2025-12-17,meta,meta_bof,impressions,"988,291.00"
2025-12-17,meta,meta_bof,clicks,"11,984.00"
2025-12-17,meta,meta_bof,qs,0.00
2025-12-17,meta,meta_bof,cp,"1,623.00"
2025-12-17,meta,meta_tof,impressions,"642,474.00"
2025-12-17,meta,meta_tof,clicks,"6,061.00"
2025-12-17,meta,meta_tof,qs,0.00
2025-12-17,meta,meta_tof,cp,"1,414.00"
2025-12-17,tiktok,tiktok,impressions,"68,705.00"
2025-12-17,tiktok,tiktok,clicks,0.00
2025-12-17,tiktok,tiktok,qs,0.00
2025-12-17,tiktok,tiktok,cp,0.00
2025-12-18,google,search_brand,impressions,"60,224.00"
2025-12-18,google,search_brand,clicks,"2,610.00"
2025-12-18,google,search_brand,qs,514.05
2025-12-18,google,search_brand,cp,107.52
2025-12-18,google,search_nb,impressions,"91,161.00"
2025-12-18,google,search_nb,clicks,"3,524.00"
2025-12-18,google,search_nb,qs,"1,183.37"
2025-12-18,google,search_nb,cp,161.37
2025-12-18,google,search_pmax,impressions,"262,398.00"
2025-12-18,google,search_pmax,clicks,"2,156.00"
2025-12-18,google,search_pmax,qs,0.00
2025-12-18,google,search_pmax,cp,31.29
2025-12-18,google,youtube,impressions,"480,517.00"
2025-12-18,google,youtube,clicks,"1,312.00"
2025-12-18,google,youtube,qs,118.52
2025-12-18,google,youtube,cp,15.21
2025-12-18,meta,meta_bof,impressions,"434,588.00"
2025-12-18,meta,meta_bof,clicks,"4,861.00"
2025-12-18,meta,meta_bof,qs,0.00
2025-12-18,meta,meta_bof,cp,"1,285.00"
2025-12-18,meta,meta_tof,impressions,"513,540.00"
2025-12-18,meta,meta_tof,clicks,"5,118.00"
2025-12-18,meta,meta_tof,qs,0.00
2025-12-18,meta,meta_tof,cp,"1,241.00"
2025-12-18,tiktok,tiktok,impressions,"66,767.00"
2025-12-18,tiktok,tiktok,clicks,0.00
2025-12-18,tiktok,tiktok,qs,0.00
2025-12-18,tiktok,tiktok,cp,0.00
2025-12-19,google,search_brand,impressions,"61,728.00"
2025-12-19,google,search_brand,clicks,"2,315.00"
2025-12-19,google,search_brand,qs,392.18
2025-12-19,google,search_brand,cp,92.85
2025-12-19,google,search_nb,impressions,"69,984.00"
2025-12-19,google,search_nb,clicks,"2,611.00"
2025-12-19,google,search_nb,qs,869.92
2025-12-19,google,search_nb,cp,132.26
2025-12-19,google,search_pmax,impressions,"215,855.00"
2025-12-19,google,search_pmax,clicks,"1,968.00"
2025-12-19,google,search_pmax,qs,0.00
2025-12-19,google,search_pmax,cp,27.25
2025-12-19,google,youtube,impressions,"235,040.00"
2025-12-19,google,youtube,clicks,640.00
2025-12-19,google,youtube,qs,45.87
2025-12-19,google,youtube,cp,11.54
2025-12-19,meta,meta_bof,impressions,"399,366.00"
2025-12-19,meta,meta_bof,clicks,"4,472.00"
2025-12-19,meta,meta_bof,qs,0.00
2025-12-19,meta,meta_bof,cp,895.00
2025-12-19,meta,meta_tof,impressions,"484,417.00"
2025-12-19,meta,meta_tof,clicks,"4,295.00"
2025-12-19,meta,meta_tof,qs,0.00
2025-12-19,meta,meta_tof,cp,892.00
2025-12-19,tiktok,tiktok,impressions,"65,368.00"
2025-12-19,tiktok,tiktok,clicks,0.00
2025-12-19,tiktok,tiktok,qs,0.00
2025-12-19,tiktok,tiktok,cp,0.00
2025-12-20,google,search_brand,impressions,"72,029.00"
2025-12-20,google,search_brand,clicks,"2,273.00"
2025-12-20,google,search_brand,qs,442.36
2025-12-20,google,search_brand,cp,79.94
2025-12-20,google,search_nb,impressions,"85,654.00"
2025-12-20,google,search_nb,clicks,"2,554.00"
2025-12-20,google,search_nb,qs,828.75
2025-12-20,google,search_nb,cp,127.86
2025-12-20,google,search_pmax,impressions,"247,757.00"
2025-12-20,google,search_pmax,clicks,"1,905.00"
2025-12-20,google,search_pmax,qs,0.00
2025-12-20,google,search_pmax,cp,25.55
2025-12-20,google,youtube,impressions,"541,045.00"
2025-12-20,google,youtube,clicks,"1,497.00"
2025-12-20,google,youtube,qs,90.21
2025-12-20,google,youtube,cp,7.66
2025-12-20,meta,meta_bof,impressions,"368,258.00"
2025-12-20,meta,meta_bof,clicks,"3,914.00"
2025-12-20,meta,meta_bof,qs,0.00
2025-12-20,meta,meta_bof,cp,836.00
2025-12-20,meta,meta_tof,impressions,"535,556.00"
2025-12-20,meta,meta_tof,clicks,"4,727.00"
2025-12-20,meta,meta_tof,qs,0.00
2025-12-20,meta,meta_tof,cp,"1,039.00"
2025-12-20,tiktok,tiktok,impressions,"69,091.00"
2025-12-20,tiktok,tiktok,clicks,0.00
2025-12-20,tiktok,tiktok,qs,0.00
2025-12-20,tiktok,tiktok,cp,0.00
2025-12-21,google,search_brand,impressions,"89,396.00"
2025-12-21,google,search_brand,clicks,"2,910.00"
2025-12-21,google,search_brand,qs,500.92
2025-12-21,google,search_brand,cp,83.16
2025-12-21,google,search_nb,impressions,"104,895.00"
2025-12-21,google,search_nb,clicks,"3,176.00"
2025-12-21,google,search_nb,qs,932.07
2025-12-21,google,search_nb,cp,128.33
2025-12-21,google,search_pmax,impressions,"274,941.00"
2025-12-21,google,search_pmax,clicks,"2,350.00"
2025-12-21,google,search_pmax,qs,0.00
2025-12-21,google,search_pmax,cp,37.86
2025-12-21,google,youtube,impressions,"749,127.00"
2025-12-21,google,youtube,clicks,"2,050.00"
2025-12-21,google,youtube,qs,98.08
2025-12-21,google,youtube,cp,16.84
2025-12-21,meta,meta_bof,impressions,"475,544.00"
2025-12-21,meta,meta_bof,clicks,"4,925.00"
2025-12-21,meta,meta_bof,qs,278.00
2025-12-21,meta,meta_bof,cp,34.00
2025-12-21,meta,meta_tof,impressions,"706,561.00"
2025-12-21,meta,meta_tof,clicks,"6,006.00"
2025-12-21,meta,meta_tof,qs,467.00
2025-12-21,meta,meta_tof,cp,10.00
2025-12-21,tiktok,tiktok,impressions,"75,141.00"
2025-12-21,tiktok,tiktok,clicks,0.00
2025-12-21,tiktok,tiktok,qs,0.00
2025-12-21,tiktok,tiktok,cp,0.00
2025-12-22,google,search_brand,impressions,"86,384.00"
2025-12-22,google,search_brand,clicks,"2,685.00"
2025-12-22,google,search_brand,qs,504.41
2025-12-22,google,search_brand,cp,94.14
2025-12-22,google,search_nb,impressions,"92,654.00"
2025-12-22,google,search_nb,clicks,"2,916.00"
2025-12-22,google,search_nb,qs,922.01
2025-12-22,google,search_nb,cp,148.01
2025-12-22,google,search_pmax,impressions,"245,645.00"
2025-12-22,google,search_pmax,clicks,"2,171.00"
2025-12-22,google,search_pmax,qs,0.00
2025-12-22,google,search_pmax,cp,35.62
2025-12-22,google,youtube,impressions,"1,105,340.00"
2025-12-22,google,youtube,clicks,"2,898.00"
2025-12-22,google,youtube,qs,139.74
2025-12-22,google,youtube,cp,16.31
2025-12-22,meta,meta_bof,impressions,"401,719.00"
2025-12-22,meta,meta_bof,clicks,"3,840.00"
2025-12-22,meta,meta_bof,qs,220.00
2025-12-22,meta,meta_bof,cp,44.00
2025-12-22,meta,meta_tof,impressions,"343,469.00"
2025-12-22,meta,meta_tof,clicks,"3,769.00"
2025-12-22,meta,meta_tof,qs,272.00
2025-12-22,meta,meta_tof,cp,12.00
2025-12-22,tiktok,tiktok,impressions,"72,734.00"
2025-12-22,tiktok,tiktok,clicks,0.00
2025-12-22,tiktok,tiktok,qs,0.00
2025-12-22,tiktok,tiktok,cp,0.00
2025-12-23,google,search_brand,impressions,"74,370.00"
2025-12-23,google,search_brand,clicks,"2,603.00"
2025-12-23,google,search_brand,qs,393.31
2025-12-23,google,search_brand,cp,76.47
2025-12-23,google,search_nb,impressions,"81,564.00"
2025-12-23,google,search_nb,clicks,"2,504.00"
2025-12-23,google,search_nb,qs,762.06
2025-12-23,google,search_nb,cp,107.72
2025-12-23,google,search_pmax,impressions,"280,456.00"
2025-12-23,google,search_pmax,clicks,"1,987.00"
2025-12-23,google,search_pmax,qs,0.00
2025-12-23,google,search_pmax,cp,26.54
2025-12-23,google,youtube,impressions,"2,643,613.00"
2025-12-23,google,youtube,clicks,"5,934.00"
2025-12-23,google,youtube,qs,134.67
2025-12-23,google,youtube,cp,21.72
2025-12-23,meta,meta_bof,impressions,"567,082.00"
2025-12-23,meta,meta_bof,clicks,"4,815.00"
2025-12-23,meta,meta_bof,qs,224.00
2025-12-23,meta,meta_bof,cp,46.00
2025-12-23,meta,meta_tof,impressions,"235,898.00"
2025-12-23,meta,meta_tof,clicks,"2,727.00"
2025-12-23,meta,meta_tof,qs,190.00
2025-12-23,meta,meta_tof,cp,9.00
2025-12-23,tiktok,tiktok,impressions,"442,047.00"
2025-12-23,tiktok,tiktok,clicks,439.00
2025-12-23,tiktok,tiktok,qs,0.00
2025-12-23,tiktok,tiktok,cp,0.00
2025-12-24,google,search_brand,impressions,"65,479.00"
2025-12-24,google,search_brand,clicks,"2,477.00"
2025-12-24,google,search_brand,qs,373.22
2025-12-24,google,search_brand,cp,78.48
2025-12-24,google,search_nb,impressions,"78,108.00"
2025-12-24,google,search_nb,clicks,"2,139.00"
2025-12-24,google,search_nb,qs,695.38
2025-12-24,google,search_nb,cp,102.09
2025-12-24,google,search_pmax,impressions,"161,397.00"
2025-12-24,google,search_pmax,clicks,"1,456.00"
2025-12-24,google,search_pmax,qs,0.00
2025-12-24,google,search_pmax,cp,16.53
2025-12-24,google,youtube,impressions,"2,084,563.00"
2025-12-24,google,youtube,clicks,"5,650.00"
2025-12-24,google,youtube,qs,159.93
2025-12-24,google,youtube,cp,30.45
2025-12-24,meta,meta_bof,impressions,"736,814.00"
2025-12-24,meta,meta_bof,clicks,"5,231.00"
2025-12-24,meta,meta_bof,qs,228.00
2025-12-24,meta,meta_bof,cp,57.00
2025-12-24,meta,meta_tof,impressions,"238,543.00"
2025-12-24,meta,meta_tof,clicks,"2,494.00"
2025-12-24,meta,meta_tof,qs,141.00
2025-12-24,meta,meta_tof,cp,8.00
2025-12-24,tiktok,tiktok,impressions,"388,144.00"
2025-12-24,tiktok,tiktok,clicks,446.00
2025-12-24,tiktok,tiktok,qs,0.00
2025-12-24,tiktok,tiktok,cp,0.00
2025-12-25,google,search_brand,impressions,"59,942.00"
2025-12-25,google,search_brand,clicks,"2,084.00"
2025-12-25,google,search_brand,qs,304.81
2025-12-25,google,search_brand,cp,65.67
2025-12-25,google,search_nb,impressions,"74,969.00"
2025-12-25,google,search_nb,clicks,"2,290.00"
2025-12-25,google,search_nb,qs,712.85
2025-12-25,google,search_nb,cp,109.88
2025-12-25,google,search_pmax,impressions,"157,387.00"
2025-12-25,google,search_pmax,clicks,"1,420.00"
2025-12-25,google,search_pmax,qs,0.00
2025-12-25,google,search_pmax,cp,31.89
2025-12-25,google,youtube,impressions,"1,105,598.00"
2025-12-25,google,youtube,clicks,"3,620.00"
2025-12-25,google,youtube,qs,156.92
2025-12-25,google,youtube,cp,24.79
2025-12-25,meta,meta_bof,impressions,"468,729.00"
2025-12-25,meta,meta_bof,clicks,"3,187.00"
2025-12-25,meta,meta_bof,qs,203.00
2025-12-25,meta,meta_bof,cp,46.00
2025-12-25,meta,meta_tof,impressions,"223,991.00"
2025-12-25,meta,meta_tof,clicks,"2,161.00"
2025-12-25,meta,meta_tof,qs,166.00
2025-12-25,meta,meta_tof,cp,5.00
2025-12-25,tiktok,tiktok,impressions,"545,961.00"
2025-12-25,tiktok,tiktok,clicks,626.00
2025-12-25,tiktok,tiktok,qs,0.00
2025-12-25,tiktok,tiktok,cp,0.00
2025-12-26,google,search_brand,impressions,"53,231.00"
2025-12-26,google,search_brand,clicks,"3,920.00"
2025-12-26,google,search_brand,qs,779.96
2025-12-26,google,search_brand,cp,155.96
2025-12-26,google,search_nb,impressions,"148,605.00"
2025-12-26,google,search_nb,clicks,"6,068.00"
2025-12-26,google,search_nb,qs,"2,180.74"
2025-12-26,google,search_nb,cp,326.20
2025-12-26,google,search_pmax,impressions,"354,683.00"
2025-12-26,google,search_pmax,clicks,"3,400.00"
2025-12-26,google,search_pmax,qs,0.00
2025-12-26,google,search_pmax,cp,87.97
2025-12-26,google,youtube,impressions,"6,966,368.00"
2025-12-26,google,youtube,clicks,"68,041.00"
2025-12-26,google,youtube,qs,311.21
2025-12-26,google,youtube,cp,29.10
2025-12-26,meta,meta_bof,impressions,"6,616,992.00"
2025-12-26,meta,meta_bof,clicks,"61,638.00"
2025-12-26,meta,meta_bof,qs,"1,439.00"
2025-12-26,meta,meta_bof,cp,140.00
2025-12-26,meta,meta_tof,impressions,"1,493,855.00"
2025-12-26,meta,meta_tof,clicks,"24,503.00"
2025-12-26,meta,meta_tof,qs,900.00
2025-12-26,meta,meta_tof,cp,20.00
2025-12-26,tiktok,tiktok,impressions,"3,112,513.00"
2025-12-26,tiktok,tiktok,clicks,"4,833.00"
2025-12-26,tiktok,tiktok,qs,0.00
2025-12-26,tiktok,tiktok,cp,0.00
2025-12-27,google,search_brand,impressions,"32,386.00"
2025-12-27,google,search_brand,clicks,"2,551.00"
2025-12-27,google,search_brand,qs,598.27
2025-12-27,google,search_brand,cp,118.07
2025-12-27,google,search_nb,impressions,"215,316.00"
2025-12-27,google,search_nb,clicks,"8,185.00"
2025-12-27,google,search_nb,qs,"3,053.70"
2025-12-27,google,search_nb,cp,402.49
2025-12-27,google,search_pmax,impressions,"378,751.00"
2025-12-27,google,search_pmax,clicks,"3,741.00"
2025-12-27,google,search_pmax,qs,0.00
2025-12-27,google,search_pmax,cp,86.73
2025-12-27,google,youtube,impressions,"7,565,837.00"
2025-12-27,google,youtube,clicks,"67,399.00"
2025-12-27,google,youtube,qs,410.93
2025-12-27,google,youtube,cp,34.13
2025-12-27,meta,meta_bof,impressions,"3,805,619.00"
2025-12-27,meta,meta_bof,clicks,"49,535.00"
2025-12-27,meta,meta_bof,qs,"2,384.00"
2025-12-27,meta,meta_bof,cp,270.00
2025-12-27,meta,meta_tof,impressions,"3,563,973.00"
2025-12-27,meta,meta_tof,clicks,"40,678.00"
2025-12-27,meta,meta_tof,qs,"2,987.00"
2025-12-27,meta,meta_tof,cp,64.00
2025-12-27,tiktok,tiktok,impressions,"2,849,307.00"
2025-12-27,tiktok,tiktok,clicks,"4,861.00"
2025-12-27,tiktok,tiktok,qs,0.00
2025-12-27,tiktok,tiktok,cp,0.00
2025-12-28,google,search_brand,impressions,"29,141.00"
2025-12-28,google,search_brand,clicks,"2,603.00"
2025-12-28,google,search_brand,qs,600.79
2025-12-28,google,search_brand,cp,116.76
2025-12-28,google,search_nb,impressions,"244,235.00"
2025-12-28,google,search_nb,clicks,"10,168.00"
2025-12-28,google,search_nb,qs,"3,642.57"
2025-12-28,google,search_nb,cp,498.18
2025-12-28,google,search_pmax,impressions,"455,586.00"
2025-12-28,google,search_pmax,clicks,"3,877.00"
2025-12-28,google,search_pmax,qs,0.00
2025-12-28,google,search_pmax,cp,85.85
2025-12-28,google,youtube,impressions,"11,582,701.00"
2025-12-28,google,youtube,clicks,"96,336.00"
2025-12-28,google,youtube,qs,497.05
2025-12-28,google,youtube,cp,40.29
2025-12-28,meta,meta_bof,impressions,"6,041,162.00"
2025-12-28,meta,meta_bof,clicks,"51,599.00"
2025-12-28,meta,meta_bof,qs,"3,557.00"
2025-12-28,meta,meta_bof,cp,381.00
2025-12-28,meta,meta_tof,impressions,"2,992,441.00"
2025-12-28,meta,meta_tof,clicks,"47,404.00"
2025-12-28,meta,meta_tof,qs,"2,824.00"
2025-12-28,meta,meta_tof,cp,62.00
2025-12-28,tiktok,tiktok,impressions,"1,343,334.00"
2025-12-28,tiktok,tiktok,clicks,"2,796.00"
2025-12-28,tiktok,tiktok,qs,0.00
2025-12-28,tiktok,tiktok,cp,0.00
2025-12-29,google,search_brand,impressions,"54,981.00"
2025-12-29,google,search_brand,clicks,"5,405.00"
2025-12-29,google,search_brand,qs,"1,227.12"
2025-12-29,google,search_brand,cp,226.81
2025-12-29,google,search_nb,impressions,"192,477.00"
2025-12-29,google,search_nb,clicks,"10,162.00"
2025-12-29,google,search_nb,qs,"3,637.87"
2025-12-29,google,search_nb,cp,546.15
2025-12-29,google,search_pmax,impressions,"583,730.00"
2025-12-29,google,search_pmax,clicks,"5,646.00"
2025-12-29,google,search_pmax,qs,0.00
2025-12-29,google,search_pmax,cp,142.55
2025-12-29,google,youtube,impressions,"15,020,343.00"
2025-12-29,google,youtube,clicks,"116,704.00"
2025-12-29,google,youtube,qs,595.39
2025-12-29,google,youtube,cp,33.28
2025-12-29,meta,meta_bof,impressions,"6,563,527.00"
2025-12-29,meta,meta_bof,clicks,"49,052.00"
2025-12-29,meta,meta_bof,qs,"4,246.00"
2025-12-29,meta,meta_bof,cp,524.00
2025-12-29,meta,meta_tof,impressions,"3,277,079.00"
2025-12-29,meta,meta_tof,clicks,"74,403.00"
2025-12-29,meta,meta_tof,qs,"2,939.00"
2025-12-29,meta,meta_tof,cp,78.00
2025-12-29,tiktok,tiktok,impressions,"1,230,249.00"
2025-12-29,tiktok,tiktok,clicks,"2,490.00"
2025-12-29,tiktok,tiktok,qs,0.00
2025-12-29,tiktok,tiktok,cp,0.00
2025-12-30,google,search_brand,impressions,"50,919.00"
2025-12-30,google,search_brand,clicks,"4,854.00"
2025-12-30,google,search_brand,qs,983.29
2025-12-30,google,search_brand,cp,202.35
2025-12-30,google,search_nb,impressions,"189,510.00"
2025-12-30,google,search_nb,clicks,"9,617.00"
2025-12-30,google,search_nb,qs,"3,336.69"
2025-12-30,google,search_nb,cp,481.05
2025-12-30,google,search_pmax,impressions,"702,678.00"
2025-12-30,google,search_pmax,clicks,"5,972.00"
2025-12-30,google,search_pmax,qs,0.00
2025-12-30,google,search_pmax,cp,142.62
2025-12-30,google,youtube,impressions,"13,629,730.00"
2025-12-30,google,youtube,clicks,"97,656.00"
2025-12-30,google,youtube,qs,601.18
2025-12-30,google,youtube,cp,35.01
2025-12-30,meta,meta_bof,impressions,"6,264,650.00"
2025-12-30,meta,meta_bof,clicks,"49,199.00"
2025-12-30,meta,meta_bof,qs,"3,919.00"
2025-12-30,meta,meta_bof,cp,514.00
2025-12-30,meta,meta_tof,impressions,"2,536,364.00"
2025-12-30,meta,meta_tof,clicks,"52,817.00"
2025-12-30,meta,meta_tof,qs,"2,081.00"
2025-12-30,meta,meta_tof,cp,78.00
2025-12-30,tiktok,tiktok,impressions,"1,516,197.00"
2025-12-30,tiktok,tiktok,clicks,"2,803.00"
2025-12-30,tiktok,tiktok,qs,0.00
2025-12-30,tiktok,tiktok,cp,0.00
2025-12-31,google,search_brand,impressions,"55,026.00"
2025-12-31,google,search_brand,clicks,"5,477.00"
2025-12-31,google,search_brand,qs,978.94
2025-12-31,google,search_brand,cp,200.28
2025-12-31,google,search_nb,impressions,"186,641.00"
2025-12-31,google,search_nb,clicks,"8,979.00"
2025-12-31,google,search_nb,qs,"3,010.15"
2025-12-31,google,search_nb,cp,463.15
2025-12-31,google,search_pmax,impressions,"455,005.00"
2025-12-31,google,search_pmax,clicks,"4,072.00"
2025-12-31,google,search_pmax,qs,0.00
2025-12-31,google,search_pmax,cp,94.63
2025-12-31,google,youtube,impressions,"5,761,060.00"
2025-12-31,google,youtube,clicks,"48,853.00"
2025-12-31,google,youtube,qs,390.36
2025-12-31,google,youtube,cp,23.13
2025-12-31,meta,meta_bof,impressions,"6,695,301.00"
2025-12-31,meta,meta_bof,clicks,"50,174.00"
2025-12-31,meta,meta_bof,qs,"3,197.00"
2025-12-31,meta,meta_bof,cp,481.00
2025-12-31,meta,meta_tof,impressions,"2,436,470.00"
2025-12-31,meta,meta_tof,clicks,"27,166.00"
2025-12-31,meta,meta_tof,qs,"1,744.00"
2025-12-31,meta,meta_tof,cp,76.00
2025-12-31,tiktok,tiktok,impressions,"1,229,681.00"
2025-12-31,tiktok,tiktok,clicks,"2,443.00"
2025-12-31,tiktok,tiktok,qs,0.00
2025-12-31,tiktok,tiktok,cp,0.00
2026-01-01,google,search_brand,impressions,"59,583.00"
2026-01-01,google,search_brand,clicks,"5,878.00"
2026-01-01,google,search_brand,qs,"1,250.56"
2026-01-01,google,search_brand,cp,250.22
2026-01-01,google,search_nb,impressions,"212,142.00"
2026-01-01,google,search_nb,clicks,"10,406.00"
2026-01-01,google,search_nb,qs,"3,735.45"
2026-01-01,google,search_nb,cp,541.66
2026-01-01,google,search_pmax,impressions,"585,246.00"
2026-01-01,google,search_pmax,clicks,"5,055.00"
2026-01-01,google,search_pmax,qs,0.00
2026-01-01,google,search_pmax,cp,130.75
2026-01-01,google,youtube,impressions,"6,551,164.00"
2026-01-01,google,youtube,clicks,"76,751.00"
2026-01-01,google,youtube,qs,384.38
2026-01-01,google,youtube,cp,8.14
2026-01-01,meta,meta_bof,impressions,"7,393,306.00"
2026-01-01,meta,meta_bof,clicks,"61,815.00"
2026-01-01,meta,meta_bof,qs,"3,509.00"
2026-01-01,meta,meta_bof,cp,447.00
2026-01-01,meta,meta_tof,impressions,"2,494,819.00"
2026-01-01,meta,meta_tof,clicks,"27,300.00"
2026-01-01,meta,meta_tof,qs,"2,303.00"
2026-01-01,meta,meta_tof,cp,70.00
2026-01-01,tiktok,tiktok,impressions,"1,987,456.00"
2026-01-01,tiktok,tiktok,clicks,"4,885.00"
2026-01-01,tiktok,tiktok,qs,0.00
2026-01-01,tiktok,tiktok,cp,0.00
2026-01-02,google,search_brand,impressions,"93,057.00"
2026-01-02,google,search_brand,clicks,"7,337.00"
2026-01-02,google,search_brand,qs,"1,611.07"
2026-01-02,google,search_brand,cp,329.86
2026-01-02,google,search_nb,impressions,"229,412.00"
2026-01-02,google,search_nb,clicks,"11,404.00"
2026-01-02,google,search_nb,qs,"4,177.76"
2026-01-02,google,search_nb,cp,580.00
2026-01-02,google,search_pmax,impressions,"600,739.00"
2026-01-02,google,search_pmax,clicks,"4,850.00"
2026-01-02,google,search_pmax,qs,0.00
2026-01-02,google,search_pmax,cp,126.87
2026-01-02,google,youtube,impressions,"10,582,236.00"
2026-01-02,google,youtube,clicks,"129,579.00"
2026-01-02,google,youtube,qs,409.67
2026-01-02,google,youtube,cp,2.06
2026-01-02,meta,meta_bof,impressions,"7,420,890.00"
2026-01-02,meta,meta_bof,clicks,"62,698.00"
2026-01-02,meta,meta_bof,qs,"4,872.00"
2026-01-02,meta,meta_bof,cp,596.00
2026-01-02,meta,meta_tof,impressions,"2,181,437.00"
2026-01-02,meta,meta_tof,clicks,"29,077.00"
2026-01-02,meta,meta_tof,qs,"2,123.00"
2026-01-02,meta,meta_tof,cp,93.00
2026-01-02,tiktok,tiktok,impressions,"3,034,498.00"
2026-01-02,tiktok,tiktok,clicks,"6,395.00"
2026-01-02,tiktok,tiktok,qs,0.00
2026-01-02,tiktok,tiktok,cp,0.00
2026-01-03,google,search_brand,impressions,"82,167.00"
2026-01-03,google,search_brand,clicks,"6,831.00"
2026-01-03,google,search_brand,qs,"1,520.11"
2026-01-03,google,search_brand,cp,292.10
2026-01-03,google,search_nb,impressions,"189,565.00"
2026-01-03,google,search_nb,clicks,"10,434.00"
2026-01-03,google,search_nb,qs,"3,965.83"
2026-01-03,google,search_nb,cp,531.90
2026-01-03,google,search_pmax,impressions,"600,034.00"
2026-01-03,google,search_pmax,clicks,"4,859.00"
2026-01-03,google,search_pmax,qs,0.00
2026-01-03,google,search_pmax,cp,114.60
2026-01-03,google,youtube,impressions,"18,274,387.00"
2026-01-03,google,youtube,clicks,"230,213.00"
2026-01-03,google,youtube,qs,521.77
2026-01-03,google,youtube,cp,6.38
2026-01-03,meta,meta_bof,impressions,"7,818,571.00"
2026-01-03,meta,meta_bof,clicks,"59,426.00"
2026-01-03,meta,meta_bof,qs,"3,406.00"
2026-01-03,meta,meta_bof,cp,490.00
2026-01-03,meta,meta_tof,impressions,"2,027,107.00"
2026-01-03,meta,meta_tof,clicks,"22,783.00"
2026-01-03,meta,meta_tof,qs,"1,845.00"
2026-01-03,meta,meta_tof,cp,58.00
2026-01-03,tiktok,tiktok,impressions,"3,164,876.00"
2026-01-03,tiktok,tiktok,clicks,"6,494.00"
2026-01-03,tiktok,tiktok,qs,0.00
2026-01-03,tiktok,tiktok,cp,0.00
2026-01-04,google,search_brand,impressions,"41,932.00"
2026-01-04,google,search_brand,clicks,"3,395.00"
2026-01-04,google,search_brand,qs,809.38
2026-01-04,google,search_brand,cp,166.83
2026-01-04,google,search_nb,impressions,"211,200.00"
2026-01-04,google,search_nb,clicks,"11,498.00"
2026-01-04,google,search_nb,qs,"4,178.19"
2026-01-04,google,search_nb,cp,589.41
2026-01-04,google,search_pmax,impressions,"719,814.00"
2026-01-04,google,search_pmax,clicks,"5,586.00"
2026-01-04,google,search_pmax,qs,0.00
2026-01-04,google,search_pmax,cp,133.64
2026-01-04,google,youtube,impressions,"22,923,472.00"
2026-01-04,google,youtube,clicks,"277,725.00"
2026-01-04,google,youtube,qs,646.60
2026-01-04,google,youtube,cp,8.28
2026-01-04,meta,meta_bof,impressions,"8,992,455.00"
2026-01-04,meta,meta_bof,clicks,"76,834.00"
2026-01-04,meta,meta_bof,qs,"3,796.00"
2026-01-04,meta,meta_bof,cp,423.00
2026-01-04,meta,meta_tof,impressions,"2,699,510.00"
2026-01-04,meta,meta_tof,clicks,"35,444.00"
2026-01-04,meta,meta_tof,qs,"2,198.00"
2026-01-04,meta,meta_tof,cp,68.00
2026-01-04,tiktok,tiktok,impressions,"2,036,981.00"
2026-01-04,tiktok,tiktok,clicks,"4,165.00"
2026-01-04,tiktok,tiktok,qs,0.00
2026-01-04,tiktok,tiktok,cp,0.00
2026-01-05,google,search_brand,impressions,"82,544.00"
2026-01-05,google,search_brand,clicks,"6,402.00"
2026-01-05,google,search_brand,qs,"1,506.59"
2026-01-05,google,search_brand,cp,324.29
2026-01-05,google,search_nb,impressions,"227,771.00"
2026-01-05,google,search_nb,clicks,"9,813.00"
2026-01-05,google,search_nb,qs,"3,376.71"
2026-01-05,google,search_nb,cp,469.35
2026-01-05,google,search_pmax,impressions,"723,480.00"
2026-01-05,google,search_pmax,clicks,"5,349.00"
2026-01-05,google,search_pmax,qs,0.00
2026-01-05,google,search_pmax,cp,125.86
2026-01-05,google,youtube,impressions,"30,315,382.00"
2026-01-05,google,youtube,clicks,"369,386.00"
2026-01-05,google,youtube,qs,855.10
2026-01-05,google,youtube,cp,8.37
2026-01-05,meta,meta_bof,impressions,"8,249,214.00"
2026-01-05,meta,meta_bof,clicks,"63,060.00"
2026-01-05,meta,meta_bof,qs,"3,394.00"
2026-01-05,meta,meta_bof,cp,453.00
2026-01-05,meta,meta_tof,impressions,"2,313,209.00"
2026-01-05,meta,meta_tof,clicks,"27,921.00"
2026-01-05,meta,meta_tof,qs,"1,786.00"
2026-01-05,meta,meta_tof,cp,53.00
2026-01-05,tiktok,tiktok,impressions,"1,579,734.00"
2026-01-05,tiktok,tiktok,clicks,"3,343.00"
2026-01-05,tiktok,tiktok,qs,0.00
2026-01-05,tiktok,tiktok,cp,0.00
2026-01-06,google,search_brand,impressions,"49,218.00"
2026-01-06,google,search_brand,clicks,"4,723.00"
2026-01-06,google,search_brand,qs,"1,082.21"
2026-01-06,google,search_brand,cp,221.87
2026-01-06,google,search_nb,impressions,"318,069.00"
2026-01-06,google,search_nb,clicks,"10,200.00"
2026-01-06,google,search_nb,qs,"3,286.80"
2026-01-06,google,search_nb,cp,509.36
2026-01-06,google,search_pmax,impressions,"642,160.00"
2026-01-06,google,search_pmax,clicks,"5,040.00"
2026-01-06,google,search_pmax,qs,0.00
2026-01-06,google,search_pmax,cp,118.50
2026-01-06,google,youtube,impressions,"27,757,301.00"
2026-01-06,google,youtube,clicks,"341,866.00"
2026-01-06,google,youtube,qs,701.76
2026-01-06,google,youtube,cp,2.49
2026-01-06,meta,meta_bof,impressions,"7,136,862.00"
2026-01-06,meta,meta_bof,clicks,"61,784.00"
2026-01-06,meta,meta_bof,qs,"3,092.00"
2026-01-06,meta,meta_bof,cp,425.00
2026-01-06,meta,meta_tof,impressions,"2,563,098.00"
2026-01-06,meta,meta_tof,clicks,"28,269.00"
2026-01-06,meta,meta_tof,qs,"1,748.00"
2026-01-06,meta,meta_tof,cp,52.00
2026-01-06,tiktok,tiktok,impressions,"1,760,499.00"
2026-01-06,tiktok,tiktok,clicks,"3,710.00"
2026-01-06,tiktok,tiktok,qs,0.00
2026-01-06,tiktok,tiktok,cp,0.00
2026-01-07,google,search_brand,impressions,"46,273.00"
2026-01-07,google,search_brand,clicks,"4,838.00"
2026-01-07,google,search_brand,qs,"1,073.74"
2026-01-07,google,search_brand,cp,217.78
2026-01-07,google,search_nb,impressions,"264,343.00"
2026-01-07,google,search_nb,clicks,"9,607.00"
2026-01-07,google,search_nb,qs,"3,054.57"
2026-01-07,google,search_nb,cp,398.62
2026-01-07,google,search_pmax,impressions,"499,282.00"
2026-01-07,google,search_pmax,clicks,"4,129.00"
2026-01-07,google,search_pmax,qs,0.00
2026-01-07,google,search_pmax,cp,89.68
2026-01-07,google,youtube,impressions,"247,518.00"
2026-01-07,google,youtube,clicks,989.00
2026-01-07,google,youtube,qs,113.33
2026-01-07,google,youtube,cp,16.93
2026-01-07,meta,meta_bof,impressions,"7,799,930.00"
2026-01-07,meta,meta_bof,clicks,"75,745.00"
2026-01-07,meta,meta_bof,qs,"2,900.00"
2026-01-07,meta,meta_bof,cp,377.00
2026-01-07,meta,meta_tof,impressions,"2,233,197.00"
2026-01-07,meta,meta_tof,clicks,"24,220.00"
2026-01-07,meta,meta_tof,qs,"1,590.00"
2026-01-07,meta,meta_tof,cp,53.00
2026-01-07,tiktok,tiktok,impressions,"1,645,463.00"
2026-01-07,tiktok,tiktok,clicks,"3,259.00"
2026-01-07,tiktok,tiktok,qs,0.00
2026-01-07,tiktok,tiktok,cp,0.00
2026-01-08,google,search_brand,impressions,"50,639.00"
2026-01-08,google,search_brand,clicks,"4,709.00"
2026-01-08,google,search_brand,qs,975.93
2026-01-08,google,search_brand,cp,202.19
2026-01-08,google,search_nb,impressions,"305,068.00"
2026-01-08,google,search_nb,clicks,"9,609.00"
2026-01-08,google,search_nb,qs,"2,989.20"
2026-01-08,google,search_nb,cp,409.16
2026-01-08,google,search_pmax,impressions,"660,524.00"
2026-01-08,google,search_pmax,clicks,"5,095.00"
2026-01-08,google,search_pmax,qs,0.00
2026-01-08,google,search_pmax,cp,89.59
2026-01-08,google,youtube,impressions,"249,728.00"
2026-01-08,google,youtube,clicks,948.00
2026-01-08,google,youtube,qs,52.53
2026-01-08,google,youtube,cp,7.67
2026-01-08,meta,meta_bof,impressions,"8,447,799.00"
2026-01-08,meta,meta_bof,clicks,"84,561.00"
2026-01-08,meta,meta_bof,qs,"2,966.00"
2026-01-08,meta,meta_bof,cp,384.00
2026-01-08,meta,meta_tof,impressions,"2,285,252.00"
2026-01-08,meta,meta_tof,clicks,"22,276.00"
2026-01-08,meta,meta_tof,qs,"1,495.00"
2026-01-08,meta,meta_tof,cp,43.00
2026-01-08,tiktok,tiktok,impressions,"1,774,132.00"
2026-01-08,tiktok,tiktok,clicks,"3,730.00"
2026-01-08,tiktok,tiktok,qs,0.00
2026-01-08,tiktok,tiktok,cp,0.00
2026-01-09,google,search_brand,impressions,"53,151.00"
2026-01-09,google,search_brand,clicks,"4,763.00"
2026-01-09,google,search_brand,qs,979.07
2026-01-09,google,search_brand,cp,204.84
2026-01-09,google,search_nb,impressions,"237,869.00"
2026-01-09,google,search_nb,clicks,"7,356.00"
2026-01-09,google,search_nb,qs,"2,290.32"
2026-01-09,google,search_nb,cp,313.20
2026-01-09,google,search_pmax,impressions,"593,886.00"
2026-01-09,google,search_pmax,clicks,"4,743.00"
2026-01-09,google,search_pmax,qs,0.00
2026-01-09,google,search_pmax,cp,98.44
2026-01-09,google,youtube,impressions,"638,732.00"
2026-01-09,google,youtube,clicks,"1,881.00"
2026-01-09,google,youtube,qs,66.00
2026-01-09,google,youtube,cp,6.69
2026-01-09,meta,meta_bof,impressions,"6,993,340.00"
2026-01-09,meta,meta_bof,clicks,"78,342.00"
2026-01-09,meta,meta_bof,qs,"2,672.00"
2026-01-09,meta,meta_bof,cp,365.00
2026-01-09,meta,meta_tof,impressions,"2,228,218.00"
2026-01-09,meta,meta_tof,clicks,"25,416.00"
2026-01-09,meta,meta_tof,qs,"1,381.00"
2026-01-09,meta,meta_tof,cp,46.00
2026-01-09,tiktok,tiktok,impressions,"2,535,162.00"
2026-01-09,tiktok,tiktok,clicks,"4,877.00"
2026-01-09,tiktok,tiktok,qs,0.00
2026-01-09,tiktok,tiktok,cp,0.00
2026-01-10,google,search_brand,impressions,"59,126.00"
2026-01-10,google,search_brand,clicks,"4,768.00"
2026-01-10,google,search_brand,qs,985.22
2026-01-10,google,search_brand,cp,187.64
2026-01-10,google,search_nb,impressions,"202,405.00"
2026-01-10,google,search_nb,clicks,"6,530.00"
2026-01-10,google,search_nb,qs,"1,954.27"
2026-01-10,google,search_nb,cp,269.87
2026-01-10,google,search_pmax,impressions,"611,008.00"
2026-01-10,google,search_pmax,clicks,"4,739.00"
2026-01-10,google,search_pmax,qs,0.00
2026-01-10,google,search_pmax,cp,102.55
2026-01-10,google,youtube,impressions,"1,151,174.00"
2026-01-10,google,youtube,clicks,"3,311.00"
2026-01-10,google,youtube,qs,122.20
2026-01-10,google,youtube,cp,15.08
2026-01-10,meta,meta_bof,impressions,"5,068,501.00"
2026-01-10,meta,meta_bof,clicks,"61,930.00"
2026-01-10,meta,meta_bof,qs,"2,014.00"
2026-01-10,meta,meta_bof,cp,258.00
2026-01-10,meta,meta_tof,impressions,"2,160,195.00"
2026-01-10,meta,meta_tof,clicks,"22,314.00"
2026-01-10,meta,meta_tof,qs,"1,420.00"
2026-01-10,meta,meta_tof,cp,38.00
2026-01-10,tiktok,tiktok,impressions,"3,337,970.00"
2026-01-10,tiktok,tiktok,clicks,"6,783.00"
2026-01-10,tiktok,tiktok,qs,0.00
2026-01-10,tiktok,tiktok,cp,0.00
2026-01-11,google,search_brand,impressions,"54,922.00"
2026-01-11,google,search_brand,clicks,"5,035.00"
2026-01-11,google,search_brand,qs,"1,019.19"
2026-01-11,google,search_brand,cp,198.55
2026-01-11,google,search_nb,impressions,"216,809.00"
2026-01-11,google,search_nb,clicks,"7,411.00"
2026-01-11,google,search_nb,qs,"2,232.66"
2026-01-11,google,search_nb,cp,273.08
2026-01-11,google,search_pmax,impressions,"652,550.00"
2026-01-11,google,search_pmax,clicks,"5,292.00"
2026-01-11,google,search_pmax,qs,0.00
2026-01-11,google,search_pmax,cp,96.56
2026-01-11,google,youtube,impressions,"1,471,137.00"
2026-01-11,google,youtube,clicks,"4,107.00"
2026-01-11,google,youtube,qs,209.33
2026-01-11,google,youtube,cp,23.28
2026-01-11,meta,meta_bof,impressions,"4,665,420.00"
2026-01-11,meta,meta_bof,clicks,"50,624.00"
2026-01-11,meta,meta_bof,qs,"1,849.00"
2026-01-11,meta,meta_bof,cp,244.00
2026-01-11,meta,meta_tof,impressions,"2,309,320.00"
2026-01-11,meta,meta_tof,clicks,"20,364.00"
2026-01-11,meta,meta_tof,qs,"1,599.00"
2026-01-11,meta,meta_tof,cp,35.00
2026-01-11,tiktok,tiktok,impressions,"2,514,630.00"
2026-01-11,tiktok,tiktok,clicks,"5,250.00"
2026-01-11,tiktok,tiktok,qs,0.00
2026-01-11,tiktok,tiktok,cp,0.00
2026-01-12,google,search_brand,impressions,"46,976.00"
2026-01-12,google,search_brand,clicks,"5,018.00"
2026-01-12,google,search_brand,qs,936.65
2026-01-12,google,search_brand,cp,177.33
2026-01-12,google,search_nb,impressions,"236,512.00"
2026-01-12,google,search_nb,clicks,"7,593.00"
2026-01-12,google,search_nb,qs,"2,351.68"
2026-01-12,google,search_nb,cp,290.07
2026-01-12,google,search_pmax,impressions,"699,735.00"
2026-01-12,google,search_pmax,clicks,"5,628.00"
2026-01-12,google,search_pmax,qs,0.00
2026-01-12,google,search_pmax,cp,90.30
2026-01-12,google,youtube,impressions,"850,898.00"
2026-01-12,google,youtube,clicks,"2,238.00"
2026-01-12,google,youtube,qs,132.39
2026-01-12,google,youtube,cp,14.86
2026-01-12,meta,meta_bof,impressions,"3,722,503.00"
2026-01-12,meta,meta_bof,clicks,"41,477.00"
2026-01-12,meta,meta_bof,qs,"1,964.00"
2026-01-12,meta,meta_bof,cp,235.00
2026-01-12,meta,meta_tof,impressions,"2,249,969.00"
2026-01-12,meta,meta_tof,clicks,"19,017.00"
2026-01-12,meta,meta_tof,qs,"1,390.00"
2026-01-12,meta,meta_tof,cp,48.00
2026-01-12,tiktok,tiktok,impressions,"1,590,797.00"
2026-01-12,tiktok,tiktok,clicks,"3,086.00"
2026-01-12,tiktok,tiktok,qs,0.00
2026-01-12,tiktok,tiktok,cp,0.00
2026-01-13,google,search_brand,impressions,"48,623.00"
2026-01-13,google,search_brand,clicks,"5,178.00"
2026-01-13,google,search_brand,qs,872.36
2026-01-13,google,search_brand,cp,160.69
2026-01-13,google,search_nb,impressions,"266,982.00"
2026-01-13,google,search_nb,clicks,"8,789.00"
2026-01-13,google,search_nb,qs,"2,815.21"
2026-01-13,google,search_nb,cp,362.72
2026-01-13,google,search_pmax,impressions,"590,209.00"
2026-01-13,google,search_pmax,clicks,"4,999.00"
2026-01-13,google,search_pmax,qs,0.00
2026-01-13,google,search_pmax,cp,113.49
2026-01-13,google,youtube,impressions,"1,050,347.00"
2026-01-13,google,youtube,clicks,"2,651.00"
2026-01-13,google,youtube,qs,155.03
2026-01-13,google,youtube,cp,16.23
2026-01-13,meta,meta_bof,impressions,"4,088,146.00"
2026-01-13,meta,meta_bof,clicks,"41,942.00"
2026-01-13,meta,meta_bof,qs,"1,707.00"
2026-01-13,meta,meta_bof,cp,258.00
2026-01-13,meta,meta_tof,impressions,"2,658,804.00"
2026-01-13,meta,meta_tof,clicks,"20,957.00"
2026-01-13,meta,meta_tof,qs,"1,822.00"
2026-01-13,meta,meta_tof,cp,52.00
2026-01-13,tiktok,tiktok,impressions,"1,808,573.00"
2026-01-13,tiktok,tiktok,clicks,"3,596.00"
2026-01-13,tiktok,tiktok,qs,0.00
2026-01-13,tiktok,tiktok,cp,0.00
2026-01-14,google,search_brand,impressions,"27,253.00"
2026-01-14,google,search_brand,clicks,"2,778.00"
2026-01-14,google,search_brand,qs,542.98
2026-01-14,google,search_brand,cp,115.54
2026-01-14,google,search_nb,impressions,"152,146.00"
2026-01-14,google,search_nb,clicks,"6,254.00"
2026-01-14,google,search_nb,qs,"1,976.44"
2026-01-14,google,search_nb,cp,263.27
2026-01-14,google,search_pmax,impressions,"478,229.00"
2026-01-14,google,search_pmax,clicks,"3,772.00"
2026-01-14,google,search_pmax,qs,0.00
2026-01-14,google,search_pmax,cp,69.39
2026-01-14,google,youtube,impressions,"1,678,810.00"
2026-01-14,google,youtube,clicks,"3,701.00"
2026-01-14,google,youtube,qs,212.42
2026-01-14,google,youtube,cp,36.13
2026-01-14,meta,meta_bof,impressions,"5,619,159.00"
2026-01-14,meta,meta_bof,clicks,"52,393.00"
2026-01-14,meta,meta_bof,qs,"1,918.00"
2026-01-14,meta,meta_bof,cp,244.00
2026-01-14,meta,meta_tof,impressions,"2,822,045.00"
2026-01-14,meta,meta_tof,clicks,"21,933.00"
2026-01-14,meta,meta_tof,qs,"1,686.00"
2026-01-14,meta,meta_tof,cp,50.00
2026-01-14,tiktok,tiktok,impressions,"14,796,394.00"
2026-01-14,tiktok,tiktok,clicks,"2,884.00"
2026-01-14,tiktok,tiktok,qs,0.00
2026-01-14,tiktok,tiktok,cp,0.00
2026-01-15,google,search_brand,impressions,"25,723.00"
2026-01-15,google,search_brand,clicks,"2,606.00"
2026-01-15,google,search_brand,qs,537.25
2026-01-15,google,search_brand,cp,103.00
2026-01-15,google,search_nb,impressions,"144,305.00"
2026-01-15,google,search_nb,clicks,"6,165.00"
2026-01-15,google,search_nb,qs,"1,914.62"
2026-01-15,google,search_nb,cp,269.45
2026-01-15,google,search_pmax,impressions,"498,526.00"
2026-01-15,google,search_pmax,clicks,"4,129.00"
2026-01-15,google,search_pmax,qs,0.00
2026-01-15,google,search_pmax,cp,75.82
2026-01-15,google,youtube,impressions,"2,219,709.00"
2026-01-15,google,youtube,clicks,"4,818.00"
2026-01-15,google,youtube,qs,267.08
2026-01-15,google,youtube,cp,33.92
2026-01-15,meta,meta_bof,impressions,"9,427,055.00"
2026-01-15,meta,meta_bof,clicks,"90,298.00"
2026-01-15,meta,meta_bof,qs,"2,936.00"
2026-01-15,meta,meta_bof,cp,309.00
2026-01-15,meta,meta_tof,impressions,"3,686,839.00"
2026-01-15,meta,meta_tof,clicks,"33,725.00"
2026-01-15,meta,meta_tof,qs,"2,103.00"
2026-01-15,meta,meta_tof,cp,53.00
2026-01-15,tiktok,tiktok,impressions,"8,375,224.00"
2026-01-15,tiktok,tiktok,clicks,"3,796.00"
2026-01-15,tiktok,tiktok,qs,0.00
2026-01-15,tiktok,tiktok,cp,0.00
2026-01-16,google,search_brand,impressions,"24,727.00"
2026-01-16,google,search_brand,clicks,"2,544.00"
2026-01-16,google,search_brand,qs,486.91
2026-01-16,google,search_brand,cp,84.20
2026-01-16,google,search_nb,impressions,"145,780.00"
2026-01-16,google,search_nb,clicks,"6,162.00"
2026-01-16,google,search_nb,qs,"1,961.81"
2026-01-16,google,search_nb,cp,277.05
2026-01-16,google,search_pmax,impressions,"512,241.00"
2026-01-16,google,search_pmax,clicks,"4,161.00"
2026-01-16,google,search_pmax,qs,0.00
2026-01-16,google,search_pmax,cp,102.07
2026-01-16,google,youtube,impressions,"2,882,019.00"
2026-01-16,google,youtube,clicks,"6,210.00"
2026-01-16,google,youtube,qs,284.53
2026-01-16,google,youtube,cp,35.52
2026-01-16,meta,meta_bof,impressions,"7,917,828.00"
2026-01-16,meta,meta_bof,clicks,"80,237.00"
2026-01-16,meta,meta_bof,qs,"2,473.00"
2026-01-16,meta,meta_bof,cp,370.00
2026-01-16,meta,meta_tof,impressions,"3,406,274.00"
2026-01-16,meta,meta_tof,clicks,"30,369.00"
2026-01-16,meta,meta_tof,qs,"2,243.00"
2026-01-16,meta,meta_tof,cp,51.00
2026-01-16,tiktok,tiktok,impressions,"29,891.00"
2026-01-16,tiktok,tiktok,clicks,18.00
2026-01-16,tiktok,tiktok,qs,0.00
2026-01-16,tiktok,tiktok,cp,0.00
2026-01-17,google,search_brand,impressions,"26,134.00"
2026-01-17,google,search_brand,clicks,"2,419.00"
2026-01-17,google,search_brand,qs,491.63
2026-01-17,google,search_brand,cp,106.74
2026-01-17,google,search_nb,impressions,"143,079.00"
2026-01-17,google,search_nb,clicks,"6,230.00"
2026-01-17,google,search_nb,qs,"1,944.98"
2026-01-17,google,search_nb,cp,262.44
2026-01-17,google,search_pmax,impressions,"466,645.00"
2026-01-17,google,search_pmax,clicks,"4,016.00"
2026-01-17,google,search_pmax,qs,0.00
2026-01-17,google,search_pmax,cp,70.19
2026-01-17,google,youtube,impressions,"4,653,112.00"
2026-01-17,google,youtube,clicks,"10,043.00"
2026-01-17,google,youtube,qs,364.31
2026-01-17,google,youtube,cp,43.78
2026-01-17,meta,meta_bof,impressions,"6,721,355.00"
2026-01-17,meta,meta_bof,clicks,"76,016.00"
2026-01-17,meta,meta_bof,qs,"2,349.00"
2026-01-17,meta,meta_bof,cp,284.00
2026-01-17,meta,meta_tof,impressions,"3,031,922.00"
2026-01-17,meta,meta_tof,clicks,"28,495.00"
2026-01-17,meta,meta_tof,qs,"2,287.00"
2026-01-17,meta,meta_tof,cp,48.00
2026-01-17,tiktok,tiktok,impressions,"2,286.00"
2026-01-17,tiktok,tiktok,clicks,0.00
2026-01-17,tiktok,tiktok,qs,0.00
2026-01-17,tiktok,tiktok,cp,0.00
2026-01-18,google,search_brand,impressions,"28,719.00"
2026-01-18,google,search_brand,clicks,"2,915.00"
2026-01-18,google,search_brand,qs,576.93
2026-01-18,google,search_brand,cp,73.16
2026-01-18,google,search_nb,impressions,"140,154.00"
2026-01-18,google,search_nb,clicks,"6,411.00"
2026-01-18,google,search_nb,qs,"2,042.64"
2026-01-18,google,search_nb,cp,298.65
2026-01-18,google,search_pmax,impressions,"461,415.00"
2026-01-18,google,search_pmax,clicks,"4,112.00"
2026-01-18,google,search_pmax,qs,0.00
2026-01-18,google,search_pmax,cp,69.74
2026-01-18,google,youtube,impressions,"6,283,063.00"
2026-01-18,google,youtube,clicks,"13,417.00"
2026-01-18,google,youtube,qs,580.52
2026-01-18,google,youtube,cp,60.17
2026-01-18,meta,meta_bof,impressions,"6,847,532.00"
2026-01-18,meta,meta_bof,clicks,"86,696.00"
2026-01-18,meta,meta_bof,qs,"2,586.00"
2026-01-18,meta,meta_bof,cp,283.00
2026-01-18,meta,meta_tof,impressions,"3,828,501.00"
2026-01-18,meta,meta_tof,clicks,"31,195.00"
2026-01-18,meta,meta_tof,qs,"2,891.00"
2026-01-18,meta,meta_tof,cp,53.00
2026-01-18,tiktok,tiktok,impressions,"1,048.00"
2026-01-18,tiktok,tiktok,clicks,0.00
2026-01-18,tiktok,tiktok,qs,0.00
2026-01-18,tiktok,tiktok,cp,0.00
2026-01-19,google,search_brand,impressions,"27,697.00"
2026-01-19,google,search_brand,clicks,"2,865.00"
2026-01-19,google,search_brand,qs,555.97
2026-01-19,google,search_brand,cp,87.89
2026-01-19,google,search_nb,impressions,"169,224.00"
2026-01-19,google,search_nb,clicks,"6,883.00"
2026-01-19,google,search_nb,qs,"2,079.22"
2026-01-19,google,search_nb,cp,281.97
2026-01-19,google,search_pmax,impressions,"499,737.00"
2026-01-19,google,search_pmax,clicks,"5,077.00"
2026-01-19,google,search_pmax,qs,0.00
2026-01-19,google,search_pmax,cp,65.08
2026-01-19,google,youtube,impressions,"6,198,701.00"
2026-01-19,google,youtube,clicks,"15,070.00"
2026-01-19,google,youtube,qs,502.87
2026-01-19,google,youtube,cp,56.46
2026-01-19,meta,meta_bof,impressions,"6,349,501.00"
2026-01-19,meta,meta_bof,clicks,"73,978.00"
2026-01-19,meta,meta_bof,qs,"2,339.00"
2026-01-19,meta,meta_bof,cp,278.00
2026-01-19,meta,meta_tof,impressions,"3,724,282.00"
2026-01-19,meta,meta_tof,clicks,"29,319.00"
2026-01-19,meta,meta_tof,qs,"2,385.00"
2026-01-19,meta,meta_tof,cp,40.00
2026-01-19,tiktok,tiktok,impressions,"1,011.00"
2026-01-19,tiktok,tiktok,clicks,0.00
2026-01-19,tiktok,tiktok,qs,0.00
2026-01-19,tiktok,tiktok,cp,0.00
2026-01-20,google,search_brand,impressions,"26,503.00"
2026-01-20,google,search_brand,clicks,"2,734.00"
2026-01-20,google,search_brand,qs,557.36
2026-01-20,google,search_brand,cp,106.10
2026-01-20,google,search_nb,impressions,"175,312.00"
2026-01-20,google,search_nb,clicks,"7,364.00"
2026-01-20,google,search_nb,qs,"2,111.59"
2026-01-20,google,search_nb,cp,275.65
2026-01-20,google,search_pmax,impressions,"506,267.00"
2026-01-20,google,search_pmax,clicks,"4,357.00"
2026-01-20,google,search_pmax,qs,0.00
2026-01-20,google,search_pmax,cp,69.74
2026-01-20,google,youtube,impressions,"6,308,066.00"
2026-01-20,google,youtube,clicks,"16,151.00"
2026-01-20,google,youtube,qs,515.85
2026-01-20,google,youtube,cp,43.63
2026-01-20,meta,meta_bof,impressions,"5,632,821.00"
2026-01-20,meta,meta_bof,clicks,"73,912.00"
2026-01-20,meta,meta_bof,qs,"1,929.00"
2026-01-20,meta,meta_bof,cp,259.00
2026-01-20,meta,meta_tof,impressions,"3,680,127.00"
2026-01-20,meta,meta_tof,clicks,"27,843.00"
2026-01-20,meta,meta_tof,qs,"2,261.00"
2026-01-20,meta,meta_tof,cp,63.00
2026-01-20,tiktok,tiktok,impressions,530.00
2026-01-20,tiktok,tiktok,clicks,0.00
2026-01-20,tiktok,tiktok,qs,0.00
2026-01-20,tiktok,tiktok,cp,0.00
2026-01-21,google,search_brand,impressions,"23,523.00"
2026-01-21,google,search_brand,clicks,"2,503.00"
2026-01-21,google,search_brand,qs,517.49
2026-01-21,google,search_brand,cp,79.94
2026-01-21,google,search_nb,impressions,"170,443.00"
2026-01-21,google,search_nb,clicks,"6,600.00"
2026-01-21,google,search_nb,qs,"1,817.50"
2026-01-21,google,search_nb,cp,208.77
2026-01-21,google,search_pmax,impressions,"499,231.00"
2026-01-21,google,search_pmax,clicks,"4,131.00"
2026-01-21,google,search_pmax,qs,0.00
2026-01-21,google,search_pmax,cp,74.19
2026-01-21,google,youtube,impressions,"6,653,940.00"
2026-01-21,google,youtube,clicks,"17,633.00"
2026-01-21,google,youtube,qs,520.46
2026-01-21,google,youtube,cp,37.61
2026-01-21,meta,meta_bof,impressions,"5,549,574.00"
2026-01-21,meta,meta_bof,clicks,"75,834.00"
2026-01-21,meta,meta_bof,qs,"1,898.00"
2026-01-21,meta,meta_bof,cp,256.00
2026-01-21,meta,meta_tof,impressions,"3,248,952.00"
2026-01-21,meta,meta_tof,clicks,"26,603.00"
2026-01-21,meta,meta_tof,qs,"2,101.00"
2026-01-21,meta,meta_tof,cp,48.00
2026-01-21,tiktok,tiktok,impressions,54.00
2026-01-21,tiktok,tiktok,clicks,0.00
2026-01-21,tiktok,tiktok,qs,0.00
2026-01-21,tiktok,tiktok,cp,0.00
2026-01-22,google,search_brand,impressions,"46,340.00"
2026-01-22,google,search_brand,clicks,"5,128.00"
2026-01-22,google,search_brand,qs,984.45
2026-01-22,google,search_brand,cp,171.94
2026-01-22,google,search_nb,impressions,"154,422.00"
2026-01-22,google,search_nb,clicks,"6,038.00"
2026-01-22,google,search_nb,qs,"1,471.54"
2026-01-22,google,search_nb,cp,207.34
2026-01-22,google,search_pmax,impressions,"481,814.00"
2026-01-22,google,search_pmax,clicks,"4,017.00"
2026-01-22,google,search_pmax,qs,0.00
2026-01-22,google,search_pmax,cp,80.86
2026-01-22,google,youtube,impressions,"8,349,011.00"
2026-01-22,google,youtube,clicks,"21,460.00"
2026-01-22,google,youtube,qs,430.81
2026-01-22,google,youtube,cp,44.28
2026-01-22,meta,meta_bof,impressions,"5,747,364.00"
2026-01-22,meta,meta_bof,clicks,"78,705.00"
2026-01-22,meta,meta_bof,qs,"2,338.00"
2026-01-22,meta,meta_bof,cp,282.00
2026-01-22,meta,meta_tof,impressions,"3,628,821.00"
2026-01-22,meta,meta_tof,clicks,"35,698.00"
2026-01-22,meta,meta_tof,qs,"2,455.00"
2026-01-22,meta,meta_tof,cp,57.00
2026-01-22,tiktok,tiktok,impressions,3.00
2026-01-22,tiktok,tiktok,clicks,0.00
2026-01-22,tiktok,tiktok,qs,0.00
2026-01-22,tiktok,tiktok,cp,0.00
2026-01-23,google,search_brand,impressions,"43,466.00"
2026-01-23,google,search_brand,clicks,"4,660.00"
2026-01-23,google,search_brand,qs,936.51
2026-01-23,google,search_brand,cp,183.64
2026-01-23,google,search_nb,impressions,"156,121.00"
2026-01-23,google,search_nb,clicks,"5,758.00"
2026-01-23,google,search_nb,qs,"1,400.27"
2026-01-23,google,search_nb,cp,229.43
2026-01-23,google,search_pmax,impressions,"287,952.00"
2026-01-23,google,search_pmax,clicks,"2,566.00"
2026-01-23,google,search_pmax,qs,0.00
2026-01-23,google,search_pmax,cp,56.17
2026-01-23,google,youtube,impressions,"7,854,812.00"
2026-01-23,google,youtube,clicks,"19,340.00"
2026-01-23,google,youtube,qs,427.32
2026-01-23,google,youtube,cp,37.86
2026-01-23,meta,meta_bof,impressions,"4,939,195.00"
2026-01-23,meta,meta_bof,clicks,"67,472.00"
2026-01-23,meta,meta_bof,qs,"1,758.00"
2026-01-23,meta,meta_bof,cp,342.00
2026-01-23,meta,meta_tof,impressions,"3,457,662.00"
2026-01-23,meta,meta_tof,clicks,"31,202.00"
2026-01-23,meta,meta_tof,qs,"2,188.00"
2026-01-23,meta,meta_tof,cp,70.00
2026-01-23,tiktok,tiktok,impressions,0.00
2026-01-23,tiktok,tiktok,clicks,0.00
2026-01-23,tiktok,tiktok,qs,0.00
2026-01-23,tiktok,tiktok,cp,0.00
2026-01-24,google,search_brand,impressions,"56,817.00"
2026-01-24,google,search_brand,clicks,"5,175.00"
2026-01-24,google,search_brand,qs,"1,092.07"
2026-01-24,google,search_brand,cp,159.01
2026-01-24,google,search_nb,impressions,"149,007.00"
2026-01-24,google,search_nb,clicks,"5,976.00"
2026-01-24,google,search_nb,qs,"1,464.24"
2026-01-24,google,search_nb,cp,207.62
2026-01-24,google,search_pmax,impressions,"316,222.00"
2026-01-24,google,search_pmax,clicks,"2,416.00"
2026-01-24,google,search_pmax,qs,0.00
2026-01-24,google,search_pmax,cp,69.96
2026-01-24,google,youtube,impressions,"8,336,849.00"
2026-01-24,google,youtube,clicks,"20,065.00"
2026-01-24,google,youtube,qs,443.59
2026-01-24,google,youtube,cp,41.34
2026-01-24,meta,meta_bof,impressions,"5,574,130.00"
2026-01-24,meta,meta_bof,clicks,"75,869.00"
2026-01-24,meta,meta_bof,qs,"1,847.00"
2026-01-24,meta,meta_bof,cp,312.00
2026-01-24,meta,meta_tof,impressions,"3,436,856.00"
2026-01-24,meta,meta_tof,clicks,"30,525.00"
2026-01-24,meta,meta_tof,qs,"2,514.00"
2026-01-24,meta,meta_tof,cp,47.00
2026-01-24,tiktok,tiktok,impressions,0.00
2026-01-24,tiktok,tiktok,clicks,0.00
2026-01-24,tiktok,tiktok,qs,0.00
2026-01-24,tiktok,tiktok,cp,0.00
2026-01-25,google,search_brand,impressions,"60,383.00"
2026-01-25,google,search_brand,clicks,"5,850.00"
2026-01-25,google,search_brand,qs,"1,211.21"
2026-01-25,google,search_brand,cp,218.72
2026-01-25,google,search_nb,impressions,"130,257.00"
2026-01-25,google,search_nb,clicks,"5,977.00"
2026-01-25,google,search_nb,qs,"1,555.31"
2026-01-25,google,search_nb,cp,204.21
2026-01-25,google,search_pmax,impressions,"510,392.00"
2026-01-25,google,search_pmax,clicks,"4,228.00"
2026-01-25,google,search_pmax,qs,0.00
2026-01-25,google,search_pmax,cp,71.89
2026-01-25,google,youtube,impressions,"8,556,410.00"
2026-01-25,google,youtube,clicks,"19,919.00"
2026-01-25,google,youtube,qs,465.64
2026-01-25,google,youtube,cp,44.98
2026-01-25,meta,meta_bof,impressions,"5,803,777.00"
2026-01-25,meta,meta_bof,clicks,"86,866.00"
2026-01-25,meta,meta_bof,qs,"2,026.00"
2026-01-25,meta,meta_bof,cp,312.00
2026-01-25,meta,meta_tof,impressions,"4,092,252.00"
2026-01-25,meta,meta_tof,clicks,"37,601.00"
2026-01-25,meta,meta_tof,qs,"2,903.00"
2026-01-25,meta,meta_tof,cp,53.00
2026-01-25,tiktok,tiktok,impressions,0.00
2026-01-25,tiktok,tiktok,clicks,0.00
2026-01-25,tiktok,tiktok,qs,0.00
2026-01-25,tiktok,tiktok,cp,0.00
2026-01-26,google,search_brand,impressions,"56,703.00"
2026-01-26,google,search_brand,clicks,"5,754.00"
2026-01-26,google,search_brand,qs,"1,036.09"
2026-01-26,google,search_brand,cp,195.27
2026-01-26,google,search_nb,impressions,"135,469.00"
2026-01-26,google,search_nb,clicks,"5,921.00"
2026-01-26,google,search_nb,qs,"1,647.25"
2026-01-26,google,search_nb,cp,231.55
2026-01-26,google,search_pmax,impressions,"459,305.00"
2026-01-26,google,search_pmax,clicks,"3,588.00"
2026-01-26,google,search_pmax,qs,0.00
2026-01-26,google,search_pmax,cp,63.91
2026-01-26,google,youtube,impressions,"7,695,000.00"
2026-01-26,google,youtube,clicks,"16,576.00"
2026-01-26,google,youtube,qs,381.29
2026-01-26,google,youtube,cp,39.25
2026-01-26,meta,meta_bof,impressions,"3,138,056.00"
2026-01-26,meta,meta_bof,clicks,"32,188.00"
2026-01-26,meta,meta_bof,qs,"1,305.00"
2026-01-26,meta,meta_bof,cp,226.00
2026-01-26,meta,meta_tof,impressions,"834,088.00"
2026-01-26,meta,meta_tof,clicks,"6,887.00"
2026-01-26,meta,meta_tof,qs,791.00
2026-01-26,meta,meta_tof,cp,31.00
2026-01-26,tiktok,tiktok,impressions,0.00
2026-01-26,tiktok,tiktok,clicks,0.00
2026-01-26,tiktok,tiktok,qs,0.00
2026-01-26,tiktok,tiktok,cp,0.00
2026-01-27,google,search_brand,impressions,"58,646.00"
2026-01-27,google,search_brand,clicks,"5,414.00"
2026-01-27,google,search_brand,qs,887.49
2026-01-27,google,search_brand,cp,177.53
2026-01-27,google,search_nb,impressions,"119,625.00"
2026-01-27,google,search_nb,clicks,"5,290.00"
2026-01-27,google,search_nb,qs,"1,340.89"
2026-01-27,google,search_nb,cp,194.71
2026-01-27,google,search_pmax,impressions,"402,838.00"
2026-01-27,google,search_pmax,clicks,"3,443.00"
2026-01-27,google,search_pmax,qs,0.00
2026-01-27,google,search_pmax,cp,70.98
2026-01-27,google,youtube,impressions,"8,732,374.00"
2026-01-27,google,youtube,clicks,"19,868.00"
2026-01-27,google,youtube,qs,380.74
2026-01-27,google,youtube,cp,48.11
2026-01-27,meta,meta_bof,impressions,0.00
2026-01-27,meta,meta_bof,clicks,0.00
2026-01-27,meta,meta_bof,qs,541.00
2026-01-27,meta,meta_bof,cp,127.00
2026-01-27,meta,meta_tof,impressions,0.00
2026-01-27,meta,meta_tof,clicks,0.00
2026-01-27,meta,meta_tof,qs,164.00
2026-01-27,meta,meta_tof,cp,19.00
2026-01-27,tiktok,tiktok,impressions,0.00
2026-01-27,tiktok,tiktok,clicks,0.00
2026-01-27,tiktok,tiktok,qs,0.00
2026-01-27,tiktok,tiktok,cp,0.00
2026-01-28,google,search_brand,impressions,"43,891.00"
2026-01-28,google,search_brand,clicks,"4,581.00"
2026-01-28,google,search_brand,qs,777.04
2026-01-28,google,search_brand,cp,178.01
2026-01-28,google,search_nb,impressions,"124,198.00"
2026-01-28,google,search_nb,clicks,"5,519.00"
2026-01-28,google,search_nb,qs,"1,334.66"
2026-01-28,google,search_nb,cp,183.51
2026-01-28,google,search_pmax,impressions,"409,378.00"
2026-01-28,google,search_pmax,clicks,"3,525.00"
2026-01-28,google,search_pmax,qs,0.00
2026-01-28,google,search_pmax,cp,72.22
2026-01-28,google,youtube,impressions,"5,472,810.00"
2026-01-28,google,youtube,clicks,"14,022.00"
2026-01-28,google,youtube,qs,341.98
2026-01-28,google,youtube,cp,38.70
2026-01-28,meta,meta_bof,impressions,0.00
2026-01-28,meta,meta_bof,clicks,0.00
2026-01-28,meta,meta_bof,qs,266.00
2026-01-28,meta,meta_bof,cp,111.00
2026-01-28,meta,meta_tof,impressions,0.00
2026-01-28,meta,meta_tof,clicks,0.00
2026-01-28,meta,meta_tof,qs,130.00
2026-01-28,meta,meta_tof,cp,18.00
2026-01-28,tiktok,tiktok,impressions,0.00
2026-01-28,tiktok,tiktok,clicks,0.00
2026-01-28,tiktok,tiktok,qs,0.00
2026-01-28,tiktok,tiktok,cp,0.00
2026-01-29,google,search_brand,impressions,"44,321.00"
2026-01-29,google,search_brand,clicks,"4,406.00"
2026-01-29,google,search_brand,qs,727.63
2026-01-29,google,search_brand,cp,149.55
2026-01-29,google,search_nb,impressions,"128,422.00"
2026-01-29,google,search_nb,clicks,"5,445.00"
2026-01-29,google,search_nb,qs,"1,366.37"
2026-01-29,google,search_nb,cp,200.11
2026-01-29,google,search_pmax,impressions,"428,916.00"
2026-01-29,google,search_pmax,clicks,"3,523.00"
2026-01-29,google,search_pmax,qs,0.00
2026-01-29,google,search_pmax,cp,73.92
2026-01-29,google,youtube,impressions,"4,658,135.00"
2026-01-29,google,youtube,clicks,"12,020.00"
2026-01-29,google,youtube,qs,226.46
2026-01-29,google,youtube,cp,27.77
2026-01-29,meta,meta_bof,impressions,0.00
2026-01-29,meta,meta_bof,clicks,0.00
2026-01-29,meta,meta_bof,qs,239.00
2026-01-29,meta,meta_bof,cp,94.00
2026-01-29,meta,meta_tof,impressions,0.00
2026-01-29,meta,meta_tof,clicks,0.00
2026-01-29,meta,meta_tof,qs,120.00
2026-01-29,meta,meta_tof,cp,15.00
2026-01-29,tiktok,tiktok,impressions,0.00
2026-01-29,tiktok,tiktok,clicks,0.00
2026-01-29,tiktok,tiktok,qs,0.00
2026-01-29,tiktok,tiktok,cp,0.00
2026-01-30,google,search_brand,impressions,"43,764.00"
2026-01-30,google,search_brand,clicks,"4,084.00"
2026-01-30,google,search_brand,qs,633.61
2026-01-30,google,search_brand,cp,171.95
2026-01-30,google,search_nb,impressions,"139,772.00"
2026-01-30,google,search_nb,clicks,"5,544.00"
2026-01-30,google,search_nb,qs,"1,459.45"
2026-01-30,google,search_nb,cp,250.07
2026-01-30,google,search_pmax,impressions,"372,880.00"
2026-01-30,google,search_pmax,clicks,"2,400.00"
2026-01-30,google,search_pmax,qs,0.00
2026-01-30,google,search_pmax,cp,56.67
2026-01-30,google,youtube,impressions,"4,587,707.00"
2026-01-30,google,youtube,clicks,"12,425.00"
2026-01-30,google,youtube,qs,236.78
2026-01-30,google,youtube,cp,20.98
2026-01-30,meta,meta_bof,impressions,0.00
2026-01-30,meta,meta_bof,clicks,0.00
2026-01-30,meta,meta_bof,qs,194.00
2026-01-30,meta,meta_bof,cp,101.00
2026-01-30,meta,meta_tof,impressions,0.00
2026-01-30,meta,meta_tof,clicks,0.00
2026-01-30,meta,meta_tof,qs,82.00
2026-01-30,meta,meta_tof,cp,12.00
2026-01-30,tiktok,tiktok,impressions,0.00
2026-01-30,tiktok,tiktok,clicks,0.00
2026-01-30,tiktok,tiktok,qs,0.00
2026-01-30,tiktok,tiktok,cp,0.00
2026-01-31,google,search_brand,impressions,"50,650.00"
2026-01-31,google,search_brand,clicks,"4,129.00"
2026-01-31,google,search_brand,qs,622.43
2026-01-31,google,search_brand,cp,137.74
2026-01-31,google,search_nb,impressions,"148,333.00"
2026-01-31,google,search_nb,clicks,"4,722.00"
2026-01-31,google,search_nb,qs,"1,119.51"
2026-01-31,google,search_nb,cp,174.61
2026-01-31,google,search_pmax,impressions,"319,898.00"
2026-01-31,google,search_pmax,clicks,"1,935.00"
2026-01-31,google,search_pmax,qs,0.00
2026-01-31,google,search_pmax,cp,53.27
2026-01-31,google,youtube,impressions,"5,552,025.00"
2026-01-31,google,youtube,clicks,"17,104.00"
2026-01-31,google,youtube,qs,268.76
2026-01-31,google,youtube,cp,23.99
2026-01-31,meta,meta_bof,impressions,0.00
2026-01-31,meta,meta_bof,clicks,0.00
2026-01-31,meta,meta_bof,qs,148.00
2026-01-31,meta,meta_bof,cp,80.00
2026-01-31,meta,meta_tof,impressions,0.00
2026-01-31,meta,meta_tof,clicks,0.00
2026-01-31,meta,meta_tof,qs,72.00
2026-01-31,meta,meta_tof,cp,15.00
2026-01-31,tiktok,tiktok,impressions,0.00
2026-01-31,tiktok,tiktok,clicks,0.00
2026-01-31,tiktok,tiktok,qs,0.00
2026-01-31,tiktok,tiktok,cp,0.00
2026-02-01,google,search_brand,impressions,"98,622.00"
2026-02-01,google,search_brand,clicks,"7,065.00"
2026-02-01,google,search_brand,qs,872.07
2026-02-01,google,search_brand,cp,163.89
2026-02-01,google,search_nb,impressions,"129,030.00"
2026-02-01,google,search_nb,clicks,"3,636.00"
2026-02-01,google,search_nb,qs,815.05
2026-02-01,google,search_nb,cp,83.50
2026-02-01,google,search_pmax,impressions,"379,986.00"
2026-02-01,google,search_pmax,clicks,"2,101.00"
2026-02-01,google,search_pmax,qs,0.00
2026-02-01,google,search_pmax,cp,67.06
2026-02-01,google,youtube,impressions,"3,777,380.00"
2026-02-01,google,youtube,clicks,"8,709.00"
2026-02-01,google,youtube,qs,195.27
2026-02-01,google,youtube,cp,19.61
2026-02-01,meta,meta_bof,impressions,0.00
2026-02-01,meta,meta_bof,clicks,0.00
2026-02-01,meta,meta_bof,qs,99.00
2026-02-01,meta,meta_bof,cp,34.00
2026-02-01,meta,meta_tof,impressions,0.00
2026-02-01,meta,meta_tof,clicks,0.00
2026-02-01,meta,meta_tof,qs,22.00
2026-02-01,meta,meta_tof,cp,1.00
2026-02-01,tiktok,tiktok,impressions,0.00
2026-02-01,tiktok,tiktok,clicks,0.00
2026-02-01,tiktok,tiktok,qs,0.00
2026-02-01,tiktok,tiktok,cp,0.00
2026-02-02,google,search_brand,impressions,"79,787.00"
2026-02-02,google,search_brand,clicks,"7,631.00"
2026-02-02,google,search_brand,qs,832.33
2026-02-02,google,search_brand,cp,130.38
2026-02-02,google,search_nb,impressions,"145,240.00"
2026-02-02,google,search_nb,clicks,"4,320.00"
2026-02-02,google,search_nb,qs,898.69
2026-02-02,google,search_nb,cp,111.36
2026-02-02,google,search_pmax,impressions,"443,219.00"
2026-02-02,google,search_pmax,clicks,"2,612.00"
2026-02-02,google,search_pmax,qs,0.00
2026-02-02,google,search_pmax,cp,63.52
2026-02-02,google,youtube,impressions,"2,295,211.00"
2026-02-02,google,youtube,clicks,"4,716.00"
2026-02-02,google,youtube,qs,134.91
2026-02-02,google,youtube,cp,14.54
2026-02-02,meta,meta_bof,impressions,"2,636,757.00"
2026-02-02,meta,meta_bof,clicks,"22,633.00"
2026-02-02,meta,meta_bof,qs,361.00
2026-02-02,meta,meta_bof,cp,46.00
2026-02-02,meta,meta_tof,impressions,"2,500,388.00"
2026-02-02,meta,meta_tof,clicks,"26,634.00"
2026-02-02,meta,meta_tof,qs,"1,271.00"
2026-02-02,meta,meta_tof,cp,18.00
2026-02-02,tiktok,tiktok,impressions,0.00
2026-02-02,tiktok,tiktok,clicks,0.00
2026-02-02,tiktok,tiktok,qs,0.00
2026-02-02,tiktok,tiktok,cp,0.00
2026-02-03,google,search_brand,impressions,"71,001.00"
2026-02-03,google,search_brand,clicks,"7,376.00"
2026-02-03,google,search_brand,qs,708.33
2026-02-03,google,search_brand,cp,118.53
2026-02-03,google,search_nb,impressions,"193,449.00"
2026-02-03,google,search_nb,clicks,"6,073.00"
2026-02-03,google,search_nb,qs,"1,202.90"
2026-02-03,google,search_nb,cp,146.28
2026-02-03,google,search_pmax,impressions,"319,565.00"
2026-02-03,google,search_pmax,clicks,"1,753.00"
2026-02-03,google,search_pmax,qs,0.00
2026-02-03,google,search_pmax,cp,45.06
2026-02-03,google,youtube,impressions,"2,447,111.00"
2026-02-03,google,youtube,clicks,"5,358.00"
2026-02-03,google,youtube,qs,113.71
2026-02-03,google,youtube,cp,15.67
2026-02-03,meta,meta_bof,impressions,"4,704,489.00"
2026-02-03,meta,meta_bof,clicks,"70,327.00"
2026-02-03,meta,meta_bof,qs,"1,163.00"
2026-02-03,meta,meta_bof,cp,164.00
2026-02-03,meta,meta_tof,impressions,"1,893,973.00"
2026-02-03,meta,meta_tof,clicks,"22,123.00"
2026-02-03,meta,meta_tof,qs,"1,311.00"
2026-02-03,meta,meta_tof,cp,33.00
2026-02-03,tiktok,tiktok,impressions,0.00
2026-02-03,tiktok,tiktok,clicks,0.00
2026-02-03,tiktok,tiktok,qs,0.00
2026-02-03,tiktok,tiktok,cp,0.00
2026-02-04,google,search_brand,impressions,"69,590.00"
2026-02-04,google,search_brand,clicks,"7,195.00"
2026-02-04,google,search_brand,qs,674.66
2026-02-04,google,search_brand,cp,115.36
2026-02-04,google,search_nb,impressions,"168,577.00"
2026-02-04,google,search_nb,clicks,"5,405.00"
2026-02-04,google,search_nb,qs,"1,148.68"
2026-02-04,google,search_nb,cp,168.50
2026-02-04,google,search_pmax,impressions,"408,567.00"
2026-02-04,google,search_pmax,clicks,"2,164.00"
2026-02-04,google,search_pmax,qs,0.00
2026-02-04,google,search_pmax,cp,46.41
2026-02-04,google,youtube,impressions,"1,740,422.00"
2026-02-04,google,youtube,clicks,"4,318.00"
2026-02-04,google,youtube,qs,110.87
2026-02-04,google,youtube,cp,18.12
2026-02-04,meta,meta_bof,impressions,"5,118,066.00"
2026-02-04,meta,meta_bof,clicks,"67,348.00"
2026-02-04,meta,meta_bof,qs,"1,139.00"
2026-02-04,meta,meta_bof,cp,150.00
2026-02-04,meta,meta_tof,impressions,"1,156,010.00"
2026-02-04,meta,meta_tof,clicks,"14,609.00"
2026-02-04,meta,meta_tof,qs,929.00
2026-02-04,meta,meta_tof,cp,21.00
2026-02-04,tiktok,tiktok,impressions,0.00
2026-02-04,tiktok,tiktok,clicks,0.00
2026-02-04,tiktok,tiktok,qs,0.00
2026-02-04,tiktok,tiktok,cp,0.00
2026-02-05,google,search_brand,impressions,"66,442.00"
2026-02-05,google,search_brand,clicks,"6,786.00"
2026-02-05,google,search_brand,qs,669.37
2026-02-05,google,search_brand,cp,103.51
2026-02-05,google,search_nb,impressions,"170,602.00"
2026-02-05,google,search_nb,clicks,"5,708.00"
2026-02-05,google,search_nb,qs,"1,389.80"
2026-02-05,google,search_nb,cp,192.25
2026-02-05,google,search_pmax,impressions,"375,730.00"
2026-02-05,google,search_pmax,clicks,"2,014.00"
2026-02-05,google,search_pmax,qs,0.00
2026-02-05,google,search_pmax,cp,52.20
2026-02-05,google,youtube,impressions,"1,944,348.00"
2026-02-05,google,youtube,clicks,"5,093.00"
2026-02-05,google,youtube,qs,135.17
2026-02-05,google,youtube,cp,15.64
2026-02-05,meta,meta_bof,impressions,"4,179,114.00"
2026-02-05,meta,meta_bof,clicks,"59,656.00"
2026-02-05,meta,meta_bof,qs,"1,186.00"
2026-02-05,meta,meta_bof,cp,141.00
2026-02-05,meta,meta_tof,impressions,"1,502,408.00"
2026-02-05,meta,meta_tof,clicks,"16,909.00"
2026-02-05,meta,meta_tof,qs,"1,293.00"
2026-02-05,meta,meta_tof,cp,21.00
2026-02-05,tiktok,tiktok,impressions,0.00
2026-02-05,tiktok,tiktok,clicks,0.00
2026-02-05,tiktok,tiktok,qs,0.00
2026-02-05,tiktok,tiktok,cp,0.00
2026-02-06,google,search_brand,impressions,"57,158.00"
2026-02-06,google,search_brand,clicks,"5,618.00"
2026-02-06,google,search_brand,qs,587.45
2026-02-06,google,search_brand,cp,104.67
2026-02-06,google,search_nb,impressions,"167,003.00"
2026-02-06,google,search_nb,clicks,"5,543.00"
2026-02-06,google,search_nb,qs,"1,329.76"
2026-02-06,google,search_nb,cp,213.57
2026-02-06,google,search_pmax,impressions,"422,858.00"
2026-02-06,google,search_pmax,clicks,"2,389.00"
2026-02-06,google,search_pmax,qs,0.00
2026-02-06,google,search_pmax,cp,61.60
2026-02-06,google,youtube,impressions,"2,248,567.00"
2026-02-06,google,youtube,clicks,"5,353.00"
2026-02-06,google,youtube,qs,122.35
2026-02-06,google,youtube,cp,18.35
2026-02-06,meta,meta_bof,impressions,"4,479,284.00"
2026-02-06,meta,meta_bof,clicks,"46,787.00"
2026-02-06,meta,meta_bof,qs,"1,364.00"
2026-02-06,meta,meta_bof,cp,185.00
2026-02-06,meta,meta_tof,impressions,"1,603,580.00"
2026-02-06,meta,meta_tof,clicks,"17,605.00"
2026-02-06,meta,meta_tof,qs,"1,303.00"
2026-02-06,meta,meta_tof,cp,27.00
2026-02-06,tiktok,tiktok,impressions,0.00
2026-02-06,tiktok,tiktok,clicks,0.00
2026-02-06,tiktok,tiktok,qs,0.00
2026-02-06,tiktok,tiktok,cp,0.00
2026-02-07,google,search_brand,impressions,"59,376.00"
2026-02-07,google,search_brand,clicks,"5,322.00"
2026-02-07,google,search_brand,qs,596.46
2026-02-07,google,search_brand,cp,86.67
2026-02-07,google,search_nb,impressions,"190,106.00"
2026-02-07,google,search_nb,clicks,"6,692.00"
2026-02-07,google,search_nb,qs,"1,851.14"
2026-02-07,google,search_nb,cp,248.44
2026-02-07,google,search_pmax,impressions,"477,581.00"
2026-02-07,google,search_pmax,clicks,"2,655.00"
2026-02-07,google,search_pmax,qs,0.00
2026-02-07,google,search_pmax,cp,63.24
2026-02-07,google,youtube,impressions,"3,076,937.00"
2026-02-07,google,youtube,clicks,"7,636.00"
2026-02-07,google,youtube,qs,170.37
2026-02-07,google,youtube,cp,21.79
2026-02-07,meta,meta_bof,impressions,"3,860,554.00"
2026-02-07,meta,meta_bof,clicks,"44,265.00"
2026-02-07,meta,meta_bof,qs,"1,173.00"
2026-02-07,meta,meta_bof,cp,228.00
2026-02-07,meta,meta_tof,impressions,"1,388,591.00"
2026-02-07,meta,meta_tof,clicks,"16,469.00"
2026-02-07,meta,meta_tof,qs,"1,309.00"
2026-02-07,meta,meta_tof,cp,38.00
2026-02-07,tiktok,tiktok,impressions,0.00
2026-02-07,tiktok,tiktok,clicks,0.00
2026-02-07,tiktok,tiktok,qs,0.00
2026-02-07,tiktok,tiktok,cp,0.00
2026-02-08,google,search_brand,impressions,"72,401.00"
2026-02-08,google,search_brand,clicks,"6,594.00"
2026-02-08,google,search_brand,qs,734.58
2026-02-08,google,search_brand,cp,119.27
2026-02-08,google,search_nb,impressions,"222,631.00"
2026-02-08,google,search_nb,clicks,"8,305.00"
2026-02-08,google,search_nb,qs,"2,297.99"
2026-02-08,google,search_nb,cp,310.74
2026-02-08,google,search_pmax,impressions,"476,124.00"
2026-02-08,google,search_pmax,clicks,"2,743.00"
2026-02-08,google,search_pmax,qs,0.00
2026-02-08,google,search_pmax,cp,74.70
2026-02-08,google,youtube,impressions,"2,549,357.00"
2026-02-08,google,youtube,clicks,"6,260.00"
2026-02-08,google,youtube,qs,187.28
2026-02-08,google,youtube,cp,21.18
2026-02-08,meta,meta_bof,impressions,"4,634,688.00"
2026-02-08,meta,meta_bof,clicks,"60,110.00"
2026-02-08,meta,meta_bof,qs,"1,557.00"
2026-02-08,meta,meta_bof,cp,179.00
2026-02-08,meta,meta_tof,impressions,"1,640,116.00"
2026-02-08,meta,meta_tof,clicks,"16,269.00"
2026-02-08,meta,meta_tof,qs,"1,653.00"
2026-02-08,meta,meta_tof,cp,39.00
2026-02-08,tiktok,tiktok,impressions,0.00
2026-02-08,tiktok,tiktok,clicks,0.00
2026-02-08,tiktok,tiktok,qs,0.00
2026-02-08,tiktok,tiktok,cp,0.00
2026-02-09,google,search_brand,impressions,"75,075.00"
2026-02-09,google,search_brand,clicks,"7,353.00"
2026-02-09,google,search_brand,qs,773.40
2026-02-09,google,search_brand,cp,99.16
2026-02-09,google,search_nb,impressions,"126,546.00"
2026-02-09,google,search_nb,clicks,"5,974.00"
2026-02-09,google,search_nb,qs,"1,471.44"
2026-02-09,google,search_nb,cp,198.36
2026-02-09,google,search_pmax,impressions,"453,515.00"
2026-02-09,google,search_pmax,clicks,"2,229.00"
2026-02-09,google,search_pmax,qs,0.00
2026-02-09,google,search_pmax,cp,56.07
2026-02-09,google,youtube,impressions,"2,574,748.00"
2026-02-09,google,youtube,clicks,"6,253.00"
2026-02-09,google,youtube,qs,209.26
2026-02-09,google,youtube,cp,19.33
2026-02-09,meta,meta_bof,impressions,"4,921,889.00"
2026-02-09,meta,meta_bof,clicks,"47,819.00"
2026-02-09,meta,meta_bof,qs,"1,616.00"
2026-02-09,meta,meta_bof,cp,205.00
2026-02-09,meta,meta_tof,impressions,"1,275,468.00"
2026-02-09,meta,meta_tof,clicks,"11,385.00"
2026-02-09,meta,meta_tof,qs,"1,437.00"
2026-02-09,meta,meta_tof,cp,29.00
2026-02-09,tiktok,tiktok,impressions,"7,168,174.00"
2026-02-09,tiktok,tiktok,clicks,"3,894.00"
2026-02-09,tiktok,tiktok,qs,0.00
2026-02-09,tiktok,tiktok,cp,0.00
2026-02-10,google,search_brand,impressions,"80,110.00"
2026-02-10,google,search_brand,clicks,"6,302.00"
2026-02-10,google,search_brand,qs,689.30
2026-02-10,google,search_brand,cp,70.95
2026-02-10,google,search_nb,impressions,"136,146.00"
2026-02-10,google,search_nb,clicks,"6,218.00"
2026-02-10,google,search_nb,qs,"1,588.42"
2026-02-10,google,search_nb,cp,259.15
2026-02-10,google,search_pmax,impressions,"459,757.00"
2026-02-10,google,search_pmax,clicks,"2,385.00"
2026-02-10,google,search_pmax,qs,0.00
2026-02-10,google,search_pmax,cp,57.46
2026-02-10,google,youtube,impressions,"1,187,364.00"
2026-02-10,google,youtube,clicks,"3,000.00"
2026-02-10,google,youtube,qs,133.41
2026-02-10,google,youtube,cp,18.27
2026-02-10,meta,meta_bof,impressions,"6,115,652.00"
2026-02-10,meta,meta_bof,clicks,"61,338.00"
2026-02-10,meta,meta_bof,qs,"1,798.00"
2026-02-10,meta,meta_bof,cp,208.00
2026-02-10,meta,meta_tof,impressions,"1,665,847.00"
2026-02-10,meta,meta_tof,clicks,"16,382.00"
2026-02-10,meta,meta_tof,qs,"1,527.00"
2026-02-10,meta,meta_tof,cp,40.00
2026-02-10,tiktok,tiktok,impressions,"6,481,639.00"
2026-02-10,tiktok,tiktok,clicks,"3,936.00"
2026-02-10,tiktok,tiktok,qs,0.00
2026-02-10,tiktok,tiktok,cp,0.00
2026-02-11,google,search_brand,impressions,"75,030.00"
2026-02-11,google,search_brand,clicks,"6,535.00"
2026-02-11,google,search_brand,qs,705.10
2026-02-11,google,search_brand,cp,95.48
2026-02-11,google,search_nb,impressions,"125,829.00"
2026-02-11,google,search_nb,clicks,"5,940.00"
2026-02-11,google,search_nb,qs,"1,448.39"
2026-02-11,google,search_nb,cp,185.20
2026-02-11,google,search_pmax,impressions,"391,088.00"
2026-02-11,google,search_pmax,clicks,"2,152.00"
2026-02-11,google,search_pmax,qs,0.00
2026-02-11,google,search_pmax,cp,61.72
2026-02-11,meta,meta_bof,impressions,"7,510,429.00"
2026-02-11,meta,meta_bof,clicks,"91,872.00"
2026-02-11,meta,meta_bof,qs,"2,817.00"
2026-02-11,meta,meta_bof,cp,271.00
2026-02-11,meta,meta_tof,impressions,"1,575,849.00"
2026-02-11,meta,meta_tof,clicks,"14,852.00"
2026-02-11,meta,meta_tof,qs,"1,510.00"
2026-02-11,meta,meta_tof,cp,26.00
2026-02-11,tiktok,tiktok,impressions,"5,555,935.00"
2026-02-11,tiktok,tiktok,clicks,"2,950.00"
2026-02-11,tiktok,tiktok,qs,0.00
2026-02-11,tiktok,tiktok,cp,0.00
2026-02-12,google,search_brand,impressions,"72,217.00"
2026-02-12,google,search_brand,clicks,"6,182.00"
2026-02-12,google,search_brand,qs,685.49
2026-02-12,google,search_brand,cp,104.22
2026-02-12,google,search_nb,impressions,"135,862.00"
2026-02-12,google,search_nb,clicks,"6,173.00"
2026-02-12,google,search_nb,qs,"1,527.56"
2026-02-12,google,search_nb,cp,209.20
2026-02-12,google,search_pmax,impressions,"417,211.00"
2026-02-12,google,search_pmax,clicks,"2,274.00"
2026-02-12,google,search_pmax,qs,0.00
2026-02-12,google,search_pmax,cp,69.30
2026-02-12,meta,meta_bof,impressions,"6,463,952.00"
2026-02-12,meta,meta_bof,clicks,"78,428.00"
2026-02-12,meta,meta_bof,qs,"2,547.00"
2026-02-12,meta,meta_bof,cp,238.00
2026-02-12,meta,meta_tof,impressions,"1,321,833.00"
2026-02-12,meta,meta_tof,clicks,"11,994.00"
2026-02-12,meta,meta_tof,qs,"1,090.00"
2026-02-12,meta,meta_tof,cp,24.00
2026-02-12,tiktok,tiktok,impressions,"3,282,059.00"
2026-02-12,tiktok,tiktok,clicks,"9,875.00"
2026-02-12,tiktok,tiktok,qs,0.00
2026-02-12,tiktok,tiktok,cp,91.00
2026-02-13,google,search_brand,impressions,"67,848.00"
2026-02-13,google,search_brand,clicks,"5,044.00"
2026-02-13,google,search_brand,qs,611.50
2026-02-13,google,search_brand,cp,74.58
2026-02-13,google,search_nb,impressions,"115,898.00"
2026-02-13,google,search_nb,clicks,"5,124.00"
2026-02-13,google,search_nb,qs,"1,260.48"
2026-02-13,google,search_nb,cp,196.70
2026-02-13,google,search_pmax,impressions,"298,989.00"
2026-02-13,google,search_pmax,clicks,"1,552.00"
2026-02-13,google,search_pmax,qs,0.00
2026-02-13,google,search_pmax,cp,48.92
2026-02-13,meta,meta_bof,impressions,"5,424,492.00"
2026-02-13,meta,meta_bof,clicks,"59,073.00"
2026-02-13,meta,meta_bof,qs,"2,054.00"
2026-02-13,meta,meta_bof,cp,259.00
2026-02-13,meta,meta_tof,impressions,"885,285.00"
2026-02-13,meta,meta_tof,clicks,"7,742.00"
2026-02-13,meta,meta_tof,qs,745.00
2026-02-13,meta,meta_tof,cp,19.00
2026-02-13,tiktok,tiktok,impressions,"3,575,057.00"
2026-02-13,tiktok,tiktok,clicks,"18,948.00"
2026-02-13,tiktok,tiktok,qs,0.00
2026-02-13,tiktok,tiktok,cp,203.00
2026-02-14,google,search_brand,impressions,"73,355.00"
2026-02-14,google,search_brand,clicks,"5,359.00"
2026-02-14,google,search_brand,qs,672.96
2026-02-14,google,search_brand,cp,109.50
2026-02-14,google,search_nb,impressions,"121,193.00"
2026-02-14,google,search_nb,clicks,"5,261.00"
2026-02-14,google,search_nb,qs,"1,213.83"
2026-02-14,google,search_nb,cp,188.48
2026-02-14,google,search_pmax,impressions,"319,212.00"
2026-02-14,google,search_pmax,clicks,"1,890.00"
2026-02-14,google,search_pmax,qs,0.00
2026-02-14,google,search_pmax,cp,63.74
2026-02-14,meta,meta_bof,impressions,"6,758,054.00"
2026-02-14,meta,meta_bof,clicks,"71,009.00"
2026-02-14,meta,meta_bof,qs,"2,465.00"
2026-02-14,meta,meta_bof,cp,272.00
2026-02-14,meta,meta_tof,impressions,"702,805.00"
2026-02-14,meta,meta_tof,clicks,"6,520.00"
2026-02-14,meta,meta_tof,qs,622.00
2026-02-14,meta,meta_tof,cp,15.00
2026-02-14,tiktok,tiktok,impressions,"3,863,392.00"
2026-02-14,tiktok,tiktok,clicks,"22,498.00"
2026-02-14,tiktok,tiktok,qs,0.00
2026-02-14,tiktok,tiktok,cp,210.00
2026-02-15,google,search_brand,impressions,"81,453.00"
2026-02-15,google,search_brand,clicks,"6,318.00"
2026-02-15,google,search_brand,qs,786.10
2026-02-15,google,search_brand,cp,119.18
2026-02-15,google,search_nb,impressions,"116,870.00"
2026-02-15,google,search_nb,clicks,"5,503.00"
2026-02-15,google,search_nb,qs,"1,234.57"
2026-02-15,google,search_nb,cp,188.71
2026-02-15,google,search_pmax,impressions,"447,048.00"
2026-02-15,google,search_pmax,clicks,"2,500.00"
2026-02-15,google,search_pmax,qs,0.00
2026-02-15,google,search_pmax,cp,77.78
2026-02-15,meta,meta_bof,impressions,"6,650,260.00"
2026-02-15,meta,meta_bof,clicks,"69,862.00"
2026-02-15,meta,meta_bof,qs,"2,423.00"
2026-02-15,meta,meta_bof,cp,221.00
2026-02-15,meta,meta_tof,impressions,"939,050.00"
2026-02-15,meta,meta_tof,clicks,"9,056.00"
2026-02-15,meta,meta_tof,qs,938.00
2026-02-15,meta,meta_tof,cp,23.00
2026-02-15,tiktok,tiktok,impressions,"4,208,717.00"
2026-02-15,tiktok,tiktok,clicks,"27,112.00"
2026-02-15,tiktok,tiktok,qs,0.00
2026-02-15,tiktok,tiktok,cp,253.00
2026-02-16,google,search_brand,impressions,"76,191.00"
2026-02-16,google,search_brand,clicks,"6,994.00"
2026-02-16,google,search_brand,qs,869.50
2026-02-16,google,search_brand,cp,125.89
2026-02-16,google,search_nb,impressions,"90,314.00"
2026-02-16,google,search_nb,clicks,"3,846.00"
2026-02-16,google,search_nb,qs,960.93
2026-02-16,google,search_nb,cp,128.88
2026-02-16,google,search_pmax,impressions,"459,456.00"
2026-02-16,google,search_pmax,clicks,"2,579.00"
2026-02-16,google,search_pmax,qs,0.00
2026-02-16,google,search_pmax,cp,82.07
2026-02-16,meta,meta_bof,impressions,"7,792,882.00"
2026-02-16,meta,meta_bof,clicks,"81,990.00"
2026-02-16,meta,meta_bof,qs,"2,751.00"
2026-02-16,meta,meta_bof,cp,274.00
2026-02-16,meta,meta_tof,impressions,"860,304.00"
2026-02-16,meta,meta_tof,clicks,"7,946.00"
2026-02-16,meta,meta_tof,qs,843.00
2026-02-16,meta,meta_tof,cp,15.00
2026-02-16,tiktok,tiktok,impressions,"3,166,225.00"
2026-02-16,tiktok,tiktok,clicks,"29,987.00"
2026-02-16,tiktok,tiktok,qs,0.00
2026-02-16,tiktok,tiktok,cp,323.00
2026-02-17,google,search_brand,impressions,"70,784.00"
2026-02-17,google,search_brand,clicks,"6,083.00"
2026-02-17,google,search_brand,qs,701.60
2026-02-17,google,search_brand,cp,96.26
2026-02-17,google,search_nb,impressions,"91,235.00"
2026-02-17,google,search_nb,clicks,"3,769.00"
2026-02-17,google,search_nb,qs,991.05
2026-02-17,google,search_nb,cp,138.26
2026-02-17,google,search_pmax,impressions,"462,746.00"
2026-02-17,google,search_pmax,clicks,"2,681.00"
2026-02-17,google,search_pmax,qs,0.00
2026-02-17,google,search_pmax,cp,87.61
2026-02-17,meta,meta_bof,impressions,"7,629,904.00"
2026-02-17,meta,meta_bof,clicks,"87,340.00"
2026-02-17,meta,meta_bof,qs,"2,354.00"
2026-02-17,meta,meta_bof,cp,228.00
2026-02-17,meta,meta_tof,impressions,"1,044,693.00"
2026-02-17,meta,meta_tof,clicks,"8,291.00"
2026-02-17,meta,meta_tof,qs,894.00
2026-02-17,meta,meta_tof,cp,17.00
2026-02-17,tiktok,tiktok,impressions,"2,135,053.00"
2026-02-17,tiktok,tiktok,clicks,"34,435.00"
2026-02-17,tiktok,tiktok,qs,0.00
2026-02-17,tiktok,tiktok,cp,217.00
2026-02-18,google,search_brand,impressions,"67,329.00"
2026-02-18,google,search_brand,clicks,"5,492.00"
2026-02-18,google,search_brand,qs,645.50
2026-02-18,google,search_brand,cp,81.63
2026-02-18,google,search_nb,impressions,"96,802.00"
2026-02-18,google,search_nb,clicks,"4,029.00"
2026-02-18,google,search_nb,qs,"1,136.81"
2026-02-18,google,search_nb,cp,150.98
2026-02-18,google,search_pmax,impressions,"484,641.00"
2026-02-18,google,search_pmax,clicks,"2,782.00"
2026-02-18,google,search_pmax,qs,0.00
2026-02-18,google,search_pmax,cp,110.25
2026-02-18,meta,meta_bof,impressions,"6,501,320.00"
2026-02-18,meta,meta_bof,clicks,"91,710.00"
2026-02-18,meta,meta_bof,qs,"1,962.00"
2026-02-18,meta,meta_bof,cp,237.00
2026-02-18,meta,meta_tof,impressions,"982,936.00"
2026-02-18,meta,meta_tof,clicks,"8,103.00"
2026-02-18,meta,meta_tof,qs,878.00
2026-02-18,meta,meta_tof,cp,9.00
2026-02-18,tiktok,tiktok,impressions,"4,201,354.00"
2026-02-18,tiktok,tiktok,clicks,"49,101.00"
2026-02-18,tiktok,tiktok,qs,0.00
2026-02-18,tiktok,tiktok,cp,327.00
2026-02-19,google,search_brand,impressions,"78,418.00"
2026-02-19,google,search_brand,clicks,"5,280.00"
2026-02-19,google,search_brand,qs,624.82
2026-02-19,google,search_brand,cp,124.70
2026-02-19,google,search_nb,impressions,"96,908.00"
2026-02-19,google,search_nb,clicks,"3,827.00"
2026-02-19,google,search_nb,qs,"1,101.51"
2026-02-19,google,search_nb,cp,118.98
2026-02-19,google,search_pmax,impressions,"442,012.00"
2026-02-19,google,search_pmax,clicks,"2,374.00"
2026-02-19,google,search_pmax,qs,0.00
2026-02-19,google,search_pmax,cp,82.13
2026-02-19,meta,meta_bof,impressions,"5,977,905.00"
2026-02-19,meta,meta_bof,clicks,"103,427.00"
2026-02-19,meta,meta_bof,qs,"1,895.00"
2026-02-19,meta,meta_bof,cp,224.00
2026-02-19,meta,meta_mof,impressions,0.00
2026-02-19,meta,meta_mof,clicks,0.00
2026-02-19,meta,meta_mof,qs,0.00
2026-02-19,meta,meta_mof,cp,0.00
2026-02-19,meta,meta_tof,impressions,"1,036,520.00"
2026-02-19,meta,meta_tof,clicks,"7,822.00"
2026-02-19,meta,meta_tof,qs,729.00
2026-02-19,meta,meta_tof,cp,24.00
2026-02-19,tiktok,tiktok,impressions,"7,592,944.00"
2026-02-19,tiktok,tiktok,clicks,"73,346.00"
2026-02-19,tiktok,tiktok,qs,0.00
2026-02-19,tiktok,tiktok,cp,455.00
2026-02-20,google,search_brand,impressions,"72,778.00"
2026-02-20,google,search_brand,clicks,"4,562.00"
2026-02-20,google,search_brand,qs,513.29
2026-02-20,google,search_brand,cp,91.80
2026-02-20,google,search_nb,impressions,"82,937.00"
2026-02-20,google,search_nb,clicks,"3,472.00"
2026-02-20,google,search_nb,qs,976.27
2026-02-20,google,search_nb,cp,125.85
2026-02-20,google,search_pmax,impressions,"432,577.00"
2026-02-20,google,search_pmax,clicks,"2,485.00"
2026-02-20,google,search_pmax,qs,0.00
2026-02-20,google,search_pmax,cp,86.70
2026-02-20,meta,meta_bof,impressions,"5,098,043.00"
2026-02-20,meta,meta_bof,clicks,"82,397.00"
2026-02-20,meta,meta_bof,qs,"1,627.00"
2026-02-20,meta,meta_bof,cp,237.00
2026-02-20,meta,meta_mof,impressions,0.00
2026-02-20,meta,meta_mof,clicks,0.00
2026-02-20,meta,meta_mof,qs,0.00
2026-02-20,meta,meta_mof,cp,0.00
2026-02-20,meta,meta_tof,impressions,"973,648.00"
2026-02-20,meta,meta_tof,clicks,"7,612.00"
2026-02-20,meta,meta_tof,qs,680.00
2026-02-20,meta,meta_tof,cp,14.00
2026-02-20,tiktok,tiktok,impressions,"4,002,306.00"
2026-02-20,tiktok,tiktok,clicks,"35,473.00"
2026-02-20,tiktok,tiktok,qs,0.00
2026-02-20,tiktok,tiktok,cp,263.00
2026-02-21,google,search_brand,impressions,"43,503.00"
2026-02-21,google,search_brand,clicks,"2,698.00"
2026-02-21,google,search_brand,qs,294.31
2026-02-21,google,search_brand,cp,58.34
2026-02-21,google,search_nb,impressions,"84,748.00"
2026-02-21,google,search_nb,clicks,"3,568.00"
2026-02-21,google,search_nb,qs,"1,031.45"
2026-02-21,google,search_nb,cp,147.77
2026-02-21,google,search_pmax,impressions,"447,604.00"
2026-02-21,google,search_pmax,clicks,"2,847.00"
2026-02-21,google,search_pmax,qs,0.00
2026-02-21,google,search_pmax,cp,86.13
2026-02-21,meta,meta_bof,impressions,"5,304,596.00"
2026-02-21,meta,meta_bof,clicks,"81,313.00"
2026-02-21,meta,meta_bof,qs,"1,738.00"
2026-02-21,meta,meta_bof,cp,223.00
2026-02-21,meta,meta_mof,impressions,0.00
2026-02-21,meta,meta_mof,clicks,0.00
2026-02-21,meta,meta_mof,qs,0.00
2026-02-21,meta,meta_mof,cp,0.00
2026-02-21,meta,meta_tof,impressions,"927,003.00"
2026-02-21,meta,meta_tof,clicks,"7,389.00"
2026-02-21,meta,meta_tof,qs,744.00
2026-02-21,meta,meta_tof,cp,14.00
2026-02-21,tiktok,tiktok,impressions,"8,109,942.00"
2026-02-21,tiktok,tiktok,clicks,"93,627.00"
2026-02-21,tiktok,tiktok,qs,0.00
2026-02-21,tiktok,tiktok,cp,431.00
2026-02-22,google,search_brand,impressions,"51,987.00"
2026-02-22,google,search_brand,clicks,"3,031.00"
2026-02-22,google,search_brand,qs,372.00
2026-02-22,google,search_brand,cp,73.52
2026-02-22,google,search_nb,impressions,"86,701.00"
2026-02-22,google,search_nb,clicks,"3,797.00"
2026-02-22,google,search_nb,qs,"1,140.40"
2026-02-22,google,search_nb,cp,140.99
2026-02-22,google,search_pmax,impressions,"516,444.00"
2026-02-22,google,search_pmax,clicks,"3,351.00"
2026-02-22,google,search_pmax,qs,0.00
2026-02-22,google,search_pmax,cp,119.37
2026-02-22,meta,meta_bof,impressions,"6,528,683.00"
2026-02-22,meta,meta_bof,clicks,"86,611.00"
2026-02-22,meta,meta_bof,qs,"2,183.00"
2026-02-22,meta,meta_bof,cp,249.00
2026-02-22,meta,meta_mof,impressions,0.00
2026-02-22,meta,meta_mof,clicks,0.00
2026-02-22,meta,meta_mof,qs,0.00
2026-02-22,meta,meta_mof,cp,0.00
2026-02-22,meta,meta_tof,impressions,"1,080,931.00"
2026-02-22,meta,meta_tof,clicks,"8,174.00"
2026-02-22,meta,meta_tof,qs,888.00
2026-02-22,meta,meta_tof,cp,23.00
2026-02-22,tiktok,tiktok,impressions,"8,489,214.00"
2026-02-22,tiktok,tiktok,clicks,"75,887.00"
2026-02-22,tiktok,tiktok,qs,0.00
2026-02-22,tiktok,tiktok,cp,485.00
2026-02-23,google,search_brand,impressions,"48,629.00"
2026-02-23,google,search_brand,clicks,"2,886.00"
2026-02-23,google,search_brand,qs,340.22
2026-02-23,google,search_brand,cp,47.26
2026-02-23,google,search_nb,impressions,"92,109.00"
2026-02-23,google,search_nb,clicks,"3,824.00"
2026-02-23,google,search_nb,qs,"1,127.59"
2026-02-23,google,search_nb,cp,139.17
2026-02-23,google,search_pmax,impressions,"466,635.00"
2026-02-23,google,search_pmax,clicks,"2,891.00"
2026-02-23,google,search_pmax,qs,0.00
2026-02-23,google,search_pmax,cp,100.00
2026-02-23,meta,meta_bof,impressions,"5,128,361.00"
2026-02-23,meta,meta_bof,clicks,"73,087.00"
2026-02-23,meta,meta_bof,qs,"2,004.00"
2026-02-23,meta,meta_bof,cp,263.00
2026-02-23,meta,meta_mof,impressions,0.00
2026-02-23,meta,meta_mof,clicks,0.00
2026-02-23,meta,meta_mof,qs,0.00
2026-02-23,meta,meta_mof,cp,0.00
2026-02-23,meta,meta_tof,impressions,"949,062.00"
2026-02-23,meta,meta_tof,clicks,"7,560.00"
2026-02-23,meta,meta_tof,qs,746.00
2026-02-23,meta,meta_tof,cp,19.00
2026-02-23,tiktok,tiktok,impressions,"5,812,529.00"
2026-02-23,tiktok,tiktok,clicks,"44,273.00"
2026-02-23,tiktok,tiktok,qs,0.00
2026-02-23,tiktok,tiktok,cp,403.00
2026-02-24,google,search_brand,impressions,"43,209.00"
2026-02-24,google,search_brand,clicks,"2,494.00"
2026-02-24,google,search_brand,qs,313.89
2026-02-24,google,search_brand,cp,43.06
2026-02-24,google,search_nb,impressions,"97,002.00"
2026-02-24,google,search_nb,clicks,"4,047.00"
2026-02-24,google,search_nb,qs,"1,296.59"
2026-02-24,google,search_nb,cp,129.75
2026-02-24,google,search_pmax,impressions,"459,677.00"
2026-02-24,google,search_pmax,clicks,"2,619.00"
2026-02-24,google,search_pmax,qs,0.00
2026-02-24,google,search_pmax,cp,114.90
2026-02-24,meta,meta_bof,impressions,"5,511,239.00"
2026-02-24,meta,meta_bof,clicks,"71,002.00"
2026-02-24,meta,meta_bof,qs,"1,805.00"
2026-02-24,meta,meta_bof,cp,229.00
2026-02-24,meta,meta_mof,impressions,0.00
2026-02-24,meta,meta_mof,clicks,0.00
2026-02-24,meta,meta_mof,qs,0.00
2026-02-24,meta,meta_mof,cp,0.00
2026-02-24,meta,meta_tof,impressions,"1,156,448.00"
2026-02-24,meta,meta_tof,clicks,"9,368.00"
2026-02-24,meta,meta_tof,qs,859.00
2026-02-24,meta,meta_tof,cp,22.00
2026-02-24,tiktok,tiktok,impressions,"7,418,820.00"
2026-02-24,tiktok,tiktok,clicks,"70,109.00"
2026-02-24,tiktok,tiktok,qs,0.00
2026-02-24,tiktok,tiktok,cp,459.00
2026-02-25,google,search_brand,impressions,"45,937.00"
2026-02-25,google,search_brand,clicks,"2,492.00"
2026-02-25,google,search_brand,qs,337.62
2026-02-25,google,search_brand,cp,62.47
2026-02-25,google,search_nb,impressions,"90,933.00"
2026-02-25,google,search_nb,clicks,"3,863.00"
2026-02-25,google,search_nb,qs,"1,141.81"
2026-02-25,google,search_nb,cp,149.27
2026-02-25,google,search_pmax,impressions,"431,820.00"
2026-02-25,google,search_pmax,clicks,"2,547.00"
2026-02-25,google,search_pmax,qs,0.00
2026-02-25,google,search_pmax,cp,111.80
2026-02-25,meta,meta_bof,impressions,"5,527,042.00"
2026-02-25,meta,meta_bof,clicks,"64,913.00"
2026-02-25,meta,meta_bof,qs,"2,075.00"
2026-02-25,meta,meta_bof,cp,282.00
2026-02-25,meta,meta_mof,impressions,0.00
2026-02-25,meta,meta_mof,clicks,0.00
2026-02-25,meta,meta_mof,qs,0.00
2026-02-25,meta,meta_mof,cp,0.00
2026-02-25,meta,meta_tof,impressions,"1,496,413.00"
2026-02-25,meta,meta_tof,clicks,"13,581.00"
2026-02-25,meta,meta_tof,qs,914.00
2026-02-25,meta,meta_tof,cp,30.00
2026-02-25,tiktok,tiktok,impressions,"6,151,512.00"
2026-02-25,tiktok,tiktok,clicks,"45,775.00"
2026-02-25,tiktok,tiktok,qs,0.00
2026-02-25,tiktok,tiktok,cp,445.00
2026-02-26,google,search_brand,impressions,"43,180.00"
2026-02-26,google,search_brand,clicks,"2,322.00"
2026-02-26,google,search_brand,qs,264.80
2026-02-26,google,search_brand,cp,42.60
2026-02-26,google,search_nb,impressions,"78,834.00"
2026-02-26,google,search_nb,clicks,"3,360.00"
2026-02-26,google,search_nb,qs,"1,039.73"
2026-02-26,google,search_nb,cp,159.01
2026-02-26,google,search_pmax,impressions,"446,212.00"
2026-02-26,google,search_pmax,clicks,"2,621.00"
2026-02-26,google,search_pmax,qs,0.00
2026-02-26,google,search_pmax,cp,124.95
2026-02-26,meta,meta_bof,impressions,"5,409,399.00"
2026-02-26,meta,meta_bof,clicks,"72,490.00"
2026-02-26,meta,meta_bof,qs,"2,101.00"
2026-02-26,meta,meta_bof,cp,318.00
2026-02-26,meta,meta_mof,impressions,0.00
2026-02-26,meta,meta_mof,clicks,0.00
2026-02-26,meta,meta_mof,qs,0.00
2026-02-26,meta,meta_mof,cp,0.00
2026-02-26,meta,meta_tof,impressions,"1,366,763.00"
2026-02-26,meta,meta_tof,clicks,"11,594.00"
2026-02-26,meta,meta_tof,qs,952.00
2026-02-26,meta,meta_tof,cp,31.00
2026-02-26,tiktok,tiktok,impressions,"7,428,098.00"
2026-02-26,tiktok,tiktok,clicks,"51,490.00"
2026-02-26,tiktok,tiktok,qs,0.00
2026-02-26,tiktok,tiktok,cp,575.00
2026-02-27,google,search_brand,impressions,"38,873.00"
2026-02-27,google,search_brand,clicks,"2,179.00"
2026-02-27,google,search_brand,qs,306.19
2026-02-27,google,search_brand,cp,65.54
2026-02-27,google,search_nb,impressions,"78,863.00"
2026-02-27,google,search_nb,clicks,"3,188.00"
2026-02-27,google,search_nb,qs,"1,023.43"
2026-02-27,google,search_nb,cp,184.20
2026-02-27,google,search_pmax,impressions,"399,055.00"
2026-02-27,google,search_pmax,clicks,"2,174.00"
2026-02-27,google,search_pmax,qs,0.00
2026-02-27,google,search_pmax,cp,112.77
2026-02-27,meta,meta_bof,impressions,"5,177,510.00"
2026-02-27,meta,meta_bof,clicks,"63,170.00"
2026-02-27,meta,meta_bof,qs,"1,779.00"
2026-02-27,meta,meta_bof,cp,345.00
2026-02-27,meta,meta_mof,impressions,0.00
2026-02-27,meta,meta_mof,clicks,0.00
2026-02-27,meta,meta_mof,qs,0.00
2026-02-27,meta,meta_mof,cp,0.00
2026-02-27,meta,meta_tof,impressions,"1,406,448.00"
2026-02-27,meta,meta_tof,clicks,"12,097.00"
2026-02-27,meta,meta_tof,qs,841.00
2026-02-27,meta,meta_tof,cp,63.00
2026-02-27,tiktok,tiktok,impressions,"4,316,013.00"
2026-02-27,tiktok,tiktok,clicks,"24,219.00"
2026-02-27,tiktok,tiktok,qs,0.00
2026-02-27,tiktok,tiktok,cp,354.00
2026-02-28,google,search_brand,impressions,"43,014.00"
2026-02-28,google,search_brand,clicks,"2,170.00"
2026-02-28,google,search_brand,qs,281.85
2026-02-28,google,search_brand,cp,57.26
2026-02-28,google,search_nb,impressions,"78,739.00"
2026-02-28,google,search_nb,clicks,"3,121.00"
2026-02-28,google,search_nb,qs,930.21
2026-02-28,google,search_nb,cp,125.86
2026-02-28,google,search_pmax,impressions,"385,691.00"
2026-02-28,google,search_pmax,clicks,"2,016.00"
2026-02-28,google,search_pmax,qs,0.00
2026-02-28,google,search_pmax,cp,90.53
2026-02-28,meta,meta_bof,impressions,"7,891,082.00"
2026-02-28,meta,meta_bof,clicks,"84,860.00"
2026-02-28,meta,meta_bof,qs,"1,973.00"
2026-02-28,meta,meta_bof,cp,367.00
2026-02-28,meta,meta_mof,impressions,0.00
2026-02-28,meta,meta_mof,clicks,0.00
2026-02-28,meta,meta_mof,qs,0.00
2026-02-28,meta,meta_mof,cp,0.00
2026-02-28,meta,meta_tof,impressions,"1,296,209.00"
2026-02-28,meta,meta_tof,clicks,"10,599.00"
2026-02-28,meta,meta_tof,qs,882.00
2026-02-28,meta,meta_tof,cp,33.00
2026-02-28,tiktok,tiktok,impressions,"5,916,685.00"
2026-02-28,tiktok,tiktok,clicks,"30,296.00"
2026-02-28,tiktok,tiktok,qs,0.00
2026-02-28,tiktok,tiktok,cp,275.00
2026-03-01,google,search_brand,impressions,"47,254.00"
2026-03-01,google,search_brand,clicks,"2,511.00"
2026-03-01,google,search_brand,qs,311.56
2026-03-01,google,search_brand,cp,53.37
2026-03-01,google,search_nb,impressions,"87,085.00"
2026-03-01,google,search_nb,clicks,"3,552.00"
2026-03-01,google,search_nb,qs,"1,069.40"
2026-03-01,google,search_nb,cp,147.69
2026-03-01,google,search_pmax,impressions,"468,676.00"
2026-03-01,google,search_pmax,clicks,"2,178.00"
2026-03-01,google,search_pmax,qs,0.00
2026-03-01,google,search_pmax,cp,88.20
2026-03-01,meta,meta_bof,impressions,"9,951,439.00"
2026-03-01,meta,meta_bof,clicks,"97,612.00"
2026-03-01,meta,meta_bof,qs,"2,554.00"
2026-03-01,meta,meta_bof,cp,340.00
2026-03-01,meta,meta_mof,impressions,0.00
2026-03-01,meta,meta_mof,clicks,0.00
2026-03-01,meta,meta_mof,qs,0.00
2026-03-01,meta,meta_mof,cp,0.00
2026-03-01,meta,meta_tof,impressions,"1,488,202.00"
2026-03-01,meta,meta_tof,clicks,"12,352.00"
2026-03-01,meta,meta_tof,qs,"1,105.00"
2026-03-01,meta,meta_tof,cp,44.00
2026-03-01,tiktok,tiktok,impressions,"7,886,454.00"
2026-03-01,tiktok,tiktok,clicks,"51,109.00"
2026-03-01,tiktok,tiktok,qs,0.00
2026-03-01,tiktok,tiktok,cp,423.00
2026-03-02,google,search_brand,impressions,"45,026.00"
2026-03-02,google,search_brand,clicks,"2,311.00"
2026-03-02,google,search_brand,qs,320.59
2026-03-02,google,search_brand,cp,54.65
2026-03-02,google,search_nb,impressions,"92,393.00"
2026-03-02,google,search_nb,clicks,"3,531.00"
2026-03-02,google,search_nb,qs,"1,081.56"
2026-03-02,google,search_nb,cp,131.43
2026-03-02,google,search_pmax,impressions,"428,808.00"
2026-03-02,google,search_pmax,clicks,"2,027.00"
2026-03-02,google,search_pmax,qs,0.00
2026-03-02,google,search_pmax,cp,98.89
2026-03-02,meta,meta_bof,impressions,"9,109,691.00"
2026-03-02,meta,meta_bof,clicks,"86,201.00"
2026-03-02,meta,meta_bof,qs,"2,275.00"
2026-03-02,meta,meta_bof,cp,327.00
2026-03-02,meta,meta_mof,impressions,0.00
2026-03-02,meta,meta_mof,clicks,0.00
2026-03-02,meta,meta_mof,qs,0.00
2026-03-02,meta,meta_mof,cp,0.00
2026-03-02,meta,meta_tof,impressions,"1,385,461.00"
2026-03-02,meta,meta_tof,clicks,"11,517.00"
2026-03-02,meta,meta_tof,qs,897.00
2026-03-02,meta,meta_tof,cp,48.00
2026-03-02,tiktok,tiktok,impressions,"7,187,035.00"
2026-03-02,tiktok,tiktok,clicks,"54,154.00"
2026-03-02,tiktok,tiktok,qs,0.00
2026-03-02,tiktok,tiktok,cp,370.00
2026-03-03,google,search_brand,impressions,"6,971.00"
2026-03-03,google,search_brand,clicks,977.00
2026-03-03,google,search_brand,qs,244.64
2026-03-03,google,search_brand,cp,34.69
2026-03-03,google,search_nb,impressions,"89,796.00"
2026-03-03,google,search_nb,clicks,"3,281.00"
2026-03-03,google,search_nb,qs,974.06
2026-03-03,google,search_nb,cp,142.53
2026-03-03,google,search_pmax,impressions,"441,572.00"
2026-03-03,google,search_pmax,clicks,"2,150.00"
2026-03-03,google,search_pmax,qs,0.00
2026-03-03,google,search_pmax,cp,108.87
2026-03-03,meta,meta_bof,impressions,"8,719,731.00"
2026-03-03,meta,meta_bof,clicks,"79,147.00"
2026-03-03,meta,meta_bof,qs,"1,937.00"
2026-03-03,meta,meta_bof,cp,295.00
2026-03-03,meta,meta_mof,impressions,0.00
2026-03-03,meta,meta_mof,clicks,0.00
2026-03-03,meta,meta_mof,qs,0.00
2026-03-03,meta,meta_mof,cp,0.00
2026-03-03,meta,meta_tof,impressions,"1,331,667.00"
2026-03-03,meta,meta_tof,clicks,"10,775.00"
2026-03-03,meta,meta_tof,qs,853.00
2026-03-03,meta,meta_tof,cp,32.00
2026-03-03,tiktok,tiktok,impressions,"5,921,446.00"
2026-03-03,tiktok,tiktok,clicks,"37,227.00"
2026-03-03,tiktok,tiktok,qs,0.00
2026-03-03,tiktok,tiktok,cp,215.00
2026-03-04,google,search_brand,impressions,"5,106.00"
2026-03-04,google,search_brand,clicks,"2,593.00"
2026-03-04,google,search_brand,qs,809.81
2026-03-04,google,search_brand,cp,153.94
2026-03-04,google,search_nb,impressions,"98,699.00"
2026-03-04,google,search_nb,clicks,"3,935.00"
2026-03-04,google,search_nb,qs,"1,163.79"
2026-03-04,google,search_nb,cp,151.69
2026-03-04,google,search_pmax,impressions,"485,396.00"
2026-03-04,google,search_pmax,clicks,"2,345.00"
2026-03-04,google,search_pmax,qs,0.00
2026-03-04,google,search_pmax,cp,105.42
2026-03-04,meta,meta_bof,impressions,"9,393,019.00"
2026-03-04,meta,meta_bof,clicks,"85,046.00"
2026-03-04,meta,meta_bof,qs,"2,076.00"
2026-03-04,meta,meta_bof,cp,269.00
2026-03-04,meta,meta_mof,impressions,0.00
2026-03-04,meta,meta_mof,clicks,0.00
2026-03-04,meta,meta_mof,qs,0.00
2026-03-04,meta,meta_mof,cp,0.00
2026-03-04,meta,meta_tof,impressions,"1,217,963.00"
2026-03-04,meta,meta_tof,clicks,"10,017.00"
2026-03-04,meta,meta_tof,qs,891.00
2026-03-04,meta,meta_tof,cp,37.00
2026-03-04,tiktok,tiktok,impressions,"5,029,460.00"
2026-03-04,tiktok,tiktok,clicks,"26,155.00"
2026-03-04,tiktok,tiktok,qs,0.00
2026-03-04,tiktok,tiktok,cp,275.00
2026-03-05,google,search_brand,impressions,"6,117.00"
2026-03-05,google,search_brand,clicks,"2,758.00"
2026-03-05,google,search_brand,qs,876.83
2026-03-05,google,search_brand,cp,215.37
2026-03-05,google,search_nb,impressions,"104,403.00"
2026-03-05,google,search_nb,clicks,"3,801.00"
2026-03-05,google,search_nb,qs,"1,101.27"
2026-03-05,google,search_nb,cp,154.71
2026-03-05,google,search_pmax,impressions,"483,935.00"
2026-03-05,google,search_pmax,clicks,"2,377.00"
2026-03-05,google,search_pmax,qs,0.00
2026-03-05,google,search_pmax,cp,125.64
2026-03-05,meta,meta_bof,impressions,"9,019,937.00"
2026-03-05,meta,meta_bof,clicks,"84,779.00"
2026-03-05,meta,meta_bof,qs,"2,128.00"
2026-03-05,meta,meta_bof,cp,271.00
2026-03-05,meta,meta_mof,impressions,0.00
2026-03-05,meta,meta_mof,clicks,0.00
2026-03-05,meta,meta_mof,qs,0.00
2026-03-05,meta,meta_mof,cp,0.00
2026-03-05,meta,meta_tof,impressions,"1,380,701.00"
2026-03-05,meta,meta_tof,clicks,"11,501.00"
2026-03-05,meta,meta_tof,qs,903.00
2026-03-05,meta,meta_tof,cp,29.00
2026-03-05,tiktok,tiktok,impressions,"5,225,899.00"
2026-03-05,tiktok,tiktok,clicks,"28,544.00"
2026-03-05,tiktok,tiktok,qs,0.00
2026-03-05,tiktok,tiktok,cp,324.00
2026-03-06,google,search_brand,impressions,"6,590.00"
2026-03-06,google,search_brand,clicks,"2,489.00"
2026-03-06,google,search_brand,qs,797.26
2026-03-06,google,search_brand,cp,151.23
2026-03-06,google,search_nb,impressions,"121,461.00"
2026-03-06,google,search_nb,clicks,"4,097.00"
2026-03-06,google,search_nb,qs,"1,104.33"
2026-03-06,google,search_nb,cp,147.60
2026-03-06,google,search_pmax,impressions,"486,972.00"
2026-03-06,google,search_pmax,clicks,"2,364.00"
2026-03-06,google,search_pmax,qs,0.00
2026-03-06,google,search_pmax,cp,104.01
2026-03-06,meta,meta_bof,impressions,"8,761,974.00"
2026-03-06,meta,meta_bof,clicks,"92,960.00"
2026-03-06,meta,meta_bof,qs,"2,329.00"
2026-03-06,meta,meta_bof,cp,303.00
2026-03-06,meta,meta_mof,impressions,0.00
2026-03-06,meta,meta_mof,clicks,0.00
2026-03-06,meta,meta_mof,qs,0.00
2026-03-06,meta,meta_mof,cp,0.00
2026-03-06,meta,meta_tof,impressions,"1,083,551.00"
2026-03-06,meta,meta_tof,clicks,"8,870.00"
2026-03-06,meta,meta_tof,qs,838.00
2026-03-06,meta,meta_tof,cp,33.00
2026-03-06,tiktok,tiktok,impressions,"3,575,335.00"
2026-03-06,tiktok,tiktok,clicks,"15,223.00"
2026-03-06,tiktok,tiktok,qs,0.00
2026-03-06,tiktok,tiktok,cp,259.00
2026-03-07,google,search_brand,impressions,"6,401.00"
2026-03-07,google,search_brand,clicks,"2,355.00"
2026-03-07,google,search_brand,qs,752.95
2026-03-07,google,search_brand,cp,182.61
2026-03-07,google,search_nb,impressions,"121,973.00"
2026-03-07,google,search_nb,clicks,"4,090.00"
2026-03-07,google,search_nb,qs,"1,133.90"
2026-03-07,google,search_nb,cp,155.71
2026-03-07,google,search_pmax,impressions,"483,260.00"
2026-03-07,google,search_pmax,clicks,"2,676.00"
2026-03-07,google,search_pmax,qs,0.00
2026-03-07,google,search_pmax,cp,100.08
2026-03-07,meta,meta_bof,impressions,"8,363,976.00"
2026-03-07,meta,meta_bof,clicks,"93,238.00"
2026-03-07,meta,meta_bof,qs,"1,938.00"
2026-03-07,meta,meta_bof,cp,207.00
2026-03-07,meta,meta_mof,impressions,0.00
2026-03-07,meta,meta_mof,clicks,0.00
2026-03-07,meta,meta_mof,qs,0.00
2026-03-07,meta,meta_mof,cp,0.00
2026-03-07,meta,meta_tof,impressions,"1,066,187.00"
2026-03-07,meta,meta_tof,clicks,"9,039.00"
2026-03-07,meta,meta_tof,qs,818.00
2026-03-07,meta,meta_tof,cp,29.00
2026-03-07,tiktok,tiktok,impressions,"4,627.00"
2026-03-07,tiktok,tiktok,clicks,14.00
2026-03-07,tiktok,tiktok,qs,0.00
2026-03-07,tiktok,tiktok,cp,1.00
2026-03-08,google,search_brand,impressions,"6,647.00"
2026-03-08,google,search_brand,clicks,"2,502.00"
2026-03-08,google,search_brand,qs,820.87
2026-03-08,google,search_brand,cp,167.30
2026-03-08,google,search_nb,impressions,"118,132.00"
2026-03-08,google,search_nb,clicks,"4,416.00"
2026-03-08,google,search_nb,qs,"1,254.00"
2026-03-08,google,search_nb,cp,131.92
2026-03-08,google,search_pmax,impressions,"516,840.00"
2026-03-08,google,search_pmax,clicks,"2,706.00"
2026-03-08,google,search_pmax,qs,0.00
2026-03-08,google,search_pmax,cp,106.55
2026-03-08,meta,meta_bof,impressions,"8,247,510.00"
2026-03-08,meta,meta_bof,clicks,"91,992.00"
2026-03-08,meta,meta_bof,qs,"1,719.00"
2026-03-08,meta,meta_bof,cp,142.00
2026-03-08,meta,meta_mof,impressions,0.00
2026-03-08,meta,meta_mof,clicks,0.00
2026-03-08,meta,meta_mof,qs,0.00
2026-03-08,meta,meta_mof,cp,0.00
2026-03-08,meta,meta_tof,impressions,"1,224,048.00"
2026-03-08,meta,meta_tof,clicks,"10,191.00"
2026-03-08,meta,meta_tof,qs,"1,041.00"
2026-03-08,meta,meta_tof,cp,28.00
2026-03-08,tiktok,tiktok,impressions,359.00
2026-03-08,tiktok,tiktok,clicks,1.00
2026-03-08,tiktok,tiktok,qs,0.00
2026-03-08,tiktok,tiktok,cp,0.00
2026-03-09,google,search_brand,impressions,"6,336.00"
2026-03-09,google,search_brand,clicks,"2,620.00"
2026-03-09,google,search_brand,qs,868.95
2026-03-09,google,search_brand,cp,145.67
2026-03-09,google,search_nb,impressions,"119,165.00"
2026-03-09,google,search_nb,clicks,"4,230.00"
2026-03-09,google,search_nb,qs,"1,162.82"
2026-03-09,google,search_nb,cp,157.30
2026-03-09,google,search_pmax,impressions,"507,937.00"
2026-03-09,google,search_pmax,clicks,"2,580.00"
2026-03-09,google,search_pmax,qs,0.00
2026-03-09,google,search_pmax,cp,119.92
2026-03-09,meta,meta_bof,impressions,"6,174,261.00"
2026-03-09,meta,meta_bof,clicks,"82,900.00"
2026-03-09,meta,meta_bof,qs,"1,678.00"
2026-03-09,meta,meta_bof,cp,170.00
2026-03-09,meta,meta_mof,impressions,0.00
2026-03-09,meta,meta_mof,clicks,0.00
2026-03-09,meta,meta_mof,qs,0.00
2026-03-09,meta,meta_mof,cp,0.00
2026-03-09,meta,meta_tof,impressions,"1,052,933.00"
2026-03-09,meta,meta_tof,clicks,"9,798.00"
2026-03-09,meta,meta_tof,qs,911.00
2026-03-09,meta,meta_tof,cp,27.00
2026-03-09,tiktok,tiktok,impressions,"7,548,181.00"
2026-03-09,tiktok,tiktok,clicks,"45,641.00"
2026-03-09,tiktok,tiktok,qs,0.00
2026-03-09,tiktok,tiktok,cp,326.00
2026-03-10,google,search_brand,impressions,"5,656.00"
2026-03-10,google,search_brand,clicks,"2,563.00"
2026-03-10,google,search_brand,qs,830.51
2026-03-10,google,search_brand,cp,176.70
2026-03-10,google,search_nb,impressions,"133,101.00"
2026-03-10,google,search_nb,clicks,"4,102.00"
2026-03-10,google,search_nb,qs,"1,195.88"
2026-03-10,google,search_nb,cp,149.60
2026-03-10,google,search_pmax,impressions,"511,958.00"
2026-03-10,google,search_pmax,clicks,"2,178.00"
2026-03-10,google,search_pmax,qs,0.00
2026-03-10,google,search_pmax,cp,85.00
2026-03-10,meta,meta_bof,impressions,"4,826,590.00"
2026-03-10,meta,meta_bof,clicks,"73,172.00"
2026-03-10,meta,meta_bof,qs,"1,431.00"
2026-03-10,meta,meta_bof,cp,139.00
2026-03-10,meta,meta_mof,impressions,0.00
2026-03-10,meta,meta_mof,clicks,0.00
2026-03-10,meta,meta_mof,qs,0.00
2026-03-10,meta,meta_mof,cp,0.00
2026-03-10,meta,meta_tof,impressions,"908,960.00"
2026-03-10,meta,meta_tof,clicks,"8,666.00"
2026-03-10,meta,meta_tof,qs,723.00
2026-03-10,meta,meta_tof,cp,26.00
2026-03-10,tiktok,tiktok,impressions,"6,976,429.00"
2026-03-10,tiktok,tiktok,clicks,"41,447.00"
2026-03-10,tiktok,tiktok,qs,5.00
2026-03-10,tiktok,tiktok,cp,336.00
2026-03-11,google,search_brand,impressions,"5,279.00"
2026-03-11,google,search_brand,clicks,"2,246.00"
2026-03-11,google,search_brand,qs,753.58
2026-03-11,google,search_brand,cp,153.11
2026-03-11,google,search_nb,impressions,"131,499.00"
2026-03-11,google,search_nb,clicks,"3,686.00"
2026-03-11,google,search_nb,qs,999.79
2026-03-11,google,search_nb,cp,143.37
2026-03-11,google,search_pmax,impressions,"501,001.00"
2026-03-11,google,search_pmax,clicks,"2,454.00"
2026-03-11,google,search_pmax,qs,0.00
2026-03-11,google,search_pmax,cp,95.47
2026-03-11,meta,meta_bof,impressions,"3,595,233.00"
2026-03-11,meta,meta_bof,clicks,"55,880.00"
2026-03-11,meta,meta_bof,qs,"1,114.00"
2026-03-11,meta,meta_bof,cp,130.00
2026-03-11,meta,meta_mof,impressions,0.00
2026-03-11,meta,meta_mof,clicks,0.00
2026-03-11,meta,meta_mof,qs,0.00
2026-03-11,meta,meta_mof,cp,0.00
2026-03-11,meta,meta_tof,impressions,"1,022,865.00"
2026-03-11,meta,meta_tof,clicks,"10,065.00"
2026-03-11,meta,meta_tof,qs,769.00
2026-03-11,meta,meta_tof,cp,20.00
2026-03-11,tiktok,tiktok,impressions,"4,277,326.00"
2026-03-11,tiktok,tiktok,clicks,"27,069.00"
2026-03-11,tiktok,tiktok,qs,17.00
2026-03-11,tiktok,tiktok,cp,308.00
2026-03-12,google,search_brand,impressions,"5,546.00"
2026-03-12,google,search_brand,clicks,"2,256.00"
2026-03-12,google,search_brand,qs,695.84
2026-03-12,google,search_brand,cp,157.42
2026-03-12,google,search_nb,impressions,"136,867.00"
2026-03-12,google,search_nb,clicks,"3,835.00"
2026-03-12,google,search_nb,qs,"1,034.84"
2026-03-12,google,search_nb,cp,110.76
2026-03-12,google,search_pmax,impressions,"458,333.00"
2026-03-12,google,search_pmax,clicks,"2,316.00"
2026-03-12,google,search_pmax,qs,0.00
2026-03-12,google,search_pmax,cp,95.36
2026-03-12,meta,meta_bof,impressions,"1,369,578.00"
2026-03-12,meta,meta_bof,clicks,"30,869.00"
2026-03-12,meta,meta_bof,qs,743.00
2026-03-12,meta,meta_bof,cp,88.00
2026-03-12,meta,meta_mof,impressions,0.00
2026-03-12,meta,meta_mof,clicks,0.00
2026-03-12,meta,meta_mof,qs,0.00
2026-03-12,meta,meta_mof,cp,0.00
2026-03-12,meta,meta_tof,impressions,"1,023,077.00"
2026-03-12,meta,meta_tof,clicks,"10,608.00"
2026-03-12,meta,meta_tof,qs,694.00
2026-03-12,meta,meta_tof,cp,26.00
2026-03-12,tiktok,tiktok,impressions,"6,123,773.00"
2026-03-12,tiktok,tiktok,clicks,"31,567.00"
2026-03-12,tiktok,tiktok,qs,27.00
2026-03-12,tiktok,tiktok,cp,349.00
2026-03-13,google,search_brand,impressions,"6,048.00"
2026-03-13,google,search_brand,clicks,"1,906.00"
2026-03-13,google,search_brand,qs,594.08
2026-03-13,google,search_brand,cp,134.00
2026-03-13,google,search_nb,impressions,"134,725.00"
2026-03-13,google,search_nb,clicks,"3,874.00"
2026-03-13,google,search_nb,qs,"1,149.00"
2026-03-13,google,search_nb,cp,148.29
2026-03-13,google,search_pmax,impressions,"415,498.00"
2026-03-13,google,search_pmax,clicks,"2,072.00"
2026-03-13,google,search_pmax,qs,0.00
2026-03-13,google,search_pmax,cp,79.17
2026-03-13,meta,meta_bof,impressions,"1,471,238.00"
2026-03-13,meta,meta_bof,clicks,"28,933.00"
2026-03-13,meta,meta_bof,qs,542.00
2026-03-13,meta,meta_bof,cp,87.00
2026-03-13,meta,meta_mof,impressions,0.00
2026-03-13,meta,meta_mof,clicks,0.00
2026-03-13,meta,meta_mof,qs,0.00
2026-03-13,meta,meta_mof,cp,0.00
2026-03-13,meta,meta_tof,impressions,"748,776.00"
2026-03-13,meta,meta_tof,clicks,"7,513.00"
2026-03-13,meta,meta_tof,qs,451.00
2026-03-13,meta,meta_tof,cp,25.00
2026-03-13,tiktok,tiktok,impressions,"2,573,041.00"
2026-03-13,tiktok,tiktok,clicks,"11,944.00"
2026-03-13,tiktok,tiktok,qs,19.00
2026-03-13,tiktok,tiktok,cp,213.00
2026-03-14,google,search_brand,impressions,"7,768.00"
2026-03-14,google,search_brand,clicks,"1,846.00"
2026-03-14,google,search_brand,qs,598.83
2026-03-14,google,search_brand,cp,129.85
2026-03-14,google,search_nb,impressions,"112,522.00"
2026-03-14,google,search_nb,clicks,"3,626.00"
2026-03-14,google,search_nb,qs,"1,133.92"
2026-03-14,google,search_nb,cp,139.33
2026-03-14,google,search_pmax,impressions,"431,145.00"
2026-03-14,google,search_pmax,clicks,"2,138.00"
2026-03-14,google,search_pmax,qs,0.00
2026-03-14,google,search_pmax,cp,100.24
2026-03-14,meta,meta_bof,impressions,"1,378,803.00"
2026-03-14,meta,meta_bof,clicks,"30,060.00"
2026-03-14,meta,meta_bof,qs,509.00
2026-03-14,meta,meta_bof,cp,61.00
2026-03-14,meta,meta_mof,impressions,0.00
2026-03-14,meta,meta_mof,clicks,0.00
2026-03-14,meta,meta_mof,qs,0.00
2026-03-14,meta,meta_mof,cp,0.00
2026-03-14,meta,meta_tof,impressions,"770,461.00"
2026-03-14,meta,meta_tof,clicks,"8,337.00"
2026-03-14,meta,meta_tof,qs,445.00
2026-03-14,meta,meta_tof,cp,16.00
2026-03-14,tiktok,tiktok,impressions,"4,045,990.00"
2026-03-14,tiktok,tiktok,clicks,"15,098.00"
2026-03-14,tiktok,tiktok,qs,17.00
2026-03-14,tiktok,tiktok,cp,208.00
2026-03-15,google,search_brand,impressions,"8,221.00"
2026-03-15,google,search_brand,clicks,"2,118.00"
2026-03-15,google,search_brand,qs,667.24
2026-03-15,google,search_brand,cp,136.22
2026-03-15,google,search_nb,impressions,"89,227.00"
2026-03-15,google,search_nb,clicks,"2,961.00"
2026-03-15,google,search_nb,qs,909.66
2026-03-15,google,search_nb,cp,97.58
2026-03-15,google,search_pmax,impressions,"432,723.00"
2026-03-15,google,search_pmax,clicks,"2,381.00"
2026-03-15,google,search_pmax,qs,0.00
2026-03-15,google,search_pmax,cp,89.50
2026-03-15,meta,meta_bof,impressions,"1,375,765.00"
2026-03-15,meta,meta_bof,clicks,"32,234.00"
2026-03-15,meta,meta_bof,qs,532.00
2026-03-15,meta,meta_bof,cp,71.00
2026-03-15,meta,meta_mof,impressions,0.00
2026-03-15,meta,meta_mof,clicks,0.00
2026-03-15,meta,meta_mof,qs,0.00
2026-03-15,meta,meta_mof,cp,0.00
2026-03-15,meta,meta_tof,impressions,"995,989.00"
2026-03-15,meta,meta_tof,clicks,"9,657.00"
2026-03-15,meta,meta_tof,qs,581.00
2026-03-15,meta,meta_tof,cp,17.00
2026-03-15,tiktok,tiktok,impressions,"5,678,424.00"
2026-03-15,tiktok,tiktok,clicks,"22,442.00"
2026-03-15,tiktok,tiktok,qs,48.00
2026-03-15,tiktok,tiktok,cp,265.00
2026-03-16,google,search_brand,impressions,"10,601.00"
2026-03-16,google,search_brand,clicks,"2,520.00"
2026-03-16,google,search_brand,qs,783.92
2026-03-16,google,search_brand,cp,148.78
2026-03-16,google,search_nb,impressions,"114,361.00"
2026-03-16,google,search_nb,clicks,"3,681.00"
2026-03-16,google,search_nb,qs,"1,103.53"
2026-03-16,google,search_nb,cp,102.39
2026-03-16,google,search_pmax,impressions,"450,185.00"
2026-03-16,google,search_pmax,clicks,"2,490.00"
2026-03-16,google,search_pmax,qs,0.00
2026-03-16,google,search_pmax,cp,90.34
2026-03-16,meta,meta_bof,impressions,"1,256,897.00"
2026-03-16,meta,meta_bof,clicks,"31,377.00"
2026-03-16,meta,meta_bof,qs,540.00
2026-03-16,meta,meta_bof,cp,62.00
2026-03-16,meta,meta_mof,impressions,0.00
2026-03-16,meta,meta_mof,clicks,0.00
2026-03-16,meta,meta_mof,qs,0.00
2026-03-16,meta,meta_mof,cp,0.00
2026-03-16,meta,meta_tof,impressions,"1,051,975.00"
2026-03-16,meta,meta_tof,clicks,"11,271.00"
2026-03-16,meta,meta_tof,qs,543.00
2026-03-16,meta,meta_tof,cp,14.00
2026-03-16,tiktok,tiktok,impressions,"4,744,378.00"
2026-03-16,tiktok,tiktok,clicks,"19,452.00"
2026-03-16,tiktok,tiktok,qs,165.00
2026-03-16,tiktok,tiktok,cp,282.00
2026-03-17,google,search_brand,impressions,"9,216.00"
2026-03-17,google,search_brand,clicks,"2,560.00"
2026-03-17,google,search_brand,qs,800.07
2026-03-17,google,search_brand,cp,152.77
2026-03-17,google,search_nb,impressions,"140,285.00"
2026-03-17,google,search_nb,clicks,"4,737.00"
2026-03-17,google,search_nb,qs,"1,478.59"
2026-03-17,google,search_nb,cp,208.21
2026-03-17,google,search_pmax,impressions,"532,095.00"
2026-03-17,google,search_pmax,clicks,"2,708.00"
2026-03-17,google,search_pmax,qs,0.00
2026-03-17,google,search_pmax,cp,87.92
2026-03-17,meta,meta_bof,impressions,"2,095,109.00"
2026-03-17,meta,meta_bof,clicks,"33,517.00"
2026-03-17,meta,meta_bof,qs,686.00
2026-03-17,meta,meta_bof,cp,99.00
2026-03-17,meta,meta_mof,impressions,0.00
2026-03-17,meta,meta_mof,clicks,0.00
2026-03-17,meta,meta_mof,qs,0.00
2026-03-17,meta,meta_mof,cp,0.00
2026-03-17,meta,meta_tof,impressions,"1,039,758.00"
2026-03-17,meta,meta_tof,clicks,"10,836.00"
2026-03-17,meta,meta_tof,qs,648.00
2026-03-17,meta,meta_tof,cp,22.00
2026-03-17,tiktok,tiktok,impressions,"2,332,520.00"
2026-03-17,tiktok,tiktok,clicks,"8,258.00"
2026-03-17,tiktok,tiktok,qs,358.00
2026-03-17,tiktok,tiktok,cp,235.00
2026-03-18,google,search_brand,impressions,"10,394.00"
2026-03-18,google,search_brand,clicks,"2,469.00"
2026-03-18,google,search_brand,qs,776.30
2026-03-18,google,search_brand,cp,171.39
2026-03-18,google,search_nb,impressions,"142,140.00"
2026-03-18,google,search_nb,clicks,"4,875.00"
2026-03-18,google,search_nb,qs,"1,452.88"
2026-03-18,google,search_nb,cp,170.70
2026-03-18,google,search_pmax,impressions,"487,223.00"
2026-03-18,google,search_pmax,clicks,"2,799.00"
2026-03-18,google,search_pmax,qs,0.00
2026-03-18,google,search_pmax,cp,96.79
2026-03-18,meta,meta_bof,impressions,"2,920,237.00"
2026-03-18,meta,meta_bof,clicks,"46,737.00"
2026-03-18,meta,meta_bof,qs,936.00
2026-03-18,meta,meta_bof,cp,131.00
2026-03-18,meta,meta_mof,impressions,0.00
2026-03-18,meta,meta_mof,clicks,0.00
2026-03-18,meta,meta_mof,qs,0.00
2026-03-18,meta,meta_mof,cp,0.00
2026-03-18,meta,meta_tof,impressions,"880,521.00"
2026-03-18,meta,meta_tof,clicks,"8,490.00"
2026-03-18,meta,meta_tof,qs,481.00
2026-03-18,meta,meta_tof,cp,19.00
2026-03-18,tiktok,tiktok,impressions,"1,567,831.00"
2026-03-18,tiktok,tiktok,clicks,"10,326.00"
2026-03-18,tiktok,tiktok,qs,399.00
2026-03-18,tiktok,tiktok,cp,202.00
2026-03-19,google,search_brand,impressions,"10,479.00"
2026-03-19,google,search_brand,clicks,"2,392.00"
2026-03-19,google,search_brand,qs,702.29
2026-03-19,google,search_brand,cp,173.22
2026-03-19,google,search_nb,impressions,"118,896.00"
2026-03-19,google,search_nb,clicks,"3,803.00"
2026-03-19,google,search_nb,qs,"1,141.09"
2026-03-19,google,search_nb,cp,180.68
2026-03-19,google,search_pmax,impressions,"318,230.00"
2026-03-19,google,search_pmax,clicks,"2,459.00"
2026-03-19,google,search_pmax,qs,0.00
2026-03-19,google,search_pmax,cp,98.89
2026-03-19,meta,meta_bof,impressions,"3,315,558.00"
2026-03-19,meta,meta_bof,clicks,"63,820.00"
2026-03-19,meta,meta_bof,qs,"1,003.00"
2026-03-19,meta,meta_bof,cp,134.00
2026-03-19,meta,meta_mof,impressions,0.00
2026-03-19,meta,meta_mof,clicks,0.00
2026-03-19,meta,meta_mof,qs,0.00
2026-03-19,meta,meta_mof,cp,0.00
2026-03-19,meta,meta_tof,impressions,"886,287.00"
2026-03-19,meta,meta_tof,clicks,"7,934.00"
2026-03-19,meta,meta_tof,qs,457.00
2026-03-19,meta,meta_tof,cp,19.00
2026-03-19,tiktok,tiktok,impressions,"2,265,350.00"
2026-03-19,tiktok,tiktok,clicks,"13,486.00"
2026-03-19,tiktok,tiktok,qs,447.00
2026-03-19,tiktok,tiktok,cp,203.00
2026-03-20,google,search_brand,impressions,"4,909.00"
2026-03-20,google,search_brand,clicks,"2,133.00"
2026-03-20,google,search_brand,qs,658.93
2026-03-20,google,search_brand,cp,161.88
2026-03-20,google,search_nb,impressions,"126,041.00"
2026-03-20,google,search_nb,clicks,"3,776.00"
2026-03-20,google,search_nb,qs,"1,098.28"
2026-03-20,google,search_nb,cp,156.54
2026-03-20,google,search_pmax,impressions,"419,531.00"
2026-03-20,google,search_pmax,clicks,"2,501.00"
2026-03-20,google,search_pmax,qs,0.00
2026-03-20,google,search_pmax,cp,93.72
2026-03-20,meta,meta_bof,impressions,"3,196,880.00"
2026-03-20,meta,meta_bof,clicks,"68,221.00"
2026-03-20,meta,meta_bof,qs,998.00
2026-03-20,meta,meta_bof,cp,151.00
2026-03-20,meta,meta_mof,impressions,0.00
2026-03-20,meta,meta_mof,clicks,0.00
2026-03-20,meta,meta_mof,qs,0.00
2026-03-20,meta,meta_mof,cp,0.00
2026-03-20,meta,meta_tof,impressions,"947,696.00"
2026-03-20,meta,meta_tof,clicks,"7,488.00"
2026-03-20,meta,meta_tof,qs,439.00
2026-03-20,meta,meta_tof,cp,17.00
2026-03-20,tiktok,tiktok,impressions,"1,437,360.00"
2026-03-20,tiktok,tiktok,clicks,"6,601.00"
2026-03-20,tiktok,tiktok,qs,342.00
2026-03-20,tiktok,tiktok,cp,146.00
2026-03-21,google,search_brand,impressions,"4,601.00"
2026-03-21,google,search_brand,clicks,"2,165.00"
2026-03-21,google,search_brand,qs,688.87
2026-03-21,google,search_brand,cp,138.33
2026-03-21,google,search_nb,impressions,"139,863.00"
2026-03-21,google,search_nb,clicks,"4,578.00"
2026-03-21,google,search_nb,qs,"1,267.49"
2026-03-21,google,search_nb,cp,156.66
2026-03-21,google,search_pmax,impressions,"402,436.00"
2026-03-21,google,search_pmax,clicks,"2,265.00"
2026-03-21,google,search_pmax,qs,0.00
2026-03-21,google,search_pmax,cp,84.78
2026-03-21,meta,meta_bof,impressions,"2,999,007.00"
2026-03-21,meta,meta_bof,clicks,"60,628.00"
2026-03-21,meta,meta_bof,qs,"1,018.00"
2026-03-21,meta,meta_bof,cp,135.00
2026-03-21,meta,meta_mof,impressions,0.00
2026-03-21,meta,meta_mof,clicks,0.00
2026-03-21,meta,meta_mof,qs,0.00
2026-03-21,meta,meta_mof,cp,0.00
2026-03-21,meta,meta_tof,impressions,"1,020,700.00"
2026-03-21,meta,meta_tof,clicks,"7,741.00"
2026-03-21,meta,meta_tof,qs,495.00
2026-03-21,meta,meta_tof,cp,21.00
2026-03-21,tiktok,tiktok,impressions,"1,535,758.00"
2026-03-21,tiktok,tiktok,clicks,"6,982.00"
2026-03-21,tiktok,tiktok,qs,528.00
2026-03-21,tiktok,tiktok,cp,186.00
2026-03-22,google,search_brand,impressions,"4,864.00"
2026-03-22,google,search_brand,clicks,"2,541.00"
2026-03-22,google,search_brand,qs,860.76
2026-03-22,google,search_brand,cp,168.96
2026-03-22,google,search_nb,impressions,"173,020.00"
2026-03-22,google,search_nb,clicks,"5,474.00"
2026-03-22,google,search_nb,qs,"1,530.59"
2026-03-22,google,search_nb,cp,193.62
2026-03-22,google,search_pmax,impressions,"469,242.00"
2026-03-22,google,search_pmax,clicks,"2,415.00"
2026-03-22,google,search_pmax,qs,0.00
2026-03-22,google,search_pmax,cp,97.09
2026-03-22,meta,meta_bof,impressions,"2,842,209.00"
2026-03-22,meta,meta_bof,clicks,"53,678.00"
2026-03-22,meta,meta_bof,qs,"1,224.00"
2026-03-22,meta,meta_bof,cp,134.00
2026-03-22,meta,meta_mof,impressions,0.00
2026-03-22,meta,meta_mof,clicks,0.00
2026-03-22,meta,meta_mof,qs,0.00
2026-03-22,meta,meta_mof,cp,0.00
2026-03-22,meta,meta_tof,impressions,"1,145,484.00"
2026-03-22,meta,meta_tof,clicks,"8,866.00"
2026-03-22,meta,meta_tof,qs,574.00
2026-03-22,meta,meta_tof,cp,21.00
2026-03-22,tiktok,tiktok,impressions,"2,470,006.00"
2026-03-22,tiktok,tiktok,clicks,"10,042.00"
2026-03-22,tiktok,tiktok,qs,759.00
2026-03-22,tiktok,tiktok,cp,285.00
2026-03-23,google,search_brand,impressions,"7,937.00"
2026-03-23,google,search_brand,clicks,"2,725.00"
2026-03-23,google,search_brand,qs,955.90
2026-03-23,google,search_brand,cp,197.64
2026-03-23,google,search_nb,impressions,"189,571.00"
2026-03-23,google,search_nb,clicks,"6,224.00"
2026-03-23,google,search_nb,qs,"1,842.34"
2026-03-23,google,search_nb,cp,218.84
2026-03-23,google,search_pmax,impressions,"513,042.00"
2026-03-23,google,search_pmax,clicks,"2,718.00"
2026-03-23,google,search_pmax,qs,0.00
2026-03-23,google,search_pmax,cp,87.71
2026-03-23,meta,meta_bof,impressions,"3,146,911.00"
2026-03-23,meta,meta_bof,clicks,"53,701.00"
2026-03-23,meta,meta_bof,qs,"1,160.00"
2026-03-23,meta,meta_bof,cp,151.00
2026-03-23,meta,meta_mof,impressions,0.00
2026-03-23,meta,meta_mof,clicks,0.00
2026-03-23,meta,meta_mof,qs,0.00
2026-03-23,meta,meta_mof,cp,0.00
2026-03-23,meta,meta_tof,impressions,"1,114,392.00"
2026-03-23,meta,meta_tof,clicks,"9,296.00"
2026-03-23,meta,meta_tof,qs,609.00
2026-03-23,meta,meta_tof,cp,11.00
2026-03-23,tiktok,tiktok,impressions,"1,880,718.00"
2026-03-23,tiktok,tiktok,clicks,"8,144.00"
2026-03-23,tiktok,tiktok,qs,533.00
2026-03-23,tiktok,tiktok,cp,274.00
2026-03-24,google,search_brand,impressions,"7,454.00"
2026-03-24,google,search_brand,clicks,"2,711.00"
2026-03-24,google,search_brand,qs,896.32
2026-03-24,google,search_brand,cp,205.57
2026-03-24,google,search_nb,impressions,"125,966.00"
2026-03-24,google,search_nb,clicks,"4,480.00"
2026-03-24,google,search_nb,qs,"1,143.84"
2026-03-24,google,search_nb,cp,157.68
2026-03-24,google,search_pmax,impressions,"447,459.00"
2026-03-24,google,search_pmax,clicks,"2,645.00"
2026-03-24,google,search_pmax,qs,0.00
2026-03-24,google,search_pmax,cp,79.36
2026-03-24,google,youtube,impressions,"83,333.00"
2026-03-24,google,youtube,clicks,906.00
2026-03-24,google,youtube,qs,24.92
2026-03-24,google,youtube,cp,4.47
2026-03-24,meta,meta_bof,impressions,"3,336,306.00"
2026-03-24,meta,meta_bof,clicks,"60,641.00"
2026-03-24,meta,meta_bof,qs,"1,197.00"
2026-03-24,meta,meta_bof,cp,153.00
2026-03-24,meta,meta_mof,impressions,0.00
2026-03-24,meta,meta_mof,clicks,0.00
2026-03-24,meta,meta_mof,qs,0.00
2026-03-24,meta,meta_mof,cp,0.00
2026-03-24,meta,meta_tof,impressions,"982,605.00"
2026-03-24,meta,meta_tof,clicks,"7,162.00"
2026-03-24,meta,meta_tof,qs,581.00
2026-03-24,meta,meta_tof,cp,19.00
2026-03-24,tiktok,tiktok,impressions,"1,587,409.00"
2026-03-24,tiktok,tiktok,clicks,"7,088.00"
2026-03-24,tiktok,tiktok,qs,394.00
2026-03-24,tiktok,tiktok,cp,214.00
2026-03-25,google,search_brand,impressions,"7,090.00"
2026-03-25,google,search_brand,clicks,"2,576.00"
2026-03-25,google,search_brand,qs,888.17
2026-03-25,google,search_brand,cp,188.10
2026-03-25,google,search_nb,impressions,"150,531.00"
2026-03-25,google,search_nb,clicks,"4,667.00"
2026-03-25,google,search_nb,qs,"1,384.47"
2026-03-25,google,search_nb,cp,186.12
2026-03-25,google,search_pmax,impressions,"460,855.00"
2026-03-25,google,search_pmax,clicks,"2,539.00"
2026-03-25,google,search_pmax,qs,0.00
2026-03-25,google,search_pmax,cp,100.01
2026-03-25,google,youtube,impressions,"115,716.00"
2026-03-25,google,youtube,clicks,857.00
2026-03-25,google,youtube,qs,89.51
2026-03-25,google,youtube,cp,7.02
2026-03-25,meta,meta_bof,impressions,"3,012,525.00"
2026-03-25,meta,meta_bof,clicks,"54,883.00"
2026-03-25,meta,meta_bof,qs,"1,162.00"
2026-03-25,meta,meta_bof,cp,184.00
2026-03-25,meta,meta_mof,impressions,0.00
2026-03-25,meta,meta_mof,clicks,0.00
2026-03-25,meta,meta_mof,qs,0.00
2026-03-25,meta,meta_mof,cp,0.00
2026-03-25,meta,meta_tof,impressions,"957,812.00"
2026-03-25,meta,meta_tof,clicks,"7,227.00"
2026-03-25,meta,meta_tof,qs,574.00
2026-03-25,meta,meta_tof,cp,20.00
2026-03-25,tiktok,tiktok,impressions,"1,940,478.00"
2026-03-25,tiktok,tiktok,clicks,"7,955.00"
2026-03-25,tiktok,tiktok,qs,412.00
2026-03-25,tiktok,tiktok,cp,270.00
2026-03-26,google,search_brand,impressions,"7,232.00"
2026-03-26,google,search_brand,clicks,"2,855.00"
2026-03-26,google,search_brand,qs,938.01
2026-03-26,google,search_brand,cp,220.80
2026-03-26,google,search_nb,impressions,"136,294.00"
2026-03-26,google,search_nb,clicks,"4,201.00"
2026-03-26,google,search_nb,qs,"1,350.66"
2026-03-26,google,search_nb,cp,174.76
2026-03-26,google,search_pmax,impressions,"457,601.00"
2026-03-26,google,search_pmax,clicks,"2,565.00"
2026-03-26,google,search_pmax,qs,0.00
2026-03-26,google,search_pmax,cp,111.31
2026-03-26,google,youtube,impressions,"213,235.00"
2026-03-26,google,youtube,clicks,815.00
2026-03-26,google,youtube,qs,82.50
2026-03-26,google,youtube,cp,18.52
2026-03-26,meta,meta_bof,impressions,"3,634,513.00"
2026-03-26,meta,meta_bof,clicks,"53,910.00"
2026-03-26,meta,meta_bof,qs,"1,288.00"
2026-03-26,meta,meta_bof,cp,142.00
2026-03-26,meta,meta_mof,impressions,0.00
2026-03-26,meta,meta_mof,clicks,0.00
2026-03-26,meta,meta_mof,qs,0.00
2026-03-26,meta,meta_mof,cp,0.00
2026-03-26,meta,meta_tof,impressions,"1,022,212.00"
2026-03-26,meta,meta_tof,clicks,"7,635.00"
2026-03-26,meta,meta_tof,qs,580.00
2026-03-26,meta,meta_tof,cp,13.00
2026-03-26,tiktok,tiktok,impressions,"1,232,243.00"
2026-03-26,tiktok,tiktok,clicks,"4,513.00"
2026-03-26,tiktok,tiktok,qs,242.00
2026-03-26,tiktok,tiktok,cp,229.00
2026-03-27,google,search_brand,impressions,"7,691.00"
2026-03-27,google,search_brand,clicks,"2,497.00"
2026-03-27,google,search_brand,qs,806.37
2026-03-27,google,search_brand,cp,198.41
2026-03-27,google,search_nb,impressions,"110,669.00"
2026-03-27,google,search_nb,clicks,"3,174.00"
2026-03-27,google,search_nb,qs,"1,000.09"
2026-03-27,google,search_nb,cp,153.66
2026-03-27,google,search_pmax,impressions,"453,755.00"
2026-03-27,google,search_pmax,clicks,"2,330.00"
2026-03-27,google,search_pmax,qs,0.00
2026-03-27,google,search_pmax,cp,110.42
2026-03-27,google,youtube,impressions,"324,210.00"
2026-03-27,google,youtube,clicks,"1,066.00"
2026-03-27,google,youtube,qs,99.58
2026-03-27,google,youtube,cp,15.39
2026-03-27,meta,meta_bof,impressions,"3,567,085.00"
2026-03-27,meta,meta_bof,clicks,"39,872.00"
2026-03-27,meta,meta_bof,qs,"1,079.00"
2026-03-27,meta,meta_bof,cp,198.00
2026-03-27,meta,meta_mof,impressions,0.00
2026-03-27,meta,meta_mof,clicks,0.00
2026-03-27,meta,meta_mof,qs,0.00
2026-03-27,meta,meta_mof,cp,0.00
2026-03-27,meta,meta_tof,impressions,"881,542.00"
2026-03-27,meta,meta_tof,clicks,"7,152.00"
2026-03-27,meta,meta_tof,qs,439.00
2026-03-27,meta,meta_tof,cp,19.00
2026-03-27,tiktok,tiktok,impressions,"1,197,143.00"
2026-03-27,tiktok,tiktok,clicks,"4,342.00"
2026-03-27,tiktok,tiktok,qs,192.00
2026-03-27,tiktok,tiktok,cp,196.00
2026-03-28,google,search_brand,impressions,"4,073.00"
2026-03-28,google,search_brand,clicks,"2,289.00"
2026-03-28,google,search_brand,qs,771.29
2026-03-28,google,search_brand,cp,165.07
2026-03-28,google,search_nb,impressions,"101,731.00"
2026-03-28,google,search_nb,clicks,"3,050.00"
2026-03-28,google,search_nb,qs,931.04
2026-03-28,google,search_nb,cp,141.26
2026-03-28,google,search_pmax,impressions,"480,797.00"
2026-03-28,google,search_pmax,clicks,"2,407.00"
2026-03-28,google,search_pmax,qs,0.00
2026-03-28,google,search_pmax,cp,110.50
2026-03-28,google,youtube,impressions,"437,283.00"
2026-03-28,google,youtube,clicks,"1,433.00"
2026-03-28,google,youtube,qs,127.61
2026-03-28,google,youtube,cp,25.08
2026-03-28,meta,meta_bof,impressions,"5,609,174.00"
2026-03-28,meta,meta_bof,clicks,"63,831.00"
2026-03-28,meta,meta_bof,qs,"1,271.00"
2026-03-28,meta,meta_bof,cp,192.00
2026-03-28,meta,meta_mof,impressions,0.00
2026-03-28,meta,meta_mof,clicks,0.00
2026-03-28,meta,meta_mof,qs,0.00
2026-03-28,meta,meta_mof,cp,0.00
2026-03-28,meta,meta_tof,impressions,"820,104.00"
2026-03-28,meta,meta_tof,clicks,"7,197.00"
2026-03-28,meta,meta_tof,qs,490.00
2026-03-28,meta,meta_tof,cp,18.00
2026-03-28,tiktok,tiktok,impressions,"1,566,256.00"
2026-03-28,tiktok,tiktok,clicks,"6,448.00"
2026-03-28,tiktok,tiktok,qs,355.00
2026-03-28,tiktok,tiktok,cp,188.00
2026-03-29,google,search_brand,impressions,"4,627.00"
2026-03-29,google,search_brand,clicks,"2,533.00"
2026-03-29,google,search_brand,qs,851.62
2026-03-29,google,search_brand,cp,155.99
2026-03-29,google,search_nb,impressions,"145,987.00"
2026-03-29,google,search_nb,clicks,"4,990.00"
2026-03-29,google,search_nb,qs,"1,572.65"
2026-03-29,google,search_nb,cp,214.29
2026-03-29,google,search_pmax,impressions,"520,363.00"
2026-03-29,google,search_pmax,clicks,"2,807.00"
2026-03-29,google,search_pmax,qs,0.00
2026-03-29,google,search_pmax,cp,88.15
2026-03-29,google,youtube,impressions,"472,434.00"
2026-03-29,google,youtube,clicks,"1,254.00"
2026-03-29,google,youtube,qs,127.18
2026-03-29,google,youtube,cp,16.17
2026-03-29,meta,meta_bof,impressions,"5,935,092.00"
2026-03-29,meta,meta_bof,clicks,"73,650.00"
2026-03-29,meta,meta_bof,qs,"1,509.00"
2026-03-29,meta,meta_bof,cp,204.00
2026-03-29,meta,meta_mof,impressions,0.00
2026-03-29,meta,meta_mof,clicks,0.00
2026-03-29,meta,meta_mof,qs,0.00
2026-03-29,meta,meta_mof,cp,0.00
2026-03-29,meta,meta_tof,impressions,"1,008,175.00"
2026-03-29,meta,meta_tof,clicks,"9,084.00"
2026-03-29,meta,meta_tof,qs,651.00
2026-03-29,meta,meta_tof,cp,18.00
2026-03-29,tiktok,tiktok,impressions,"1,951,887.00"
2026-03-29,tiktok,tiktok,clicks,"8,626.00"
2026-03-29,tiktok,tiktok,qs,477.00
2026-03-29,tiktok,tiktok,cp,258.00
2026-03-30,google,search_brand,impressions,"4,764.00"
2026-03-30,google,search_brand,clicks,"2,696.00"
2026-03-30,google,search_brand,qs,878.21
2026-03-30,google,search_brand,cp,213.28
2026-03-30,google,search_nb,impressions,"133,344.00"
2026-03-30,google,search_nb,clicks,"4,381.00"
2026-03-30,google,search_nb,qs,"1,406.00"
2026-03-30,google,search_nb,cp,182.65
2026-03-30,google,search_pmax,impressions,"478,386.00"
2026-03-30,google,search_pmax,clicks,"2,421.00"
2026-03-30,google,search_pmax,qs,0.00
2026-03-30,google,search_pmax,cp,96.01
2026-03-30,google,youtube,impressions,"468,567.00"
2026-03-30,google,youtube,clicks,"1,206.00"
2026-03-30,google,youtube,qs,112.73
2026-03-30,google,youtube,cp,9.40
2026-03-30,meta,meta_bof,impressions,"4,848,147.00"
2026-03-30,meta,meta_bof,clicks,"63,252.00"
2026-03-30,meta,meta_bof,qs,"1,533.00"
2026-03-30,meta,meta_bof,cp,408.00
2026-03-30,meta,meta_mof,impressions,0.00
2026-03-30,meta,meta_mof,clicks,0.00
2026-03-30,meta,meta_mof,qs,0.00
2026-03-30,meta,meta_mof,cp,0.00
2026-03-30,meta,meta_tof,impressions,"951,976.00"
2026-03-30,meta,meta_tof,clicks,"9,054.00"
2026-03-30,meta,meta_tof,qs,636.00
2026-03-30,meta,meta_tof,cp,43.00
2026-03-30,tiktok,tiktok,impressions,"1,441,937.00"
2026-03-30,tiktok,tiktok,clicks,"6,078.00"
2026-03-30,tiktok,tiktok,qs,319.00
2026-03-30,tiktok,tiktok,cp,305.00
2026-03-31,google,search_brand,impressions,"4,889.00"
2026-03-31,google,search_brand,clicks,"2,731.00"
2026-03-31,google,search_brand,qs,921.61
2026-03-31,google,search_brand,cp,233.38
2026-03-31,google,search_nb,impressions,"120,679.00"
2026-03-31,google,search_nb,clicks,"4,421.00"
2026-03-31,google,search_nb,qs,"1,360.10"
2026-03-31,google,search_nb,cp,189.81
2026-03-31,google,search_pmax,impressions,"508,992.00"
2026-03-31,google,search_pmax,clicks,"2,614.00"
2026-03-31,google,search_pmax,qs,0.00
2026-03-31,google,search_pmax,cp,90.06
2026-03-31,google,youtube,impressions,"679,636.00"
2026-03-31,google,youtube,clicks,"2,054.00"
2026-03-31,google,youtube,qs,114.58
2026-03-31,google,youtube,cp,26.79
2026-03-31,meta,meta_bof,impressions,"5,161,477.00"
2026-03-31,meta,meta_bof,clicks,"57,029.00"
2026-03-31,meta,meta_bof,qs,"1,268.00"
2026-03-31,meta,meta_bof,cp,556.00
2026-03-31,meta,meta_mof,impressions,0.00
2026-03-31,meta,meta_mof,clicks,0.00
2026-03-31,meta,meta_mof,qs,0.00
2026-03-31,meta,meta_mof,cp,0.00
2026-03-31,meta,meta_tof,impressions,"1,054,788.00"
2026-03-31,meta,meta_tof,clicks,"10,189.00"
2026-03-31,meta,meta_tof,qs,588.00
2026-03-31,meta,meta_tof,cp,42.00
2026-03-31,tiktok,tiktok,impressions,"2,009,605.00"
2026-03-31,tiktok,tiktok,clicks,"8,532.00"
2026-03-31,tiktok,tiktok,qs,441.00
2026-03-31,tiktok,tiktok,cp,285.00
2026-04-01,google,search_brand,impressions,"5,099.00"
2026-04-01,google,search_brand,clicks,"2,715.00"
2026-04-01,google,search_brand,qs,871.04
2026-04-01,google,search_brand,cp,206.76
2026-04-01,google,search_nb,impressions,"137,879.00"
2026-04-01,google,search_nb,clicks,"4,721.00"
2026-04-01,google,search_nb,qs,"1,318.04"
2026-04-01,google,search_nb,cp,176.69
2026-04-01,google,search_pmax,impressions,"574,791.00"
2026-04-01,google,search_pmax,clicks,"2,712.00"
2026-04-01,google,search_pmax,qs,0.00
2026-04-01,google,search_pmax,cp,99.22
2026-04-01,google,youtube,impressions,"1,395,797.00"
2026-04-01,google,youtube,clicks,"3,432.00"
2026-04-01,google,youtube,qs,124.14
2026-04-01,google,youtube,cp,24.44
2026-04-01,meta,meta_bof,impressions,"7,842,079.00"
2026-04-01,meta,meta_bof,clicks,"71,593.00"
2026-04-01,meta,meta_bof,qs,"1,583.00"
2026-04-01,meta,meta_bof,cp,487.00
2026-04-01,meta,meta_mof,impressions,"93,085.00"
2026-04-01,meta,meta_mof,clicks,"3,435.00"
2026-04-01,meta,meta_mof,qs,17.00
2026-04-01,meta,meta_mof,cp,5.00
2026-04-01,meta,meta_tof,impressions,"956,053.00"
2026-04-01,meta,meta_tof,clicks,"8,684.00"
2026-04-01,meta,meta_tof,qs,503.00
2026-04-01,meta,meta_tof,cp,36.00
2026-04-01,tiktok,tiktok,impressions,"1,954,524.00"
2026-04-01,tiktok,tiktok,clicks,"10,707.00"
2026-04-01,tiktok,tiktok,qs,431.00
2026-04-01,tiktok,tiktok,cp,320.00
2026-04-02,google,search_brand,impressions,"4,676.00"
2026-04-02,google,search_brand,clicks,"2,268.00"
2026-04-02,google,search_brand,qs,686.12
2026-04-02,google,search_brand,cp,186.95
2026-04-02,google,search_nb,impressions,"119,306.00"
2026-04-02,google,search_nb,clicks,"4,512.00"
2026-04-02,google,search_nb,qs,"1,323.58"
2026-04-02,google,search_nb,cp,201.89
2026-04-02,google,search_pmax,impressions,"543,129.00"
2026-04-02,google,search_pmax,clicks,"2,570.00"
2026-04-02,google,search_pmax,qs,0.00
2026-04-02,google,search_pmax,cp,83.70
2026-04-02,google,youtube,impressions,"873,716.00"
2026-04-02,google,youtube,clicks,"2,181.00"
2026-04-02,google,youtube,qs,91.96
2026-04-02,google,youtube,cp,10.19
2026-04-02,meta,meta_bof,impressions,"7,634,762.00"
2026-04-02,meta,meta_bof,clicks,"73,895.00"
2026-04-02,meta,meta_bof,qs,"1,548.00"
2026-04-02,meta,meta_bof,cp,569.00
2026-04-02,meta,meta_mof,impressions,"193,660.00"
2026-04-02,meta,meta_mof,clicks,"14,659.00"
2026-04-02,meta,meta_mof,qs,41.00
2026-04-02,meta,meta_mof,cp,10.00
2026-04-02,meta,meta_tof,impressions,"791,637.00"
2026-04-02,meta,meta_tof,clicks,"8,294.00"
2026-04-02,meta,meta_tof,qs,497.00
2026-04-02,meta,meta_tof,cp,43.00
2026-04-02,tiktok,tiktok,impressions,"984,103.00"
2026-04-02,tiktok,tiktok,clicks,"8,740.00"
2026-04-02,tiktok,tiktok,qs,409.00
2026-04-02,tiktok,tiktok,cp,244.00
2026-04-03,google,search_brand,impressions,"4,770.00"
2026-04-03,google,search_brand,clicks,"2,358.00"
2026-04-03,google,search_brand,qs,741.73
2026-04-03,google,search_brand,cp,159.49
2026-04-03,google,search_nb,impressions,"104,129.00"
2026-04-03,google,search_nb,clicks,"4,357.00"
2026-04-03,google,search_nb,qs,"1,158.70"
2026-04-03,google,search_nb,cp,153.83
2026-04-03,google,search_pmax,impressions,"489,672.00"
2026-04-03,google,search_pmax,clicks,"2,505.00"
2026-04-03,google,search_pmax,qs,0.00
2026-04-03,google,search_pmax,cp,90.42
2026-04-03,google,youtube,impressions,"958,803.00"
2026-04-03,google,youtube,clicks,"2,274.00"
2026-04-03,google,youtube,qs,102.34
2026-04-03,google,youtube,cp,15.95
2026-04-03,meta,meta_bof,impressions,"7,759,998.00"
2026-04-03,meta,meta_bof,clicks,"78,507.00"
2026-04-03,meta,meta_bof,qs,"1,620.00"
2026-04-03,meta,meta_bof,cp,537.00
2026-04-03,meta,meta_mof,impressions,"109,560.00"
2026-04-03,meta,meta_mof,clicks,"10,115.00"
2026-04-03,meta,meta_mof,qs,27.00
2026-04-03,meta,meta_mof,cp,14.00
2026-04-03,meta,meta_tof,impressions,"969,794.00"
2026-04-03,meta,meta_tof,clicks,"9,826.00"
2026-04-03,meta,meta_tof,qs,501.00
2026-04-03,meta,meta_tof,cp,33.00
2026-04-03,tiktok,tiktok,impressions,"1,472,011.00"
2026-04-03,tiktok,tiktok,clicks,"9,379.00"
2026-04-03,tiktok,tiktok,qs,471.00
2026-04-03,tiktok,tiktok,cp,192.00
2026-04-04,google,search_brand,impressions,"4,116.00"
2026-04-04,google,search_brand,clicks,"1,924.00"
2026-04-04,google,search_brand,qs,596.58
2026-04-04,google,search_brand,cp,124.12
2026-04-04,google,search_nb,impressions,"109,516.00"
2026-04-04,google,search_nb,clicks,"4,661.00"
2026-04-04,google,search_nb,qs,"1,247.48"
2026-04-04,google,search_nb,cp,186.33
2026-04-04,google,search_pmax,impressions,"420,109.00"
2026-04-04,google,search_pmax,clicks,"2,107.00"
2026-04-04,google,search_pmax,qs,0.00
2026-04-04,google,search_pmax,cp,67.92
2026-04-04,google,youtube,impressions,"435,610.00"
2026-04-04,google,youtube,clicks,"1,347.00"
2026-04-04,google,youtube,qs,63.02
2026-04-04,google,youtube,cp,7.52
2026-04-04,meta,meta_bof,impressions,"6,228,502.00"
2026-04-04,meta,meta_bof,clicks,"76,544.00"
2026-04-04,meta,meta_bof,qs,"1,702.00"
2026-04-04,meta,meta_bof,cp,395.00
2026-04-04,meta,meta_mof,impressions,0.00
2026-04-04,meta,meta_mof,clicks,0.00
2026-04-04,meta,meta_mof,qs,1.00
2026-04-04,meta,meta_mof,cp,2.00
2026-04-04,meta,meta_tof,impressions,"774,821.00"
2026-04-04,meta,meta_tof,clicks,"8,246.00"
2026-04-04,meta,meta_tof,qs,435.00
2026-04-04,meta,meta_tof,cp,22.00
2026-04-04,tiktok,tiktok,impressions,"1,352,179.00"
2026-04-04,tiktok,tiktok,clicks,"11,250.00"
2026-04-04,tiktok,tiktok,qs,492.00
2026-04-04,tiktok,tiktok,cp,169.00
2026-04-05,google,search_brand,impressions,"4,482.00"
2026-04-05,google,search_brand,clicks,"2,102.00"
2026-04-05,google,search_brand,qs,641.68
2026-04-05,google,search_brand,cp,152.73
2026-04-05,google,search_nb,impressions,"109,930.00"
2026-04-05,google,search_nb,clicks,"4,835.00"
2026-04-05,google,search_nb,qs,"1,350.08"
2026-04-05,google,search_nb,cp,180.62
2026-04-05,google,search_pmax,impressions,"477,432.00"
2026-04-05,google,search_pmax,clicks,"2,560.00"
2026-04-05,google,search_pmax,qs,0.00
2026-04-05,google,search_pmax,cp,63.80
2026-04-05,google,youtube,impressions,"268,857.00"
2026-04-05,google,youtube,clicks,961.00
2026-04-05,google,youtube,qs,68.83
2026-04-05,google,youtube,cp,11.49
2026-04-05,meta,meta_bof,impressions,"2,033,659.00"
2026-04-05,meta,meta_bof,clicks,"32,652.00"
2026-04-05,meta,meta_bof,qs,938.00
2026-04-05,meta,meta_bof,cp,207.00
2026-04-05,meta,meta_mof,impressions,0.00
2026-04-05,meta,meta_mof,clicks,0.00
2026-04-05,meta,meta_mof,qs,2.00
2026-04-05,meta,meta_mof,cp,0.00
2026-04-05,meta,meta_tof,impressions,"968,777.00"
2026-04-05,meta,meta_tof,clicks,"9,154.00"
2026-04-05,meta,meta_tof,qs,569.00
2026-04-05,meta,meta_tof,cp,18.00
2026-04-05,tiktok,tiktok,impressions,"1,571,162.00"
2026-04-05,tiktok,tiktok,clicks,"10,386.00"
2026-04-05,tiktok,tiktok,qs,567.00
2026-04-05,tiktok,tiktok,cp,195.00
2026-04-06,google,search_brand,impressions,"4,877.00"
2026-04-06,google,search_brand,clicks,"2,447.00"
2026-04-06,google,search_brand,qs,818.69
2026-04-06,google,search_brand,cp,202.59
2026-04-06,google,search_nb,impressions,"117,944.00"
2026-04-06,google,search_nb,clicks,"5,093.00"
2026-04-06,google,search_nb,qs,"1,429.61"
2026-04-06,google,search_nb,cp,161.64
2026-04-06,google,search_pmax,impressions,"515,880.00"
2026-04-06,google,search_pmax,clicks,"2,972.00"
2026-04-06,google,search_pmax,qs,0.00
2026-04-06,google,search_pmax,cp,90.73
2026-04-06,google,youtube,impressions,"238,724.00"
2026-04-06,google,youtube,clicks,855.00
2026-04-06,google,youtube,qs,70.45
2026-04-06,google,youtube,cp,3.78
2026-04-06,meta,meta_bof,impressions,"2,471,207.00"
2026-04-06,meta,meta_bof,clicks,"26,131.00"
2026-04-06,meta,meta_bof,qs,936.00
2026-04-06,meta,meta_bof,cp,220.00
2026-04-06,meta,meta_mof,impressions,0.00
2026-04-06,meta,meta_mof,clicks,0.00
2026-04-06,meta,meta_mof,qs,1.00
2026-04-06,meta,meta_mof,cp,2.00
2026-04-06,meta,meta_tof,impressions,"1,018,779.00"
2026-04-06,meta,meta_tof,clicks,"9,643.00"
2026-04-06,meta,meta_tof,qs,680.00
2026-04-06,meta,meta_tof,cp,27.00
2026-04-06,tiktok,tiktok,impressions,"1,722,131.00"
2026-04-06,tiktok,tiktok,clicks,"11,127.00"
2026-04-06,tiktok,tiktok,qs,562.00
2026-04-06,tiktok,tiktok,cp,216.00
2026-04-07,google,search_brand,impressions,"4,744.00"
2026-04-07,google,search_brand,clicks,"2,434.00"
2026-04-07,google,search_brand,qs,741.07
2026-04-07,google,search_brand,cp,167.76
2026-04-07,google,search_nb,impressions,"106,850.00"
2026-04-07,google,search_nb,clicks,"4,397.00"
2026-04-07,google,search_nb,qs,"1,190.23"
2026-04-07,google,search_nb,cp,128.17
2026-04-07,google,search_pmax,impressions,"501,910.00"
2026-04-07,google,search_pmax,clicks,"2,576.00"
2026-04-07,google,search_pmax,qs,0.00
2026-04-07,google,search_pmax,cp,75.65
2026-04-07,google,youtube,impressions,"219,308.00"
2026-04-07,google,youtube,clicks,756.00
2026-04-07,google,youtube,qs,64.03
2026-04-07,google,youtube,cp,4.58
2026-04-07,meta,meta_bof,impressions,"3,010,836.00"
2026-04-07,meta,meta_bof,clicks,"32,920.00"
2026-04-07,meta,meta_bof,qs,921.00
2026-04-07,meta,meta_bof,cp,287.00
2026-04-07,meta,meta_mof,impressions,0.00
2026-04-07,meta,meta_mof,clicks,0.00
2026-04-07,meta,meta_mof,qs,4.00
2026-04-07,meta,meta_mof,cp,0.00
2026-04-07,meta,meta_tof,impressions,"1,057,096.00"
2026-04-07,meta,meta_tof,clicks,"9,981.00"
2026-04-07,meta,meta_tof,qs,590.00
2026-04-07,meta,meta_tof,cp,37.00
2026-04-07,tiktok,tiktok,impressions,"1,082,675.00"
2026-04-07,tiktok,tiktok,clicks,"7,212.00"
2026-04-07,tiktok,tiktok,qs,411.00
2026-04-07,tiktok,tiktok,cp,208.00
2026-04-08,google,search_brand,impressions,"5,163.00"
2026-04-08,google,search_brand,clicks,"2,634.00"
2026-04-08,google,search_brand,qs,807.82
2026-04-08,google,search_brand,cp,200.21
2026-04-08,google,search_nb,impressions,"142,644.00"
2026-04-08,google,search_nb,clicks,"4,832.00"
2026-04-08,google,search_nb,qs,"1,150.72"
2026-04-08,google,search_nb,cp,112.70
2026-04-08,google,search_pmax,impressions,"448,804.00"
2026-04-08,google,search_pmax,clicks,"2,612.00"
2026-04-08,google,search_pmax,qs,0.00
2026-04-08,google,search_pmax,cp,49.63
2026-04-08,google,youtube,impressions,"237,944.00"
2026-04-08,google,youtube,clicks,704.00
2026-04-08,google,youtube,qs,60.75
2026-04-08,google,youtube,cp,4.87
2026-04-08,meta,meta_bof,impressions,"2,253,009.00"
2026-04-08,meta,meta_bof,clicks,"29,901.00"
2026-04-08,meta,meta_bof,qs,777.00
2026-04-08,meta,meta_bof,cp,212.00
2026-04-08,meta,meta_mof,impressions,0.00
2026-04-08,meta,meta_mof,clicks,0.00
2026-04-08,meta,meta_mof,qs,3.00
2026-04-08,meta,meta_mof,cp,0.00
2026-04-08,meta,meta_tof,impressions,"990,446.00"
2026-04-08,meta,meta_tof,clicks,"9,051.00"
2026-04-08,meta,meta_tof,qs,514.00
2026-04-08,meta,meta_tof,cp,28.00
2026-04-08,tiktok,tiktok,impressions,"1,466,648.00"
2026-04-08,tiktok,tiktok,clicks,"8,817.00"
2026-04-08,tiktok,tiktok,qs,425.00
2026-04-08,tiktok,tiktok,cp,220.00
2026-04-09,google,search_brand,impressions,"4,629.00"
2026-04-09,google,search_brand,clicks,"2,389.00"
2026-04-09,google,search_brand,qs,749.65
2026-04-09,google,search_brand,cp,188.06
2026-04-09,google,search_nb,impressions,"102,783.00"
2026-04-09,google,search_nb,clicks,"3,425.00"
2026-04-09,google,search_nb,qs,923.83
2026-04-09,google,search_nb,cp,111.92
2026-04-09,google,search_pmax,impressions,"472,971.00"
2026-04-09,google,search_pmax,clicks,"2,564.00"
2026-04-09,google,search_pmax,qs,0.00
2026-04-09,google,search_pmax,cp,69.74
2026-04-09,google,youtube,impressions,"229,324.00"
2026-04-09,google,youtube,clicks,765.00
2026-04-09,google,youtube,qs,68.00
2026-04-09,google,youtube,cp,8.81
2026-04-09,meta,meta_bof,impressions,"1,755,918.00"
2026-04-09,meta,meta_bof,clicks,"24,845.00"
2026-04-09,meta,meta_bof,qs,620.00
2026-04-09,meta,meta_bof,cp,228.00
2026-04-09,meta,meta_mof,impressions,"789,635.00"
2026-04-09,meta,meta_mof,clicks,"6,646.00"
2026-04-09,meta,meta_mof,qs,159.00
2026-04-09,meta,meta_mof,cp,4.00
2026-04-09,meta,meta_tof,impressions,"4,242,040.00"
2026-04-09,meta,meta_tof,clicks,"6,819.00"
2026-04-09,meta,meta_tof,qs,127.00
2026-04-09,meta,meta_tof,cp,21.00
2026-04-09,tiktok,tiktok,impressions,"1,470,314.00"
2026-04-09,tiktok,tiktok,clicks,"8,558.00"
2026-04-09,tiktok,tiktok,qs,464.00
2026-04-09,tiktok,tiktok,cp,234.00
2026-04-10,google,search_brand,impressions,"4,208.00"
2026-04-10,google,search_brand,clicks,"2,087.00"
2026-04-10,google,search_brand,qs,691.02
2026-04-10,google,search_brand,cp,155.45
2026-04-10,google,search_nb,impressions,"88,433.00"
2026-04-10,google,search_nb,clicks,"3,080.00"
2026-04-10,google,search_nb,qs,912.18
2026-04-10,google,search_nb,cp,97.58
2026-04-10,google,search_pmax,impressions,"428,496.00"
2026-04-10,google,search_pmax,clicks,"2,197.00"
2026-04-10,google,search_pmax,qs,0.00
2026-04-10,google,search_pmax,cp,68.27
2026-04-10,google,youtube,impressions,"160,070.00"
2026-04-10,google,youtube,clicks,485.00
2026-04-10,google,youtube,qs,53.62
2026-04-10,google,youtube,cp,10.44
2026-04-10,meta,meta_bof,impressions,"1,739,267.00"
2026-04-10,meta,meta_bof,clicks,"32,842.00"
2026-04-10,meta,meta_bof,qs,810.00
2026-04-10,meta,meta_bof,cp,232.00
2026-04-10,meta,meta_mof,impressions,"1,005,674.00"
2026-04-10,meta,meta_mof,clicks,"7,944.00"
2026-04-10,meta,meta_mof,qs,601.00
2026-04-10,meta,meta_mof,cp,21.00
2026-04-10,meta,meta_tof,impressions,"3,487,542.00"
2026-04-10,meta,meta_tof,clicks,"3,557.00"
2026-04-10,meta,meta_tof,qs,29.00
2026-04-10,meta,meta_tof,cp,2.00
2026-04-10,tiktok,tiktok,impressions,"1,133,916.00"
2026-04-10,tiktok,tiktok,clicks,"7,050.00"
2026-04-10,tiktok,tiktok,qs,367.00
2026-04-10,tiktok,tiktok,cp,185.00
2026-04-11,google,search_brand,impressions,"4,029.00"
2026-04-11,google,search_brand,clicks,"1,954.00"
2026-04-11,google,search_brand,qs,634.48
2026-04-11,google,search_brand,cp,126.91
2026-04-11,google,search_nb,impressions,"69,134.00"
2026-04-11,google,search_nb,clicks,"2,725.00"
2026-04-11,google,search_nb,qs,809.25
2026-04-11,google,search_nb,cp,78.75
2026-04-11,google,search_pmax,impressions,"430,271.00"
2026-04-11,google,search_pmax,clicks,"2,302.00"
2026-04-11,google,search_pmax,qs,0.00
2026-04-11,google,search_pmax,cp,63.42
2026-04-11,google,youtube,impressions,"169,736.00"
2026-04-11,google,youtube,clicks,528.00
2026-04-11,google,youtube,qs,70.70
2026-04-11,google,youtube,cp,5.02
2026-04-11,meta,meta_bof,impressions,"2,411,049.00"
2026-04-11,meta,meta_bof,clicks,"62,278.00"
2026-04-11,meta,meta_bof,qs,879.00
2026-04-11,meta,meta_bof,cp,192.00
2026-04-11,meta,meta_mof,impressions,"870,282.00"
2026-04-11,meta,meta_mof,clicks,"7,553.00"
2026-04-11,meta,meta_mof,qs,633.00
2026-04-11,meta,meta_mof,cp,22.00
2026-04-11,meta,meta_tof,impressions,"3,557,350.00"
2026-04-11,meta,meta_tof,clicks,"4,073.00"
2026-04-11,meta,meta_tof,qs,19.00
2026-04-11,meta,meta_tof,cp,2.00
2026-04-11,tiktok,tiktok,impressions,"1,355,070.00"
2026-04-11,tiktok,tiktok,clicks,"7,422.00"
2026-04-11,tiktok,tiktok,qs,429.00
2026-04-11,tiktok,tiktok,cp,154.00
2026-04-12,google,search_brand,impressions,"4,128.00"
2026-04-12,google,search_brand,clicks,"2,105.00"
2026-04-12,google,search_brand,qs,712.44
2026-04-12,google,search_brand,cp,142.93
2026-04-12,google,search_nb,impressions,"84,675.00"
2026-04-12,google,search_nb,clicks,"3,004.00"
2026-04-12,google,search_nb,qs,821.19
2026-04-12,google,search_nb,cp,126.42
2026-04-12,google,search_pmax,impressions,"452,410.00"
2026-04-12,google,search_pmax,clicks,"2,303.00"
2026-04-12,google,search_pmax,qs,0.00
2026-04-12,google,search_pmax,cp,72.20
2026-04-12,google,youtube,impressions,"229,266.00"
2026-04-12,google,youtube,clicks,671.00
2026-04-12,google,youtube,qs,62.13
2026-04-12,google,youtube,cp,5.15
2026-04-12,meta,meta_bof,impressions,"3,152,799.00"
2026-04-12,meta,meta_bof,clicks,"50,436.00"
2026-04-12,meta,meta_bof,qs,"1,115.00"
2026-04-12,meta,meta_bof,cp,248.00
2026-04-12,meta,meta_mof,impressions,"1,225,093.00"
2026-04-12,meta,meta_mof,clicks,"8,650.00"
2026-04-12,meta,meta_mof,qs,803.00
2026-04-12,meta,meta_mof,cp,24.00
2026-04-12,meta,meta_tof,impressions,"2,152,572.00"
2026-04-12,meta,meta_tof,clicks,"3,334.00"
2026-04-12,meta,meta_tof,qs,16.00
2026-04-12,meta,meta_tof,cp,1.00
2026-04-12,tiktok,tiktok,impressions,"1,310,076.00"
2026-04-12,tiktok,tiktok,clicks,"7,745.00"
2026-04-12,tiktok,tiktok,qs,457.00
2026-04-12,tiktok,tiktok,cp,183.00
2026-04-13,google,search_brand,impressions,"4,147.00"
2026-04-13,google,search_brand,clicks,"2,094.00"
2026-04-13,google,search_brand,qs,683.48
2026-04-13,google,search_brand,cp,161.77
2026-04-13,google,search_nb,impressions,"83,965.00"
2026-04-13,google,search_nb,clicks,"2,810.00"
2026-04-13,google,search_nb,qs,903.92
2026-04-13,google,search_nb,cp,128.11
2026-04-13,google,search_pmax,impressions,"443,293.00"
2026-04-13,google,search_pmax,clicks,"2,052.00"
2026-04-13,google,search_pmax,qs,0.00
2026-04-13,google,search_pmax,cp,59.05
2026-04-13,google,youtube,impressions,"274,432.00"
2026-04-13,google,youtube,clicks,877.00
2026-04-13,google,youtube,qs,82.70
2026-04-13,google,youtube,cp,8.07
2026-04-13,meta,meta_bof,impressions,"3,405,444.00"
2026-04-13,meta,meta_bof,clicks,"42,201.00"
2026-04-13,meta,meta_bof,qs,"1,065.00"
2026-04-13,meta,meta_bof,cp,253.00
2026-04-13,meta,meta_mof,impressions,"1,013,782.00"
2026-04-13,meta,meta_mof,clicks,"7,297.00"
2026-04-13,meta,meta_mof,qs,680.00
2026-04-13,meta,meta_mof,cp,21.00
2026-04-13,meta,meta_tof,impressions,"1,508,941.00"
2026-04-13,meta,meta_tof,clicks,"1,980.00"
2026-04-13,meta,meta_tof,qs,10.00
2026-04-13,meta,meta_tof,cp,1.00
2026-04-13,tiktok,tiktok,impressions,"1,827,181.00"
2026-04-13,tiktok,tiktok,clicks,"14,580.00"
2026-04-13,tiktok,tiktok,qs,567.00
2026-04-13,tiktok,tiktok,cp,210.00
2026-04-14,google,search_brand,impressions,"4,207.00"
2026-04-14,google,search_brand,clicks,"2,162.00"
2026-04-14,google,search_brand,qs,708.98
2026-04-14,google,search_brand,cp,151.42
2026-04-14,google,search_nb,impressions,"95,635.00"
2026-04-14,google,search_nb,clicks,"2,956.00"
2026-04-14,google,search_nb,qs,833.79
2026-04-14,google,search_nb,cp,113.72
2026-04-14,google,search_pmax,impressions,"468,350.00"
2026-04-14,google,search_pmax,clicks,"2,029.00"
2026-04-14,google,search_pmax,qs,0.00
2026-04-14,google,search_pmax,cp,53.61
2026-04-14,google,search_shopping,impressions,"33,607.00"
2026-04-14,google,search_shopping,clicks,222.00
2026-04-14,google,search_shopping,qs,39.14
2026-04-14,google,search_shopping,cp,3.37
2026-04-14,google,youtube,impressions,"404,192.00"
2026-04-14,google,youtube,clicks,"1,207.00"
2026-04-14,google,youtube,qs,82.64
2026-04-14,google,youtube,cp,9.36
2026-04-14,meta,meta_bof,impressions,"3,536,323.00"
2026-04-14,meta,meta_bof,clicks,"42,583.00"
2026-04-14,meta,meta_bof,qs,957.00
2026-04-14,meta,meta_bof,cp,244.00
2026-04-14,meta,meta_mof,impressions,"970,333.00"
2026-04-14,meta,meta_mof,clicks,"7,404.00"
2026-04-14,meta,meta_mof,qs,657.00
2026-04-14,meta,meta_mof,cp,32.00
2026-04-14,meta,meta_tof,impressions,"1,457,877.00"
2026-04-14,meta,meta_tof,clicks,"2,017.00"
2026-04-14,meta,meta_tof,qs,5.00
2026-04-14,meta,meta_tof,cp,0.00
2026-04-14,tiktok,tiktok,impressions,"1,220,434.00"
2026-04-14,tiktok,tiktok,clicks,"8,773.00"
2026-04-14,tiktok,tiktok,qs,383.00
2026-04-14,tiktok,tiktok,cp,207.00
2026-04-15,google,search_brand,impressions,"4,097.00"
2026-04-15,google,search_brand,clicks,"2,065.00"
2026-04-15,google,search_brand,qs,715.80
2026-04-15,google,search_brand,cp,152.32
2026-04-15,google,search_nb,impressions,"177,119.00"
2026-04-15,google,search_nb,clicks,"5,480.00"
2026-04-15,google,search_nb,qs,"1,711.99"
2026-04-15,google,search_nb,cp,161.36
2026-04-15,google,search_pmax,impressions,"462,940.00"
2026-04-15,google,search_pmax,clicks,"1,974.00"
2026-04-15,google,search_pmax,qs,0.00
2026-04-15,google,search_pmax,cp,60.12
2026-04-15,google,search_shopping,impressions,"21,753.00"
2026-04-15,google,search_shopping,clicks,155.00
2026-04-15,google,search_shopping,qs,29.59
2026-04-15,google,search_shopping,cp,2.00
2026-04-15,google,youtube,impressions,"643,738.00"
2026-04-15,google,youtube,clicks,"1,988.00"
2026-04-15,google,youtube,qs,108.51
2026-04-15,google,youtube,cp,4.70
2026-04-15,meta,meta_bof,impressions,"3,362,292.00"
2026-04-15,meta,meta_bof,clicks,"43,711.00"
2026-04-15,meta,meta_bof,qs,"1,134.00"
2026-04-15,meta,meta_bof,cp,260.00
2026-04-15,meta,meta_mof,impressions,"936,622.00"
2026-04-15,meta,meta_mof,clicks,"6,961.00"
2026-04-15,meta,meta_mof,qs,817.00
2026-04-15,meta,meta_mof,cp,46.00
2026-04-15,meta,meta_tof,impressions,"1,451,827.00"
2026-04-15,meta,meta_tof,clicks,"1,923.00"
2026-04-15,meta,meta_tof,qs,8.00
2026-04-15,meta,meta_tof,cp,0.00
2026-04-15,tiktok,tiktok,impressions,"741,294.00"
2026-04-15,tiktok,tiktok,clicks,"4,306.00"
2026-04-15,tiktok,tiktok,qs,273.00
2026-04-15,tiktok,tiktok,cp,158.00
2026-04-16,google,search_brand,impressions,"3,935.00"
2026-04-16,google,search_brand,clicks,"2,032.00"
2026-04-16,google,search_brand,qs,621.14
2026-04-16,google,search_brand,cp,130.30
2026-04-16,google,search_nb,impressions,"185,889.00"
2026-04-16,google,search_nb,clicks,"5,882.00"
2026-04-16,google,search_nb,qs,"1,695.07"
2026-04-16,google,search_nb,cp,187.55
2026-04-16,google,search_pmax,impressions,"454,243.00"
2026-04-16,google,search_pmax,clicks,"1,888.00"
2026-04-16,google,search_pmax,qs,0.00
2026-04-16,google,search_pmax,cp,41.40
2026-04-16,google,search_shopping,impressions,"20,431.00"
2026-04-16,google,search_shopping,clicks,151.00
2026-04-16,google,search_shopping,qs,24.57
2026-04-16,google,search_shopping,cp,0.62
2026-04-16,google,youtube,impressions,"488,767.00"
2026-04-16,google,youtube,clicks,"1,440.00"
2026-04-16,google,youtube,qs,79.44
2026-04-16,google,youtube,cp,7.13
2026-04-16,meta,meta_bof,impressions,"3,103,197.00"
2026-04-16,meta,meta_bof,clicks,"46,908.00"
2026-04-16,meta,meta_bof,qs,"1,055.00"
2026-04-16,meta,meta_bof,cp,273.00
2026-04-16,meta,meta_mof,impressions,"853,037.00"
2026-04-16,meta,meta_mof,clicks,"7,063.00"
2026-04-16,meta,meta_mof,qs,682.00
2026-04-16,meta,meta_mof,cp,26.00
2026-04-16,meta,meta_tof,impressions,"1,680,795.00"
2026-04-16,meta,meta_tof,clicks,"2,419.00"
2026-04-16,meta,meta_tof,qs,0.00
2026-04-16,meta,meta_tof,cp,0.00
2026-04-16,tiktok,tiktok,impressions,"799,625.00"
2026-04-16,tiktok,tiktok,clicks,"4,389.00"
2026-04-16,tiktok,tiktok,qs,245.00
2026-04-16,tiktok,tiktok,cp,232.00
2026-04-17,google,search_brand,impressions,"3,782.00"
2026-04-17,google,search_brand,clicks,"1,939.00"
2026-04-17,google,search_brand,qs,572.14
2026-04-17,google,search_brand,cp,121.81
2026-04-17,google,search_nb,impressions,"199,925.00"
2026-04-17,google,search_nb,clicks,"6,471.00"
2026-04-17,google,search_nb,qs,"1,762.20"
2026-04-17,google,search_nb,cp,205.27
2026-04-17,google,search_pmax,impressions,"445,242.00"
2026-04-17,google,search_pmax,clicks,"2,242.00"
2026-04-17,google,search_pmax,qs,0.00
2026-04-17,google,search_pmax,cp,56.68
2026-04-17,google,search_shopping,impressions,"20,942.00"
2026-04-17,google,search_shopping,clicks,154.00
2026-04-17,google,search_shopping,qs,26.51
2026-04-17,google,search_shopping,cp,2.40
2026-04-17,google,youtube,impressions,"475,749.00"
2026-04-17,google,youtube,clicks,"1,390.00"
2026-04-17,google,youtube,qs,86.17
2026-04-17,google,youtube,cp,10.03
2026-04-17,meta,meta_bof,impressions,"3,367,316.00"
2026-04-17,meta,meta_bof,clicks,"50,874.00"
2026-04-17,meta,meta_bof,qs,904.00
2026-04-17,meta,meta_bof,cp,250.00
2026-04-17,meta,meta_mof,impressions,"917,476.00"
2026-04-17,meta,meta_mof,clicks,"6,772.00"
2026-04-17,meta,meta_mof,qs,589.00
2026-04-17,meta,meta_mof,cp,35.00
2026-04-17,meta,meta_tof,impressions,"3,031,758.00"
2026-04-17,meta,meta_tof,clicks,"5,012.00"
2026-04-17,meta,meta_tof,qs,0.00
2026-04-17,meta,meta_tof,cp,0.00
2026-04-17,tiktok,tiktok,impressions,"12,178.00"
2026-04-17,tiktok,tiktok,clicks,95.00
2026-04-17,tiktok,tiktok,qs,6.00
2026-04-17,tiktok,tiktok,cp,12.00
2026-04-18,google,search_brand,impressions,"3,949.00"
2026-04-18,google,search_brand,clicks,"1,744.00"
2026-04-18,google,search_brand,qs,590.81
2026-04-18,google,search_brand,cp,124.02
2026-04-18,google,search_nb,impressions,"122,612.00"
2026-04-18,google,search_nb,clicks,"3,938.00"
2026-04-18,google,search_nb,qs,"1,189.53"
2026-04-18,google,search_nb,cp,152.75
2026-04-18,google,search_pmax,impressions,"440,928.00"
2026-04-18,google,search_pmax,clicks,"2,082.00"
2026-04-18,google,search_pmax,qs,0.00
2026-04-18,google,search_pmax,cp,60.66
2026-04-18,google,search_shopping,impressions,"25,889.00"
2026-04-18,google,search_shopping,clicks,166.00
2026-04-18,google,search_shopping,qs,28.67
2026-04-18,google,search_shopping,cp,4.70
2026-04-18,google,youtube,impressions,"620,996.00"
2026-04-18,google,youtube,clicks,"1,679.00"
2026-04-18,google,youtube,qs,90.17
2026-04-18,google,youtube,cp,11.19
2026-04-18,meta,meta_bof,impressions,"3,420,456.00"
2026-04-18,meta,meta_bof,clicks,"50,216.00"
2026-04-18,meta,meta_bof,qs,826.00
2026-04-18,meta,meta_bof,cp,204.00
2026-04-18,meta,meta_mof,impressions,"834,412.00"
2026-04-18,meta,meta_mof,clicks,"6,825.00"
2026-04-18,meta,meta_mof,qs,550.00
2026-04-18,meta,meta_mof,cp,22.00
2026-04-18,meta,meta_tof,impressions,"2,960,110.00"
2026-04-18,meta,meta_tof,clicks,"4,716.00"
2026-04-18,meta,meta_tof,qs,0.00
2026-04-18,meta,meta_tof,cp,0.00
2026-04-18,tiktok,tiktok,impressions,0.00
2026-04-18,tiktok,tiktok,clicks,0.00
2026-04-18,tiktok,tiktok,qs,1.00
2026-04-18,tiktok,tiktok,cp,0.00
2026-04-19,google,search_brand,impressions,"3,885.00"
2026-04-19,google,search_brand,clicks,"1,885.00"
2026-04-19,google,search_brand,qs,627.61
2026-04-19,google,search_brand,cp,125.16
2026-04-19,google,search_nb,impressions,"141,639.00"
2026-04-19,google,search_nb,clicks,"4,701.00"
2026-04-19,google,search_nb,qs,"1,420.80"
2026-04-19,google,search_nb,cp,187.07
2026-04-19,google,search_pmax,impressions,"460,499.00"
2026-04-19,google,search_pmax,clicks,"2,266.00"
2026-04-19,google,search_pmax,qs,0.00
2026-04-19,google,search_pmax,cp,60.95
2026-04-19,google,search_shopping,impressions,"23,353.00"
2026-04-19,google,search_shopping,clicks,166.00
2026-04-19,google,search_shopping,qs,18.70
2026-04-19,google,search_shopping,cp,2.00
2026-04-19,google,youtube,impressions,"1,428,809.00"
2026-04-19,google,youtube,clicks,"3,805.00"
2026-04-19,google,youtube,qs,180.57
2026-04-19,google,youtube,cp,12.60
2026-04-19,meta,meta_bof,impressions,"3,413,767.00"
2026-04-19,meta,meta_bof,clicks,"55,702.00"
2026-04-19,meta,meta_bof,qs,922.00
2026-04-19,meta,meta_bof,cp,195.00
2026-04-19,meta,meta_mof,impressions,"883,668.00"
2026-04-19,meta,meta_mof,clicks,"7,023.00"
2026-04-19,meta,meta_mof,qs,638.00
2026-04-19,meta,meta_mof,cp,21.00
2026-04-19,meta,meta_tof,impressions,"2,239,689.00"
2026-04-19,meta,meta_tof,clicks,"3,691.00"
2026-04-19,meta,meta_tof,qs,0.00
2026-04-19,meta,meta_tof,cp,0.00
2026-04-19,tiktok,tiktok,impressions,0.00
2026-04-19,tiktok,tiktok,clicks,0.00
2026-04-19,tiktok,tiktok,qs,0.00
2026-04-19,tiktok,tiktok,cp,0.00
2026-04-20,google,search_brand,impressions,"4,377.00"
2026-04-20,google,search_brand,clicks,"2,190.00"
2026-04-20,google,search_brand,qs,736.13
2026-04-20,google,search_brand,cp,163.28
2026-04-20,google,search_nb,impressions,"124,939.00"
2026-04-20,google,search_nb,clicks,"4,027.00"
2026-04-20,google,search_nb,qs,"1,184.84"
2026-04-20,google,search_nb,cp,132.76
2026-04-20,google,search_pmax,impressions,"459,437.00"
2026-04-20,google,search_pmax,clicks,"2,153.00"
2026-04-20,google,search_pmax,qs,0.00
2026-04-20,google,search_pmax,cp,54.95
2026-04-20,google,search_shopping,impressions,"22,954.00"
2026-04-20,google,search_shopping,clicks,167.00
2026-04-20,google,search_shopping,qs,16.58
2026-04-20,google,search_shopping,cp,3.04
2026-04-20,google,youtube,impressions,"2,032,408.00"
2026-04-20,google,youtube,clicks,"6,096.00"
2026-04-20,google,youtube,qs,225.64
2026-04-20,google,youtube,cp,17.26
2026-04-20,meta,meta_bof,impressions,"3,619,920.00"
2026-04-20,meta,meta_bof,clicks,"74,852.00"
2026-04-20,meta,meta_bof,qs,924.00
2026-04-20,meta,meta_bof,cp,199.00
2026-04-20,meta,meta_mof,impressions,"1,110,965.00"
2026-04-20,meta,meta_mof,clicks,"8,696.00"
2026-04-20,meta,meta_mof,qs,718.00
2026-04-20,meta,meta_mof,cp,21.00
2026-04-20,meta,meta_tof,impressions,"2,918,726.00"
2026-04-20,meta,meta_tof,clicks,"4,640.00"
2026-04-20,meta,meta_tof,qs,0.00
2026-04-20,meta,meta_tof,cp,0.00
2026-04-20,tiktok,tiktok,impressions,"823,875.00"
2026-04-20,tiktok,tiktok,clicks,"3,054.00"
2026-04-20,tiktok,tiktok,qs,95.00
2026-04-20,tiktok,tiktok,cp,46.00
2026-04-21,google,search_brand,impressions,"4,264.00"
2026-04-21,google,search_brand,clicks,"1,948.00"
2026-04-21,google,search_brand,qs,559.40
2026-04-21,google,search_brand,cp,123.60
2026-04-21,google,search_nb,impressions,"126,938.00"
2026-04-21,google,search_nb,clicks,"4,008.00"
2026-04-21,google,search_nb,qs,"1,169.10"
2026-04-21,google,search_nb,cp,140.59
2026-04-21,google,search_pmax,impressions,"444,256.00"
2026-04-21,google,search_pmax,clicks,"1,991.00"
2026-04-21,google,search_pmax,qs,0.00
2026-04-21,google,search_pmax,cp,50.04
2026-04-21,google,search_shopping,impressions,"24,778.00"
2026-04-21,google,search_shopping,clicks,199.00
2026-04-21,google,search_shopping,qs,45.51
2026-04-21,google,search_shopping,cp,1.49
2026-04-21,google,youtube,impressions,"5,089,239.00"
2026-04-21,google,youtube,clicks,"18,063.00"
2026-04-21,google,youtube,qs,378.03
2026-04-21,google,youtube,cp,45.75
2026-04-21,meta,meta_bof,impressions,"3,252,325.00"
2026-04-21,meta,meta_bof,clicks,"69,014.00"
2026-04-21,meta,meta_bof,qs,868.00
2026-04-21,meta,meta_bof,cp,232.00
2026-04-21,meta,meta_mof,impressions,"1,263,520.00"
2026-04-21,meta,meta_mof,clicks,"7,981.00"
2026-04-21,meta,meta_mof,qs,620.00
2026-04-21,meta,meta_mof,cp,29.00
2026-04-21,meta,meta_tof,impressions,"530,838.00"
2026-04-21,meta,meta_tof,clicks,885.00
2026-04-21,meta,meta_tof,qs,0.00
2026-04-21,meta,meta_tof,cp,0.00
2026-04-21,tiktok,tiktok,impressions,"1,029,723.00"
2026-04-21,tiktok,tiktok,clicks,"3,942.00"
2026-04-21,tiktok,tiktok,qs,125.00
2026-04-21,tiktok,tiktok,cp,74.00
2026-04-22,google,search_brand,impressions,"4,111.00"
2026-04-22,google,search_brand,clicks,"1,973.00"
2026-04-22,google,search_brand,qs,592.99
2026-04-22,google,search_brand,cp,124.65
2026-04-22,google,search_nb,impressions,"123,268.00"
2026-04-22,google,search_nb,clicks,"4,019.00"
2026-04-22,google,search_nb,qs,"1,219.23"
2026-04-22,google,search_nb,cp,122.70
2026-04-22,google,search_pmax,impressions,"405,966.00"
2026-04-22,google,search_pmax,clicks,"1,841.00"
2026-04-22,google,search_pmax,qs,0.00
2026-04-22,google,search_pmax,cp,57.03
2026-04-22,google,search_shopping,impressions,"21,342.00"
2026-04-22,google,search_shopping,clicks,170.00
2026-04-22,google,search_shopping,qs,23.60
2026-04-22,google,search_shopping,cp,7.24
2026-04-22,google,youtube,impressions,"5,631,420.00"
2026-04-22,google,youtube,clicks,"19,622.00"
2026-04-22,google,youtube,qs,369.43
2026-04-22,google,youtube,cp,44.79
2026-04-22,meta,meta_bof,impressions,"3,060,517.00"
2026-04-22,meta,meta_bof,clicks,"72,600.00"
2026-04-22,meta,meta_bof,qs,826.00
2026-04-22,meta,meta_bof,cp,246.00
2026-04-22,meta,meta_mof,impressions,"1,408,637.00"
2026-04-22,meta,meta_mof,clicks,"9,787.00"
2026-04-22,meta,meta_mof,qs,751.00
2026-04-22,meta,meta_mof,cp,42.00
2026-04-22,meta,meta_tof,impressions,0.00
2026-04-22,meta,meta_tof,clicks,0.00
2026-04-22,meta,meta_tof,qs,0.00
2026-04-22,meta,meta_tof,cp,0.00
2026-04-22,tiktok,tiktok,impressions,"858,880.00"
2026-04-22,tiktok,tiktok,clicks,"3,350.00"
2026-04-22,tiktok,tiktok,qs,138.00
2026-04-22,tiktok,tiktok,cp,79.00
2026-04-23,google,search_brand,impressions,"3,991.00"
2026-04-23,google,search_brand,clicks,"2,095.00"
2026-04-23,google,search_brand,qs,695.19
2026-04-23,google,search_brand,cp,135.34
2026-04-23,google,search_nb,impressions,"106,186.00"
2026-04-23,google,search_nb,clicks,"3,321.00"
2026-04-23,google,search_nb,qs,"1,066.35"
2026-04-23,google,search_nb,cp,117.57
2026-04-23,google,search_pmax,impressions,"408,533.00"
2026-04-23,google,search_pmax,clicks,"1,914.00"
2026-04-23,google,search_pmax,qs,0.00
2026-04-23,google,search_pmax,cp,58.46
2026-04-23,google,search_shopping,impressions,"15,379.00"
2026-04-23,google,search_shopping,clicks,141.00
2026-04-23,google,search_shopping,qs,21.82
2026-04-23,google,search_shopping,cp,0.79
2026-04-23,google,youtube,impressions,"4,745,615.00"
2026-04-23,google,youtube,clicks,"15,103.00"
2026-04-23,google,youtube,qs,359.77
2026-04-23,google,youtube,cp,39.90
2026-04-23,meta,meta_bof,impressions,"3,198,595.00"
2026-04-23,meta,meta_bof,clicks,"78,932.00"
2026-04-23,meta,meta_bof,qs,814.00
2026-04-23,meta,meta_bof,cp,231.00
2026-04-23,meta,meta_mof,impressions,"1,622,671.00"
2026-04-23,meta,meta_mof,clicks,"14,880.00"
2026-04-23,meta,meta_mof,qs,794.00
2026-04-23,meta,meta_mof,cp,44.00
2026-04-23,meta,meta_tof,impressions,0.00
2026-04-23,meta,meta_tof,clicks,0.00
2026-04-23,meta,meta_tof,qs,0.00
2026-04-23,meta,meta_tof,cp,0.00
2026-04-23,tiktok,tiktok,impressions,"487,491.00"
2026-04-23,tiktok,tiktok,clicks,"1,722.00"
2026-04-23,tiktok,tiktok,qs,68.00
2026-04-23,tiktok,tiktok,cp,60.00
2026-04-24,google,search_brand,impressions,"3,766.00"
2026-04-24,google,search_brand,clicks,"2,012.00"
2026-04-24,google,search_brand,qs,641.33
2026-04-24,google,search_brand,cp,149.33
2026-04-24,google,search_nb,impressions,"98,879.00"
2026-04-24,google,search_nb,clicks,"3,220.00"
2026-04-24,google,search_nb,qs,988.39
2026-04-24,google,search_nb,cp,115.71
2026-04-24,google,search_pmax,impressions,"383,797.00"
2026-04-24,google,search_pmax,clicks,"2,014.00"
2026-04-24,google,search_pmax,qs,0.00
2026-04-24,google,search_pmax,cp,55.94
2026-04-24,google,search_shopping,impressions,"16,710.00"
2026-04-24,google,search_shopping,clicks,134.00
2026-04-24,google,search_shopping,qs,30.82
2026-04-24,google,search_shopping,cp,4.89
2026-04-24,google,youtube,impressions,"2,290,551.00"
2026-04-24,google,youtube,clicks,"7,602.00"
2026-04-24,google,youtube,qs,226.22
2026-04-24,google,youtube,cp,22.28
2026-04-24,meta,meta_bof,impressions,"3,908,277.00"
2026-04-24,meta,meta_bof,clicks,"77,417.00"
2026-04-24,meta,meta_bof,qs,838.00
2026-04-24,meta,meta_bof,cp,287.00
2026-04-24,meta,meta_mof,impressions,"1,654,143.00"
2026-04-24,meta,meta_mof,clicks,"12,481.00"
2026-04-24,meta,meta_mof,qs,691.00
2026-04-24,meta,meta_mof,cp,41.00
2026-04-24,meta,meta_tof,impressions,0.00
2026-04-24,meta,meta_tof,clicks,0.00
2026-04-24,meta,meta_tof,qs,0.00
2026-04-24,meta,meta_tof,cp,0.00
2026-04-24,tiktok,tiktok,impressions,"394,571.00"
2026-04-24,tiktok,tiktok,clicks,"2,081.00"
2026-04-24,tiktok,tiktok,qs,52.00
2026-04-24,tiktok,tiktok,cp,54.00
2026-04-25,google,search_brand,impressions,"3,598.00"
2026-04-25,google,search_brand,clicks,"1,884.00"
2026-04-25,google,search_brand,qs,633.68
2026-04-25,google,search_brand,cp,143.13
2026-04-25,google,search_nb,impressions,"89,580.00"
2026-04-25,google,search_nb,clicks,"2,941.00"
2026-04-25,google,search_nb,qs,929.16
2026-04-25,google,search_nb,cp,107.79
2026-04-25,google,search_pmax,impressions,"408,042.00"
2026-04-25,google,search_pmax,clicks,"2,018.00"
2026-04-25,google,search_pmax,qs,0.00
2026-04-25,google,search_pmax,cp,48.52
2026-04-25,google,search_shopping,impressions,"14,405.00"
2026-04-25,google,search_shopping,clicks,131.00
2026-04-25,google,search_shopping,qs,26.09
2026-04-25,google,search_shopping,cp,2.56
2026-04-25,google,youtube,impressions,"2,512,796.00"
2026-04-25,google,youtube,clicks,"8,480.00"
2026-04-25,google,youtube,qs,304.86
2026-04-25,google,youtube,cp,19.05
2026-04-25,meta,meta_bof,impressions,"4,188,504.00"
2026-04-25,meta,meta_bof,clicks,"93,412.00"
2026-04-25,meta,meta_bof,qs,996.00
2026-04-25,meta,meta_bof,cp,273.00
2026-04-25,meta,meta_mof,impressions,"1,588,046.00"
2026-04-25,meta,meta_mof,clicks,"10,504.00"
2026-04-25,meta,meta_mof,qs,731.00
2026-04-25,meta,meta_mof,cp,38.00
2026-04-25,meta,meta_tof,impressions,0.00
2026-04-25,meta,meta_tof,clicks,0.00
2026-04-25,meta,meta_tof,qs,0.00
2026-04-25,meta,meta_tof,cp,0.00
2026-04-25,tiktok,tiktok,impressions,"983,495.00"
2026-04-25,tiktok,tiktok,clicks,"4,215.00"
2026-04-25,tiktok,tiktok,qs,94.00
2026-04-25,tiktok,tiktok,cp,63.00
2026-04-26,google,search_brand,impressions,"4,290.00"
2026-04-26,google,search_brand,clicks,"2,232.00"
2026-04-26,google,search_brand,qs,838.19
2026-04-26,google,search_brand,cp,149.60
2026-04-26,google,search_nb,impressions,"116,369.00"
2026-04-26,google,search_nb,clicks,"3,901.00"
2026-04-26,google,search_nb,qs,"1,271.95"
2026-04-26,google,search_nb,cp,152.86
2026-04-26,google,search_pmax,impressions,"469,023.00"
2026-04-26,google,search_pmax,clicks,"2,097.00"
2026-04-26,google,search_pmax,qs,0.00
2026-04-26,google,search_pmax,cp,41.55
2026-04-26,google,search_shopping,impressions,"18,510.00"
2026-04-26,google,search_shopping,clicks,138.00
2026-04-26,google,search_shopping,qs,23.72
2026-04-26,google,search_shopping,cp,3.17
2026-04-26,google,youtube,impressions,"3,013,487.00"
2026-04-26,google,youtube,clicks,"9,546.00"
2026-04-26,google,youtube,qs,318.85
2026-04-26,google,youtube,cp,36.06
2026-04-26,meta,meta_bof,impressions,"3,990,491.00"
2026-04-26,meta,meta_bof,clicks,"106,760.00"
2026-04-26,meta,meta_bof,qs,"1,260.00"
2026-04-26,meta,meta_bof,cp,290.00
2026-04-26,meta,meta_mof,impressions,"1,456,732.00"
2026-04-26,meta,meta_mof,clicks,"9,544.00"
2026-04-26,meta,meta_mof,qs,817.00
2026-04-26,meta,meta_mof,cp,32.00
2026-04-26,meta,meta_tof,impressions,0.00
2026-04-26,meta,meta_tof,clicks,0.00
2026-04-26,meta,meta_tof,qs,0.00
2026-04-26,meta,meta_tof,cp,0.00
2026-04-26,tiktok,tiktok,impressions,"875,593.00"
2026-04-26,tiktok,tiktok,clicks,"3,365.00"
2026-04-26,tiktok,tiktok,qs,104.00
2026-04-26,tiktok,tiktok,cp,66.00
2026-04-27,google,search_brand,impressions,"4,351.00"
2026-04-27,google,search_brand,clicks,"2,286.00"
2026-04-27,google,search_brand,qs,797.06
2026-04-27,google,search_brand,cp,184.80
2026-04-27,google,search_nb,impressions,"129,579.00"
2026-04-27,google,search_nb,clicks,"4,173.00"
2026-04-27,google,search_nb,qs,"1,262.84"
2026-04-27,google,search_nb,cp,144.29
2026-04-27,google,search_pmax,impressions,"456,544.00"
2026-04-27,google,search_pmax,clicks,"2,076.00"
2026-04-27,google,search_pmax,qs,0.00
2026-04-27,google,search_pmax,cp,52.97
2026-04-27,google,search_shopping,impressions,"19,849.00"
2026-04-27,google,search_shopping,clicks,147.00
2026-04-27,google,search_shopping,qs,27.23
2026-04-27,google,search_shopping,cp,8.01
2026-04-27,google,youtube,impressions,"3,402,169.00"
2026-04-27,google,youtube,clicks,"10,987.00"
2026-04-27,google,youtube,qs,295.04
2026-04-27,google,youtube,cp,28.90
2026-04-27,meta,meta_bof,impressions,"3,891,847.00"
2026-04-27,meta,meta_bof,clicks,"73,185.00"
2026-04-27,meta,meta_bof,qs,"1,055.00"
2026-04-27,meta,meta_bof,cp,297.00
2026-04-27,meta,meta_mof,impressions,"1,536,159.00"
2026-04-27,meta,meta_mof,clicks,"10,880.00"
2026-04-27,meta,meta_mof,qs,832.00
2026-04-27,meta,meta_mof,cp,43.00
2026-04-27,meta,meta_tof,impressions,0.00
2026-04-27,meta,meta_tof,clicks,0.00
2026-04-27,meta,meta_tof,qs,0.00
2026-04-27,meta,meta_tof,cp,0.00
2026-04-27,tiktok,tiktok,impressions,"1,060,434.00"
2026-04-27,tiktok,tiktok,clicks,"4,011.00"
2026-04-27,tiktok,tiktok,qs,109.00
2026-04-27,tiktok,tiktok,cp,85.00
2026-04-28,google,search_brand,impressions,"4,415.00"
2026-04-28,google,search_brand,clicks,"2,390.00"
2026-04-28,google,search_brand,qs,734.33
2026-04-28,google,search_brand,cp,196.75
2026-04-28,google,search_nb,impressions,"143,138.00"
2026-04-28,google,search_nb,clicks,"4,517.00"
2026-04-28,google,search_nb,qs,"1,344.71"
2026-04-28,google,search_nb,cp,172.40
2026-04-28,google,search_pmax,impressions,"467,759.00"
2026-04-28,google,search_pmax,clicks,"2,189.00"
2026-04-28,google,search_pmax,qs,0.00
2026-04-28,google,search_pmax,cp,68.45
2026-04-28,google,search_shopping,impressions,"15,078.00"
2026-04-28,google,search_shopping,clicks,139.00
2026-04-28,google,search_shopping,qs,26.48
2026-04-28,google,search_shopping,cp,7.01
2026-04-28,google,youtube,impressions,"2,661,062.00"
2026-04-28,google,youtube,clicks,"8,209.00"
2026-04-28,google,youtube,qs,212.24
2026-04-28,google,youtube,cp,19.23
2026-04-28,meta,meta_bof,impressions,"3,253,867.00"
2026-04-28,meta,meta_bof,clicks,"30,737.00"
2026-04-28,meta,meta_bof,qs,"1,036.00"
2026-04-28,meta,meta_bof,cp,313.00
2026-04-28,meta,meta_mof,impressions,"1,115,166.00"
2026-04-28,meta,meta_mof,clicks,"8,855.00"
2026-04-28,meta,meta_mof,qs,636.00
2026-04-28,meta,meta_mof,cp,47.00
2026-04-28,meta,meta_tof,impressions,0.00
2026-04-28,meta,meta_tof,clicks,0.00
2026-04-28,meta,meta_tof,qs,0.00
2026-04-28,meta,meta_tof,cp,0.00
2026-04-28,tiktok,tiktok,impressions,"588,309.00"
2026-04-28,tiktok,tiktok,clicks,"3,390.00"
2026-04-28,tiktok,tiktok,qs,74.00
2026-04-28,tiktok,tiktok,cp,70.00
2026-04-29,google,search_brand,impressions,"4,202.00"
2026-04-29,google,search_brand,clicks,"2,232.00"
2026-04-29,google,search_brand,qs,778.21
2026-04-29,google,search_brand,cp,176.39
2026-04-29,google,search_nb,impressions,"137,227.00"
2026-04-29,google,search_nb,clicks,"4,328.00"
2026-04-29,google,search_nb,qs,"1,363.51"
2026-04-29,google,search_nb,cp,153.58
2026-04-29,google,search_pmax,impressions,"420,198.00"
2026-04-29,google,search_pmax,clicks,"1,988.00"
2026-04-29,google,search_pmax,qs,0.00
2026-04-29,google,search_pmax,cp,44.68
2026-04-29,google,search_shopping,impressions,"15,114.00"
2026-04-29,google,search_shopping,clicks,131.00
2026-04-29,google,search_shopping,qs,18.81
2026-04-29,google,search_shopping,cp,1.81
2026-04-29,google,youtube,impressions,"3,499,129.00"
2026-04-29,google,youtube,clicks,"11,490.00"
2026-04-29,google,youtube,qs,344.41
2026-04-29,google,youtube,cp,27.04
2026-04-29,meta,meta_bof,impressions,"3,359,667.00"
2026-04-29,meta,meta_bof,clicks,"17,002.00"
2026-04-29,meta,meta_bof,qs,"1,235.00"
2026-04-29,meta,meta_bof,cp,379.00
2026-04-29,meta,meta_mof,impressions,"1,026,218.00"
2026-04-29,meta,meta_mof,clicks,"9,081.00"
2026-04-29,meta,meta_mof,qs,634.00
2026-04-29,meta,meta_mof,cp,47.00
2026-04-29,meta,meta_tof,impressions,0.00
2026-04-29,meta,meta_tof,clicks,0.00
2026-04-29,meta,meta_tof,qs,0.00
2026-04-29,meta,meta_tof,cp,0.00
2026-04-29,tiktok,tiktok,impressions,"770,419.00"
2026-04-29,tiktok,tiktok,clicks,"3,659.00"
2026-04-29,tiktok,tiktok,qs,97.00
2026-04-29,tiktok,tiktok,cp,83.00
2026-04-30,google,search_brand,impressions,"4,016.00"
2026-04-30,google,search_brand,clicks,"2,080.00"
2026-04-30,google,search_brand,qs,731.26
2026-04-30,google,search_brand,cp,175.26
2026-04-30,google,search_nb,impressions,"125,831.00"
2026-04-30,google,search_nb,clicks,"3,977.00"
2026-04-30,google,search_nb,qs,"1,253.52"
2026-04-30,google,search_nb,cp,175.17
2026-04-30,google,search_pmax,impressions,"445,891.00"
2026-04-30,google,search_pmax,clicks,"1,874.00"
2026-04-30,google,search_pmax,qs,0.00
2026-04-30,google,search_pmax,cp,53.92
2026-04-30,google,search_shopping,impressions,"14,425.00"
2026-04-30,google,search_shopping,clicks,130.00
2026-04-30,google,search_shopping,qs,22.00
2026-04-30,google,search_shopping,cp,4.36
2026-04-30,google,youtube,impressions,"2,712,363.00"
2026-04-30,google,youtube,clicks,"9,069.00"
2026-04-30,google,youtube,qs,239.43
2026-04-30,google,youtube,cp,30.54
2026-04-30,meta,meta_bof,impressions,"3,184,757.00"
2026-04-30,meta,meta_bof,clicks,"16,998.00"
2026-04-30,meta,meta_bof,qs,"1,071.00"
2026-04-30,meta,meta_bof,cp,386.00
2026-04-30,meta,meta_mof,impressions,"1,111,336.00"
2026-04-30,meta,meta_mof,clicks,"12,341.00"
2026-04-30,meta,meta_mof,qs,760.00
2026-04-30,meta,meta_mof,cp,54.00
2026-04-30,meta,meta_tof,impressions,0.00
2026-04-30,meta,meta_tof,clicks,0.00
2026-04-30,meta,meta_tof,qs,0.00
2026-04-30,meta,meta_tof,cp,0.00
2026-04-30,tiktok,tiktok,impressions,"734,330.00"
2026-04-30,tiktok,tiktok,clicks,"2,972.00"
2026-04-30,tiktok,tiktok,qs,69.00
2026-04-30,tiktok,tiktok,cp,60.00
2026-05-01,google,search_brand,impressions,"3,809.00"
2026-05-01,google,search_brand,clicks,"1,948.00"
2026-05-01,google,search_brand,qs,691.10
2026-05-01,google,search_brand,cp,175.59
2026-05-01,google,search_nb,impressions,"127,488.00"
2026-05-01,google,search_nb,clicks,"4,122.00"
2026-05-01,google,search_nb,qs,"1,325.30"
2026-05-01,google,search_nb,cp,152.49
2026-05-01,google,search_pmax,impressions,"372,706.00"
2026-05-01,google,search_pmax,clicks,"1,730.00"
2026-05-01,google,search_pmax,qs,0.00
2026-05-01,google,search_pmax,cp,65.29
2026-05-01,google,search_shopping,impressions,"20,984.00"
2026-05-01,google,search_shopping,clicks,147.00
2026-05-01,google,search_shopping,qs,28.33
2026-05-01,google,search_shopping,cp,3.42
2026-05-01,google,youtube,impressions,"2,725,490.00"
2026-05-01,google,youtube,clicks,"8,826.00"
2026-05-01,google,youtube,qs,210.60
2026-05-01,google,youtube,cp,18.07
2026-05-01,meta,meta_bof,impressions,"3,354,089.00"
2026-05-01,meta,meta_bof,clicks,"17,007.00"
2026-05-01,meta,meta_bof,qs,"1,049.00"
2026-05-01,meta,meta_bof,cp,333.00
2026-05-01,meta,meta_mof,impressions,"975,806.00"
2026-05-01,meta,meta_mof,clicks,"11,836.00"
2026-05-01,meta,meta_mof,qs,686.00
2026-05-01,meta,meta_mof,cp,69.00
2026-05-01,meta,meta_tof,impressions,0.00
2026-05-01,meta,meta_tof,clicks,0.00
2026-05-01,meta,meta_tof,qs,0.00
2026-05-01,meta,meta_tof,cp,0.00
2026-05-01,tiktok,tiktok,impressions,"610,314.00"
2026-05-01,tiktok,tiktok,clicks,"2,975.00"
2026-05-01,tiktok,tiktok,qs,59.00
2026-05-01,tiktok,tiktok,cp,50.00
2026-05-02,google,search_brand,impressions,"3,614.00"
2026-05-02,google,search_brand,clicks,"1,853.00"
2026-05-02,google,search_brand,qs,622.90
2026-05-02,google,search_brand,cp,133.56
2026-05-02,google,search_nb,impressions,"122,887.00"
2026-05-02,google,search_nb,clicks,"3,922.00"
2026-05-02,google,search_nb,qs,"1,264.29"
2026-05-02,google,search_nb,cp,162.48
2026-05-02,google,search_pmax,impressions,"375,296.00"
2026-05-02,google,search_pmax,clicks,"1,706.00"
2026-05-02,google,search_pmax,qs,0.00
2026-05-02,google,search_pmax,cp,41.00
2026-05-02,google,search_shopping,impressions,"20,746.00"
2026-05-02,google,search_shopping,clicks,153.00
2026-05-02,google,search_shopping,qs,22.59
2026-05-02,google,search_shopping,cp,4.61
2026-05-02,google,youtube,impressions,"2,881,550.00"
2026-05-02,google,youtube,clicks,"8,927.00"
2026-05-02,google,youtube,qs,281.83
2026-05-02,google,youtube,cp,14.41
2026-05-02,meta,meta_bof,impressions,"2,875,154.00"
2026-05-02,meta,meta_bof,clicks,"16,088.00"
2026-05-02,meta,meta_bof,qs,"1,067.00"
2026-05-02,meta,meta_bof,cp,253.00
2026-05-02,meta,meta_mof,impressions,"894,324.00"
2026-05-02,meta,meta_mof,clicks,"14,876.00"
2026-05-02,meta,meta_mof,qs,709.00
2026-05-02,meta,meta_mof,cp,35.00
2026-05-02,meta,meta_tof,impressions,0.00
2026-05-02,meta,meta_tof,clicks,0.00
2026-05-02,meta,meta_tof,qs,0.00
2026-05-02,meta,meta_tof,cp,0.00
2026-05-02,tiktok,tiktok,impressions,"849,719.00"
2026-05-02,tiktok,tiktok,clicks,"3,548.00"
2026-05-02,tiktok,tiktok,qs,93.00
2026-05-02,tiktok,tiktok,cp,35.00
2026-05-03,google,search_brand,impressions,"4,044.00"
2026-05-03,google,search_brand,clicks,"2,046.00"
2026-05-03,google,search_brand,qs,667.90
2026-05-03,google,search_brand,cp,130.11
2026-05-03,google,search_nb,impressions,"151,519.00"
2026-05-03,google,search_nb,clicks,"4,787.00"
2026-05-03,google,search_nb,qs,"1,508.52"
2026-05-03,google,search_nb,cp,168.39
2026-05-03,google,search_pmax,impressions,"436,864.00"
2026-05-03,google,search_pmax,clicks,"2,037.00"
2026-05-03,google,search_pmax,qs,0.00
2026-05-03,google,search_pmax,cp,46.61
2026-05-03,google,search_shopping,impressions,"15,064.00"
2026-05-03,google,search_shopping,clicks,150.00
2026-05-03,google,search_shopping,qs,24.61
2026-05-03,google,search_shopping,cp,1.64
2026-05-03,google,youtube,impressions,"2,426,674.00"
2026-05-03,google,youtube,clicks,"7,819.00"
2026-05-03,google,youtube,qs,254.09
2026-05-03,google,youtube,cp,16.25
2026-05-03,meta,meta_bof,impressions,"2,514,864.00"
2026-05-03,meta,meta_bof,clicks,"16,330.00"
2026-05-03,meta,meta_bof,qs,"1,170.00"
2026-05-03,meta,meta_bof,cp,235.00
2026-05-03,meta,meta_mof,impressions,"1,142,347.00"
2026-05-03,meta,meta_mof,clicks,"16,905.00"
2026-05-03,meta,meta_mof,qs,944.00
2026-05-03,meta,meta_mof,cp,27.00
2026-05-03,meta,meta_tof,impressions,0.00
2026-05-03,meta,meta_tof,clicks,0.00
2026-05-03,meta,meta_tof,qs,0.00
2026-05-03,meta,meta_tof,cp,0.00
2026-05-03,tiktok,tiktok,impressions,"1,020,268.00"
2026-05-03,tiktok,tiktok,clicks,"3,942.00"
2026-05-03,tiktok,tiktok,qs,84.00
2026-05-03,tiktok,tiktok,cp,42.00
2026-05-04,google,search_brand,impressions,"4,227.00"
2026-05-04,google,search_brand,clicks,"2,147.00"
2026-05-04,google,search_brand,qs,767.17
2026-05-04,google,search_brand,cp,187.18
2026-05-04,google,search_nb,impressions,"162,548.00"
2026-05-04,google,search_nb,clicks,"5,420.00"
2026-05-04,google,search_nb,qs,"1,678.81"
2026-05-04,google,search_nb,cp,194.29
2026-05-04,google,search_pmax,impressions,"477,669.00"
2026-05-04,google,search_pmax,clicks,"2,468.00"
2026-05-04,google,search_pmax,qs,0.00
2026-05-04,google,search_pmax,cp,67.02
2026-05-04,google,search_shopping,impressions,"20,068.00"
2026-05-04,google,search_shopping,clicks,152.00
2026-05-04,google,search_shopping,qs,23.51
2026-05-04,google,search_shopping,cp,6.50
2026-05-04,google,youtube,impressions,"1,816,964.00"
2026-05-04,google,youtube,clicks,"5,616.00"
2026-05-04,google,youtube,qs,190.32
2026-05-04,google,youtube,cp,18.68
2026-05-04,meta,meta_bof,impressions,"2,931,371.00"
2026-05-04,meta,meta_bof,clicks,"18,662.00"
2026-05-04,meta,meta_bof,qs,"1,134.00"
2026-05-04,meta,meta_bof,cp,313.00
2026-05-04,meta,meta_mof,impressions,"1,143,578.00"
2026-05-04,meta,meta_mof,clicks,"13,103.00"
2026-05-04,meta,meta_mof,qs,958.00
2026-05-04,meta,meta_mof,cp,36.00
2026-05-04,meta,meta_tof,impressions,0.00
2026-05-04,meta,meta_tof,clicks,0.00
2026-05-04,meta,meta_tof,qs,0.00
2026-05-04,meta,meta_tof,cp,0.00
2026-05-04,tiktok,tiktok,impressions,"1,309,307.00"
2026-05-04,tiktok,tiktok,clicks,"12,250.00"
2026-05-04,tiktok,tiktok,qs,375.00
2026-05-04,tiktok,tiktok,cp,85.00
2026-05-05,google,search_brand,impressions,"4,006.00"
2026-05-05,google,search_brand,clicks,"2,005.00"
2026-05-05,google,search_brand,qs,628.95
2026-05-05,google,search_brand,cp,149.17
2026-05-05,google,search_nb,impressions,"152,012.00"
2026-05-05,google,search_nb,clicks,"4,834.00"
2026-05-05,google,search_nb,qs,"1,540.23"
2026-05-05,google,search_nb,cp,189.54
2026-05-05,google,search_pmax,impressions,"432,146.00"
2026-05-05,google,search_pmax,clicks,"2,118.00"
2026-05-05,google,search_pmax,qs,0.00
2026-05-05,google,search_pmax,cp,46.11
2026-05-05,google,search_shopping,impressions,"17,745.00"
2026-05-05,google,search_shopping,clicks,151.00
2026-05-05,google,search_shopping,qs,22.58
2026-05-05,google,search_shopping,cp,3.61
2026-05-05,google,youtube,impressions,"1,513,575.00"
2026-05-05,google,youtube,clicks,"4,793.00"
2026-05-05,google,youtube,qs,220.32
2026-05-05,google,youtube,cp,13.36
2026-05-05,meta,meta_bof,impressions,"3,065,451.00"
2026-05-05,meta,meta_bof,clicks,"16,349.00"
2026-05-05,meta,meta_bof,qs,"1,038.00"
2026-05-05,meta,meta_bof,cp,250.00
2026-05-05,meta,meta_mof,impressions,"1,150,989.00"
2026-05-05,meta,meta_mof,clicks,"11,295.00"
2026-05-05,meta,meta_mof,qs,787.00
2026-05-05,meta,meta_mof,cp,30.00
2026-05-05,meta,meta_tof,impressions,0.00
2026-05-05,meta,meta_tof,clicks,0.00
2026-05-05,meta,meta_tof,qs,0.00
2026-05-05,meta,meta_tof,cp,0.00
2026-05-05,tiktok,tiktok,impressions,"859,950.00"
2026-05-05,tiktok,tiktok,clicks,"8,316.00"
2026-05-05,tiktok,tiktok,qs,235.00
2026-05-05,tiktok,tiktok,cp,59.00
2026-05-06,google,search_brand,impressions,"4,023.00"
2026-05-06,google,search_brand,clicks,"2,106.00"
2026-05-06,google,search_brand,qs,740.89
2026-05-06,google,search_brand,cp,151.56
2026-05-06,google,search_nb,impressions,"132,860.00"
2026-05-06,google,search_nb,clicks,"4,397.00"
2026-05-06,google,search_nb,qs,"1,378.95"
2026-05-06,google,search_nb,cp,147.72
2026-05-06,google,search_pmax,impressions,"380,084.00"
2026-05-06,google,search_pmax,clicks,"1,693.00"
2026-05-06,google,search_pmax,qs,0.00
2026-05-06,google,search_pmax,cp,51.42
2026-05-06,google,search_shopping,impressions,"19,319.00"
2026-05-06,google,search_shopping,clicks,156.00
2026-05-06,google,search_shopping,qs,29.65
2026-05-06,google,search_shopping,cp,3.18
2026-05-06,google,youtube,impressions,"2,154,636.00"
2026-05-06,google,youtube,clicks,"6,297.00"
2026-05-06,google,youtube,qs,218.53
2026-05-06,google,youtube,cp,17.97
2026-05-06,meta,meta_bof,impressions,"2,905,585.00"
2026-05-06,meta,meta_bof,clicks,"17,361.00"
2026-05-06,meta,meta_bof,qs,942.00
2026-05-06,meta,meta_bof,cp,228.00
2026-05-06,meta,meta_mof,impressions,"1,342,706.00"
2026-05-06,meta,meta_mof,clicks,"9,682.00"
2026-05-06,meta,meta_mof,qs,882.00
2026-05-06,meta,meta_mof,cp,30.00
2026-05-06,meta,meta_tof,impressions,0.00
2026-05-06,meta,meta_tof,clicks,0.00
2026-05-06,meta,meta_tof,qs,0.00
2026-05-06,meta,meta_tof,cp,0.00
2026-05-06,tiktok,tiktok,impressions,"743,274.00"
2026-05-06,tiktok,tiktok,clicks,"7,189.00"
2026-05-06,tiktok,tiktok,qs,231.00
2026-05-06,tiktok,tiktok,cp,68.00
2026-05-07,google,search_brand,impressions,"3,558.00"
2026-05-07,google,search_brand,clicks,"1,800.00"
2026-05-07,google,search_brand,qs,627.60
2026-05-07,google,search_brand,cp,148.70
2026-05-07,google,search_nb,impressions,"113,799.00"
2026-05-07,google,search_nb,clicks,"4,090.00"
2026-05-07,google,search_nb,qs,"1,259.58"
2026-05-07,google,search_nb,cp,133.73
2026-05-07,google,search_pmax,impressions,"326,405.00"
2026-05-07,google,search_pmax,clicks,"1,538.00"
2026-05-07,google,search_pmax,qs,0.00
2026-05-07,google,search_pmax,cp,25.40
2026-05-07,google,search_shopping,impressions,"24,437.00"
2026-05-07,google,search_shopping,clicks,234.00
2026-05-07,google,search_shopping,qs,36.74
2026-05-07,google,search_shopping,cp,3.60
2026-05-07,google,youtube,impressions,"1,724,777.00"
2026-05-07,google,youtube,clicks,"5,731.00"
2026-05-07,google,youtube,qs,175.76
2026-05-07,google,youtube,cp,27.54
2026-05-07,meta,meta_bof,impressions,"2,666,520.00"
2026-05-07,meta,meta_bof,clicks,"13,702.00"
2026-05-07,meta,meta_bof,qs,899.00
2026-05-07,meta,meta_bof,cp,260.00
2026-05-07,meta,meta_mof,impressions,"1,216,548.00"
2026-05-07,meta,meta_mof,clicks,"7,614.00"
2026-05-07,meta,meta_mof,qs,826.00
2026-05-07,meta,meta_mof,cp,31.00
2026-05-07,meta,meta_tof,impressions,0.00
2026-05-07,meta,meta_tof,clicks,0.00
2026-05-07,meta,meta_tof,qs,0.00
2026-05-07,meta,meta_tof,cp,0.00
2026-05-07,tiktok,tiktok,impressions,"947,987.00"
2026-05-07,tiktok,tiktok,clicks,"7,352.00"
2026-05-07,tiktok,tiktok,qs,201.00
2026-05-07,tiktok,tiktok,cp,59.00
2026-05-08,google,search_brand,impressions,"3,541.00"
2026-05-08,google,search_brand,clicks,"1,757.00"
2026-05-08,google,search_brand,qs,584.20
2026-05-08,google,search_brand,cp,134.25
2026-05-08,google,search_nb,impressions,"118,461.00"
2026-05-08,google,search_nb,clicks,"3,857.00"
2026-05-08,google,search_nb,qs,"1,125.42"
2026-05-08,google,search_nb,cp,108.80
2026-05-08,google,search_pmax,impressions,"364,920.00"
2026-05-08,google,search_pmax,clicks,"1,685.00"
2026-05-08,google,search_pmax,qs,0.00
2026-05-08,google,search_pmax,cp,38.93
2026-05-08,google,search_shopping,impressions,"22,338.00"
2026-05-08,google,search_shopping,clicks,176.00
2026-05-08,google,search_shopping,qs,34.57
2026-05-08,google,search_shopping,cp,3.77
2026-05-08,google,youtube,impressions,"1,445,125.00"
2026-05-08,google,youtube,clicks,"4,201.00"
2026-05-08,google,youtube,qs,147.63
2026-05-08,google,youtube,cp,17.40
2026-05-08,meta,meta_bof,impressions,"2,901,819.00"
2026-05-08,meta,meta_bof,clicks,"17,294.00"
2026-05-08,meta,meta_bof,qs,919.00
2026-05-08,meta,meta_bof,cp,213.00
2026-05-08,meta,meta_mof,impressions,"1,325,887.00"
2026-05-08,meta,meta_mof,clicks,"8,930.00"
2026-05-08,meta,meta_mof,qs,930.00
2026-05-08,meta,meta_mof,cp,26.00
2026-05-08,meta,meta_tof,impressions,0.00
2026-05-08,meta,meta_tof,clicks,0.00
2026-05-08,meta,meta_tof,qs,0.00
2026-05-08,meta,meta_tof,cp,0.00
2026-05-08,tiktok,tiktok,impressions,"765,441.00"
2026-05-08,tiktok,tiktok,clicks,"5,047.00"
2026-05-08,tiktok,tiktok,qs,166.00
2026-05-08,tiktok,tiktok,cp,50.00
2026-05-09,google,search_brand,impressions,"3,635.00"
2026-05-09,google,search_brand,clicks,"1,861.00"
2026-05-09,google,search_brand,qs,663.71
2026-05-09,google,search_brand,cp,143.72
2026-05-09,google,search_nb,impressions,"116,341.00"
2026-05-09,google,search_nb,clicks,"4,226.00"
2026-05-09,google,search_nb,qs,"1,358.52"
2026-05-09,google,search_nb,cp,148.77
2026-05-09,google,search_pmax,impressions,"436,388.00"
2026-05-09,google,search_pmax,clicks,"2,110.00"
2026-05-09,google,search_pmax,qs,0.00
2026-05-09,google,search_pmax,cp,51.30
2026-05-09,google,search_shopping,impressions,"19,738.00"
2026-05-09,google,search_shopping,clicks,181.00
2026-05-09,google,search_shopping,qs,31.59
2026-05-09,google,search_shopping,cp,5.15
2026-05-09,google,youtube,impressions,"1,841,293.00"
2026-05-09,google,youtube,clicks,"5,240.00"
2026-05-09,google,youtube,qs,192.62
2026-05-09,google,youtube,cp,19.87
2026-05-09,meta,meta_bof,impressions,"3,212,788.00"
2026-05-09,meta,meta_bof,clicks,"19,535.00"
2026-05-09,meta,meta_bof,qs,"1,254.00"
2026-05-09,meta,meta_bof,cp,250.00
2026-05-09,meta,meta_mof,impressions,"1,189,459.00"
2026-05-09,meta,meta_mof,clicks,"8,429.00"
2026-05-09,meta,meta_mof,qs,991.00
2026-05-09,meta,meta_mof,cp,36.00
2026-05-09,meta,meta_tof,impressions,0.00
2026-05-09,meta,meta_tof,clicks,0.00
2026-05-09,meta,meta_tof,qs,0.00
2026-05-09,meta,meta_tof,cp,0.00
2026-05-09,tiktok,tiktok,impressions,"1,659,767.00"
2026-05-09,tiktok,tiktok,clicks,"9,900.00"
2026-05-09,tiktok,tiktok,qs,245.00
2026-05-09,tiktok,tiktok,cp,73.00
2026-05-10,google,search_brand,impressions,"4,151.00"
2026-05-10,google,search_brand,clicks,"2,209.00"
2026-05-10,google,search_brand,qs,756.22
2026-05-10,google,search_brand,cp,143.37
2026-05-10,google,search_nb,impressions,"144,434.00"
2026-05-10,google,search_nb,clicks,"4,760.00"
2026-05-10,google,search_nb,qs,"1,514.52"
2026-05-10,google,search_nb,cp,160.73
2026-05-10,google,search_pmax,impressions,"474,952.00"
2026-05-10,google,search_pmax,clicks,"2,423.00"
2026-05-10,google,search_pmax,qs,0.00
2026-05-10,google,search_pmax,cp,43.09
2026-05-10,google,search_shopping,impressions,"17,477.00"
2026-05-10,google,search_shopping,clicks,171.00
2026-05-10,google,search_shopping,qs,28.59
2026-05-10,google,search_shopping,cp,5.42
2026-05-10,google,youtube,impressions,"2,088,754.00"
2026-05-10,google,youtube,clicks,"6,217.00"
2026-05-10,google,youtube,qs,217.98
2026-05-10,google,youtube,cp,16.46
2026-05-10,meta,meta_bof,impressions,"3,289,948.00"
2026-05-10,meta,meta_bof,clicks,"19,125.00"
2026-05-10,meta,meta_bof,qs,"1,361.00"
2026-05-10,meta,meta_bof,cp,269.00
2026-05-10,meta,meta_mof,impressions,"1,521,776.00"
2026-05-10,meta,meta_mof,clicks,"11,388.00"
2026-05-10,meta,meta_mof,qs,"1,228.00"
2026-05-10,meta,meta_mof,cp,34.00
2026-05-10,meta,meta_tof,impressions,0.00
2026-05-10,meta,meta_tof,clicks,0.00
2026-05-10,meta,meta_tof,qs,0.00
2026-05-10,meta,meta_tof,cp,0.00
2026-05-10,tiktok,tiktok,impressions,"967,465.00"
2026-05-10,tiktok,tiktok,clicks,"5,968.00"
2026-05-10,tiktok,tiktok,qs,176.00
2026-05-10,tiktok,tiktok,cp,51.00
2026-05-11,google,search_brand,impressions,"4,265.00"
2026-05-11,google,search_brand,clicks,"2,177.00"
2026-05-11,google,search_brand,qs,775.70
2026-05-11,google,search_brand,cp,164.63
2026-05-11,google,search_nb,impressions,"151,571.00"
2026-05-11,google,search_nb,clicks,"4,910.00"
2026-05-11,google,search_nb,qs,"1,577.74"
2026-05-11,google,search_nb,cp,155.80
2026-05-11,google,search_pmax,impressions,"428,617.00"
2026-05-11,google,search_pmax,clicks,"1,961.00"
2026-05-11,google,search_pmax,qs,0.00
2026-05-11,google,search_pmax,cp,47.63
2026-05-11,google,search_shopping,impressions,"17,543.00"
2026-05-11,google,search_shopping,clicks,159.00
2026-05-11,google,search_shopping,qs,31.10
2026-05-11,google,search_shopping,cp,8.90
2026-05-11,google,youtube,impressions,"1,208,650.00"
2026-05-11,google,youtube,clicks,"4,170.00"
2026-05-11,google,youtube,qs,161.30
2026-05-11,google,youtube,cp,12.66
2026-05-11,meta,meta_bof,impressions,"3,362,255.00"
2026-05-11,meta,meta_bof,clicks,"17,474.00"
2026-05-11,meta,meta_bof,qs,"1,259.00"
2026-05-11,meta,meta_bof,cp,270.00
2026-05-11,meta,meta_mof,impressions,"1,638,370.00"
2026-05-11,meta,meta_mof,clicks,"11,448.00"
2026-05-11,meta,meta_mof,qs,"1,283.00"
2026-05-11,meta,meta_mof,cp,49.00
2026-05-11,meta,meta_tof,impressions,0.00
2026-05-11,meta,meta_tof,clicks,0.00
2026-05-11,meta,meta_tof,qs,0.00
2026-05-11,meta,meta_tof,cp,0.00
2026-05-11,tiktok,tiktok,impressions,"1,077,952.00"
2026-05-11,tiktok,tiktok,clicks,"7,851.00"
2026-05-11,tiktok,tiktok,qs,355.00
2026-05-11,tiktok,tiktok,cp,72.00
2026-05-12,google,search_brand,impressions,"3,840.00"
2026-05-12,google,search_brand,clicks,"1,982.00"
2026-05-12,google,search_brand,qs,650.18
2026-05-12,google,search_brand,cp,118.52
2026-05-12,google,search_nb,impressions,"134,989.00"
2026-05-12,google,search_nb,clicks,"4,690.00"
2026-05-12,google,search_nb,qs,"1,462.71"
2026-05-12,google,search_nb,cp,157.37
2026-05-12,google,search_pmax,impressions,"465,901.00"
2026-05-12,google,search_pmax,clicks,"2,463.00"
2026-05-12,google,search_pmax,qs,0.00
2026-05-12,google,search_pmax,cp,58.52
2026-05-12,google,search_shopping,impressions,"18,569.00"
2026-05-12,google,search_shopping,clicks,168.00
2026-05-12,google,search_shopping,qs,25.42
2026-05-12,google,search_shopping,cp,1.93
2026-05-12,google,youtube,impressions,"507,185.00"
2026-05-12,google,youtube,clicks,"1,816.00"
2026-05-12,google,youtube,qs,85.37
2026-05-12,google,youtube,cp,11.34
2026-05-12,meta,meta_bof,impressions,"3,144,587.00"
2026-05-12,meta,meta_bof,clicks,"13,599.00"
2026-05-12,meta,meta_bof,qs,"1,129.00"
2026-05-12,meta,meta_bof,cp,287.00
2026-05-12,meta,meta_mof,impressions,"1,465,149.00"
2026-05-12,meta,meta_mof,clicks,"8,964.00"
2026-05-12,meta,meta_mof,qs,"1,082.00"
2026-05-12,meta,meta_mof,cp,41.00
2026-05-12,meta,meta_tof,impressions,0.00
2026-05-12,meta,meta_tof,clicks,0.00
2026-05-12,meta,meta_tof,qs,0.00
2026-05-12,meta,meta_tof,cp,0.00
2026-05-12,tiktok,tiktok,impressions,"530,988.00"
2026-05-12,tiktok,tiktok,clicks,"4,491.00"
2026-05-12,tiktok,tiktok,qs,239.00
2026-05-12,tiktok,tiktok,cp,34.00
2026-05-13,google,search_brand,impressions,"3,991.00"
2026-05-13,google,search_brand,clicks,"1,993.00"
2026-05-13,google,search_brand,qs,629.92
2026-05-13,google,search_brand,cp,131.36
2026-05-13,google,search_nb,impressions,"167,193.00"
2026-05-13,google,search_nb,clicks,"5,342.00"
2026-05-13,google,search_nb,qs,"1,699.55"
2026-05-13,google,search_nb,cp,193.78
2026-05-13,google,search_pmax,impressions,"683,247.00"
2026-05-13,google,search_pmax,clicks,"2,853.00"
2026-05-13,google,search_pmax,qs,0.00
2026-05-13,google,search_pmax,cp,61.60
2026-05-13,google,search_shopping,impressions,"21,359.00"
2026-05-13,google,search_shopping,clicks,166.00
2026-05-13,google,search_shopping,qs,31.80
2026-05-13,google,search_shopping,cp,8.50
2026-05-13,google,youtube,impressions,"446,116.00"
2026-05-13,google,youtube,clicks,"1,757.00"
2026-05-13,google,youtube,qs,113.81
2026-05-13,google,youtube,cp,10.84
2026-05-13,meta,meta_bof,impressions,"2,826,220.00"
2026-05-13,meta,meta_bof,clicks,"12,362.00"
2026-05-13,meta,meta_bof,qs,"1,123.00"
2026-05-13,meta,meta_bof,cp,240.00
2026-05-13,meta,meta_mof,impressions,"1,471,433.00"
2026-05-13,meta,meta_mof,clicks,"10,549.00"
2026-05-13,meta,meta_mof,qs,"1,282.00"
2026-05-13,meta,meta_mof,cp,39.00
2026-05-13,meta,meta_tof,impressions,0.00
2026-05-13,meta,meta_tof,clicks,0.00
2026-05-13,meta,meta_tof,qs,0.00
2026-05-13,meta,meta_tof,cp,0.00
2026-05-13,tiktok,tiktok,impressions,"1,242,489.00"
2026-05-13,tiktok,tiktok,clicks,"7,083.00"
2026-05-13,tiktok,tiktok,qs,248.00
2026-05-13,tiktok,tiktok,cp,44.00
2026-05-14,google,search_brand,impressions,"3,925.00"
2026-05-14,google,search_brand,clicks,"1,987.00"
2026-05-14,google,search_brand,qs,657.80
2026-05-14,google,search_brand,cp,140.13
2026-05-14,google,search_nb,impressions,"135,937.00"
2026-05-14,google,search_nb,clicks,"5,030.00"
2026-05-14,google,search_nb,qs,"1,491.05"
2026-05-14,google,search_nb,cp,143.82
2026-05-14,google,search_pmax,impressions,"528,682.00"
2026-05-14,google,search_pmax,clicks,"2,585.00"
2026-05-14,google,search_pmax,qs,0.00
2026-05-14,google,search_pmax,cp,61.52
2026-05-14,google,search_shopping,impressions,"21,501.00"
2026-05-14,google,search_shopping,clicks,171.00
2026-05-14,google,search_shopping,qs,30.85
2026-05-14,google,search_shopping,cp,2.34
2026-05-14,google,youtube,impressions,"370,949.00"
2026-05-14,google,youtube,clicks,"1,482.00"
2026-05-14,google,youtube,qs,137.13
2026-05-14,google,youtube,cp,14.52
2026-05-14,meta,meta_bof,impressions,"2,389,362.00"
2026-05-14,meta,meta_bof,clicks,"12,130.00"
2026-05-14,meta,meta_bof,qs,"1,095.00"
2026-05-14,meta,meta_bof,cp,224.00
2026-05-14,meta,meta_mof,impressions,"1,462,523.00"
2026-05-14,meta,meta_mof,clicks,"10,590.00"
2026-05-14,meta,meta_mof,qs,"1,258.00"
2026-05-14,meta,meta_mof,cp,33.00
2026-05-14,meta,meta_tof,impressions,0.00
2026-05-14,meta,meta_tof,clicks,0.00
2026-05-14,meta,meta_tof,qs,0.00
2026-05-14,meta,meta_tof,cp,0.00
2026-05-14,tiktok,tiktok,impressions,"1,258,031.00"
2026-05-14,tiktok,tiktok,clicks,"5,261.00"
2026-05-14,tiktok,tiktok,qs,286.00
2026-05-14,tiktok,tiktok,cp,72.00
2026-05-15,google,search_brand,impressions,"3,840.00"
2026-05-15,google,search_brand,clicks,"1,829.00"
2026-05-15,google,search_brand,qs,635.01
2026-05-15,google,search_brand,cp,136.19
2026-05-15,google,search_nb,impressions,"107,147.00"
2026-05-15,google,search_nb,clicks,"4,007.00"
2026-05-15,google,search_nb,qs,"1,131.19"
2026-05-15,google,search_nb,cp,127.42
2026-05-15,google,search_pmax,impressions,"421,202.00"
2026-05-15,google,search_pmax,clicks,"1,920.00"
2026-05-15,google,search_pmax,qs,0.00
2026-05-15,google,search_pmax,cp,44.21
2026-05-15,google,search_shopping,impressions,"22,095.00"
2026-05-15,google,search_shopping,clicks,171.00
2026-05-15,google,search_shopping,qs,28.67
2026-05-15,google,search_shopping,cp,0.00
2026-05-15,google,youtube,impressions,"343,530.00"
2026-05-15,google,youtube,clicks,"1,499.00"
2026-05-15,google,youtube,qs,120.73
2026-05-15,google,youtube,cp,13.42
2026-05-15,meta,meta_bof,impressions,"2,810,925.00"
2026-05-15,meta,meta_bof,clicks,"12,476.00"
2026-05-15,meta,meta_bof,qs,952.00
2026-05-15,meta,meta_bof,cp,227.00
2026-05-15,meta,meta_mof,impressions,"1,469,396.00"
2026-05-15,meta,meta_mof,clicks,"9,516.00"
2026-05-15,meta,meta_mof,qs,"1,085.00"
2026-05-15,meta,meta_mof,cp,47.00
2026-05-15,meta,meta_tof,impressions,0.00
2026-05-15,meta,meta_tof,clicks,0.00
2026-05-15,meta,meta_tof,qs,0.00
2026-05-15,meta,meta_tof,cp,0.00
2026-05-15,tiktok,tiktok,impressions,"1,238,672.00"
2026-05-15,tiktok,tiktok,clicks,"4,460.00"
2026-05-15,tiktok,tiktok,qs,181.00
2026-05-15,tiktok,tiktok,cp,59.00
2026-05-16,google,search_brand,impressions,"3,461.00"
2026-05-16,google,search_brand,clicks,"1,783.00"
2026-05-16,google,search_brand,qs,591.23
2026-05-16,google,search_brand,cp,105.71
2026-05-16,google,search_nb,impressions,"105,376.00"
2026-05-16,google,search_nb,clicks,"4,253.00"
2026-05-16,google,search_nb,qs,"1,290.51"
2026-05-16,google,search_nb,cp,129.78
2026-05-16,google,search_pmax,impressions,"418,343.00"
2026-05-16,google,search_pmax,clicks,"2,027.00"
2026-05-16,google,search_pmax,qs,0.00
2026-05-16,google,search_pmax,cp,58.80
2026-05-16,google,search_shopping,impressions,"19,787.00"
2026-05-16,google,search_shopping,clicks,173.00
2026-05-16,google,search_shopping,qs,31.89
2026-05-16,google,search_shopping,cp,1.00
2026-05-16,google,youtube,impressions,"355,988.00"
2026-05-16,google,youtube,clicks,"1,566.00"
2026-05-16,google,youtube,qs,129.10
2026-05-16,google,youtube,cp,7.45
2026-05-16,meta,meta_bof,impressions,"2,917,571.00"
2026-05-16,meta,meta_bof,clicks,"14,093.00"
2026-05-16,meta,meta_bof,qs,"1,023.00"
2026-05-16,meta,meta_bof,cp,211.00
2026-05-16,meta,meta_mof,impressions,"1,500,076.00"
2026-05-16,meta,meta_mof,clicks,"10,476.00"
2026-05-16,meta,meta_mof,qs,"1,111.00"
2026-05-16,meta,meta_mof,cp,27.00
2026-05-16,meta,meta_tof,impressions,0.00
2026-05-16,meta,meta_tof,clicks,0.00
2026-05-16,meta,meta_tof,qs,0.00
2026-05-16,meta,meta_tof,cp,0.00
2026-05-16,tiktok,tiktok,impressions,"720,239.00"
2026-05-16,tiktok,tiktok,clicks,"2,569.00"
2026-05-16,tiktok,tiktok,qs,112.00
2026-05-16,tiktok,tiktok,cp,33.00
2026-05-17,google,search_brand,impressions,"3,842.00"
2026-05-17,google,search_brand,clicks,"2,071.00"
2026-05-17,google,search_brand,qs,735.92
2026-05-17,google,search_brand,cp,138.07
2026-05-17,google,search_nb,impressions,"122,277.00"
2026-05-17,google,search_nb,clicks,"5,106.00"
2026-05-17,google,search_nb,qs,"1,537.26"
2026-05-17,google,search_nb,cp,162.40
2026-05-17,google,search_pmax,impressions,"513,559.00"
2026-05-17,google,search_pmax,clicks,"2,589.00"
2026-05-17,google,search_pmax,qs,0.00
2026-05-17,google,search_pmax,cp,41.96
2026-05-17,google,search_shopping,impressions,"18,533.00"
2026-05-17,google,search_shopping,clicks,171.00
2026-05-17,google,search_shopping,qs,33.51
2026-05-17,google,search_shopping,cp,0.01
2026-05-17,google,youtube,impressions,"293,671.00"
2026-05-17,google,youtube,clicks,"1,422.00"
2026-05-17,google,youtube,qs,134.50
2026-05-17,google,youtube,cp,17.39
2026-05-17,meta,meta_bof,impressions,"3,491,790.00"
2026-05-17,meta,meta_bof,clicks,"18,090.00"
2026-05-17,meta,meta_bof,qs,"1,276.00"
2026-05-17,meta,meta_bof,cp,255.00
2026-05-17,meta,meta_mof,impressions,"1,555,541.00"
2026-05-17,meta,meta_mof,clicks,"12,470.00"
2026-05-17,meta,meta_mof,qs,"1,428.00"
2026-05-17,meta,meta_mof,cp,31.00
2026-05-17,tiktok,tiktok,impressions,"647,870.00"
2026-05-17,tiktok,tiktok,clicks,"2,426.00"
2026-05-17,tiktok,tiktok,qs,100.00
2026-05-17,tiktok,tiktok,cp,32.00
2026-05-18,google,search_brand,impressions,"3,521.00"
2026-05-18,google,search_brand,clicks,"1,795.00"
2026-05-18,google,search_brand,qs,631.97
2026-05-18,google,search_brand,cp,115.33
2026-05-18,google,search_nb,impressions,"96,152.00"
2026-05-18,google,search_nb,clicks,"4,250.00"
2026-05-18,google,search_nb,qs,"1,192.36"
2026-05-18,google,search_nb,cp,125.85
2026-05-18,google,search_pmax,impressions,"490,380.00"
2026-05-18,google,search_pmax,clicks,"2,582.00"
2026-05-18,google,search_pmax,qs,0.00
2026-05-18,google,search_pmax,cp,62.40
2026-05-18,google,search_shopping,impressions,"20,585.00"
2026-05-18,google,search_shopping,clicks,171.00
2026-05-18,google,search_shopping,qs,28.86
2026-05-18,google,search_shopping,cp,1.00
2026-05-18,google,youtube,impressions,"175,187.00"
2026-05-18,google,youtube,clicks,"1,334.00"
2026-05-18,google,youtube,qs,106.25
2026-05-18,google,youtube,cp,4.32
2026-05-18,meta,meta_bof,impressions,"3,509,989.00"
2026-05-18,meta,meta_bof,clicks,"15,882.00"
2026-05-18,meta,meta_bof,qs,"1,044.00"
2026-05-18,meta,meta_bof,cp,229.00
2026-05-18,meta,meta_mof,impressions,"1,117,569.00"
2026-05-18,meta,meta_mof,clicks,"6,767.00"
2026-05-18,meta,meta_mof,qs,655.00
2026-05-18,meta,meta_mof,cp,17.00
2026-05-18,tiktok,tiktok,impressions,"1,001,484.00"
2026-05-18,tiktok,tiktok,clicks,"4,518.00"
2026-05-18,tiktok,tiktok,qs,158.00
2026-05-18,tiktok,tiktok,cp,61.00
2026-05-19,google,search_brand,impressions,"3,569.00"
2026-05-19,google,search_brand,clicks,"1,903.00"
2026-05-19,google,search_brand,qs,669.53
2026-05-19,google,search_brand,cp,154.60
2026-05-19,google,search_nb,impressions,"89,229.00"
2026-05-19,google,search_nb,clicks,"3,797.00"
2026-05-19,google,search_nb,qs,"1,148.23"
2026-05-19,google,search_nb,cp,137.64
2026-05-19,google,search_pmax,impressions,"510,835.00"
2026-05-19,google,search_pmax,clicks,"2,915.00"
2026-05-19,google,search_pmax,qs,0.00
2026-05-19,google,search_pmax,cp,58.39
2026-05-19,google,search_shopping,impressions,"15,374.00"
2026-05-19,google,search_shopping,clicks,125.00
2026-05-19,google,search_shopping,qs,11.77
2026-05-19,google,search_shopping,cp,1.95
2026-05-19,google,youtube,impressions,"145,073.00"
2026-05-19,google,youtube,clicks,"1,323.00"
2026-05-19,google,youtube,qs,101.83
2026-05-19,google,youtube,cp,2.68
2026-05-19,meta,meta_bof,impressions,"2,605,039.00"
2026-05-19,meta,meta_bof,clicks,"12,661.00"
2026-05-19,meta,meta_bof,qs,937.00
2026-05-19,meta,meta_bof,cp,249.00
2026-05-19,meta,meta_mof,impressions,"1,306,972.00"
2026-05-19,meta,meta_mof,clicks,"6,740.00"
2026-05-19,meta,meta_mof,qs,643.00
2026-05-19,meta,meta_mof,cp,27.00
2026-05-19,meta,meta_tof,impressions,"315,263.00"
2026-05-19,meta,meta_tof,clicks,"4,114.00"
2026-05-19,meta,meta_tof,qs,95.00
2026-05-19,meta,meta_tof,cp,1.00
2026-05-19,tiktok,tiktok,impressions,"3,116,842.00"
2026-05-19,tiktok,tiktok,clicks,"8,076.00"
2026-05-19,tiktok,tiktok,qs,285.00
2026-05-19,tiktok,tiktok,cp,63.00
2026-05-20,google,search_brand,impressions,"3,564.00"
2026-05-20,google,search_brand,clicks,"1,878.00"
2026-05-20,google,search_brand,qs,607.56
2026-05-20,google,search_brand,cp,117.92
2026-05-20,google,search_nb,impressions,"88,699.00"
2026-05-20,google,search_nb,clicks,"3,749.00"
2026-05-20,google,search_nb,qs,"1,131.50"
2026-05-20,google,search_nb,cp,149.28
2026-05-20,google,search_pmax,impressions,"491,624.00"
2026-05-20,google,search_pmax,clicks,"2,456.00"
2026-05-20,google,search_pmax,qs,0.00
2026-05-20,google,search_pmax,cp,65.14
2026-05-20,google,search_shopping,impressions,"13,159.00"
2026-05-20,google,search_shopping,clicks,121.00
2026-05-20,google,search_shopping,qs,33.52
2026-05-20,google,search_shopping,cp,7.96
2026-05-20,google,youtube,impressions,"240,359.00"
2026-05-20,google,youtube,clicks,"1,196.00"
2026-05-20,google,youtube,qs,111.77
2026-05-20,google,youtube,cp,9.07
2026-05-20,meta,meta_bof,impressions,"2,434,091.00"
2026-05-20,meta,meta_bof,clicks,"14,149.00"
2026-05-20,meta,meta_bof,qs,747.00
2026-05-20,meta,meta_bof,cp,222.00
2026-05-20,meta,meta_mof,impressions,"1,217,333.00"
2026-05-20,meta,meta_mof,clicks,"7,123.00"
2026-05-20,meta,meta_mof,qs,754.00
2026-05-20,meta,meta_mof,cp,26.00
2026-05-20,meta,meta_tof,impressions,"422,867.00"
2026-05-20,meta,meta_tof,clicks,"5,311.00"
2026-05-20,meta,meta_tof,qs,189.00
2026-05-20,meta,meta_tof,cp,4.00
2026-05-20,tiktok,tiktok,impressions,"1,856,391.00"
2026-05-20,tiktok,tiktok,clicks,"4,577.00"
2026-05-20,tiktok,tiktok,qs,160.00
2026-05-20,tiktok,tiktok,cp,47.00
2026-05-21,google,search_brand,impressions,"4,721.00"
2026-05-21,google,search_brand,clicks,"1,789.00"
2026-05-21,google,search_brand,qs,603.10
2026-05-21,google,search_brand,cp,129.19
2026-05-21,google,search_nb,impressions,"99,774.00"
2026-05-21,google,search_nb,clicks,"4,286.00"
2026-05-21,google,search_nb,qs,"1,363.34"
2026-05-21,google,search_nb,cp,121.17
2026-05-21,google,search_pmax,impressions,"510,723.00"
2026-05-21,google,search_pmax,clicks,"2,291.00"
2026-05-21,google,search_pmax,qs,0.00
2026-05-21,google,search_pmax,cp,39.31
2026-05-21,google,search_shopping,impressions,"12,996.00"
2026-05-21,google,search_shopping,clicks,120.00
2026-05-21,google,search_shopping,qs,16.54
2026-05-21,google,search_shopping,cp,1.00
2026-05-21,google,youtube,impressions,"196,268.00"
2026-05-21,google,youtube,clicks,"1,168.00"
2026-05-21,google,youtube,qs,94.35
2026-05-21,google,youtube,cp,8.26
2026-05-21,meta,meta_bof,impressions,"2,802,923.00"
2026-05-21,meta,meta_bof,clicks,"18,849.00"
2026-05-21,meta,meta_bof,qs,899.00
2026-05-21,meta,meta_bof,cp,258.00
2026-05-21,meta,meta_mof,impressions,"1,031,389.00"
2026-05-21,meta,meta_mof,clicks,"7,036.00"
2026-05-21,meta,meta_mof,qs,745.00
2026-05-21,meta,meta_mof,cp,17.00
2026-05-21,meta,meta_tof,impressions,"384,742.00"
2026-05-21,meta,meta_tof,clicks,"3,436.00"
2026-05-21,meta,meta_tof,qs,170.00
2026-05-21,meta,meta_tof,cp,7.00
2026-05-21,tiktok,tiktok,impressions,"5,127,495.00"
2026-05-21,tiktok,tiktok,clicks,"11,750.00"
2026-05-21,tiktok,tiktok,qs,315.00
2026-05-21,tiktok,tiktok,cp,104.00
2026-05-22,google,search_brand,impressions,"5,031.00"
2026-05-22,google,search_brand,clicks,"1,749.00"
2026-05-22,google,search_brand,qs,617.13
2026-05-22,google,search_brand,cp,140.75
2026-05-22,google,search_nb,impressions,"109,071.00"
2026-05-22,google,search_nb,clicks,"4,841.00"
2026-05-22,google,search_nb,qs,"1,494.23"
2026-05-22,google,search_nb,cp,185.70
2026-05-22,google,search_pmax,impressions,"492,005.00"
2026-05-22,google,search_pmax,clicks,"2,072.00"
2026-05-22,google,search_pmax,qs,0.00
2026-05-22,google,search_pmax,cp,67.71
2026-05-22,google,search_shopping,impressions,"17,332.00"
2026-05-22,google,search_shopping,clicks,167.00
2026-05-22,google,search_shopping,qs,30.51
2026-05-22,google,search_shopping,cp,7.14
2026-05-22,google,youtube,impressions,"212,821.00"
2026-05-22,google,youtube,clicks,"1,182.00"
2026-05-22,google,youtube,qs,103.49
2026-05-22,google,youtube,cp,9.39
2026-05-22,meta,meta_bof,impressions,"2,505,739.00"
2026-05-22,meta,meta_bof,clicks,"22,925.00"
2026-05-22,meta,meta_bof,qs,851.00
2026-05-22,meta,meta_bof,cp,317.00
2026-05-22,meta,meta_mof,impressions,"975,564.00"
2026-05-22,meta,meta_mof,clicks,"6,887.00"
2026-05-22,meta,meta_mof,qs,641.00
2026-05-22,meta,meta_mof,cp,34.00
2026-05-22,meta,meta_tof,impressions,"388,900.00"
2026-05-22,meta,meta_tof,clicks,"3,029.00"
2026-05-22,meta,meta_tof,qs,168.00
2026-05-22,meta,meta_tof,cp,12.00
2026-05-22,tiktok,tiktok,impressions,"2,663,183.00"
2026-05-22,tiktok,tiktok,clicks,"6,321.00"
2026-05-22,tiktok,tiktok,qs,150.00
2026-05-22,tiktok,tiktok,cp,57.00
2026-05-23,google,search_brand,impressions,"4,334.00"
2026-05-23,google,search_brand,clicks,"1,615.00"
2026-05-23,google,search_brand,qs,545.16
2026-05-23,google,search_brand,cp,131.74
2026-05-23,google,search_nb,impressions,"92,279.00"
2026-05-23,google,search_nb,clicks,"4,367.00"
2026-05-23,google,search_nb,qs,"1,265.95"
2026-05-23,google,search_nb,cp,139.95
2026-05-23,google,search_pmax,impressions,"444,158.00"
2026-05-23,google,search_pmax,clicks,"2,036.00"
2026-05-23,google,search_pmax,qs,0.00
2026-05-23,google,search_pmax,cp,36.02
2026-05-23,google,search_shopping,impressions,"18,246.00"
2026-05-23,google,search_shopping,clicks,156.00
2026-05-23,google,search_shopping,qs,30.17
2026-05-23,google,search_shopping,cp,5.87
2026-05-23,google,youtube,impressions,"245,271.00"
2026-05-23,google,youtube,clicks,"1,274.00"
2026-05-23,google,youtube,qs,113.53
2026-05-23,google,youtube,cp,18.67
2026-05-23,meta,meta_bof,impressions,"2,796,909.00"
2026-05-23,meta,meta_bof,clicks,"23,222.00"
2026-05-23,meta,meta_bof,qs,843.00
2026-05-23,meta,meta_bof,cp,236.00
2026-05-23,meta,meta_mof,impressions,"1,012,761.00"
2026-05-23,meta,meta_mof,clicks,"7,268.00"
2026-05-23,meta,meta_mof,qs,719.00
2026-05-23,meta,meta_mof,cp,37.00
2026-05-23,meta,meta_tof,impressions,"421,888.00"
2026-05-23,meta,meta_tof,clicks,"3,273.00"
2026-05-23,meta,meta_tof,qs,203.00
2026-05-23,meta,meta_tof,cp,15.00
2026-05-23,tiktok,tiktok,impressions,"4,218,888.00"
2026-05-23,tiktok,tiktok,clicks,"9,088.00"
2026-05-23,tiktok,tiktok,qs,175.00
2026-05-23,tiktok,tiktok,cp,59.00
2026-05-24,google,search_brand,impressions,"4,697.00"
2026-05-24,google,search_brand,clicks,"1,785.00"
2026-05-24,google,search_brand,qs,659.15
2026-05-24,google,search_brand,cp,149.86
2026-05-24,google,search_nb,impressions,"97,182.00"
2026-05-24,google,search_nb,clicks,"4,389.00"
2026-05-24,google,search_nb,qs,"1,355.57"
2026-05-24,google,search_nb,cp,132.05
2026-05-24,google,search_pmax,impressions,"492,246.00"
2026-05-24,google,search_pmax,clicks,"2,105.00"
2026-05-24,google,search_pmax,qs,0.00
2026-05-24,google,search_pmax,cp,47.91
2026-05-24,google,search_shopping,impressions,"19,894.00"
2026-05-24,google,search_shopping,clicks,148.00
2026-05-24,google,search_shopping,qs,27.16
2026-05-24,google,search_shopping,cp,2.00
2026-05-24,google,youtube,impressions,"278,253.00"
2026-05-24,google,youtube,clicks,"1,363.00"
2026-05-24,google,youtube,qs,116.23
2026-05-24,google,youtube,cp,13.80
2026-05-24,meta,meta_bof,impressions,"2,796,941.00"
2026-05-24,meta,meta_bof,clicks,"20,856.00"
2026-05-24,meta,meta_bof,qs,955.00
2026-05-24,meta,meta_bof,cp,200.00
2026-05-24,meta,meta_mof,impressions,"1,295,211.00"
2026-05-24,meta,meta_mof,clicks,"10,735.00"
2026-05-24,meta,meta_mof,qs,922.00
2026-05-24,meta,meta_mof,cp,32.00
2026-05-24,meta,meta_tof,impressions,"328,239.00"
2026-05-24,meta,meta_tof,clicks,"2,686.00"
2026-05-24,meta,meta_tof,qs,176.00
2026-05-24,meta,meta_tof,cp,5.00
2026-05-24,tiktok,tiktok,impressions,"4,283,124.00"
2026-05-24,tiktok,tiktok,clicks,"8,190.00"
2026-05-24,tiktok,tiktok,qs,192.00
2026-05-24,tiktok,tiktok,cp,72.00
2026-05-25,google,search_brand,impressions,"5,315.00"
2026-05-25,google,search_brand,clicks,"1,948.00"
2026-05-25,google,search_brand,qs,658.36
2026-05-25,google,search_brand,cp,150.45
2026-05-25,google,search_nb,impressions,"99,270.00"
2026-05-25,google,search_nb,clicks,"4,078.00"
2026-05-25,google,search_nb,qs,"1,373.82"
2026-05-25,google,search_nb,cp,150.42
2026-05-25,google,search_pmax,impressions,"532,255.00"
2026-05-25,google,search_pmax,clicks,"2,472.00"
2026-05-25,google,search_pmax,qs,0.00
2026-05-25,google,search_pmax,cp,59.85
2026-05-25,google,search_shopping,impressions,"17,801.00"
2026-05-25,google,search_shopping,clicks,158.00
2026-05-25,google,search_shopping,qs,23.58
2026-05-25,google,search_shopping,cp,1.00
2026-05-25,google,youtube,impressions,"314,597.00"
2026-05-25,google,youtube,clicks,"1,357.00"
2026-05-25,google,youtube,qs,143.13
2026-05-25,google,youtube,cp,10.25
2026-05-25,meta,meta_bof,impressions,"2,514,608.00"
2026-05-25,meta,meta_bof,clicks,"16,353.00"
2026-05-25,meta,meta_bof,qs,999.00
2026-05-25,meta,meta_bof,cp,250.00
2026-05-25,meta,meta_mof,impressions,"1,008,622.00"
2026-05-25,meta,meta_mof,clicks,"8,450.00"
2026-05-25,meta,meta_mof,qs,795.00
2026-05-25,meta,meta_mof,cp,36.00
2026-05-25,meta,meta_tof,impressions,"261,306.00"
2026-05-25,meta,meta_tof,clicks,"2,231.00"
2026-05-25,meta,meta_tof,qs,127.00
2026-05-25,meta,meta_tof,cp,5.00
2026-05-25,tiktok,tiktok,impressions,"3,054,922.00"
2026-05-25,tiktok,tiktok,clicks,"8,815.00"
2026-05-25,tiktok,tiktok,qs,268.00
2026-05-25,tiktok,tiktok,cp,92.00
2026-05-26,google,search_brand,impressions,"6,436.00"
2026-05-26,google,search_brand,clicks,"2,241.00"
2026-05-26,google,search_brand,qs,758.17
2026-05-26,google,search_brand,cp,200.26
2026-05-26,google,search_nb,impressions,"120,240.00"
2026-05-26,google,search_nb,clicks,"6,195.00"
2026-05-26,google,search_nb,qs,"1,576.50"
2026-05-26,google,search_nb,cp,173.57
2026-05-26,google,search_pmax,impressions,"567,627.00"
2026-05-26,google,search_pmax,clicks,"2,691.00"
2026-05-26,google,search_pmax,qs,0.00
2026-05-26,google,search_pmax,cp,73.88
2026-05-26,google,search_shopping,impressions,"19,505.00"
2026-05-26,google,search_shopping,clicks,182.00
2026-05-26,google,search_shopping,qs,36.95
2026-05-26,google,search_shopping,cp,5.44
2026-05-26,google,youtube,impressions,"273,220.00"
2026-05-26,google,youtube,clicks,"1,423.00"
2026-05-26,google,youtube,qs,141.46
2026-05-26,google,youtube,cp,11.79
2026-05-26,meta,meta_bof,impressions,"2,466,872.00"
2026-05-26,meta,meta_bof,clicks,"18,628.00"
2026-05-26,meta,meta_bof,qs,986.00
2026-05-26,meta,meta_bof,cp,247.00
2026-05-26,meta,meta_mof,impressions,"1,278,268.00"
2026-05-26,meta,meta_mof,clicks,"8,452.00"
2026-05-26,meta,meta_mof,qs,855.00
2026-05-26,meta,meta_mof,cp,45.00
2026-05-26,meta,meta_tof,impressions,"397,249.00"
2026-05-26,meta,meta_tof,clicks,"2,781.00"
2026-05-26,meta,meta_tof,qs,163.00
2026-05-26,meta,meta_tof,cp,8.00
2026-05-26,tiktok,tiktok,impressions,"2,785,343.00"
2026-05-26,tiktok,tiktok,clicks,"6,661.00"
2026-05-26,tiktok,tiktok,qs,233.00
2026-05-26,tiktok,tiktok,cp,111.00
2026-05-27,google,search_brand,impressions,"6,635.00"
2026-05-27,google,search_brand,clicks,"2,308.00"
2026-05-27,google,search_brand,qs,718.91
2026-05-27,google,search_brand,cp,153.88
2026-05-27,google,search_nb,impressions,"95,168.00"
2026-05-27,google,search_nb,clicks,"4,830.00"
2026-05-27,google,search_nb,qs,"1,321.07"
2026-05-27,google,search_nb,cp,169.61
2026-05-27,google,search_pmax,impressions,"602,609.00"
2026-05-27,google,search_pmax,clicks,"2,992.00"
2026-05-27,google,search_pmax,qs,0.00
2026-05-27,google,search_pmax,cp,77.83
2026-05-27,google,search_shopping,impressions,"20,154.00"
2026-05-27,google,search_shopping,clicks,171.00
2026-05-27,google,search_shopping,qs,35.68
2026-05-27,google,search_shopping,cp,3.44
2026-05-27,google,youtube,impressions,"358,532.00"
2026-05-27,google,youtube,clicks,"1,492.00"
2026-05-27,google,youtube,qs,149.91
2026-05-27,google,youtube,cp,15.01
2026-05-27,meta,meta_bof,impressions,"2,583,916.00"
2026-05-27,meta,meta_bof,clicks,"19,098.00"
2026-05-27,meta,meta_bof,qs,935.00
2026-05-27,meta,meta_bof,cp,274.00
2026-05-27,meta,meta_mof,impressions,"980,258.00"
2026-05-27,meta,meta_mof,clicks,"7,651.00"
2026-05-27,meta,meta_mof,qs,824.00
2026-05-27,meta,meta_mof,cp,45.00
2026-05-27,meta,meta_tof,impressions,"316,894.00"
2026-05-27,meta,meta_tof,clicks,"2,428.00"
2026-05-27,meta,meta_tof,qs,164.00
2026-05-27,meta,meta_tof,cp,10.00
2026-05-27,tiktok,tiktok,impressions,"2,298,747.00"
2026-05-27,tiktok,tiktok,clicks,"5,397.00"
2026-05-27,tiktok,tiktok,qs,265.00
2026-05-27,tiktok,tiktok,cp,140.00
2026-05-28,google,search_brand,impressions,"7,003.00"
2026-05-28,google,search_brand,clicks,"2,379.00"
2026-05-28,google,search_brand,qs,733.19
2026-05-28,google,search_brand,cp,172.91
2026-05-28,google,search_nb,impressions,"110,332.00"
2026-05-28,google,search_nb,clicks,"5,091.00"
2026-05-28,google,search_nb,qs,"1,218.39"
2026-05-28,google,search_nb,cp,171.88
2026-05-28,google,search_pmax,impressions,"538,773.00"
2026-05-28,google,search_pmax,clicks,"2,701.00"
2026-05-28,google,search_pmax,qs,0.00
2026-05-28,google,search_pmax,cp,62.68
2026-05-28,google,search_shopping,impressions,"35,750.00"
2026-05-28,google,search_shopping,clicks,376.00
2026-05-28,google,search_shopping,qs,63.61
2026-05-28,google,search_shopping,cp,3.02
2026-05-28,google,youtube,impressions,"358,129.00"
2026-05-28,google,youtube,clicks,"1,585.00"
2026-05-28,google,youtube,qs,163.53
2026-05-28,google,youtube,cp,11.47
2026-05-28,meta,meta_bof,impressions,"2,760,176.00"
2026-05-28,meta,meta_bof,clicks,"20,250.00"
2026-05-28,meta,meta_bof,qs,913.00
2026-05-28,meta,meta_bof,cp,344.00
2026-05-28,meta,meta_mof,impressions,"1,177,076.00"
2026-05-28,meta,meta_mof,clicks,"8,525.00"
2026-05-28,meta,meta_mof,qs,782.00
2026-05-28,meta,meta_mof,cp,60.00
2026-05-28,meta,meta_tof,impressions,"301,046.00"
2026-05-28,meta,meta_tof,clicks,"2,363.00"
2026-05-28,meta,meta_tof,qs,131.00
2026-05-28,meta,meta_tof,cp,16.00
2026-05-28,tiktok,tiktok,impressions,"1,888,680.00"
2026-05-28,tiktok,tiktok,clicks,"5,726.00"
2026-05-28,tiktok,tiktok,qs,304.00
2026-05-28,tiktok,tiktok,cp,146.00
2026-05-29,google,search_brand,impressions,"6,991.00"
2026-05-29,google,search_brand,clicks,"2,426.00"
2026-05-29,google,search_brand,qs,736.99
2026-05-29,google,search_brand,cp,192.89
2026-05-29,google,search_nb,impressions,"110,696.00"
2026-05-29,google,search_nb,clicks,"5,691.00"
2026-05-29,google,search_nb,qs,"1,371.03"
2026-05-29,google,search_nb,cp,209.52
2026-05-29,google,search_pmax,impressions,"499,109.00"
2026-05-29,google,search_pmax,clicks,"2,618.00"
2026-05-29,google,search_pmax,qs,0.00
2026-05-29,google,search_pmax,cp,42.89
2026-05-29,google,search_shopping,impressions,"54,686.00"
2026-05-29,google,search_shopping,clicks,464.00
2026-05-29,google,search_shopping,qs,84.86
2026-05-29,google,search_shopping,cp,9.40
2026-05-29,google,youtube,impressions,"344,258.00"
2026-05-29,google,youtube,clicks,"1,524.00"
2026-05-29,google,youtube,qs,106.99
2026-05-29,google,youtube,cp,12.80
2026-05-29,meta,meta_bof,impressions,"3,101,435.00"
2026-05-29,meta,meta_bof,clicks,"13,847.00"
2026-05-29,meta,meta_bof,qs,956.00
2026-05-29,meta,meta_bof,cp,394.00
2026-05-29,meta,meta_mof,impressions,"1,259,400.00"
2026-05-29,meta,meta_mof,clicks,"9,303.00"
2026-05-29,meta,meta_mof,qs,859.00
2026-05-29,meta,meta_mof,cp,72.00
2026-05-29,meta,meta_tof,impressions,"447,801.00"
2026-05-29,meta,meta_tof,clicks,"2,735.00"
2026-05-29,meta,meta_tof,qs,179.00
2026-05-29,meta,meta_tof,cp,15.00
2026-05-29,tiktok,tiktok,impressions,"2,219,287.00"
2026-05-29,tiktok,tiktok,clicks,"10,456.00"
2026-05-29,tiktok,tiktok,qs,487.00
2026-05-29,tiktok,tiktok,cp,159.00
2026-05-30,google,search_brand,impressions,"5,906.00"
2026-05-30,google,search_brand,clicks,"1,945.00"
2026-05-30,google,search_brand,qs,583.21
2026-05-30,google,search_brand,cp,170.29
2026-05-30,google,search_nb,impressions,"121,316.00"
2026-05-30,google,search_nb,clicks,"5,170.00"
2026-05-30,google,search_nb,qs,"1,272.46"
2026-05-30,google,search_nb,cp,161.22
2026-05-30,google,search_pmax,impressions,"488,053.00"
2026-05-30,google,search_pmax,clicks,"2,602.00"
2026-05-30,google,search_pmax,qs,0.00
2026-05-30,google,search_pmax,cp,79.49
2026-05-30,google,search_shopping,impressions,"54,887.00"
2026-05-30,google,search_shopping,clicks,443.00
2026-05-30,google,search_shopping,qs,67.90
2026-05-30,google,search_shopping,cp,15.62
2026-05-30,google,youtube,impressions,"330,332.00"
2026-05-30,google,youtube,clicks,"1,489.00"
2026-05-30,google,youtube,qs,124.56
2026-05-30,google,youtube,cp,12.12
2026-05-30,meta,meta_bof,impressions,"2,880,986.00"
2026-05-30,meta,meta_bof,clicks,"12,672.00"
2026-05-30,meta,meta_bof,qs,851.00
2026-05-30,meta,meta_bof,cp,312.00
2026-05-30,meta,meta_mof,impressions,"965,588.00"
2026-05-30,meta,meta_mof,clicks,"7,170.00"
2026-05-30,meta,meta_mof,qs,685.00
2026-05-30,meta,meta_mof,cp,44.00
2026-05-30,meta,meta_tof,impressions,"375,213.00"
2026-05-30,meta,meta_tof,clicks,"2,630.00"
2026-05-30,meta,meta_tof,qs,143.00
2026-05-30,meta,meta_tof,cp,20.00
2026-05-30,tiktok,tiktok,impressions,"2,864,127.00"
2026-05-30,tiktok,tiktok,clicks,"9,348.00"
2026-05-30,tiktok,tiktok,qs,383.00
2026-05-30,tiktok,tiktok,cp,120.00
2026-05-31,google,search_brand,impressions,"6,238.00"
2026-05-31,google,search_brand,clicks,"2,209.00"
2026-05-31,google,search_brand,qs,655.10
2026-05-31,google,search_brand,cp,199.83
2026-05-31,google,search_nb,impressions,"94,880.00"
2026-05-31,google,search_nb,clicks,"4,139.00"
2026-05-31,google,search_nb,qs,"1,097.39"
2026-05-31,google,search_nb,cp,144.71
2026-05-31,google,search_pmax,impressions,"538,468.00"
2026-05-31,google,search_pmax,clicks,"2,853.00"
2026-05-31,google,search_pmax,qs,0.00
2026-05-31,google,search_pmax,cp,62.23
2026-05-31,google,search_shopping,impressions,"47,413.00"
2026-05-31,google,search_shopping,clicks,425.00
2026-05-31,google,search_shopping,qs,76.41
2026-05-31,google,search_shopping,cp,16.69
2026-05-31,google,youtube,impressions,"373,538.00"
2026-05-31,google,youtube,clicks,"1,349.00"
2026-05-31,google,youtube,qs,96.75
2026-05-31,google,youtube,cp,10.10
2026-05-31,meta,meta_bof,impressions,"3,286,108.00"
2026-05-31,meta,meta_bof,clicks,"15,072.00"
2026-05-31,meta,meta_bof,qs,952.00
2026-05-31,meta,meta_bof,cp,290.00
2026-05-31,meta,meta_mof,impressions,"1,282,430.00"
2026-05-31,meta,meta_mof,clicks,"8,783.00"
2026-05-31,meta,meta_mof,qs,826.00
2026-05-31,meta,meta_mof,cp,51.00
2026-05-31,meta,meta_tof,impressions,"453,848.00"
2026-05-31,meta,meta_tof,clicks,"4,490.00"
2026-05-31,meta,meta_tof,qs,162.00
2026-05-31,meta,meta_tof,cp,15.00
2026-05-31,tiktok,tiktok,impressions,"3,945,244.00"
2026-05-31,tiktok,tiktok,clicks,"11,934.00"
2026-05-31,tiktok,tiktok,qs,388.00
2026-05-31,tiktok,tiktok,cp,114.00
2026-06-01,google,search_brand,impressions,"6,494.00"
2026-06-01,google,search_brand,clicks,"2,184.00"
2026-06-01,google,search_brand,qs,639.78
2026-06-01,google,search_brand,cp,165.29
2026-06-01,google,search_nb,impressions,"143,798.00"
2026-06-01,google,search_nb,clicks,"5,951.00"
2026-06-01,google,search_nb,qs,"1,469.91"
2026-06-01,google,search_nb,cp,190.43
2026-06-01,google,search_pmax,impressions,"495,538.00"
2026-06-01,google,search_pmax,clicks,"2,280.00"
2026-06-01,google,search_pmax,qs,0.00
2026-06-01,google,search_pmax,cp,51.62
2026-06-01,google,search_shopping,impressions,"55,545.00"
2026-06-01,google,search_shopping,clicks,444.00
2026-06-01,google,search_shopping,qs,83.89
2026-06-01,google,search_shopping,cp,9.13
2026-06-01,google,youtube,impressions,"572,066.00"
2026-06-01,google,youtube,clicks,"1,822.00"
2026-06-01,google,youtube,qs,117.63
2026-06-01,google,youtube,cp,20.74
2026-06-01,meta,meta_bof,impressions,"3,604,528.00"
2026-06-01,meta,meta_bof,clicks,"16,507.00"
2026-06-01,meta,meta_bof,qs,916.00
2026-06-01,meta,meta_bof,cp,283.00
2026-06-01,meta,meta_mof,impressions,"1,683,090.00"
2026-06-01,meta,meta_mof,clicks,"11,457.00"
2026-06-01,meta,meta_mof,qs,813.00
2026-06-01,meta,meta_mof,cp,43.00
2026-06-01,meta,meta_tof,impressions,"549,108.00"
2026-06-01,meta,meta_tof,clicks,"4,984.00"
2026-06-01,meta,meta_tof,qs,133.00
2026-06-01,meta,meta_tof,cp,18.00
2026-06-01,tiktok,tiktok,impressions,"4,172,924.00"
2026-06-01,tiktok,tiktok,clicks,"11,646.00"
2026-06-01,tiktok,tiktok,qs,334.00
2026-06-01,tiktok,tiktok,cp,124.00
2026-06-02,google,search_brand,impressions,"5,755.00"
2026-06-02,google,search_brand,clicks,"1,940.00"
2026-06-02,google,search_brand,qs,583.87
2026-06-02,google,search_brand,cp,147.49
2026-06-02,google,search_nb,impressions,"126,720.00"
2026-06-02,google,search_nb,clicks,"5,392.00"
2026-06-02,google,search_nb,qs,"1,320.36"
2026-06-02,google,search_nb,cp,162.79
2026-06-02,google,search_pmax,impressions,"513,785.00"
2026-06-02,google,search_pmax,clicks,"2,508.00"
2026-06-02,google,search_pmax,qs,0.00
2026-06-02,google,search_pmax,cp,60.87
2026-06-02,google,search_shopping,impressions,"56,350.00"
2026-06-02,google,search_shopping,clicks,468.00
2026-06-02,google,search_shopping,qs,80.40
2026-06-02,google,search_shopping,cp,18.19
2026-06-02,google,youtube,impressions,"598,976.00"
2026-06-02,google,youtube,clicks,"1,888.00"
2026-06-02,google,youtube,qs,109.37
2026-06-02,google,youtube,cp,13.46
2026-06-02,meta,meta_bof,impressions,"2,723,546.00"
2026-06-02,meta,meta_bof,clicks,"14,503.00"
2026-06-02,meta,meta_bof,qs,860.00
2026-06-02,meta,meta_bof,cp,320.00
2026-06-02,meta,meta_mof,impressions,"1,141,233.00"
2026-06-02,meta,meta_mof,clicks,"8,957.00"
2026-06-02,meta,meta_mof,qs,802.00
2026-06-02,meta,meta_mof,cp,57.00
2026-06-02,meta,meta_tof,impressions,"346,745.00"
2026-06-02,meta,meta_tof,clicks,"3,809.00"
2026-06-02,meta,meta_tof,qs,115.00
2026-06-02,meta,meta_tof,cp,15.00
2026-06-02,tiktok,tiktok,impressions,"1,687,596.00"
2026-06-02,tiktok,tiktok,clicks,"5,778.00"
2026-06-02,tiktok,tiktok,qs,187.00
2026-06-02,tiktok,tiktok,cp,79.00
2026-06-03,google,search_brand,impressions,"5,058.00"
2026-06-03,google,search_brand,clicks,"1,810.00"
2026-06-03,google,search_brand,qs,533.69
2026-06-03,google,search_brand,cp,151.53
2026-06-03,google,search_nb,impressions,"100,081.00"
2026-06-03,google,search_nb,clicks,"3,232.00"
2026-06-03,google,search_nb,qs,893.13
2026-06-03,google,search_nb,cp,119.39
2026-06-03,google,search_pmax,impressions,"446,929.00"
2026-06-03,google,search_pmax,clicks,"2,079.00"
2026-06-03,google,search_pmax,qs,0.00
2026-06-03,google,search_pmax,cp,42.62
2026-06-03,google,search_shopping,impressions,"49,712.00"
2026-06-03,google,search_shopping,clicks,383.00
2026-06-03,google,search_shopping,qs,57.19
2026-06-03,google,search_shopping,cp,13.14
2026-06-03,google,youtube,impressions,"588,778.00"
2026-06-03,google,youtube,clicks,"1,677.00"
2026-06-03,google,youtube,qs,103.36
2026-06-03,google,youtube,cp,18.33
2026-06-03,meta,meta_bof,impressions,"2,103,801.00"
2026-06-03,meta,meta_bof,clicks,"12,778.00"
2026-06-03,meta,meta_bof,qs,562.00
2026-06-03,meta,meta_bof,cp,282.00
2026-06-03,meta,meta_mof,impressions,"900,105.00"
2026-06-03,meta,meta_mof,clicks,"7,465.00"
2026-06-03,meta,meta_mof,qs,636.00
2026-06-03,meta,meta_mof,cp,49.00
2026-06-03,meta,meta_tof,impressions,"251,405.00"
2026-06-03,meta,meta_tof,clicks,"2,261.00"
2026-06-03,meta,meta_tof,qs,91.00
2026-06-03,meta,meta_tof,cp,12.00
2026-06-03,tiktok,tiktok,impressions,"3,033,738.00"
2026-06-03,tiktok,tiktok,clicks,"8,624.00"
2026-06-03,tiktok,tiktok,qs,222.00
2026-06-03,tiktok,tiktok,cp,111.00
2026-06-04,google,search_brand,impressions,"5,037.00"
2026-06-04,google,search_brand,clicks,"1,796.00"
2026-06-04,google,search_brand,qs,550.29
2026-06-04,google,search_brand,cp,155.46
2026-06-04,google,search_nb,impressions,"104,877.00"
2026-06-04,google,search_nb,clicks,"3,361.00"
2026-06-04,google,search_nb,qs,"1,028.02"
2026-06-04,google,search_nb,cp,142.80
2026-06-04,google,search_pmax,impressions,"434,564.00"
2026-06-04,google,search_pmax,clicks,"1,978.00"
2026-06-04,google,search_pmax,qs,0.00
2026-06-04,google,search_pmax,cp,40.34
2026-06-04,google,search_shopping,impressions,"55,237.00"
2026-06-04,google,search_shopping,clicks,398.00
2026-06-04,google,search_shopping,qs,59.48
2026-06-04,google,search_shopping,cp,11.03
2026-06-04,google,youtube,impressions,"413,918.00"
2026-06-04,google,youtube,clicks,"1,546.00"
2026-06-04,google,youtube,qs,120.65
2026-06-04,google,youtube,cp,21.11
2026-06-04,meta,meta_bof,impressions,"2,527,484.00"
2026-06-04,meta,meta_bof,clicks,"12,262.00"
2026-06-04,meta,meta_bof,qs,640.00
2026-06-04,meta,meta_bof,cp,304.00
2026-06-04,meta,meta_mof,impressions,"1,348,179.00"
2026-06-04,meta,meta_mof,clicks,"9,746.00"
2026-06-04,meta,meta_mof,qs,657.00
2026-06-04,meta,meta_mof,cp,62.00
2026-06-04,meta,meta_tof,impressions,"365,945.00"
2026-06-04,meta,meta_tof,clicks,"3,150.00"
2026-06-04,meta,meta_tof,qs,107.00
2026-06-04,meta,meta_tof,cp,8.00
2026-06-04,tiktok,tiktok,impressions,"3,018,645.00"
2026-06-04,tiktok,tiktok,clicks,"9,507.00"
2026-06-04,tiktok,tiktok,qs,246.00
2026-06-04,tiktok,tiktok,cp,126.00
2026-06-05,google,search_brand,impressions,"4,659.00"
2026-06-05,google,search_brand,clicks,"1,591.00"
2026-06-05,google,search_brand,qs,479.44
2026-06-05,google,search_brand,cp,142.86
2026-06-05,google,search_nb,impressions,"84,867.00"
2026-06-05,google,search_nb,clicks,"2,785.00"
2026-06-05,google,search_nb,qs,815.50
2026-06-05,google,search_nb,cp,136.73
2026-06-05,google,search_pmax,impressions,"315,050.00"
2026-06-05,google,search_pmax,clicks,"1,494.00"
2026-06-05,google,search_pmax,qs,0.00
2026-06-05,google,search_pmax,cp,43.36
2026-06-05,google,search_shopping,impressions,"44,852.00"
2026-06-05,google,search_shopping,clicks,310.00
2026-06-05,google,search_shopping,qs,50.19
2026-06-05,google,search_shopping,cp,6.40
2026-06-05,google,youtube,impressions,"349,572.00"
2026-06-05,google,youtube,clicks,"1,426.00"
2026-06-05,google,youtube,qs,78.32
2026-06-05,google,youtube,cp,16.95
2026-06-05,meta,meta_bof,impressions,"2,466,246.00"
2026-06-05,meta,meta_bof,clicks,"11,482.00"
2026-06-05,meta,meta_bof,qs,488.00
2026-06-05,meta,meta_bof,cp,295.00
2026-06-05,meta,meta_mof,impressions,"1,360,677.00"
2026-06-05,meta,meta_mof,clicks,"9,785.00"
2026-06-05,meta,meta_mof,qs,637.00
2026-06-05,meta,meta_mof,cp,82.00
2026-06-05,meta,meta_tof,impressions,"435,701.00"
2026-06-05,meta,meta_tof,clicks,"5,341.00"
2026-06-05,meta,meta_tof,qs,105.00
2026-06-05,meta,meta_tof,cp,14.00
2026-06-05,tiktok,tiktok,impressions,"4,211,052.00"
2026-06-05,tiktok,tiktok,clicks,"11,504.00"
2026-06-05,tiktok,tiktok,qs,221.00
2026-06-05,tiktok,tiktok,cp,109.00
2026-06-06,google,search_brand,impressions,"4,201.00"
2026-06-06,google,search_brand,clicks,"1,485.00"
2026-06-06,google,search_brand,qs,453.34
2026-06-06,google,search_brand,cp,107.29
2026-06-06,google,search_nb,impressions,"86,556.00"
2026-06-06,google,search_nb,clicks,"2,909.00"
2026-06-06,google,search_nb,qs,943.97
2026-06-06,google,search_nb,cp,137.62
2026-06-06,google,search_pmax,impressions,"373,232.00"
2026-06-06,google,search_pmax,clicks,"1,510.00"
2026-06-06,google,search_pmax,qs,0.00
2026-06-06,google,search_pmax,cp,37.01
2026-06-06,google,search_shopping,impressions,"50,939.00"
2026-06-06,google,search_shopping,clicks,343.00
2026-06-06,google,search_shopping,qs,45.20
2026-06-06,google,search_shopping,cp,7.66
2026-06-06,google,youtube,impressions,"432,251.00"
2026-06-06,google,youtube,clicks,"1,654.00"
2026-06-06,google,youtube,qs,105.22
2026-06-06,google,youtube,cp,13.21
2026-06-06,meta,meta_bof,impressions,"2,477,196.00"
2026-06-06,meta,meta_bof,clicks,"11,265.00"
2026-06-06,meta,meta_bof,qs,543.00
2026-06-06,meta,meta_bof,cp,223.00
2026-06-06,meta,meta_mof,impressions,"706,319.00"
2026-06-06,meta,meta_mof,clicks,"6,224.00"
2026-06-06,meta,meta_mof,qs,348.00
2026-06-06,meta,meta_mof,cp,44.00
2026-06-06,meta,meta_tof,impressions,"287,921.00"
2026-06-06,meta,meta_tof,clicks,"3,346.00"
2026-06-06,meta,meta_tof,qs,89.00
2026-06-06,meta,meta_tof,cp,10.00
2026-06-06,tiktok,tiktok,impressions,"2,442,460.00"
2026-06-06,tiktok,tiktok,clicks,"7,021.00"
2026-06-06,tiktok,tiktok,qs,188.00
2026-06-06,tiktok,tiktok,cp,97.00
2026-06-07,google,search_brand,impressions,"4,875.00"
2026-06-07,google,search_brand,clicks,"1,771.00"
2026-06-07,google,search_brand,qs,550.56
2026-06-07,google,search_brand,cp,150.30
2026-06-07,google,search_nb,impressions,"126,258.00"
2026-06-07,google,search_nb,clicks,"4,266.00"
2026-06-07,google,search_nb,qs,"1,284.50"
2026-06-07,google,search_nb,cp,134.01
2026-06-07,google,search_pmax,impressions,"458,292.00"
2026-06-07,google,search_pmax,clicks,"2,110.00"
2026-06-07,google,search_pmax,qs,0.00
2026-06-07,google,search_pmax,cp,57.06
2026-06-07,google,search_shopping,impressions,"59,215.00"
2026-06-07,google,search_shopping,clicks,445.00
2026-06-07,google,search_shopping,qs,66.58
2026-06-07,google,search_shopping,cp,11.34
2026-06-07,google,youtube,impressions,"515,308.00"
2026-06-07,google,youtube,clicks,"1,655.00"
2026-06-07,google,youtube,qs,98.56
2026-06-07,google,youtube,cp,18.25
2026-06-07,meta,meta_bof,impressions,"2,847,614.00"
2026-06-07,meta,meta_bof,clicks,"13,479.00"
2026-06-07,meta,meta_bof,qs,720.00
2026-06-07,meta,meta_bof,cp,236.00
2026-06-07,meta,meta_mof,impressions,"723,346.00"
2026-06-07,meta,meta_mof,clicks,"7,691.00"
2026-06-07,meta,meta_mof,qs,479.00
2026-06-07,meta,meta_mof,cp,26.00
2026-06-07,meta,meta_tof,impressions,"306,011.00"
2026-06-07,meta,meta_tof,clicks,"2,889.00"
2026-06-07,meta,meta_tof,qs,134.00
2026-06-07,meta,meta_tof,cp,16.00
2026-06-07,tiktok,tiktok,impressions,"2,378,778.00"
2026-06-07,tiktok,tiktok,clicks,"7,720.00"
2026-06-07,tiktok,tiktok,qs,223.00
2026-06-07,tiktok,tiktok,cp,80.00
2026-06-08,google,search_brand,impressions,"5,243.00"
2026-06-08,google,search_brand,clicks,"1,726.00"
2026-06-08,google,search_brand,qs,535.48
2026-06-08,google,search_brand,cp,162.52
2026-06-08,google,search_nb,impressions,"130,688.00"
2026-06-08,google,search_nb,clicks,"4,458.00"
2026-06-08,google,search_nb,qs,"1,293.54"
2026-06-08,google,search_nb,cp,170.07
2026-06-08,google,search_pmax,impressions,"500,216.00"
2026-06-08,google,search_pmax,clicks,"2,958.00"
2026-06-08,google,search_pmax,qs,0.00
2026-06-08,google,search_pmax,cp,68.12
2026-06-08,google,search_shopping,impressions,"54,179.00"
2026-06-08,google,search_shopping,clicks,468.00
2026-06-08,google,search_shopping,qs,56.36
2026-06-08,google,search_shopping,cp,12.02
2026-06-08,google,youtube,impressions,"526,351.00"
2026-06-08,google,youtube,clicks,"1,631.00"
2026-06-08,google,youtube,qs,105.34
2026-06-08,google,youtube,cp,13.77
2026-06-08,meta,meta_bof,impressions,"2,966,260.00"
2026-06-08,meta,meta_bof,clicks,"13,848.00"
2026-06-08,meta,meta_bof,qs,841.00
2026-06-08,meta,meta_bof,cp,273.00
2026-06-08,meta,meta_mof,impressions,"587,593.00"
2026-06-08,meta,meta_mof,clicks,"5,260.00"
2026-06-08,meta,meta_mof,qs,492.00
2026-06-08,meta,meta_mof,cp,26.00
2026-06-08,meta,meta_tof,impressions,"374,328.00"
2026-06-08,meta,meta_tof,clicks,"3,653.00"
2026-06-08,meta,meta_tof,qs,147.00
2026-06-08,meta,meta_tof,cp,19.00
2026-06-08,tiktok,tiktok,impressions,"1,738,129.00"
2026-06-08,tiktok,tiktok,clicks,"5,026.00"
2026-06-08,tiktok,tiktok,qs,151.00
2026-06-08,tiktok,tiktok,cp,91.00
2026-06-09,google,search_brand,impressions,"5,019.00"
2026-06-09,google,search_brand,clicks,"1,654.00"
2026-06-09,google,search_brand,qs,411.07
2026-06-09,google,search_brand,cp,115.28
2026-06-09,google,search_nb,impressions,"110,192.00"
2026-06-09,google,search_nb,clicks,"4,507.00"
2026-06-09,google,search_nb,qs,"1,193.09"
2026-06-09,google,search_nb,cp,194.26
2026-06-09,google,search_pmax,impressions,"386,701.00"
2026-06-09,google,search_pmax,clicks,"3,020.00"
2026-06-09,google,search_pmax,qs,0.00
2026-06-09,google,search_pmax,cp,59.48
2026-06-09,google,search_shopping,impressions,"42,730.00"
2026-06-09,google,search_shopping,clicks,436.00
2026-06-09,google,search_shopping,qs,52.87
2026-06-09,google,search_shopping,cp,12.43
2026-06-09,google,youtube,impressions,"410,949.00"
2026-06-09,google,youtube,clicks,"1,267.00"
2026-06-09,google,youtube,qs,100.78
2026-06-09,google,youtube,cp,11.00
2026-06-09,meta,meta_bof,impressions,"2,427,467.00"
2026-06-09,meta,meta_bof,clicks,"11,361.00"
2026-06-09,meta,meta_bof,qs,655.00
2026-06-09,meta,meta_bof,cp,259.00
2026-06-09,meta,meta_mof,impressions,"831,509.00"
2026-06-09,meta,meta_mof,clicks,"6,600.00"
2026-06-09,meta,meta_mof,qs,558.00
2026-06-09,meta,meta_mof,cp,44.00
2026-06-09,meta,meta_tof,impressions,"340,060.00"
2026-06-09,meta,meta_tof,clicks,"3,915.00"
2026-06-09,meta,meta_tof,qs,127.00
2026-06-09,meta,meta_tof,cp,13.00
2026-06-09,tiktok,tiktok,impressions,"4,005,650.00"
2026-06-09,tiktok,tiktok,clicks,"18,993.00"
2026-06-09,tiktok,tiktok,qs,424.00
2026-06-09,tiktok,tiktok,cp,147.00
2026-06-10,google,search_brand,impressions,"5,318.00"
2026-06-10,google,search_brand,clicks,"1,776.00"
2026-06-10,google,search_brand,qs,482.03
2026-06-10,google,search_brand,cp,138.34
2026-06-10,google,search_nb,impressions,"128,012.00"
2026-06-10,google,search_nb,clicks,"4,466.00"
2026-06-10,google,search_nb,qs,"1,189.66"
2026-06-10,google,search_nb,cp,197.41
2026-06-10,google,search_pmax,impressions,"304,750.00"
2026-06-10,google,search_pmax,clicks,"3,181.00"
2026-06-10,google,search_pmax,qs,0.00
2026-06-10,google,search_pmax,cp,78.07
2026-06-10,google,search_shopping,impressions,"30,950.00"
2026-06-10,google,search_shopping,clicks,412.00
2026-06-10,google,search_shopping,qs,57.75
2026-06-10,google,search_shopping,cp,21.62
2026-06-10,google,youtube,impressions,"299,019.00"
2026-06-10,google,youtube,clicks,"1,081.00"
2026-06-10,google,youtube,qs,87.72
2026-06-10,google,youtube,cp,10.21
2026-06-10,meta,meta_bof,impressions,"2,475,612.00"
2026-06-10,meta,meta_bof,clicks,"10,056.00"
2026-06-10,meta,meta_bof,qs,684.00
2026-06-10,meta,meta_bof,cp,250.00
2026-06-10,meta,meta_mof,impressions,"1,288,724.00"
2026-06-10,meta,meta_mof,clicks,"11,148.00"
2026-06-10,meta,meta_mof,qs,720.00
2026-06-10,meta,meta_mof,cp,37.00
2026-06-10,meta,meta_tof,impressions,"378,922.00"
2026-06-10,meta,meta_tof,clicks,"3,008.00"
2026-06-10,meta,meta_tof,qs,123.00
2026-06-10,meta,meta_tof,cp,6.00
2026-06-10,tiktok,tiktok,impressions,"2,805,411.00"
2026-06-10,tiktok,tiktok,clicks,"18,001.00"
2026-06-10,tiktok,tiktok,qs,477.00
2026-06-10,tiktok,tiktok,cp,160.00
2026-06-11,google,search_brand,impressions,"5,949.00"
2026-06-11,google,search_brand,clicks,"2,074.00"
2026-06-11,google,search_brand,qs,524.22
2026-06-11,google,search_brand,cp,135.47
2026-06-11,google,search_nb,impressions,"211,726.00"
2026-06-11,google,search_nb,clicks,"6,540.00"
2026-06-11,google,search_nb,qs,"1,342.57"
2026-06-11,google,search_nb,cp,190.16
2026-06-11,google,search_pmax,impressions,"396,551.00"
2026-06-11,google,search_pmax,clicks,"4,137.00"
2026-06-11,google,search_pmax,qs,0.00
2026-06-11,google,search_pmax,cp,77.42
2026-06-11,google,search_shopping,impressions,"28,824.00"
2026-06-11,google,search_shopping,clicks,384.00
2026-06-11,google,search_shopping,qs,42.07
2026-06-11,google,search_shopping,cp,7.92
2026-06-11,google,youtube,impressions,"387,053.00"
2026-06-11,google,youtube,clicks,"1,330.00"
2026-06-11,google,youtube,qs,124.20
2026-06-11,google,youtube,cp,9.92
2026-06-11,meta,meta_bof,impressions,"3,138,779.00"
2026-06-11,meta,meta_bof,clicks,"16,788.00"
2026-06-11,meta,meta_bof,qs,822.00
2026-06-11,meta,meta_bof,cp,318.00
2026-06-11,meta,meta_mof,impressions,"1,337,380.00"
2026-06-11,meta,meta_mof,clicks,"12,485.00"
2026-06-11,meta,meta_mof,qs,768.00
2026-06-11,meta,meta_mof,cp,50.00
2026-06-11,meta,meta_tof,impressions,"294,044.00"
2026-06-11,meta,meta_tof,clicks,"3,465.00"
2026-06-11,meta,meta_tof,qs,133.00
2026-06-11,meta,meta_tof,cp,14.00
2026-06-11,tiktok,tiktok,impressions,"1,809,522.00"
2026-06-11,tiktok,tiktok,clicks,"13,588.00"
2026-06-11,tiktok,tiktok,qs,310.00
2026-06-11,tiktok,tiktok,cp,125.00
2026-06-12,google,search_brand,impressions,"6,855.00"
2026-06-12,google,search_brand,clicks,"2,403.00"
2026-06-12,google,search_brand,qs,658.70
2026-06-12,google,search_brand,cp,197.52
2026-06-12,google,search_nb,impressions,"139,873.00"
2026-06-12,google,search_nb,clicks,"5,543.00"
2026-06-12,google,search_nb,qs,"1,065.89"
2026-06-12,google,search_nb,cp,181.42
2026-06-12,google,search_pmax,impressions,"402,130.00"
2026-06-12,google,search_pmax,clicks,"3,261.00"
2026-06-12,google,search_pmax,qs,0.00
2026-06-12,google,search_pmax,cp,57.69
2026-06-12,google,search_shopping,impressions,"32,760.00"
2026-06-12,google,search_shopping,clicks,383.00
2026-06-12,google,search_shopping,qs,46.61
2026-06-12,google,search_shopping,cp,8.16
2026-06-12,google,youtube,impressions,"399,487.00"
2026-06-12,google,youtube,clicks,"1,323.00"
2026-06-12,google,youtube,qs,141.27
2026-06-12,google,youtube,cp,11.49
2026-06-12,meta,meta_bof,impressions,"2,812,772.00"
2026-06-12,meta,meta_bof,clicks,"17,753.00"
2026-06-12,meta,meta_bof,qs,949.00
2026-06-12,meta,meta_bof,cp,326.00
2026-06-12,meta,meta_mof,impressions,"958,026.00"
2026-06-12,meta,meta_mof,clicks,"10,070.00"
2026-06-12,meta,meta_mof,qs,771.00
2026-06-12,meta,meta_mof,cp,38.00
2026-06-12,meta,meta_tof,impressions,"311,930.00"
2026-06-12,meta,meta_tof,clicks,"4,670.00"
2026-06-12,meta,meta_tof,qs,193.00
2026-06-12,meta,meta_tof,cp,16.00
2026-06-12,tiktok,tiktok,impressions,"4,434,102.00"
2026-06-12,tiktok,tiktok,clicks,"17,276.00"
2026-06-12,tiktok,tiktok,qs,571.00
2026-06-12,tiktok,tiktok,cp,158.00
2026-06-13,google,search_brand,impressions,"6,769.00"
2026-06-13,google,search_brand,clicks,"2,478.00"
2026-06-13,google,search_brand,qs,650.57
2026-06-13,google,search_brand,cp,149.35
2026-06-13,google,search_nb,impressions,"123,674.00"
2026-06-13,google,search_nb,clicks,"5,250.00"
2026-06-13,google,search_nb,qs,"1,167.71"
2026-06-13,google,search_nb,cp,201.05
2026-06-13,google,search_pmax,impressions,"296,416.00"
2026-06-13,google,search_pmax,clicks,"2,326.00"
2026-06-13,google,search_pmax,qs,0.00
2026-06-13,google,search_pmax,cp,44.14
2026-06-13,google,search_shopping,impressions,"31,412.00"
2026-06-13,google,search_shopping,clicks,333.00
2026-06-13,google,search_shopping,qs,40.97
2026-06-13,google,search_shopping,cp,8.93
2026-06-13,google,youtube,impressions,"415,425.00"
2026-06-13,google,youtube,clicks,"1,495.00"
2026-06-13,google,youtube,qs,127.43
2026-06-13,google,youtube,cp,14.00
2026-06-13,meta,meta_bof,impressions,"2,591,333.00"
2026-06-13,meta,meta_bof,clicks,"16,937.00"
2026-06-13,meta,meta_bof,qs,"1,217.00"
2026-06-13,meta,meta_bof,cp,355.00
2026-06-13,meta,meta_mof,impressions,"1,147,382.00"
2026-06-13,meta,meta_mof,clicks,"15,592.00"
2026-06-13,meta,meta_mof,qs,"1,800.00"
2026-06-13,meta,meta_mof,cp,56.00
2026-06-13,meta,meta_tof,impressions,"420,022.00"
2026-06-13,meta,meta_tof,clicks,"5,564.00"
2026-06-13,meta,meta_tof,qs,407.00
2026-06-13,meta,meta_tof,cp,29.00
2026-06-13,tiktok,tiktok,impressions,"4,303,230.00"
2026-06-13,tiktok,tiktok,clicks,"16,562.00"
2026-06-13,tiktok,tiktok,qs,627.00
2026-06-13,tiktok,tiktok,cp,160.00
2026-06-14,google,search_brand,impressions,"8,244.00"
2026-06-14,google,search_brand,clicks,"2,841.00"
2026-06-14,google,search_brand,qs,721.71
2026-06-14,google,search_brand,cp,192.99
2026-06-14,google,search_nb,impressions,"99,388.00"
2026-06-14,google,search_nb,clicks,"4,699.00"
2026-06-14,google,search_nb,qs,"1,152.31"
2026-06-14,google,search_nb,cp,162.25
2026-06-14,google,search_pmax,impressions,"378,827.00"
2026-06-14,google,search_pmax,clicks,"3,338.00"
2026-06-14,google,search_pmax,qs,0.00
2026-06-14,google,search_pmax,cp,66.63
2026-06-14,google,search_shopping,impressions,"41,578.00"
2026-06-14,google,search_shopping,clicks,493.00
2026-06-14,google,search_shopping,qs,69.35
2026-06-14,google,search_shopping,cp,13.81
2026-06-14,google,youtube,impressions,"879,004.00"
2026-06-14,google,youtube,clicks,"2,544.00"
2026-06-14,google,youtube,qs,207.46
2026-06-14,google,youtube,cp,25.50
2026-06-14,meta,meta_bof,impressions,"3,335,036.00"
2026-06-14,meta,meta_bof,clicks,"19,744.00"
2026-06-14,meta,meta_bof,qs,"1,220.00"
2026-06-14,meta,meta_bof,cp,353.00
2026-06-14,meta,meta_mof,impressions,"2,087,408.00"
2026-06-14,meta,meta_mof,clicks,"26,297.00"
2026-06-14,meta,meta_mof,qs,"2,485.00"
2026-06-14,meta,meta_mof,cp,71.00
2026-06-14,meta,meta_tof,impressions,"583,970.00"
2026-06-14,meta,meta_tof,clicks,"6,574.00"
2026-06-14,meta,meta_tof,qs,495.00
2026-06-14,meta,meta_tof,cp,24.00
2026-06-14,tiktok,tiktok,impressions,"5,532,851.00"
2026-06-14,tiktok,tiktok,clicks,"16,785.00"
2026-06-14,tiktok,tiktok,qs,539.00
2026-06-14,tiktok,tiktok,cp,155.00
2026-06-15,google,search_brand,impressions,"7,058.00"
2026-06-15,google,search_brand,clicks,"2,464.00"
2026-06-15,google,search_brand,qs,641.17
2026-06-15,google,search_brand,cp,187.98
2026-06-15,google,search_nb,impressions,"131,341.00"
2026-06-15,google,search_nb,clicks,"4,914.00"
2026-06-15,google,search_nb,qs,"1,202.16"
2026-06-15,google,search_nb,cp,215.41
2026-06-15,google,search_pmax,impressions,"366,869.00"
2026-06-15,google,search_pmax,clicks,"3,013.00"
2026-06-15,google,search_pmax,qs,0.00
2026-06-15,google,search_pmax,cp,71.98
2026-06-15,google,search_shopping,impressions,"47,174.00"
2026-06-15,google,search_shopping,clicks,496.00
2026-06-15,google,search_shopping,qs,67.94
2026-06-15,google,search_shopping,cp,11.26
2026-06-15,google,youtube,impressions,"1,215,172.00"
2026-06-15,google,youtube,clicks,"3,426.00"
2026-06-15,google,youtube,qs,156.90
2026-06-15,google,youtube,cp,25.47
2026-06-15,meta,meta_bof,impressions,"3,496,432.00"
2026-06-15,meta,meta_bof,clicks,"18,268.00"
2026-06-15,meta,meta_bof,qs,"1,148.00"
2026-06-15,meta,meta_bof,cp,337.00
2026-06-15,meta,meta_mof,impressions,"1,707,650.00"
2026-06-15,meta,meta_mof,clicks,"23,058.00"
2026-06-15,meta,meta_mof,qs,"2,147.00"
2026-06-15,meta,meta_mof,cp,71.00
2026-06-15,meta,meta_tof,impressions,"424,380.00"
2026-06-15,meta,meta_tof,clicks,"5,851.00"
2026-06-15,meta,meta_tof,qs,356.00
2026-06-15,meta,meta_tof,cp,17.00
2026-06-15,tiktok,tiktok,impressions,"4,142,048.00"
2026-06-15,tiktok,tiktok,clicks,"12,974.00"
2026-06-15,tiktok,tiktok,qs,314.00
2026-06-15,tiktok,tiktok,cp,118.00
2026-06-16,google,search_brand,impressions,"6,713.00"
2026-06-16,google,search_brand,clicks,"2,362.00"
2026-06-16,google,search_brand,qs,434.59
2026-06-16,google,search_brand,cp,160.94
2026-06-16,google,search_nb,impressions,"133,722.00"
2026-06-16,google,search_nb,clicks,"4,851.00"
2026-06-16,google,search_nb,qs,670.73
2026-06-16,google,search_nb,cp,173.88
2026-06-16,google,search_pmax,impressions,"325,022.00"
2026-06-16,google,search_pmax,clicks,"2,428.00"
2026-06-16,google,search_pmax,qs,0.00
2026-06-16,google,search_pmax,cp,58.00
2026-06-16,google,search_shopping,impressions,"54,583.00"
2026-06-16,google,search_shopping,clicks,551.00
2026-06-16,google,search_shopping,qs,32.12
2026-06-16,google,search_shopping,cp,9.61
2026-06-16,google,youtube,impressions,"1,089,490.00"
2026-06-16,google,youtube,clicks,"3,981.00"
2026-06-16,google,youtube,qs,135.41
2026-06-16,google,youtube,cp,59.45
2026-06-16,meta,meta_bof,impressions,"3,047,514.00"
2026-06-16,meta,meta_bof,clicks,"17,759.00"
2026-06-16,meta,meta_bof,qs,537.00
2026-06-16,meta,meta_bof,cp,360.00
2026-06-16,meta,meta_mof,impressions,"1,595,558.00"
2026-06-16,meta,meta_mof,clicks,"17,724.00"
2026-06-16,meta,meta_mof,qs,556.00
2026-06-16,meta,meta_mof,cp,64.00
2026-06-16,meta,meta_tof,impressions,"468,483.00"
2026-06-16,meta,meta_tof,clicks,"5,341.00"
2026-06-16,meta,meta_tof,qs,131.00
2026-06-16,meta,meta_tof,cp,9.00
2026-06-16,tiktok,tiktok,impressions,"3,231,189.00"
2026-06-16,tiktok,tiktok,clicks,"15,688.00"
2026-06-16,tiktok,tiktok,qs,167.00
2026-06-16,tiktok,tiktok,cp,143.00
2026-06-17,google,search_brand,impressions,"6,927.00"
2026-06-17,google,search_brand,clicks,"2,394.00"
2026-06-17,google,search_brand,qs,572.05
2026-06-17,google,search_brand,cp,163.69
2026-06-17,google,search_nb,impressions,"120,118.00"
2026-06-17,google,search_nb,clicks,"4,151.00"
2026-06-17,google,search_nb,qs,932.17
2026-06-17,google,search_nb,cp,162.34
2026-06-17,google,search_pmax,impressions,"393,086.00"
2026-06-17,google,search_pmax,clicks,"2,743.00"
2026-06-17,google,search_pmax,qs,0.00
2026-06-17,google,search_pmax,cp,54.58
2026-06-17,google,search_shopping,impressions,"60,767.00"
2026-06-17,google,search_shopping,clicks,576.00
2026-06-17,google,search_shopping,qs,69.52
2026-06-17,google,search_shopping,cp,18.91
2026-06-17,google,youtube,impressions,"796,218.00"
2026-06-17,google,youtube,clicks,"2,175.00"
2026-06-17,google,youtube,qs,151.02
2026-06-17,google,youtube,cp,38.60
2026-06-17,meta,meta_bof,impressions,"2,653,343.00"
2026-06-17,meta,meta_bof,clicks,"15,049.00"
2026-06-17,meta,meta_bof,qs,538.00
2026-06-17,meta,meta_bof,cp,330.00
2026-06-17,meta,meta_mof,impressions,"1,105,266.00"
2026-06-17,meta,meta_mof,clicks,"14,201.00"
2026-06-17,meta,meta_mof,qs,639.00
2026-06-17,meta,meta_mof,cp,59.00
2026-06-17,meta,meta_tof,impressions,"270,379.00"
2026-06-17,meta,meta_tof,clicks,"3,587.00"
2026-06-17,meta,meta_tof,qs,137.00
2026-06-17,meta,meta_tof,cp,12.00
2026-06-17,tiktok,tiktok,impressions,"1,682,105.00"
2026-06-17,tiktok,tiktok,clicks,"12,094.00"
2026-06-17,tiktok,tiktok,qs,148.00
2026-06-17,tiktok,tiktok,cp,108.00
2026-06-18,google,search_brand,impressions,"6,170.00"
2026-06-18,google,search_brand,clicks,"2,278.00"
2026-06-18,google,search_brand,qs,598.81
2026-06-18,google,search_brand,cp,154.57
2026-06-18,google,search_nb,impressions,"135,781.00"
2026-06-18,google,search_nb,clicks,"4,805.00"
2026-06-18,google,search_nb,qs,"1,275.18"
2026-06-18,google,search_nb,cp,192.88
2026-06-18,google,search_pmax,impressions,"520,274.00"
2026-06-18,google,search_pmax,clicks,"3,382.00"
2026-06-18,google,search_pmax,qs,0.00
2026-06-18,google,search_pmax,cp,80.77
2026-06-18,google,search_shopping,impressions,"66,475.00"
2026-06-18,google,search_shopping,clicks,524.00
2026-06-18,google,search_shopping,qs,68.33
2026-06-18,google,search_shopping,cp,12.13
2026-06-18,google,youtube,impressions,"1,011,033.00"
2026-06-18,google,youtube,clicks,"2,491.00"
2026-06-18,google,youtube,qs,153.29
2026-06-18,google,youtube,cp,25.25
2026-06-18,meta,meta_bof,impressions,"2,602,054.00"
2026-06-18,meta,meta_bof,clicks,"14,826.00"
2026-06-18,meta,meta_bof,qs,740.00
2026-06-18,meta,meta_bof,cp,351.00
2026-06-18,meta,meta_mof,impressions,"1,031,348.00"
2026-06-18,meta,meta_mof,clicks,"10,317.00"
2026-06-18,meta,meta_mof,qs,518.00
2026-06-18,meta,meta_mof,cp,55.00
2026-06-18,meta,meta_tof,impressions,"360,670.00"
2026-06-18,meta,meta_tof,clicks,"3,725.00"
2026-06-18,meta,meta_tof,qs,117.00
2026-06-18,meta,meta_tof,cp,15.00
2026-06-18,tiktok,tiktok,impressions,"4,222,343.00"
2026-06-18,tiktok,tiktok,clicks,"17,860.00"
2026-06-18,tiktok,tiktok,qs,328.00
2026-06-18,tiktok,tiktok,cp,178.00
2026-06-19,google,search_brand,impressions,"4,843.00"
2026-06-19,google,search_brand,clicks,"2,463.00"
2026-06-19,google,search_brand,qs,627.96
2026-06-19,google,search_brand,cp,160.39
2026-06-19,google,search_nb,impressions,"130,673.00"
2026-06-19,google,search_nb,clicks,"4,667.00"
2026-06-19,google,search_nb,qs,"1,184.41"
2026-06-19,google,search_nb,cp,192.86
2026-06-19,google,search_pmax,impressions,"486,279.00"
2026-06-19,google,search_pmax,clicks,"3,539.00"
2026-06-19,google,search_pmax,qs,0.00
2026-06-19,google,search_pmax,cp,85.47
2026-06-19,google,search_shopping,impressions,"60,309.00"
2026-06-19,google,search_shopping,clicks,535.00
2026-06-19,google,search_shopping,qs,75.01
2026-06-19,google,search_shopping,cp,7.72
2026-06-19,google,youtube,impressions,"1,266,793.00"
2026-06-19,google,youtube,clicks,"2,721.00"
2026-06-19,google,youtube,qs,189.19
2026-06-19,google,youtube,cp,26.50
2026-06-19,meta,meta_bof,impressions,"2,816,225.00"
2026-06-19,meta,meta_bof,clicks,"13,838.00"
2026-06-19,meta,meta_bof,qs,710.00
2026-06-19,meta,meta_bof,cp,424.00
2026-06-19,meta,meta_mof,impressions,"1,215,632.00"
2026-06-19,meta,meta_mof,clicks,"16,246.00"
2026-06-19,meta,meta_mof,qs,"1,089.00"
2026-06-19,meta,meta_mof,cp,64.00
2026-06-19,meta,meta_tof,impressions,"306,740.00"
2026-06-19,meta,meta_tof,clicks,"4,921.00"
2026-06-19,meta,meta_tof,qs,202.00
2026-06-19,meta,meta_tof,cp,18.00
2026-06-19,tiktok,tiktok,impressions,"1,839,044.00"
2026-06-19,tiktok,tiktok,clicks,"15,009.00"
2026-06-19,tiktok,tiktok,qs,302.00
2026-06-19,tiktok,tiktok,cp,175.00
2026-06-20,google,search_brand,impressions,"5,545.00"
2026-06-20,google,search_brand,clicks,"2,120.00"
2026-06-20,google,search_brand,qs,573.39
2026-06-20,google,search_brand,cp,146.37
2026-06-20,google,search_nb,impressions,"111,421.00"
2026-06-20,google,search_nb,clicks,"4,089.00"
2026-06-20,google,search_nb,qs,"1,029.71"
2026-06-20,google,search_nb,cp,130.07
2026-06-20,google,search_pmax,impressions,"460,344.00"
2026-06-20,google,search_pmax,clicks,"3,752.00"
2026-06-20,google,search_pmax,qs,0.00
2026-06-20,google,search_pmax,cp,79.47
2026-06-20,google,search_shopping,impressions,"55,391.00"
2026-06-20,google,search_shopping,clicks,522.00
2026-06-20,google,search_shopping,qs,57.95
2026-06-20,google,search_shopping,cp,2.00
2026-06-20,google,youtube,impressions,"1,221,562.00"
2026-06-20,google,youtube,clicks,"2,541.00"
2026-06-20,google,youtube,qs,154.57
2026-06-20,google,youtube,cp,14.01
2026-06-20,meta,meta_bof,impressions,"2,762,883.00"
2026-06-20,meta,meta_bof,clicks,"13,195.00"
2026-06-20,meta,meta_bof,qs,668.00
2026-06-20,meta,meta_bof,cp,298.00
2026-06-20,meta,meta_mof,impressions,"864,767.00"
2026-06-20,meta,meta_mof,clicks,"11,598.00"
2026-06-20,meta,meta_mof,qs,949.00
2026-06-20,meta,meta_mof,cp,59.00
2026-06-20,meta,meta_tof,impressions,"286,350.00"
2026-06-20,meta,meta_tof,clicks,"4,500.00"
2026-06-20,meta,meta_tof,qs,164.00
2026-06-20,meta,meta_tof,cp,19.00
2026-06-20,tiktok,tiktok,impressions,"1,817,821.00"
2026-06-20,tiktok,tiktok,clicks,"14,799.00"
2026-06-20,tiktok,tiktok,qs,296.00
2026-06-20,tiktok,tiktok,cp,151.00
2026-06-21,google,search_brand,impressions,"5,092.00"
2026-06-21,google,search_brand,clicks,"2,322.00"
2026-06-21,google,search_brand,qs,637.31
2026-06-21,google,search_brand,cp,177.81
2026-06-21,google,search_nb,impressions,"136,974.00"
2026-06-21,google,search_nb,clicks,"5,497.00"
2026-06-21,google,search_nb,qs,"1,452.28"
2026-06-21,google,search_nb,cp,165.52
2026-06-21,google,search_pmax,impressions,"497,680.00"
2026-06-21,google,search_pmax,clicks,"4,407.00"
2026-06-21,google,search_pmax,qs,0.00
2026-06-21,google,search_pmax,cp,85.22
2026-06-21,google,search_shopping,impressions,"54,293.00"
2026-06-21,google,search_shopping,clicks,521.00
2026-06-21,google,search_shopping,qs,86.39
2026-06-21,google,search_shopping,cp,7.61
2026-06-21,google,youtube,impressions,"1,103,101.00"
2026-06-21,google,youtube,clicks,"2,474.00"
2026-06-21,google,youtube,qs,199.51
2026-06-21,google,youtube,cp,25.00
2026-06-21,meta,meta_bof,impressions,"2,906,905.00"
2026-06-21,meta,meta_bof,clicks,"15,498.00"
2026-06-21,meta,meta_bof,qs,940.00
2026-06-21,meta,meta_bof,cp,353.00
2026-06-21,meta,meta_mof,impressions,"1,900,070.00"
2026-06-21,meta,meta_mof,clicks,"23,063.00"
2026-06-21,meta,meta_mof,qs,"1,705.00"
2026-06-21,meta,meta_mof,cp,86.00
2026-06-21,meta,meta_tof,impressions,"481,823.00"
2026-06-21,meta,meta_tof,clicks,"5,762.00"
2026-06-21,meta,meta_tof,qs,280.00
2026-06-21,meta,meta_tof,cp,22.00
2026-06-21,tiktok,tiktok,impressions,"1,533,232.00"
2026-06-21,tiktok,tiktok,clicks,"14,885.00"
2026-06-21,tiktok,tiktok,qs,332.00
2026-06-21,tiktok,tiktok,cp,136.00
2026-06-22,google,search_brand,impressions,"7,182.00"
2026-06-22,google,search_brand,clicks,"2,512.00"
2026-06-22,google,search_brand,qs,651.61
2026-06-22,google,search_brand,cp,135.99
2026-06-22,google,search_nb,impressions,"114,508.00"
2026-06-22,google,search_nb,clicks,"5,031.00"
2026-06-22,google,search_nb,qs,"1,463.64"
2026-06-22,google,search_nb,cp,183.96
2026-06-22,google,search_pmax,impressions,"517,624.00"
2026-06-22,google,search_pmax,clicks,"4,042.00"
2026-06-22,google,search_pmax,qs,0.00
2026-06-22,google,search_pmax,cp,99.54
2026-06-22,google,search_shopping,impressions,"44,584.00"
2026-06-22,google,search_shopping,clicks,399.00
2026-06-22,google,search_shopping,qs,48.35
2026-06-22,google,search_shopping,cp,2.99
2026-06-22,google,youtube,impressions,"609,082.00"
2026-06-22,google,youtube,clicks,"1,889.00"
2026-06-22,google,youtube,qs,181.23
2026-06-22,google,youtube,cp,21.19
2026-06-22,meta,meta_bof,impressions,"2,815,768.00"
2026-06-22,meta,meta_bof,clicks,"13,476.00"
2026-06-22,meta,meta_bof,qs,845.00
2026-06-22,meta,meta_bof,cp,344.00
2026-06-22,meta,meta_mof,impressions,"1,446,394.00"
2026-06-22,meta,meta_mof,clicks,"16,345.00"
2026-06-22,meta,meta_mof,qs,"1,214.00"
2026-06-22,meta,meta_mof,cp,62.00
2026-06-22,meta,meta_tof,impressions,"362,579.00"
2026-06-22,meta,meta_tof,clicks,"4,351.00"
2026-06-22,meta,meta_tof,qs,206.00
2026-06-22,meta,meta_tof,cp,26.00
2026-06-22,tiktok,tiktok,impressions,"1,748,441.00"
2026-06-22,tiktok,tiktok,clicks,"15,159.00"
2026-06-22,tiktok,tiktok,qs,336.00
2026-06-22,tiktok,tiktok,cp,154.00
2026-06-23,google,search_brand,impressions,"4,735.00"
2026-06-23,google,search_brand,clicks,"2,358.00"
2026-06-23,google,search_brand,qs,642.23
2026-06-23,google,search_brand,cp,172.55
2026-06-23,google,search_nb,impressions,"116,077.00"
2026-06-23,google,search_nb,clicks,"5,024.00"
2026-06-23,google,search_nb,qs,"1,447.94"
2026-06-23,google,search_nb,cp,192.76
2026-06-23,google,search_pmax,impressions,"472,046.00"
2026-06-23,google,search_pmax,clicks,"3,553.00"
2026-06-23,google,search_pmax,qs,0.00
2026-06-23,google,search_pmax,cp,72.52
2026-06-23,google,search_shopping,impressions,"43,989.00"
2026-06-23,google,search_shopping,clicks,394.00
2026-06-23,google,search_shopping,qs,50.83
2026-06-23,google,search_shopping,cp,5.57
2026-06-23,google,youtube,impressions,"695,426.00"
2026-06-23,google,youtube,clicks,"2,730.00"
2026-06-23,google,youtube,qs,186.21
2026-06-23,google,youtube,cp,33.05
2026-06-23,meta,meta_bof,impressions,"2,672,718.00"
2026-06-23,meta,meta_bof,clicks,"12,594.00"
2026-06-23,meta,meta_bof,qs,709.00
2026-06-23,meta,meta_bof,cp,371.00
2026-06-23,meta,meta_mof,impressions,"1,461,469.00"
2026-06-23,meta,meta_mof,clicks,"13,998.00"
2026-06-23,meta,meta_mof,qs,"1,045.00"
2026-06-23,meta,meta_mof,cp,72.00
2026-06-23,meta,meta_tof,impressions,"380,594.00"
2026-06-23,meta,meta_tof,clicks,"4,960.00"
2026-06-23,meta,meta_tof,qs,160.00
2026-06-23,meta,meta_tof,cp,22.00
2026-06-23,tiktok,tiktok,impressions,"1,361,799.00"
2026-06-23,tiktok,tiktok,clicks,"10,131.00"
2026-06-23,tiktok,tiktok,qs,271.00
2026-06-23,tiktok,tiktok,cp,166.00
2026-06-24,google,search_brand,impressions,"4,808.00"
2026-06-24,google,search_brand,clicks,"2,350.00"
2026-06-24,google,search_brand,qs,647.89
2026-06-24,google,search_brand,cp,134.31
2026-06-24,google,search_nb,impressions,"97,166.00"
2026-06-24,google,search_nb,clicks,"4,624.00"
2026-06-24,google,search_nb,qs,"1,406.88"
2026-06-24,google,search_nb,cp,185.99
2026-06-24,google,search_pmax,impressions,"477,278.00"
2026-06-24,google,search_pmax,clicks,"3,735.00"
2026-06-24,google,search_pmax,qs,0.00
2026-06-24,google,search_pmax,cp,72.68
2026-06-24,google,search_shopping,impressions,"42,904.00"
2026-06-24,google,search_shopping,clicks,402.00
2026-06-24,google,search_shopping,qs,79.16
2026-06-24,google,search_shopping,cp,7.82
2026-06-24,google,youtube,impressions,"910,696.00"
2026-06-24,google,youtube,clicks,"3,383.00"
2026-06-24,google,youtube,qs,297.28
2026-06-24,google,youtube,cp,87.29
2026-06-24,meta,meta_bof,impressions,"3,207,929.00"
2026-06-24,meta,meta_bof,clicks,"14,614.00"
2026-06-24,meta,meta_bof,qs,646.00
2026-06-24,meta,meta_bof,cp,386.00
2026-06-24,meta,meta_mof,impressions,"1,445,953.00"
2026-06-24,meta,meta_mof,clicks,"12,937.00"
2026-06-24,meta,meta_mof,qs,914.00
2026-06-24,meta,meta_mof,cp,69.00
2026-06-24,meta,meta_tof,impressions,"556,265.00"
2026-06-24,meta,meta_tof,clicks,"7,550.00"
2026-06-24,meta,meta_tof,qs,751.00
2026-06-24,meta,meta_tof,cp,44.00
2026-06-24,reddit,reddit,impressions,"64,634.00"
2026-06-24,reddit,reddit,clicks,186.00
2026-06-24,reddit,reddit,qs,6.00
2026-06-24,reddit,reddit,cp,3.00
2026-06-24,tiktok,tiktok,impressions,"1,608,440.00"
2026-06-24,tiktok,tiktok,clicks,"14,151.00"
2026-06-24,tiktok,tiktok,qs,284.00
2026-06-24,tiktok,tiktok,cp,155.00
2026-06-25,google,search_brand,impressions,"5,820.00"
2026-06-25,google,search_brand,clicks,"2,728.00"
2026-06-25,google,search_brand,qs,765.52
2026-06-25,google,search_brand,cp,165.27
2026-06-25,google,search_nb,impressions,"111,595.00"
2026-06-25,google,search_nb,clicks,"4,207.00"
2026-06-25,google,search_nb,qs,"1,250.44"
2026-06-25,google,search_nb,cp,220.93
2026-06-25,google,search_pmax,impressions,"489,400.00"
2026-06-25,google,search_pmax,clicks,"3,824.00"
2026-06-25,google,search_pmax,qs,0.00
2026-06-25,google,search_pmax,cp,103.37
2026-06-25,google,search_shopping,impressions,"43,697.00"
2026-06-25,google,search_shopping,clicks,397.00
2026-06-25,google,search_shopping,qs,57.00
2026-06-25,google,search_shopping,cp,9.93
2026-06-25,google,youtube,impressions,"1,129,601.00"
2026-06-25,google,youtube,clicks,"3,819.00"
2026-06-25,google,youtube,qs,284.24
2026-06-25,google,youtube,cp,57.24
2026-06-25,meta,meta_bof,impressions,"3,150,691.00"
2026-06-25,meta,meta_bof,clicks,"13,995.00"
2026-06-25,meta,meta_bof,qs,359.00
2026-06-25,meta,meta_bof,cp,417.00
2026-06-25,meta,meta_mof,impressions,"1,457,311.00"
2026-06-25,meta,meta_mof,clicks,"13,960.00"
2026-06-25,meta,meta_mof,qs,472.00
2026-06-25,meta,meta_mof,cp,86.00
2026-06-25,meta,meta_tof,impressions,"488,259.00"
2026-06-25,meta,meta_tof,clicks,"6,791.00"
2026-06-25,meta,meta_tof,qs,319.00
2026-06-25,meta,meta_tof,cp,42.00
2026-06-25,reddit,reddit,impressions,"59,242.00"
2026-06-25,reddit,reddit,clicks,165.00
2026-06-25,reddit,reddit,qs,4.00
2026-06-25,reddit,reddit,cp,3.00
2026-06-25,tiktok,tiktok,impressions,"1,116,597.00"
2026-06-25,tiktok,tiktok,clicks,"10,292.00"
2026-06-25,tiktok,tiktok,qs,99.00
2026-06-25,tiktok,tiktok,cp,170.00
2026-06-26,google,search_brand,impressions,"6,443.00"
2026-06-26,google,search_brand,clicks,"2,535.00"
2026-06-26,google,search_brand,qs,743.48
2026-06-26,google,search_brand,cp,244.70
2026-06-26,google,search_nb,impressions,"104,466.00"
2026-06-26,google,search_nb,clicks,"3,774.00"
2026-06-26,google,search_nb,qs,"1,164.93"
2026-06-26,google,search_nb,cp,201.02
2026-06-26,google,search_pmax,impressions,"451,641.00"
2026-06-26,google,search_pmax,clicks,"3,468.00"
2026-06-26,google,search_pmax,qs,0.00
2026-06-26,google,search_pmax,cp,100.82
2026-06-26,google,search_shopping,impressions,"50,069.00"
2026-06-26,google,search_shopping,clicks,458.00
2026-06-26,google,search_shopping,qs,65.26
2026-06-26,google,search_shopping,cp,4.00
2026-06-26,google,youtube,impressions,"1,447,101.00"
2026-06-26,google,youtube,clicks,"4,371.00"
2026-06-26,google,youtube,qs,411.53
2026-06-26,google,youtube,cp,62.20
2026-06-26,meta,meta_bof,impressions,"2,929,381.00"
2026-06-26,meta,meta_bof,clicks,"12,401.00"
2026-06-26,meta,meta_bof,qs,428.00
2026-06-26,meta,meta_bof,cp,548.00
2026-06-26,meta,meta_mof,impressions,"1,305,221.00"
2026-06-26,meta,meta_mof,clicks,"14,120.00"
2026-06-26,meta,meta_mof,qs,189.00
2026-06-26,meta,meta_mof,cp,120.00
2026-06-26,meta,meta_tof,impressions,"284,245.00"
2026-06-26,meta,meta_tof,clicks,"4,169.00"
2026-06-26,meta,meta_tof,qs,82.00
2026-06-26,meta,meta_tof,cp,44.00
2026-06-26,reddit,reddit,impressions,"45,207.00"
2026-06-26,reddit,reddit,clicks,108.00
2026-06-26,reddit,reddit,qs,6.00
2026-06-26,reddit,reddit,cp,11.00
2026-06-26,tiktok,tiktok,impressions,"1,460,655.00"
2026-06-26,tiktok,tiktok,clicks,"10,574.00"
2026-06-26,tiktok,tiktok,qs,92.00
2026-06-26,tiktok,tiktok,cp,249.00
2026-06-27,google,search_brand,impressions,"6,382.00"
2026-06-27,google,search_brand,clicks,"2,390.00"
2026-06-27,google,search_brand,qs,674.38
2026-06-27,google,search_brand,cp,190.19
2026-06-27,google,search_nb,impressions,"128,168.00"
2026-06-27,google,search_nb,clicks,"3,966.00"
2026-06-27,google,search_nb,qs,"1,083.69"
2026-06-27,google,search_nb,cp,182.79
2026-06-27,google,search_pmax,impressions,"446,582.00"
2026-06-27,google,search_pmax,clicks,"3,302.00"
2026-06-27,google,search_pmax,qs,0.00
2026-06-27,google,search_pmax,cp,90.57
2026-06-27,google,search_shopping,impressions,"53,464.00"
2026-06-27,google,search_shopping,clicks,452.00
2026-06-27,google,search_shopping,qs,74.61
2026-06-27,google,search_shopping,cp,16.33
2026-06-27,google,youtube,impressions,"1,892,810.00"
2026-06-27,google,youtube,clicks,"5,768.00"
2026-06-27,google,youtube,qs,397.92
2026-06-27,google,youtube,cp,46.51
2026-06-27,meta,meta_bof,impressions,"3,132,767.00"
2026-06-27,meta,meta_bof,clicks,"13,180.00"
2026-06-27,meta,meta_bof,qs,328.00
2026-06-27,meta,meta_bof,cp,455.00
2026-06-27,meta,meta_mof,impressions,"1,515,272.00"
2026-06-27,meta,meta_mof,clicks,"12,795.00"
2026-06-27,meta,meta_mof,qs,163.00
2026-06-27,meta,meta_mof,cp,88.00
2026-06-27,meta,meta_tof,impressions,"338,240.00"
2026-06-27,meta,meta_tof,clicks,"4,368.00"
2026-06-27,meta,meta_tof,qs,58.00
2026-06-27,meta,meta_tof,cp,28.00
2026-06-27,reddit,reddit,impressions,"62,483.00"
2026-06-27,reddit,reddit,clicks,165.00
2026-06-27,reddit,reddit,qs,14.00
2026-06-27,reddit,reddit,cp,3.00
2026-06-27,tiktok,tiktok,impressions,"1,542,593.00"
2026-06-27,tiktok,tiktok,clicks,"10,546.00"
2026-06-27,tiktok,tiktok,qs,81.00
2026-06-27,tiktok,tiktok,cp,172.00
2026-06-28,google,search_brand,impressions,"6,068.00"
2026-06-28,google,search_brand,clicks,"2,310.00"
2026-06-28,google,search_brand,qs,664.36
2026-06-28,google,search_brand,cp,169.94
2026-06-28,google,search_nb,impressions,"115,064.00"
2026-06-28,google,search_nb,clicks,"4,235.00"
2026-06-28,google,search_nb,qs,"1,256.86"
2026-06-28,google,search_nb,cp,184.28
2026-06-28,google,search_pmax,impressions,"561,687.00"
2026-06-28,google,search_pmax,clicks,"4,277.00"
2026-06-28,google,search_pmax,qs,0.00
2026-06-28,google,search_pmax,cp,85.55
2026-06-28,google,search_shopping,impressions,"47,520.00"
2026-06-28,google,search_shopping,clicks,445.00
2026-06-28,google,search_shopping,qs,59.84
2026-06-28,google,search_shopping,cp,4.76
2026-06-28,google,youtube,impressions,"1,990,158.00"
2026-06-28,google,youtube,clicks,"5,946.00"
2026-06-28,google,youtube,qs,494.33
2026-06-28,google,youtube,cp,51.31
2026-06-28,meta,meta_bof,impressions,"3,337,659.00"
2026-06-28,meta,meta_bof,clicks,"13,410.00"
2026-06-28,meta,meta_bof,qs,282.00
2026-06-28,meta,meta_bof,cp,387.00
2026-06-28,meta,meta_mof,impressions,"1,476,675.00"
2026-06-28,meta,meta_mof,clicks,"9,036.00"
2026-06-28,meta,meta_mof,qs,158.00
2026-06-28,meta,meta_mof,cp,98.00
2026-06-28,meta,meta_tof,impressions,"343,862.00"
2026-06-28,meta,meta_tof,clicks,"4,078.00"
2026-06-28,meta,meta_tof,qs,56.00
2026-06-28,meta,meta_tof,cp,38.00
2026-06-28,reddit,reddit,impressions,"73,406.00"
2026-06-28,reddit,reddit,clicks,225.00
2026-06-28,reddit,reddit,qs,16.00
2026-06-28,reddit,reddit,cp,1.00
2026-06-28,tiktok,tiktok,impressions,"1,622,128.00"
2026-06-28,tiktok,tiktok,clicks,"10,834.00"
2026-06-28,tiktok,tiktok,qs,115.00
2026-06-28,tiktok,tiktok,cp,174.00
2026-06-29,google,search_brand,impressions,"5,954.00"
2026-06-29,google,search_brand,clicks,"3,124.00"
2026-06-29,google,search_brand,qs,892.21
2026-06-29,google,search_brand,cp,244.77
2026-06-29,google,search_nb,impressions,"121,259.00"
2026-06-29,google,search_nb,clicks,"4,074.00"
2026-06-29,google,search_nb,qs,"1,151.83"
2026-06-29,google,search_nb,cp,208.26
2026-06-29,google,search_pmax,impressions,"487,942.00"
2026-06-29,google,search_pmax,clicks,"3,643.00"
2026-06-29,google,search_pmax,qs,0.00
2026-06-29,google,search_pmax,cp,90.03
2026-06-29,google,search_shopping,impressions,"48,269.00"
2026-06-29,google,search_shopping,clicks,434.00
2026-06-29,google,search_shopping,qs,50.96
2026-06-29,google,search_shopping,cp,3.70
2026-06-29,google,youtube,impressions,"1,913,317.00"
2026-06-29,google,youtube,clicks,"5,470.00"
2026-06-29,google,youtube,qs,505.56
2026-06-29,google,youtube,cp,73.89
2026-06-29,meta,meta_bof,impressions,"3,666,792.00"
2026-06-29,meta,meta_bof,clicks,"13,343.00"
2026-06-29,meta,meta_bof,qs,997.00
2026-06-29,meta,meta_bof,cp,420.00
2026-06-29,meta,meta_mof,impressions,"2,634,765.00"
2026-06-29,meta,meta_mof,clicks,"15,284.00"
2026-06-29,meta,meta_mof,qs,"1,508.00"
2026-06-29,meta,meta_mof,cp,111.00
2026-06-29,meta,meta_tof,impressions,"577,187.00"
2026-06-29,meta,meta_tof,clicks,"5,667.00"
2026-06-29,meta,meta_tof,qs,601.00
2026-06-29,meta,meta_tof,cp,41.00
2026-06-29,reddit,reddit,impressions,"85,682.00"
2026-06-29,reddit,reddit,clicks,181.00
2026-06-29,reddit,reddit,qs,16.00
2026-06-29,reddit,reddit,cp,17.00
2026-06-29,tiktok,tiktok,impressions,"1,680,972.00"
2026-06-29,tiktok,tiktok,clicks,"12,990.00"
2026-06-29,tiktok,tiktok,qs,119.00
2026-06-29,tiktok,tiktok,cp,234.00
2026-06-30,google,search_brand,impressions,"6,455.00"
2026-06-30,google,search_brand,clicks,"3,133.00"
2026-06-30,google,search_brand,qs,899.09
2026-06-30,google,search_brand,cp,279.84
2026-06-30,google,search_nb,impressions,"127,153.00"
2026-06-30,google,search_nb,clicks,"3,897.00"
2026-06-30,google,search_nb,qs,"1,018.51"
2026-06-30,google,search_nb,cp,152.46
2026-06-30,google,search_pmax,impressions,"352,317.00"
2026-06-30,google,search_pmax,clicks,"1,901.00"
2026-06-30,google,search_pmax,qs,0.00
2026-06-30,google,search_pmax,cp,52.46
2026-06-30,google,search_shopping,impressions,"31,114.00"
2026-06-30,google,search_shopping,clicks,239.00
2026-06-30,google,search_shopping,qs,27.85
2026-06-30,google,search_shopping,cp,5.40
2026-06-30,google,youtube,impressions,"2,106,713.00"
2026-06-30,google,youtube,clicks,"6,876.00"
2026-06-30,google,youtube,qs,400.07
2026-06-30,google,youtube,cp,52.61
2026-06-30,meta,meta_bof,impressions,"4,230,189.00"
2026-06-30,meta,meta_bof,clicks,"16,845.00"
2026-06-30,meta,meta_bof,qs,"1,153.00"
2026-06-30,meta,meta_bof,cp,587.00
2026-06-30,meta,meta_mof,impressions,"3,256,398.00"
2026-06-30,meta,meta_mof,clicks,"21,196.00"
2026-06-30,meta,meta_mof,qs,"2,291.00"
2026-06-30,meta,meta_mof,cp,179.00
2026-06-30,meta,meta_tof,impressions,"775,332.00"
2026-06-30,meta,meta_tof,clicks,"7,216.00"
2026-06-30,meta,meta_tof,qs,859.00
2026-06-30,meta,meta_tof,cp,57.00
2026-06-30,reddit,reddit,impressions,"89,392.00"
2026-06-30,reddit,reddit,clicks,193.00
2026-06-30,reddit,reddit,qs,20.00
2026-06-30,reddit,reddit,cp,11.00
2026-06-30,tiktok,tiktok,impressions,"1,489,990.00"
2026-06-30,tiktok,tiktok,clicks,"10,158.00"
2026-06-30,tiktok,tiktok,qs,115.00
2026-06-30,tiktok,tiktok,cp,232.00
2026-07-01,google,search_brand,impressions,"7,308.00"
2026-07-01,google,search_brand,clicks,"3,249.00"
2026-07-01,google,search_brand,qs,891.65
2026-07-01,google,search_brand,cp,235.29
2026-07-01,google,search_nb,impressions,"123,570.00"
2026-07-01,google,search_nb,clicks,"3,832.00"
2026-07-01,google,search_nb,qs,992.63
2026-07-01,google,search_nb,cp,172.88
2026-07-01,google,search_pmax,impressions,"371,127.00"
2026-07-01,google,search_pmax,clicks,"2,865.00"
2026-07-01,google,search_pmax,qs,0.00
2026-07-01,google,search_pmax,cp,60.53
2026-07-01,google,search_shopping,impressions,"43,825.00"
2026-07-01,google,search_shopping,clicks,423.00
2026-07-01,google,search_shopping,qs,59.11
2026-07-01,google,search_shopping,cp,12.17
2026-07-01,google,youtube,impressions,"2,704,016.00"
2026-07-01,google,youtube,clicks,"8,739.00"
2026-07-01,google,youtube,qs,408.43
2026-07-01,google,youtube,cp,68.70
2026-07-01,meta,meta_bof,impressions,"3,447,253.00"
2026-07-01,meta,meta_bof,clicks,"15,635.00"
2026-07-01,meta,meta_bof,qs,"1,441.00"
2026-07-01,meta,meta_bof,cp,618.00
2026-07-01,meta,meta_mof,impressions,"1,630,743.00"
2026-07-01,meta,meta_mof,clicks,"20,126.00"
2026-07-01,meta,meta_mof,qs,"2,309.00"
2026-07-01,meta,meta_mof,cp,85.00
2026-07-01,meta,meta_tof,impressions,"391,720.00"
2026-07-01,meta,meta_tof,clicks,"5,944.00"
2026-07-01,meta,meta_tof,qs,864.00
2026-07-01,meta,meta_tof,cp,27.00
2026-07-01,reddit,reddit,impressions,"107,540.00"
2026-07-01,reddit,reddit,clicks,186.00
2026-07-01,reddit,reddit,qs,17.00
2026-07-01,reddit,reddit,cp,12.00
2026-07-01,tiktok,tiktok,impressions,"1,769,678.00"
2026-07-01,tiktok,tiktok,clicks,"14,281.00"
2026-07-01,tiktok,tiktok,qs,85.00
2026-07-01,tiktok,tiktok,cp,210.00
2026-07-02,google,search_brand,impressions,"7,433.00"
2026-07-02,google,search_brand,clicks,"2,757.00"
2026-07-02,google,search_brand,qs,712.76
2026-07-02,google,search_brand,cp,187.22
2026-07-02,google,search_nb,impressions,"136,407.00"
2026-07-02,google,search_nb,clicks,"4,040.00"
2026-07-02,google,search_nb,qs,"1,106.46"
2026-07-02,google,search_nb,cp,189.41
2026-07-02,google,search_pmax,impressions,"406,647.00"
2026-07-02,google,search_pmax,clicks,"2,878.00"
2026-07-02,google,search_pmax,qs,0.00
2026-07-02,google,search_pmax,cp,61.19
2026-07-02,google,search_shopping,impressions,"53,137.00"
2026-07-02,google,search_shopping,clicks,493.00
2026-07-02,google,search_shopping,qs,74.40
2026-07-02,google,search_shopping,cp,9.34
2026-07-02,google,youtube,impressions,"3,614,933.00"
2026-07-02,google,youtube,clicks,"10,253.00"
2026-07-02,google,youtube,qs,453.71
2026-07-02,google,youtube,cp,69.72
2026-07-02,meta,meta_bof,impressions,"3,497,735.00"
2026-07-02,meta,meta_bof,clicks,"13,819.00"
2026-07-02,meta,meta_bof,qs,945.00
2026-07-02,meta,meta_bof,cp,510.00
2026-07-02,meta,meta_mof,impressions,"1,470,995.00"
2026-07-02,meta,meta_mof,clicks,"19,502.00"
2026-07-02,meta,meta_mof,qs,"1,913.00"
2026-07-02,meta,meta_mof,cp,58.00
2026-07-02,meta,meta_tof,impressions,"377,646.00"
2026-07-02,meta,meta_tof,clicks,"5,720.00"
2026-07-02,meta,meta_tof,qs,774.00
2026-07-02,meta,meta_tof,cp,32.00
2026-07-02,reddit,reddit,impressions,"83,927.00"
2026-07-02,reddit,reddit,clicks,211.00
2026-07-02,reddit,reddit,qs,5.00
2026-07-02,reddit,reddit,cp,7.00
2026-07-02,tiktok,tiktok,impressions,"1,452,704.00"
2026-07-02,tiktok,tiktok,clicks,"11,605.00"
2026-07-02,tiktok,tiktok,qs,76.00
2026-07-02,tiktok,tiktok,cp,156.00
2026-07-03,google,search_brand,impressions,"6,697.00"
2026-07-03,google,search_brand,clicks,"2,439.00"
2026-07-03,google,search_brand,qs,652.12
2026-07-03,google,search_brand,cp,184.50
2026-07-03,google,search_nb,impressions,"125,888.00"
2026-07-03,google,search_nb,clicks,"3,672.00"
2026-07-03,google,search_nb,qs,958.93
2026-07-03,google,search_nb,cp,169.15
2026-07-03,google,search_pmax,impressions,"377,855.00"
2026-07-03,google,search_pmax,clicks,"2,841.00"
2026-07-03,google,search_pmax,qs,0.00
2026-07-03,google,search_pmax,cp,55.21
2026-07-03,google,search_shopping,impressions,"45,302.00"
2026-07-03,google,search_shopping,clicks,394.00
2026-07-03,google,search_shopping,qs,70.80
2026-07-03,google,search_shopping,cp,2.41
2026-07-03,google,youtube,impressions,"4,204,145.00"
2026-07-03,google,youtube,clicks,"12,124.00"
2026-07-03,google,youtube,qs,461.88
2026-07-03,google,youtube,cp,52.66
2026-07-03,meta,meta_bof,impressions,"4,052,840.00"
2026-07-03,meta,meta_bof,clicks,"16,995.00"
2026-07-03,meta,meta_bof,qs,989.00
2026-07-03,meta,meta_bof,cp,451.00
2026-07-03,meta,meta_mof,impressions,"1,385,670.00"
2026-07-03,meta,meta_mof,clicks,"16,118.00"
2026-07-03,meta,meta_mof,qs,"1,690.00"
2026-07-03,meta,meta_mof,cp,49.00
2026-07-03,meta,meta_tof,impressions,"465,742.00"
2026-07-03,meta,meta_tof,clicks,"6,126.00"
2026-07-03,meta,meta_tof,qs,835.00
2026-07-03,meta,meta_tof,cp,37.00
2026-07-03,reddit,reddit,impressions,"200,701.00"
2026-07-03,reddit,reddit,clicks,564.00
2026-07-03,reddit,reddit,qs,12.00
2026-07-03,reddit,reddit,cp,9.00
2026-07-03,tiktok,tiktok,impressions,"1,528,475.00"
2026-07-03,tiktok,tiktok,clicks,"10,725.00"
2026-07-03,tiktok,tiktok,qs,69.00
2026-07-03,tiktok,tiktok,cp,163.00
2026-07-04,google,search_brand,impressions,"6,957.00"
2026-07-04,google,search_brand,clicks,"2,472.00"
2026-07-04,google,search_brand,qs,680.73
2026-07-04,google,search_brand,cp,163.46
2026-07-04,google,search_nb,impressions,"154,978.00"
2026-07-04,google,search_nb,clicks,"4,728.00"
2026-07-04,google,search_nb,qs,"1,233.71"
2026-07-04,google,search_nb,cp,159.05
2026-07-04,google,search_pmax,impressions,"368,346.00"
2026-07-04,google,search_pmax,clicks,"2,736.00"
2026-07-04,google,search_pmax,qs,0.00
2026-07-04,google,search_pmax,cp,43.45
2026-07-04,google,search_shopping,impressions,"43,215.00"
2026-07-04,google,search_shopping,clicks,382.00
2026-07-04,google,search_shopping,qs,37.32
2026-07-04,google,search_shopping,cp,3.39
2026-07-04,google,youtube,impressions,"4,590,687.00"
2026-07-04,google,youtube,clicks,"14,924.00"
2026-07-04,google,youtube,qs,481.71
2026-07-04,google,youtube,cp,68.49
2026-07-04,meta,meta_bof,impressions,"3,549,068.00"
2026-07-04,meta,meta_bof,clicks,"17,582.00"
2026-07-04,meta,meta_bof,qs,"1,110.00"
2026-07-04,meta,meta_bof,cp,284.00
2026-07-04,meta,meta_mof,impressions,"1,475,061.00"
2026-07-04,meta,meta_mof,clicks,"16,923.00"
2026-07-04,meta,meta_mof,qs,"1,749.00"
2026-07-04,meta,meta_mof,cp,59.00
2026-07-04,meta,meta_tof,impressions,"452,380.00"
2026-07-04,meta,meta_tof,clicks,"5,352.00"
2026-07-04,meta,meta_tof,qs,741.00
2026-07-04,meta,meta_tof,cp,19.00
2026-07-04,reddit,reddit,impressions,"222,724.00"
2026-07-04,reddit,reddit,clicks,645.00
2026-07-04,reddit,reddit,qs,15.00
2026-07-04,reddit,reddit,cp,7.00
2026-07-04,tiktok,tiktok,impressions,"1,246,438.00"
2026-07-04,tiktok,tiktok,clicks,"10,056.00"
2026-07-04,tiktok,tiktok,qs,54.00
2026-07-04,tiktok,tiktok,cp,118.00
2026-07-05,google,search_brand,impressions,"6,680.00"
2026-07-05,google,search_brand,clicks,"3,076.00"
2026-07-05,google,search_brand,qs,894.56
2026-07-05,google,search_brand,cp,188.81
2026-07-05,google,search_nb,impressions,"134,206.00"
2026-07-05,google,search_nb,clicks,"4,379.00"
2026-07-05,google,search_nb,qs,"1,169.35"
2026-07-05,google,search_nb,cp,171.33
2026-07-05,google,search_pmax,impressions,"462,251.00"
2026-07-05,google,search_pmax,clicks,"3,415.00"
2026-07-05,google,search_pmax,qs,0.00
2026-07-05,google,search_pmax,cp,53.42
2026-07-05,google,search_shopping,impressions,"40,536.00"
2026-07-05,google,search_shopping,clicks,380.00
2026-07-05,google,search_shopping,qs,59.22
2026-07-05,google,search_shopping,cp,5.48
2026-07-05,google,youtube,impressions,"4,296,115.00"
2026-07-05,google,youtube,clicks,"14,250.00"
2026-07-05,google,youtube,qs,543.11
2026-07-05,google,youtube,cp,88.54
2026-07-05,meta,meta_bof,impressions,"4,974,058.00"
2026-07-05,meta,meta_bof,clicks,"21,760.00"
2026-07-05,meta,meta_bof,qs,"1,355.00"
2026-07-05,meta,meta_bof,cp,455.00
2026-07-05,meta,meta_mof,impressions,"2,032,851.00"
2026-07-05,meta,meta_mof,clicks,"21,328.00"
2026-07-05,meta,meta_mof,qs,"2,033.00"
2026-07-05,meta,meta_mof,cp,83.00
2026-07-05,meta,meta_tof,impressions,"780,766.00"
2026-07-05,meta,meta_tof,clicks,"7,155.00"
2026-07-05,meta,meta_tof,qs,868.00
2026-07-05,meta,meta_tof,cp,18.00
2026-07-05,reddit,reddit,impressions,"261,784.00"
2026-07-05,reddit,reddit,clicks,751.00
2026-07-05,reddit,reddit,qs,23.00
2026-07-05,reddit,reddit,cp,6.00
2026-07-05,tiktok,tiktok,impressions,"2,081,974.00"
2026-07-05,tiktok,tiktok,clicks,"12,106.00"
2026-07-05,tiktok,tiktok,qs,95.00
2026-07-05,tiktok,tiktok,cp,165.00
2026-07-06,google,search_brand,impressions,"8,016.00"
2026-07-06,google,search_brand,clicks,"3,607.00"
2026-07-06,google,search_brand,qs,"1,014.18"
2026-07-06,google,search_brand,cp,214.19
2026-07-06,google,search_nb,impressions,"233,650.00"
2026-07-06,google,search_nb,clicks,"8,773.00"
2026-07-06,google,search_nb,qs,"1,989.66"
2026-07-06,google,search_nb,cp,314.23
2026-07-06,google,search_pmax,impressions,"778,146.00"
2026-07-06,google,search_pmax,clicks,"4,139.00"
2026-07-06,google,search_pmax,qs,0.00
2026-07-06,google,search_pmax,cp,79.99
2026-07-06,google,search_shopping,impressions,"38,673.00"
2026-07-06,google,search_shopping,clicks,367.00
2026-07-06,google,search_shopping,qs,53.96
2026-07-06,google,search_shopping,cp,8.06
2026-07-06,google,youtube,impressions,"3,704,227.00"
2026-07-06,google,youtube,clicks,"11,647.00"
2026-07-06,google,youtube,qs,524.05
2026-07-06,google,youtube,cp,68.50
2026-07-06,meta,meta_bof,impressions,"4,648,039.00"
2026-07-06,meta,meta_bof,clicks,"22,123.00"
2026-07-06,meta,meta_bof,qs,"1,412.00"
2026-07-06,meta,meta_bof,cp,473.00
2026-07-06,meta,meta_mof,impressions,"2,012,293.00"
2026-07-06,meta,meta_mof,clicks,"21,847.00"
2026-07-06,meta,meta_mof,qs,"1,762.00"
2026-07-06,meta,meta_mof,cp,86.00
2026-07-06,meta,meta_tof,impressions,"736,768.00"
2026-07-06,meta,meta_tof,clicks,"7,152.00"
2026-07-06,meta,meta_tof,qs,779.00
2026-07-06,meta,meta_tof,cp,22.00
2026-07-06,reddit,reddit,impressions,"319,084.00"
2026-07-06,reddit,reddit,clicks,714.00
2026-07-06,reddit,reddit,qs,33.00
2026-07-06,reddit,reddit,cp,16.00
2026-07-06,tiktok,tiktok,impressions,"1,940,038.00"
2026-07-06,tiktok,tiktok,clicks,"12,838.00"
2026-07-06,tiktok,tiktok,qs,82.00
2026-07-06,tiktok,tiktok,cp,168.00
2026-07-07,google,search_brand,impressions,"8,609.00"
2026-07-07,google,search_brand,clicks,"3,141.00"
2026-07-07,google,search_brand,qs,907.95
2026-07-07,google,search_brand,cp,174.95
2026-07-07,google,search_nb,impressions,"204,064.00"
2026-07-07,google,search_nb,clicks,"7,687.00"
2026-07-07,google,search_nb,qs,"1,968.59"
2026-07-07,google,search_nb,cp,277.48
2026-07-07,google,search_pmax,impressions,"442,691.00"
2026-07-07,google,search_pmax,clicks,"3,129.00"
2026-07-07,google,search_pmax,qs,0.00
2026-07-07,google,search_pmax,cp,68.91
2026-07-07,google,search_shopping,impressions,"41,494.00"
2026-07-07,google,search_shopping,clicks,386.00
2026-07-07,google,search_shopping,qs,56.65
2026-07-07,google,search_shopping,cp,3.98
2026-07-07,google,youtube,impressions,"3,218,665.00"
2026-07-07,google,youtube,clicks,"10,033.00"
2026-07-07,google,youtube,qs,423.08
2026-07-07,google,youtube,cp,62.25
2026-07-07,meta,meta_bof,impressions,"4,757,846.00"
2026-07-07,meta,meta_bof,clicks,"24,635.00"
2026-07-07,meta,meta_bof,qs,"1,492.00"
2026-07-07,meta,meta_bof,cp,502.00
2026-07-07,meta,meta_mof,impressions,"1,475,300.00"
2026-07-07,meta,meta_mof,clicks,"11,346.00"
2026-07-07,meta,meta_mof,qs,"1,210.00"
2026-07-07,meta,meta_mof,cp,40.00
2026-07-07,meta,meta_tof,impressions,"411,565.00"
2026-07-07,meta,meta_tof,clicks,"4,424.00"
2026-07-07,meta,meta_tof,qs,566.00
2026-07-07,meta,meta_tof,cp,19.00
2026-07-07,reddit,reddit,impressions,"394,919.00"
2026-07-07,reddit,reddit,clicks,710.00
2026-07-07,reddit,reddit,qs,68.00
2026-07-07,reddit,reddit,cp,22.00
2026-07-07,tiktok,tiktok,impressions,"1,816,440.00"
2026-07-07,tiktok,tiktok,clicks,"13,163.00"
2026-07-07,tiktok,tiktok,qs,37.00
2026-07-07,tiktok,tiktok,cp,165.00
2026-07-08,google,search_brand,impressions,"6,375.00"
2026-07-08,google,search_brand,clicks,"2,705.00"
2026-07-08,google,search_brand,qs,822.36
2026-07-08,google,search_brand,cp,178.98
2026-07-08,google,search_nb,impressions,"152,527.00"
2026-07-08,google,search_nb,clicks,"5,297.00"
2026-07-08,google,search_nb,qs,"1,421.42"
2026-07-08,google,search_nb,cp,223.16
2026-07-08,google,search_pmax,impressions,"403,396.00"
2026-07-08,google,search_pmax,clicks,"2,715.00"
2026-07-08,google,search_pmax,qs,0.00
2026-07-08,google,search_pmax,cp,53.26
2026-07-08,google,search_shopping,impressions,"37,641.00"
2026-07-08,google,search_shopping,clicks,367.00
2026-07-08,google,search_shopping,qs,66.41
2026-07-08,google,search_shopping,cp,4.39
2026-07-08,google,youtube,impressions,"3,322,282.00"
2026-07-08,google,youtube,clicks,"9,736.00"
2026-07-08,google,youtube,qs,423.86
2026-07-08,google,youtube,cp,65.78
2026-07-08,meta,meta_bof,impressions,"4,964,135.00"
2026-07-08,meta,meta_bof,clicks,"25,282.00"
2026-07-08,meta,meta_bof,qs,"1,226.00"
2026-07-08,meta,meta_bof,cp,403.00
2026-07-08,meta,meta_mof,impressions,"1,868,229.00"
2026-07-08,meta,meta_mof,clicks,"12,998.00"
2026-07-08,meta,meta_mof,qs,"1,401.00"
2026-07-08,meta,meta_mof,cp,57.00
2026-07-08,meta,meta_tof,impressions,"670,364.00"
2026-07-08,meta,meta_tof,clicks,"5,739.00"
2026-07-08,meta,meta_tof,qs,719.00
2026-07-08,meta,meta_tof,cp,16.00
2026-07-08,reddit,reddit,impressions,"686,996.00"
2026-07-08,reddit,reddit,clicks,"1,460.00"
2026-07-08,reddit,reddit,qs,64.00
2026-07-08,reddit,reddit,cp,28.00
2026-07-08,tiktok,tiktok,impressions,"1,577,118.00"
2026-07-08,tiktok,tiktok,clicks,"11,872.00"
2026-07-08,tiktok,tiktok,qs,1.00
2026-07-08,tiktok,tiktok,cp,127.00
2026-07-09,google,search_brand,impressions,"6,520.00"
2026-07-09,google,search_brand,clicks,"2,661.00"
2026-07-09,google,search_brand,qs,786.32
2026-07-09,google,search_brand,cp,149.21
2026-07-09,google,search_nb,impressions,"130,818.00"
2026-07-09,google,search_nb,clicks,"4,316.00"
2026-07-09,google,search_nb,qs,"1,027.48"
2026-07-09,google,search_nb,cp,161.25
2026-07-09,google,search_pmax,impressions,"557,011.00"
2026-07-09,google,search_pmax,clicks,"3,190.00"
2026-07-09,google,search_pmax,qs,0.00
2026-07-09,google,search_pmax,cp,60.00
2026-07-09,google,search_shopping,impressions,"37,146.00"
2026-07-09,google,search_shopping,clicks,357.00
2026-07-09,google,search_shopping,qs,65.86
2026-07-09,google,search_shopping,cp,4.79
2026-07-09,google,youtube,impressions,"3,845,570.00"
2026-07-09,google,youtube,clicks,"12,595.00"
2026-07-09,google,youtube,qs,344.64
2026-07-09,google,youtube,cp,69.44
2026-07-09,meta,meta_bof,impressions,"4,140,034.00"
2026-07-09,meta,meta_bof,clicks,"22,677.00"
2026-07-09,meta,meta_bof,qs,"1,087.00"
2026-07-09,meta,meta_bof,cp,293.00
2026-07-09,meta,meta_mof,impressions,"1,491,438.00"
2026-07-09,meta,meta_mof,clicks,"11,636.00"
2026-07-09,meta,meta_mof,qs,"1,311.00"
2026-07-09,meta,meta_mof,cp,29.00
2026-07-09,meta,meta_tof,impressions,"572,335.00"
2026-07-09,meta,meta_tof,clicks,"5,222.00"
2026-07-09,meta,meta_tof,qs,618.00
2026-07-09,meta,meta_tof,cp,11.00
2026-07-09,reddit,reddit,impressions,"474,344.00"
2026-07-09,reddit,reddit,clicks,"1,141.00"
2026-07-09,reddit,reddit,qs,44.00
2026-07-09,reddit,reddit,cp,18.00
2026-07-09,tiktok,tiktok,impressions,"1,781,437.00"
2026-07-09,tiktok,tiktok,clicks,"12,067.00"
2026-07-09,tiktok,tiktok,qs,0.00
2026-07-09,tiktok,tiktok,cp,119.00
2026-07-10,google,search_brand,impressions,"5,169.00"
2026-07-10,google,search_brand,clicks,"2,177.00"
2026-07-10,google,search_brand,qs,639.69
2026-07-10,google,search_brand,cp,138.92
2026-07-10,google,search_nb,impressions,"96,074.00"
2026-07-10,google,search_nb,clicks,"3,112.00"
2026-07-10,google,search_nb,qs,722.63
2026-07-10,google,search_nb,cp,108.81
2026-07-10,google,search_pmax,impressions,"645,375.00"
2026-07-10,google,search_pmax,clicks,"2,570.00"
2026-07-10,google,search_pmax,qs,0.00
2026-07-10,google,search_pmax,cp,64.45
2026-07-10,google,search_shopping,impressions,"35,428.00"
2026-07-10,google,search_shopping,clicks,331.00
2026-07-10,google,search_shopping,qs,55.75
2026-07-10,google,search_shopping,cp,3.14
2026-07-10,google,youtube,impressions,"4,803,319.00"
2026-07-10,google,youtube,clicks,"17,267.00"
2026-07-10,google,youtube,qs,281.81
2026-07-10,google,youtube,cp,50.26
2026-07-10,meta,meta_bof,impressions,"3,089,198.00"
2026-07-10,meta,meta_bof,clicks,"18,054.00"
2026-07-10,meta,meta_bof,qs,783.00
2026-07-10,meta,meta_bof,cp,287.00
2026-07-10,meta,meta_mof,impressions,"1,144,508.00"
2026-07-10,meta,meta_mof,clicks,"8,109.00"
2026-07-10,meta,meta_mof,qs,904.00
2026-07-10,meta,meta_mof,cp,43.00
2026-07-10,meta,meta_tof,impressions,"333,295.00"
2026-07-10,meta,meta_tof,clicks,"3,146.00"
2026-07-10,meta,meta_tof,qs,360.00
2026-07-10,meta,meta_tof,cp,8.00
2026-07-10,reddit,reddit,impressions,"291,625.00"
2026-07-10,reddit,reddit,clicks,726.00
2026-07-10,reddit,reddit,qs,30.00
2026-07-10,reddit,reddit,cp,14.00
2026-07-10,tiktok,tiktok,impressions,"1,631,282.00"
2026-07-10,tiktok,tiktok,clicks,"8,621.00"
2026-07-10,tiktok,tiktok,qs,0.00
2026-07-10,tiktok,tiktok,cp,116.00
2026-07-11,google,search_brand,impressions,"4,616.00"
2026-07-11,google,search_brand,clicks,"1,927.00"
2026-07-11,google,search_brand,qs,584.36
2026-07-11,google,search_brand,cp,110.90
2026-07-11,google,search_nb,impressions,"103,908.00"
2026-07-11,google,search_nb,clicks,"2,954.00"
2026-07-11,google,search_nb,qs,792.77
2026-07-11,google,search_nb,cp,105.09
2026-07-11,google,search_pmax,impressions,"379,262.00"
2026-07-11,google,search_pmax,clicks,"2,121.00"
2026-07-11,google,search_pmax,qs,0.00
2026-07-11,google,search_pmax,cp,41.35
2026-07-11,google,search_shopping,impressions,"34,668.00"
2026-07-11,google,search_shopping,clicks,303.00
2026-07-11,google,search_shopping,qs,52.37
2026-07-11,google,search_shopping,cp,3.79
2026-07-11,google,youtube,impressions,"5,005,980.00"
2026-07-11,google,youtube,clicks,"18,020.00"
2026-07-11,google,youtube,qs,311.33
2026-07-11,google,youtube,cp,67.93
2026-07-11,meta,meta_bof,impressions,"3,107,928.00"
2026-07-11,meta,meta_bof,clicks,"16,271.00"
2026-07-11,meta,meta_bof,qs,823.00
2026-07-11,meta,meta_bof,cp,204.00
2026-07-11,meta,meta_mof,impressions,"941,644.00"
2026-07-11,meta,meta_mof,clicks,"7,339.00"
2026-07-11,meta,meta_mof,qs,871.00
2026-07-11,meta,meta_mof,cp,23.00
2026-07-11,meta,meta_tof,impressions,"243,164.00"
2026-07-11,meta,meta_tof,clicks,"2,741.00"
2026-07-11,meta,meta_tof,qs,312.00
2026-07-11,meta,meta_tof,cp,7.00
2026-07-11,reddit,reddit,impressions,"224,079.00"
2026-07-11,reddit,reddit,clicks,572.00
2026-07-11,reddit,reddit,qs,15.00
2026-07-11,reddit,reddit,cp,17.00
2026-07-11,tiktok,tiktok,impressions,"1,168,339.00"
2026-07-11,tiktok,tiktok,clicks,"4,585.00"
2026-07-11,tiktok,tiktok,qs,0.00
2026-07-11,tiktok,tiktok,cp,58.00
2026-07-12,google,search_brand,impressions,"5,085.00"
2026-07-12,google,search_brand,clicks,"2,099.00"
2026-07-12,google,search_brand,qs,633.19
2026-07-12,google,search_brand,cp,121.22
2026-07-12,google,search_nb,impressions,"119,502.00"
2026-07-12,google,search_nb,clicks,"3,432.00"
2026-07-12,google,search_nb,qs,907.67
2026-07-12,google,search_nb,cp,121.66
2026-07-12,google,search_pmax,impressions,"397,734.00"
2026-07-12,google,search_pmax,clicks,"2,751.00"
2026-07-12,google,search_pmax,qs,0.00
2026-07-12,google,search_pmax,cp,50.80
2026-07-12,google,search_shopping,impressions,"38,804.00"
2026-07-12,google,search_shopping,clicks,365.00
2026-07-12,google,search_shopping,qs,59.93
2026-07-12,google,search_shopping,cp,4.67
2026-07-12,google,youtube,impressions,"5,382,236.00"
2026-07-12,google,youtube,clicks,"17,647.00"
2026-07-12,google,youtube,qs,492.96
2026-07-12,google,youtube,cp,65.39
2026-07-12,meta,meta_bof,impressions,"3,645,659.00"
2026-07-12,meta,meta_bof,clicks,"18,686.00"
2026-07-12,meta,meta_bof,qs,909.00
2026-07-12,meta,meta_bof,cp,245.00
2026-07-12,meta,meta_mof,impressions,"1,427,980.00"
2026-07-12,meta,meta_mof,clicks,"10,414.00"
2026-07-12,meta,meta_mof,qs,"1,085.00"
2026-07-12,meta,meta_mof,cp,28.00
2026-07-12,meta,meta_tof,impressions,"367,442.00"
2026-07-12,meta,meta_tof,clicks,"3,602.00"
2026-07-12,meta,meta_tof,qs,364.00
2026-07-12,meta,meta_tof,cp,3.00
2026-07-12,reddit,reddit,impressions,"271,610.00"
2026-07-12,reddit,reddit,clicks,629.00
2026-07-12,reddit,reddit,qs,42.00
2026-07-12,reddit,reddit,cp,12.00
2026-07-12,tiktok,tiktok,impressions,"2,999,672.00"
2026-07-12,tiktok,tiktok,clicks,"12,867.00"
2026-07-12,tiktok,tiktok,qs,0.00
2026-07-12,tiktok,tiktok,cp,91.00
2026-07-13,google,search_brand,impressions,"5,483.00"
2026-07-13,google,search_brand,clicks,"2,354.00"
2026-07-13,google,search_brand,qs,697.78
2026-07-13,google,search_brand,cp,162.40
2026-07-13,google,search_nb,impressions,"106,097.00"
2026-07-13,google,search_nb,clicks,"3,258.00"
2026-07-13,google,search_nb,qs,863.32
2026-07-13,google,search_nb,cp,121.45
2026-07-13,google,search_pmax,impressions,"342,007.00"
2026-07-13,google,search_pmax,clicks,"2,737.00"
2026-07-13,google,search_pmax,qs,0.00
2026-07-13,google,search_pmax,cp,47.72
2026-07-13,google,search_shopping,impressions,"38,520.00"
2026-07-13,google,search_shopping,clicks,372.00
2026-07-13,google,search_shopping,qs,54.21
2026-07-13,google,search_shopping,cp,1.38
2026-07-13,google,youtube,impressions,"6,164,654.00"
2026-07-13,google,youtube,clicks,"20,345.00"
2026-07-13,google,youtube,qs,435.51
2026-07-13,google,youtube,cp,75.88
2026-07-13,meta,meta_bof,impressions,"4,029,303.00"
2026-07-13,meta,meta_bof,clicks,"18,889.00"
2026-07-13,meta,meta_bof,qs,823.00
2026-07-13,meta,meta_bof,cp,281.00
2026-07-13,meta,meta_mof,impressions,"1,139,311.00"
2026-07-13,meta,meta_mof,clicks,"7,731.00"
2026-07-13,meta,meta_mof,qs,916.00
2026-07-13,meta,meta_mof,cp,25.00
2026-07-13,meta,meta_tof,impressions,"288,987.00"
2026-07-13,meta,meta_tof,clicks,"2,491.00"
2026-07-13,meta,meta_tof,qs,308.00
2026-07-13,meta,meta_tof,cp,6.00
2026-07-13,reddit,reddit,impressions,"218,586.00"
2026-07-13,reddit,reddit,clicks,489.00
2026-07-13,reddit,reddit,qs,40.00
2026-07-13,reddit,reddit,cp,12.00
2026-07-13,tiktok,tiktok,impressions,"2,281,175.00"
2026-07-13,tiktok,tiktok,clicks,"12,291.00"
2026-07-13,tiktok,tiktok,qs,0.00
2026-07-13,tiktok,tiktok,cp,95.00
2026-07-14,google,search_brand,impressions,"5,914.00"
2026-07-14,google,search_brand,clicks,"2,072.00"
2026-07-14,google,search_brand,qs,647.51
2026-07-14,google,search_brand,cp,130.73
2026-07-14,google,search_nb,impressions,"116,448.00"
2026-07-14,google,search_nb,clicks,"3,401.00"
2026-07-14,google,search_nb,qs,932.07
2026-07-14,google,search_nb,cp,133.64
2026-07-14,google,search_pmax,impressions,"278,614.00"
2026-07-14,google,search_pmax,clicks,"1,874.00"
2026-07-14,google,search_pmax,qs,0.00
2026-07-14,google,search_pmax,cp,39.46
2026-07-14,google,search_shopping,impressions,"31,030.00"
2026-07-14,google,search_shopping,clicks,278.00
2026-07-14,google,search_shopping,qs,32.99
2026-07-14,google,search_shopping,cp,3.02
2026-07-14,google,youtube,impressions,"10,821,224.00"
2026-07-14,google,youtube,clicks,"41,162.00"
2026-07-14,google,youtube,qs,888.48
2026-07-14,google,youtube,cp,166.57
2026-07-14,meta,meta_bof,impressions,"545,645.00"
2026-07-14,meta,meta_bof,clicks,"3,242.00"
2026-07-14,meta,meta_bof,qs,378.00
2026-07-14,meta,meta_bof,cp,189.00
2026-07-14,meta,meta_mof,impressions,"113,579.00"
2026-07-14,meta,meta_mof,clicks,971.00
2026-07-14,meta,meta_mof,qs,182.00
2026-07-14,meta,meta_mof,cp,17.00
2026-07-14,meta,meta_tof,impressions,"437,666.00"
2026-07-14,meta,meta_tof,clicks,"4,442.00"
2026-07-14,meta,meta_tof,qs,122.00
2026-07-14,meta,meta_tof,cp,28.00
2026-07-14,reddit,reddit,impressions,"196,198.00"
2026-07-14,reddit,reddit,clicks,443.00
2026-07-14,reddit,reddit,qs,21.00
2026-07-14,reddit,reddit,cp,10.00
2026-07-14,tiktok,tiktok,impressions,"2,248,619.00"
2026-07-14,tiktok,tiktok,clicks,"11,692.00"
2026-07-14,tiktok,tiktok,qs,1.00
2026-07-14,tiktok,tiktok,cp,102.00
2026-07-15,google,search_brand,impressions,"5,867.00"
2026-07-15,google,search_brand,clicks,"1,933.00"
2026-07-15,google,search_brand,qs,588.91
2026-07-15,google,search_brand,cp,114.56
2026-07-15,google,search_nb,impressions,"127,154.00"
2026-07-15,google,search_nb,clicks,"3,717.00"
2026-07-15,google,search_nb,qs,995.64
2026-07-15,google,search_nb,cp,165.69
2026-07-15,google,search_pmax,impressions,"326,516.00"
2026-07-15,google,search_pmax,clicks,"2,435.00"
2026-07-15,google,search_pmax,qs,0.00
2026-07-15,google,search_pmax,cp,38.72
2026-07-15,google,search_shopping,impressions,"39,844.00"
2026-07-15,google,search_shopping,clicks,396.00
2026-07-15,google,search_shopping,qs,76.22
2026-07-15,google,search_shopping,cp,6.31
2026-07-15,google,youtube,impressions,"12,328,189.00"
2026-07-15,google,youtube,clicks,"45,837.00"
2026-07-15,google,youtube,qs,946.47
2026-07-15,google,youtube,cp,181.75
2026-07-15,meta,meta_bof,impressions,0.00
2026-07-15,meta,meta_bof,clicks,0.00
2026-07-15,meta,meta_bof,qs,48.00
2026-07-15,meta,meta_bof,cp,49.00
2026-07-15,meta,meta_mof,impressions,0.00
2026-07-15,meta,meta_mof,clicks,0.00
2026-07-15,meta,meta_mof,qs,27.00
2026-07-15,meta,meta_mof,cp,1.00
2026-07-15,meta,meta_tof,impressions,"822,564.00"
2026-07-15,meta,meta_tof,clicks,"6,671.00"
2026-07-15,meta,meta_tof,qs,6.00
2026-07-15,meta,meta_tof,cp,50.00
2026-07-15,reddit,reddit,impressions,"209,025.00"
2026-07-15,reddit,reddit,clicks,496.00
2026-07-15,reddit,reddit,qs,16.00
2026-07-15,reddit,reddit,cp,5.00
2026-07-15,tiktok,tiktok,impressions,"1,614,480.00"
2026-07-15,tiktok,tiktok,clicks,"5,431.00"
2026-07-15,tiktok,tiktok,qs,4.00
2026-07-15,tiktok,tiktok,cp,77.00
2026-07-16,google,search_brand,impressions,"6,176.00"
2026-07-16,google,search_brand,clicks,"2,101.00"
2026-07-16,google,search_brand,qs,626.78
2026-07-16,google,search_brand,cp,120.86
2026-07-16,google,search_nb,impressions,"144,913.00"
2026-07-16,google,search_nb,clicks,"4,594.00"
2026-07-16,google,search_nb,qs,"1,120.25"
2026-07-16,google,search_nb,cp,164.45
2026-07-16,google,search_pmax,impressions,"327,998.00"
2026-07-16,google,search_pmax,clicks,"2,374.00"
2026-07-16,google,search_pmax,qs,0.00
2026-07-16,google,search_pmax,cp,34.21
2026-07-16,google,search_shopping,impressions,"39,665.00"
2026-07-16,google,search_shopping,clicks,404.00
2026-07-16,google,search_shopping,qs,49.03
2026-07-16,google,search_shopping,cp,5.32
2026-07-16,google,youtube,impressions,"12,527,649.00"
2026-07-16,google,youtube,clicks,"46,007.00"
2026-07-16,google,youtube,qs,720.40
2026-07-16,google,youtube,cp,139.31
2026-07-16,meta,meta_bof,impressions,"1,833,851.00"
2026-07-16,meta,meta_bof,clicks,"8,046.00"
2026-07-16,meta,meta_bof,qs,334.00
2026-07-16,meta,meta_bof,cp,128.00
2026-07-16,meta,meta_mof,impressions,"1,234,212.00"
2026-07-16,meta,meta_mof,clicks,"6,235.00"
2026-07-16,meta,meta_mof,qs,474.00
2026-07-16,meta,meta_mof,cp,19.00
2026-07-16,meta,meta_tof,impressions,"1,574,392.00"
2026-07-16,meta,meta_tof,clicks,"11,574.00"
2026-07-16,meta,meta_tof,qs,207.00
2026-07-16,meta,meta_tof,cp,55.00
2026-07-16,reddit,reddit,impressions,"186,197.00"
2026-07-16,reddit,reddit,clicks,493.00
2026-07-16,reddit,reddit,qs,7.00
2026-07-16,reddit,reddit,cp,4.00
2026-07-16,tiktok,tiktok,impressions,"1,591,130.00"
2026-07-16,tiktok,tiktok,clicks,"9,535.00"
2026-07-16,tiktok,tiktok,qs,5.00
2026-07-16,tiktok,tiktok,cp,74.00
2026-07-17,google,search_brand,impressions,"5,298.00"
2026-07-17,google,search_brand,clicks,"1,824.00"
2026-07-17,google,search_brand,qs,557.33
2026-07-17,google,search_brand,cp,114.53
2026-07-17,google,search_nb,impressions,"122,347.00"
2026-07-17,google,search_nb,clicks,"4,132.00"
2026-07-17,google,search_nb,qs,"1,046.74"
2026-07-17,google,search_nb,cp,148.49
2026-07-17,google,search_pmax,impressions,"290,704.00"
2026-07-17,google,search_pmax,clicks,"2,211.00"
2026-07-17,google,search_pmax,qs,0.00
2026-07-17,google,search_pmax,cp,38.42
2026-07-17,google,search_shopping,impressions,"38,645.00"
2026-07-17,google,search_shopping,clicks,326.00
2026-07-17,google,search_shopping,qs,35.18
2026-07-17,google,search_shopping,cp,0.45
2026-07-17,google,youtube,impressions,"9,204,141.00"
2026-07-17,google,youtube,clicks,"34,169.00"
2026-07-17,google,youtube,qs,449.72
2026-07-17,google,youtube,cp,117.43
2026-07-17,meta,meta_bof,impressions,"1,165,535.00"
2026-07-17,meta,meta_bof,clicks,"6,639.00"
2026-07-17,meta,meta_bof,qs,167.00
2026-07-17,meta,meta_bof,cp,207.00
2026-07-17,meta,meta_mof,impressions,"175,841.00"
2026-07-17,meta,meta_mof,clicks,969.00
2026-07-17,meta,meta_mof,qs,175.00
2026-07-17,meta,meta_mof,cp,21.00
2026-07-17,meta,meta_tof,impressions,"1,057,899.00"
2026-07-17,meta,meta_tof,clicks,"7,682.00"
2026-07-17,meta,meta_tof,qs,112.00
2026-07-17,meta,meta_tof,cp,32.00
2026-07-17,reddit,reddit,impressions,"242,344.00"
2026-07-17,reddit,reddit,clicks,661.00
2026-07-17,reddit,reddit,qs,6.00
2026-07-17,reddit,reddit,cp,5.00
2026-07-17,tiktok,tiktok,impressions,"2,125,404.00"
2026-07-17,tiktok,tiktok,clicks,"7,032.00"
2026-07-17,tiktok,tiktok,qs,13.00
2026-07-17,tiktok,tiktok,cp,73.00
2026-07-18,google,search_brand,impressions,"4,976.00"
2026-07-18,google,search_brand,clicks,"1,711.00"
2026-07-18,google,search_brand,qs,586.31
2026-07-18,google,search_brand,cp,98.60
2026-07-18,google,search_nb,impressions,"116,038.00"
2026-07-18,google,search_nb,clicks,"4,009.00"
2026-07-18,google,search_nb,qs,"1,033.55"
2026-07-18,google,search_nb,cp,139.15
2026-07-18,google,search_pmax,impressions,"499,442.00"
2026-07-18,google,search_pmax,clicks,"2,436.00"
2026-07-18,google,search_pmax,qs,0.00
2026-07-18,google,search_pmax,cp,31.19
2026-07-18,google,search_shopping,impressions,"38,658.00"
2026-07-18,google,search_shopping,clicks,331.00
2026-07-18,google,search_shopping,qs,52.01
2026-07-18,google,search_shopping,cp,4.59
2026-07-18,google,youtube,impressions,"7,369,530.00"
2026-07-18,google,youtube,clicks,"28,851.00"
2026-07-18,google,youtube,qs,384.35
2026-07-18,google,youtube,cp,64.97
2026-07-18,meta,meta_bof,impressions,"1,411,595.00"
2026-07-18,meta,meta_bof,clicks,"7,563.00"
2026-07-18,meta,meta_bof,qs,30.00
2026-07-18,meta,meta_bof,cp,145.00
2026-07-18,meta,meta_mof,impressions,0.00
2026-07-18,meta,meta_mof,clicks,0.00
2026-07-18,meta,meta_mof,qs,15.00
2026-07-18,meta,meta_mof,cp,4.00
2026-07-18,meta,meta_tof,impressions,"860,302.00"
2026-07-18,meta,meta_tof,clicks,"6,538.00"
2026-07-18,meta,meta_tof,qs,4.00
2026-07-18,meta,meta_tof,cp,32.00
2026-07-18,reddit,reddit,impressions,"224,723.00"
2026-07-18,reddit,reddit,clicks,598.00
2026-07-18,reddit,reddit,qs,4.00
2026-07-18,reddit,reddit,cp,5.00
2026-07-18,tiktok,tiktok,impressions,"1,150,560.00"
2026-07-18,tiktok,tiktok,clicks,"3,332.00"
2026-07-18,tiktok,tiktok,qs,8.00
2026-07-18,tiktok,tiktok,cp,45.00
2026-07-19,google,search_brand,impressions,"5,388.00"
2026-07-19,google,search_brand,clicks,"1,821.00"
2026-07-19,google,search_brand,qs,607.44
2026-07-19,google,search_brand,cp,94.86
2026-07-19,google,search_nb,impressions,"111,569.00"
2026-07-19,google,search_nb,clicks,"3,846.00"
2026-07-19,google,search_nb,qs,984.47
2026-07-19,google,search_nb,cp,128.47
2026-07-19,google,search_pmax,impressions,"662,521.00"
2026-07-19,google,search_pmax,clicks,"3,067.00"
2026-07-19,google,search_pmax,qs,0.00
2026-07-19,google,search_pmax,cp,38.00
2026-07-19,google,search_shopping,impressions,"41,381.00"
2026-07-19,google,search_shopping,clicks,380.00
2026-07-19,google,search_shopping,qs,61.70
2026-07-19,google,search_shopping,cp,3.49
2026-07-19,google,youtube,impressions,"5,907,317.00"
2026-07-19,google,youtube,clicks,"21,645.00"
2026-07-19,google,youtube,qs,381.33
2026-07-19,google,youtube,cp,33.13
2026-07-19,meta,meta_bof,impressions,"1,809,268.00"
2026-07-19,meta,meta_bof,clicks,"7,991.00"
2026-07-19,meta,meta_bof,qs,15.00
2026-07-19,meta,meta_bof,cp,154.00
2026-07-19,meta,meta_mof,impressions,0.00
2026-07-19,meta,meta_mof,clicks,0.00
2026-07-19,meta,meta_mof,qs,7.00
2026-07-19,meta,meta_mof,cp,0.00
2026-07-19,meta,meta_tof,impressions,"1,084,181.00"
2026-07-19,meta,meta_tof,clicks,"6,678.00"
2026-07-19,meta,meta_tof,qs,3.00
2026-07-19,meta,meta_tof,cp,25.00
2026-07-19,reddit,reddit,impressions,"426,058.00"
2026-07-19,reddit,reddit,clicks,862.00
2026-07-19,reddit,reddit,qs,22.00
2026-07-19,reddit,reddit,cp,9.00
2026-07-19,tiktok,tiktok,impressions,"1,822,111.00"
2026-07-19,tiktok,tiktok,clicks,"4,885.00"
2026-07-19,tiktok,tiktok,qs,10.00
2026-07-19,tiktok,tiktok,cp,70.00
2026-07-20,google,search_brand,impressions,"5,635.00"
2026-07-20,google,search_brand,clicks,"1,849.00"
2026-07-20,google,search_brand,qs,574.38
2026-07-20,google,search_brand,cp,94.57
2026-07-20,google,search_nb,impressions,"113,808.00"
2026-07-20,google,search_nb,clicks,"3,881.00"
2026-07-20,google,search_nb,qs,"1,005.29"
2026-07-20,google,search_nb,cp,151.95
2026-07-20,google,search_pmax,impressions,"1,057,843.00"
2026-07-20,google,search_pmax,clicks,"3,125.00"
2026-07-20,google,search_pmax,qs,0.00
2026-07-20,google,search_pmax,cp,52.94
2026-07-20,google,search_shopping,impressions,"38,878.00"
2026-07-20,google,search_shopping,clicks,358.00
2026-07-20,google,search_shopping,qs,53.44
2026-07-20,google,search_shopping,cp,7.56
2026-07-20,google,youtube,impressions,"6,907,938.00"
2026-07-20,google,youtube,clicks,"25,696.00"
2026-07-20,google,youtube,qs,469.60
2026-07-20,google,youtube,cp,52.69
2026-07-20,meta,meta_bof,impressions,"2,258,637.00"
2026-07-20,meta,meta_bof,clicks,"8,056.00"
2026-07-20,meta,meta_bof,qs,14.00
2026-07-20,meta,meta_bof,cp,219.00
2026-07-20,meta,meta_mof,impressions,0.00
2026-07-20,meta,meta_mof,clicks,0.00
2026-07-20,meta,meta_mof,qs,4.00
2026-07-20,meta,meta_mof,cp,0.00
2026-07-20,meta,meta_tof,impressions,"1,061,241.00"
2026-07-20,meta,meta_tof,clicks,"6,594.00"
2026-07-20,meta,meta_tof,qs,3.00
2026-07-20,meta,meta_tof,cp,42.00
2026-07-20,reddit,reddit,impressions,"365,070.00"
2026-07-20,reddit,reddit,clicks,670.00
2026-07-20,reddit,reddit,qs,12.00
2026-07-20,reddit,reddit,cp,8.00
2026-07-20,tiktok,tiktok,impressions,"1,829,431.00"
2026-07-20,tiktok,tiktok,clicks,"4,691.00"
2026-07-20,tiktok,tiktok,qs,53.00
2026-07-20,tiktok,tiktok,cp,73.00
2026-07-21,google,search_brand,impressions,"6,541.00"
2026-07-21,google,search_brand,clicks,"2,209.00"
2026-07-21,google,search_brand,qs,696.25
2026-07-21,google,search_brand,cp,125.54
2026-07-21,google,search_nb,impressions,"116,789.00"
2026-07-21,google,search_nb,clicks,"3,955.00"
2026-07-21,google,search_nb,qs,"1,061.63"
2026-07-21,google,search_nb,cp,138.10
2026-07-21,google,search_pmax,impressions,"1,012,012.00"
2026-07-21,google,search_pmax,clicks,"3,227.00"
2026-07-21,google,search_pmax,qs,0.00
2026-07-21,google,search_pmax,cp,47.14
2026-07-21,google,search_shopping,impressions,"41,164.00"
2026-07-21,google,search_shopping,clicks,399.00
2026-07-21,google,search_shopping,qs,61.16
2026-07-21,google,search_shopping,cp,1.84
2026-07-21,google,youtube,impressions,"9,219,448.00"
2026-07-21,google,youtube,clicks,"33,651.00"
2026-07-21,google,youtube,qs,520.41
2026-07-21,google,youtube,cp,72.12
2026-07-21,meta,meta_bof,impressions,"2,799,714.00"
2026-07-21,meta,meta_bof,clicks,"12,984.00"
2026-07-21,meta,meta_bof,qs,8.00
2026-07-21,meta,meta_bof,cp,194.00
2026-07-21,meta,meta_mof,impressions,"623,850.00"
2026-07-21,meta,meta_mof,clicks,"3,845.00"
2026-07-21,meta,meta_mof,qs,3.00
2026-07-21,meta,meta_mof,cp,9.00
2026-07-21,meta,meta_tof,impressions,"1,046,212.00"
2026-07-21,meta,meta_tof,clicks,"7,071.00"
2026-07-21,meta,meta_tof,qs,2.00
2026-07-21,meta,meta_tof,cp,37.00
2026-07-21,reddit,reddit,impressions,"401,773.00"
2026-07-21,reddit,reddit,clicks,617.00
2026-07-21,reddit,reddit,qs,13.00
2026-07-21,reddit,reddit,cp,5.00
2026-07-21,tiktok,tiktok,impressions,"2,564,750.00"
2026-07-21,tiktok,tiktok,clicks,"7,383.00"
2026-07-21,tiktok,tiktok,qs,370.00
2026-07-21,tiktok,tiktok,cp,89.00
2026-07-22,google,search_brand,impressions,"6,938.00"
2026-07-22,google,search_brand,clicks,"2,376.00"
2026-07-22,google,search_brand,qs,750.92
2026-07-22,google,search_brand,cp,147.01
2026-07-22,google,search_nb,impressions,"122,452.00"
2026-07-22,google,search_nb,clicks,"4,294.00"
2026-07-22,google,search_nb,qs,"1,098.72"
2026-07-22,google,search_nb,cp,154.54
2026-07-22,google,search_pmax,impressions,"397,571.00"
2026-07-22,google,search_pmax,clicks,"2,920.00"
2026-07-22,google,search_pmax,qs,0.00
2026-07-22,google,search_pmax,cp,53.37
2026-07-22,google,search_shopping,impressions,"42,474.00"
2026-07-22,google,search_shopping,clicks,369.00
2026-07-22,google,search_shopping,qs,54.48
2026-07-22,google,search_shopping,cp,1.17
2026-07-22,google,youtube,impressions,"11,456,216.00"
2026-07-22,google,youtube,clicks,"47,416.00"
2026-07-22,google,youtube,qs,718.41
2026-07-22,google,youtube,cp,89.96
2026-07-22,meta,meta_bof,impressions,"2,466,706.00"
2026-07-22,meta,meta_bof,clicks,"14,369.00"
2026-07-22,meta,meta_bof,qs,8.00
2026-07-22,meta,meta_bof,cp,242.00
2026-07-22,meta,meta_mof,impressions,"553,063.00"
2026-07-22,meta,meta_mof,clicks,"3,547.00"
2026-07-22,meta,meta_mof,qs,1.00
2026-07-22,meta,meta_mof,cp,16.00
2026-07-22,meta,meta_tof,impressions,"1,001,205.00"
2026-07-22,meta,meta_tof,clicks,"6,921.00"
2026-07-22,meta,meta_tof,qs,1.00
2026-07-22,meta,meta_tof,cp,30.00
2026-07-22,reddit,reddit,impressions,"490,285.00"
2026-07-22,reddit,reddit,clicks,817.00
2026-07-22,reddit,reddit,qs,17.00
2026-07-22,reddit,reddit,cp,13.00
2026-07-22,tiktok,tiktok,impressions,"2,481,099.00"
2026-07-22,tiktok,tiktok,clicks,"10,032.00"
2026-07-22,tiktok,tiktok,qs,450.00
2026-07-22,tiktok,tiktok,cp,105.00
2026-07-23,google,search_brand,impressions,"6,244.00"
2026-07-23,google,search_brand,clicks,"2,308.00"
2026-07-23,google,search_brand,qs,751.15
2026-07-23,google,search_brand,cp,135.61
2026-07-23,google,search_nb,impressions,"125,755.00"
2026-07-23,google,search_nb,clicks,"4,642.00"
2026-07-23,google,search_nb,qs,"1,199.37"
2026-07-23,google,search_nb,cp,143.35
2026-07-23,google,search_pmax,impressions,"422,716.00"
2026-07-23,google,search_pmax,clicks,"2,706.00"
2026-07-23,google,search_pmax,qs,0.00
2026-07-23,google,search_pmax,cp,25.49
2026-07-23,google,search_shopping,impressions,"55,675.00"
2026-07-23,google,search_shopping,clicks,424.00
2026-07-23,google,search_shopping,qs,62.91
2026-07-23,google,search_shopping,cp,3.71
2026-07-23,google,youtube,impressions,"11,621,526.00"
2026-07-23,google,youtube,clicks,"46,702.00"
2026-07-23,google,youtube,qs,595.41
2026-07-23,google,youtube,cp,80.62
2026-07-23,meta,meta_bof,impressions,"2,840,315.00"
2026-07-23,meta,meta_bof,clicks,"14,905.00"
2026-07-23,meta,meta_bof,qs,4.00
2026-07-23,meta,meta_bof,cp,220.00
2026-07-23,meta,meta_mof,impressions,"519,933.00"
2026-07-23,meta,meta_mof,clicks,"3,114.00"
2026-07-23,meta,meta_mof,qs,3.00
2026-07-23,meta,meta_mof,cp,10.00
2026-07-23,meta,meta_tof,impressions,"983,317.00"
2026-07-23,meta,meta_tof,clicks,"6,057.00"
2026-07-23,meta,meta_tof,qs,1.00
2026-07-23,meta,meta_tof,cp,29.00
2026-07-23,reddit,reddit,impressions,"335,762.00"
2026-07-23,reddit,reddit,clicks,636.00
2026-07-23,reddit,reddit,qs,14.00
2026-07-23,reddit,reddit,cp,7.00
2026-07-23,tiktok,tiktok,impressions,"2,076,908.00"
2026-07-23,tiktok,tiktok,clicks,"11,837.00"
2026-07-23,tiktok,tiktok,qs,430.00
2026-07-23,tiktok,tiktok,cp,136.00
2026-07-24,google,search_brand,impressions,"6,614.00"
2026-07-24,google,search_brand,clicks,"2,389.00"
2026-07-24,google,search_brand,qs,754.47
2026-07-24,google,search_brand,cp,103.20
2026-07-24,google,search_nb,impressions,"113,737.00"
2026-07-24,google,search_nb,clicks,"3,960.00"
2026-07-24,google,search_nb,qs,994.71
2026-07-24,google,search_nb,cp,144.65
2026-07-24,google,search_pmax,impressions,"561,967.00"
2026-07-24,google,search_pmax,clicks,"2,510.00"
2026-07-24,google,search_pmax,qs,0.00
2026-07-24,google,search_pmax,cp,32.92
2026-07-24,google,search_shopping,impressions,"55,258.00"
2026-07-24,google,search_shopping,clicks,442.00
2026-07-24,google,search_shopping,qs,59.97
2026-07-24,google,search_shopping,cp,3.33
2026-07-24,google,youtube,impressions,"10,995,276.00"
2026-07-24,google,youtube,clicks,"41,236.00"
2026-07-24,google,youtube,qs,543.36
2026-07-24,google,youtube,cp,64.14
2026-07-24,meta,meta_bof,impressions,"2,865,812.00"
2026-07-24,meta,meta_bof,clicks,"14,329.00"
2026-07-24,meta,meta_bof,qs,0.00
2026-07-24,meta,meta_bof,cp,288.00
2026-07-24,meta,meta_mof,impressions,"528,368.00"
2026-07-24,meta,meta_mof,clicks,"3,370.00"
2026-07-24,meta,meta_mof,qs,0.00
2026-07-24,meta,meta_mof,cp,19.00
2026-07-24,meta,meta_tof,impressions,"990,763.00"
2026-07-24,meta,meta_tof,clicks,"6,578.00"
2026-07-24,meta,meta_tof,qs,0.00
2026-07-24,meta,meta_tof,cp,34.00
2026-07-24,reddit,reddit,impressions,"378,177.00"
2026-07-24,reddit,reddit,clicks,762.00
2026-07-24,reddit,reddit,qs,18.00
2026-07-24,reddit,reddit,cp,10.00
2026-07-24,tiktok,tiktok,impressions,"1,601,893.00"
2026-07-24,tiktok,tiktok,clicks,"10,065.00"
2026-07-24,tiktok,tiktok,qs,341.00
2026-07-24,tiktok,tiktok,cp,147.00
2026-07-25,google,search_brand,impressions,"5,401.00"
2026-07-25,google,search_brand,clicks,"2,082.00"
2026-07-25,google,search_brand,qs,618.57
2026-07-25,google,search_brand,cp,107.62
2026-07-25,google,search_nb,impressions,"105,315.00"
2026-07-25,google,search_nb,clicks,"3,661.00"
2026-07-25,google,search_nb,qs,886.86
2026-07-25,google,search_nb,cp,136.79
2026-07-25,google,search_pmax,impressions,"790,133.00"
2026-07-25,google,search_pmax,clicks,"2,644.00"
2026-07-25,google,search_pmax,qs,0.00
2026-07-25,google,search_pmax,cp,37.39
2026-07-25,google,search_shopping,impressions,"48,524.00"
2026-07-25,google,search_shopping,clicks,370.00
2026-07-25,google,search_shopping,qs,58.91
2026-07-25,google,search_shopping,cp,5.73
2026-07-25,google,youtube,impressions,"10,858,423.00"
2026-07-25,google,youtube,clicks,"39,645.00"
2026-07-25,google,youtube,qs,345.88
2026-07-25,google,youtube,cp,15.52
2026-07-25,meta,meta_bof,impressions,"2,565,875.00"
2026-07-25,meta,meta_bof,clicks,"12,551.00"
2026-07-25,meta,meta_bof,qs,0.00
2026-07-25,meta,meta_bof,cp,212.00
2026-07-25,meta,meta_mof,impressions,"441,061.00"
2026-07-25,meta,meta_mof,clicks,"2,763.00"
2026-07-25,meta,meta_mof,qs,0.00
2026-07-25,meta,meta_mof,cp,9.00
2026-07-25,meta,meta_tof,impressions,"867,356.00"
2026-07-25,meta,meta_tof,clicks,"5,929.00"
2026-07-25,meta,meta_tof,qs,0.00
2026-07-25,meta,meta_tof,cp,39.00
2026-07-25,reddit,reddit,impressions,"336,087.00"
2026-07-25,reddit,reddit,clicks,787.00
2026-07-25,reddit,reddit,qs,16.00
2026-07-25,reddit,reddit,cp,7.00
2026-07-25,tiktok,tiktok,impressions,"1,339,734.00"
2026-07-25,tiktok,tiktok,clicks,"9,182.00"
2026-07-25,tiktok,tiktok,qs,234.00
2026-07-25,tiktok,tiktok,cp,123.00
2026-07-26,google,search_brand,impressions,"6,095.00"
2026-07-26,google,search_brand,clicks,"2,395.00"
2026-07-26,google,search_brand,qs,485.12
2026-07-26,google,search_brand,cp,70.47
2026-07-26,google,search_nb,impressions,"136,032.00"
2026-07-26,google,search_nb,clicks,"4,908.00"
2026-07-26,google,search_nb,qs,839.07
2026-07-26,google,search_nb,cp,116.60
2026-07-26,google,search_pmax,impressions,"1,019,545.00"
2026-07-26,google,search_pmax,clicks,"3,041.00"
2026-07-26,google,search_pmax,qs,0.00
2026-07-26,google,search_pmax,cp,20.98
2026-07-26,google,search_shopping,impressions,"52,189.00"
2026-07-26,google,search_shopping,clicks,396.00
2026-07-26,google,search_shopping,qs,37.76
2026-07-26,google,search_shopping,cp,2.62
2026-07-26,google,youtube,impressions,"9,201,113.00"
2026-07-26,google,youtube,clicks,"30,804.00"
2026-07-26,google,youtube,qs,349.02
2026-07-26,google,youtube,cp,12.90
2026-07-26,meta,meta_bof,impressions,"3,575,441.00"
2026-07-26,meta,meta_bof,clicks,"17,332.00"
2026-07-26,meta,meta_bof,qs,0.00
2026-07-26,meta,meta_bof,cp,280.00
2026-07-26,meta,meta_mof,impressions,"535,307.00"
2026-07-26,meta,meta_mof,clicks,"2,876.00"
2026-07-26,meta,meta_mof,qs,0.00
2026-07-26,meta,meta_mof,cp,15.00
2026-07-26,meta,meta_tof,impressions,"1,012,613.00"
2026-07-26,meta,meta_tof,clicks,"6,496.00"
2026-07-26,meta,meta_tof,qs,0.00
2026-07-26,meta,meta_tof,cp,40.00
2026-07-26,reddit,reddit,impressions,"406,197.00"
2026-07-26,reddit,reddit,clicks,762.00
2026-07-26,reddit,reddit,qs,22.00
2026-07-26,reddit,reddit,cp,11.00
2026-07-26,tiktok,tiktok,impressions,"1,819,303.00"
2026-07-26,tiktok,tiktok,clicks,"13,782.00"
2026-07-26,tiktok,tiktok,qs,436.00
2026-07-26,tiktok,tiktok,cp,171.00
2026-07-27,meta,meta_bof,impressions,"4,035,285.00"
2026-07-27,meta,meta_bof,clicks,"17,736.00"
2026-07-27,meta,meta_bof,qs,0.00
2026-07-27,meta,meta_bof,cp,322.00
2026-07-27,meta,meta_mof,impressions,"514,389.00"
2026-07-27,meta,meta_mof,clicks,"2,859.00"
2026-07-27,meta,meta_mof,qs,0.00
2026-07-27,meta,meta_mof,cp,21.00
2026-07-27,meta,meta_tof,impressions,"952,846.00"
2026-07-27,meta,meta_tof,clicks,"5,814.00"
2026-07-27,meta,meta_tof,qs,0.00
2026-07-27,meta,meta_tof,cp,43.00
2026-07-27,reddit,reddit,impressions,"281,605.00"
2026-07-27,reddit,reddit,clicks,541.00
2026-07-27,reddit,reddit,qs,13.00
2026-07-27,reddit,reddit,cp,1.00
2026-07-27,tiktok,tiktok,impressions,"1,587,328.00"
2026-07-27,tiktok,tiktok,clicks,"8,971.00"
2026-07-27,tiktok,tiktok,qs,264.00
2026-07-27,tiktok,tiktok,cp,85.00