date_day,platform,channel,metric,value
2026-08-2,meta,meta_bof,spend,1905-10-21
2026-08-2,meta,meta_bof,impressions,2575-10-22
2026-08-2,meta,meta_bof,clicks,1904-03-31
2026-08-2,meta,meta_bof,qs,1899-12-30
2026-08-2,meta,meta_bof,cp,1900-06-26
2026-08-2,meta,meta_mof,spend,1901-01-5
2026-08-2,meta,meta_mof,impressions,1991-05-14
2026-08-2,meta,meta_mof,clicks,1900-12-27
2026-08-2,meta,meta_mof,qs,1899-12-30
2026-08-2,meta,meta_mof,cp,1900-01-10
2026-08-2,meta,meta_tof,spend,1901-07-16
2026-08-2,meta,meta_tof,impressions,2052-06-3
2026-08-2,meta,meta_tof,clicks,1901-03-25
2026-08-2,meta,meta_tof,qs,1899-12-30
2026-08-2,meta,meta_tof,cp,1900-01-15
2026-08-2,reddit,reddit,spend,1901-05-16
2026-08-2,reddit,reddit,impressions,2467-01-13
2026-08-2,reddit,reddit,clicks,1901-02-20
2026-08-2,reddit,reddit,qs,1900-01-15
2026-08-2,reddit,reddit,cp,1900-01-4
2026-08-2,tiktok,tiktok,spend,1913-06-16
2026-08-2,tiktok,tiktok,impressions,5750-03-9
2026-08-2,tiktok,tiktok,clicks,1913-09-13
2026-08-2,tiktok,tiktok,qs,1900-08-20
2026-08-2,tiktok,tiktok,cp,1900-03-18
2026-08-1,google,search_brand,spend,1923-02-1
2026-08-1,google,search_brand,impressions,1914-02-1
2026-08-1,google,search_brand,clicks,1904-12-7
2026-08-1,google,search_brand,qs,1901-01-2
2026-08-1,google,search_brand,cp,1900-03-13
2026-08-1,google,search_nb,spend,1973-09-15
2026-08-1,google,search_nb,impressions,2242-04-22
2026-08-1,google,search_nb,clicks,1912-08-31
2026-08-1,google,search_nb,qs,1901-11-1
2026-08-1,google,search_nb,cp,1900-04-9
2026-08-1,google,search_pmax,spend,1923-12-24
2026-08-1,google,search_pmax,impressions,4535-11-19
2026-08-1,google,search_pmax,clicks,1907-04-2
2026-08-1,google,search_pmax,qs,1899-12-30
2026-08-1,google,search_pmax,cp,1900-01-23
2026-08-1,google,search_shopping,spend,1901-05-30
2026-08-1,google,search_shopping,impressions,1994-06-8
2026-08-1,google,search_shopping,clicks,1900-10-7
2026-08-1,google,search_shopping,qs,1900-01-26
2026-08-1,google,search_shopping,cp,1899-12-30
2026-08-1,google,youtube,spend,1911-08-15
2026-08-1,google,youtube,impressions,10113-10-1
2026-08-1,google,youtube,clicks,1923-12-13
2026-08-1,google,youtube,qs,1900-03-6
2026-08-1,google,youtube,cp,1900-01-4
2026-08-1,meta,meta_bof,spend,1962-03-12
2026-08-1,meta,meta_bof,impressions,9224-08-25
2026-08-1,meta,meta_bof,clicks,1935-11-18
2026-08-1,meta,meta_bof,qs,1899-12-30
2026-08-1,meta,meta_bof,cp,1900-10-29
2026-08-1,meta,meta_mof,spend,1911-10-26
2026-08-1,meta,meta_mof,impressions,2870-02-24
2026-08-1,meta,meta_mof,clicks,1910-03-28
2026-08-1,meta,meta_mof,qs,1899-12-30
2026-08-1,meta,meta_mof,cp,1900-01-13
2026-08-1,meta,meta_tof,spend,1912-05-13
2026-08-1,meta,meta_tof,impressions,2999-12-4
2026-08-1,meta,meta_tof,clicks,1909-08-28
2026-08-1,meta,meta_tof,qs,1899-12-30
2026-08-1,meta,meta_tof,cp,1900-01-18
2026-08-1,reddit,reddit,spend,1901-05-13
2026-08-1,reddit,reddit,impressions,2429-01-16
2026-08-1,reddit,reddit,clicks,1901-02-24
2026-08-1,reddit,reddit,qs,1900-01-12
2026-08-1,reddit,reddit,cp,1900-01-4
2026-08-1,tiktok,tiktok,spend,1910-09-14
2026-08-1,tiktok,tiktok,impressions,4236-10-14
2026-08-1,tiktok,tiktok,clicks,1908-08-17
2026-08-1,tiktok,tiktok,qs,1900-07-9
2026-08-1,tiktok,tiktok,cp,1900-04-27
2026-07-31,google,search_brand,spend,1927-09-1
2026-07-31,google,search_brand,impressions,1915-07-26
2026-07-31,google,search_brand,clicks,1905-08-10
2026-07-31,google,search_brand,qs,1901-07-26
2026-07-31,google,search_brand,cp,1900-05-5
2026-07-31,google,search_nb,spend,1983-09-23
2026-07-31,google,search_nb,impressions,2289-07-30
2026-07-31,google,search_nb,clicks,1914-01-10
2026-07-31,google,search_nb,qs,1903-04-24
2026-07-31,google,search_nb,cp,1900-06-14
2026-07-31,google,search_pmax,spend,1919-10-9
2026-07-31,google,search_pmax,impressions,3644-12-5
2026-07-31,google,search_pmax,clicks,1906-02-24
2026-07-31,google,search_pmax,qs,1899-12-30
2026-07-31,google,search_pmax,cp,1900-02-1
2026-07-31,google,search_shopping,spend,1901-05-11
2026-07-31,google,search_shopping,impressions,1995-06-20
2026-07-31,google,search_shopping,clicks,1900-10-3
2026-07-31,google,search_shopping,qs,1900-02-8
2026-07-31,google,search_shopping,cp,1899-12-30
2026-07-31,google,youtube,spend,1910-06-5
2026-07-31,google,youtube,impressions,8986-01-3
2026-07-31,google,youtube,clicks,1920-06-13
2026-07-31,google,youtube,qs,1900-04-8
2026-07-31,google,youtube,cp,1900-01-5
2026-07-31,meta,meta_bof,spend,1985-02-17
2026-07-31,meta,meta_bof,impressions,12642-06-24
2026-07-31,meta,meta_bof,clicks,1943-07-12
2026-07-31,meta,meta_bof,qs,1899-12-30
2026-07-31,meta,meta_bof,cp,1900-11-19
2026-07-31,meta,meta_mof,spend,1914-02-4
2026-07-31,meta,meta_mof,impressions,3115-06-3
2026-07-31,meta,meta_mof,clicks,1910-11-24
2026-07-31,meta,meta_mof,qs,1899-12-30
2026-07-31,meta,meta_mof,cp,1900-01-16
2026-07-31,meta,meta_tof,spend,1916-01-19
2026-07-31,meta,meta_tof,impressions,3477-06-6
2026-07-31,meta,meta_tof,clicks,1911-06-29
2026-07-31,meta,meta_tof,qs,1899-12-30
2026-07-31,meta,meta_tof,cp,1900-01-21
2026-07-31,reddit,reddit,spend,1901-05-8
2026-07-31,reddit,reddit,impressions,2430-03-16
2026-07-31,reddit,reddit,clicks,1901-02-7
2026-07-31,reddit,reddit,qs,1900-01-6
2026-07-31,reddit,reddit,cp,1900-01-8
2026-07-31,tiktok,tiktok,spend,1912-07-14
2026-07-31,tiktok,tiktok,impressions,4021-11-7
2026-07-31,tiktok,tiktok,clicks,1910-12-20
2026-07-31,tiktok,tiktok,qs,1900-07-27
2026-07-31,tiktok,tiktok,cp,1900-05-11
2026-07-30,google,search_brand,spend,1927-11-26
2026-07-30,google,search_brand,impressions,1915-01-8
2026-07-30,google,search_brand,clicks,1905-10-19
2026-07-30,google,search_brand,qs,1901-09-26
2026-07-30,google,search_brand,cp,1900-05-18
2026-07-30,google,search_nb,spend,1983-01-5
2026-07-30,google,search_nb,impressions,2283-03-26
2026-07-30,google,search_nb,clicks,1913-11-30
2026-07-30,google,search_nb,qs,1903-03-15
2026-07-30,google,search_nb,cp,1900-06-19
2026-07-30,google,search_pmax,spend,1919-11-9
2026-07-30,google,search_pmax,impressions,3713-08-21
2026-07-30,google,search_pmax,clicks,1909-01-22
2026-07-30,google,search_pmax,qs,1899-12-30
2026-07-30,google,search_pmax,cp,1900-02-8
2026-07-30,google,search_shopping,spend,1901-10-2
2026-07-30,google,search_shopping,impressions,2008-12-31
2026-07-30,google,search_shopping,clicks,1900-12-25
2026-07-30,google,search_shopping,qs,1900-02-19
2026-07-30,google,search_shopping,cp,1900-01-1
2026-07-30,google,youtube,spend,1910-12-20
2026-07-30,google,youtube,impressions,10211-02-11
2026-07-30,google,youtube,clicks,1921-11-14
2026-07-30,google,youtube,qs,1900-08-29
2026-07-30,google,youtube,cp,1900-01-25
2026-07-30,meta,meta_bof,spend,1966-11-10
2026-07-30,meta,meta_bof,impressions,10581-10-11
2026-07-30,meta,meta_bof,clicks,1934-02-18
2026-07-30,meta,meta_bof,qs,1899-12-30
2026-07-30,meta,meta_bof,cp,1900-09-27
2026-07-30,meta,meta_mof,spend,1913-04-5
2026-07-30,meta,meta_mof,impressions,3026-03-12
2026-07-30,meta,meta_mof,clicks,1907-10-20
2026-07-30,meta,meta_mof,qs,1899-12-30
2026-07-30,meta,meta_mof,cp,1900-01-22
2026-07-30,meta,meta_tof,spend,1921-08-4
2026-07-30,meta,meta_tof,impressions,4006-09-30
2026-07-30,meta,meta_tof,clicks,1914-08-13
2026-07-30,meta,meta_tof,qs,1899-12-30
2026-07-30,meta,meta_tof,cp,1900-01-20
2026-07-30,reddit,reddit,spend,1901-05-23
2026-07-30,reddit,reddit,impressions,2268-04-17
2026-07-30,reddit,reddit,clicks,1900-11-27
2026-07-30,reddit,reddit,qs,1900-01-9
2026-07-30,reddit,reddit,cp,1900-01-2
2026-07-30,tiktok,tiktok,spend,1912-08-23
2026-07-30,tiktok,tiktok,impressions,4330-03-15
2026-07-30,tiktok,tiktok,clicks,1917-03-10
2026-07-30,tiktok,tiktok,qs,1900-10-15
2026-07-30,tiktok,tiktok,cp,1900-06-25
2026-07-29,google,search_brand,spend,1925-09-23
2026-07-29,google,search_brand,impressions,1915-10-9
2026-07-29,google,search_brand,clicks,1905-12-22
2026-07-29,google,search_brand,qs,1901-10-23
2026-07-29,google,search_brand,cp,1900-04-26
2026-07-29,google,search_nb,spend,1975-05-17
2026-07-29,google,search_nb,impressions,2271-01-12
2026-07-29,google,search_nb,clicks,1913-08-2
2026-07-29,google,search_nb,qs,1903-04-10
2026-07-29,google,search_nb,cp,1900-05-19
2026-07-29,google,search_pmax,spend,1919-07-4
2026-07-29,google,search_pmax,impressions,3668-04-17
2026-07-29,google,search_pmax,clicks,1909-02-22
2026-07-29,google,search_pmax,qs,1899-12-30
2026-07-29,google,search_pmax,cp,1900-02-12
2026-07-29,google,search_shopping,spend,1901-09-2
2026-07-29,google,search_shopping,impressions,2010-07-30
2026-07-29,google,search_shopping,clicks,1900-12-22
2026-07-29,google,search_shopping,qs,1900-02-18
2026-07-29,google,search_shopping,cp,1899-12-31
2026-07-29,google,youtube,spend,1911-02-17
2026-07-29,google,youtube,impressions,9670-12-12
2026-07-29,google,youtube,clicks,1920-06-20
2026-07-29,google,youtube,qs,1900-08-17
2026-07-29,google,youtube,cp,1900-01-14
2026-07-29,meta,meta_bof,spend,1981-02-17
2026-07-29,meta,meta_bof,impressions,13024-06-17
2026-07-29,meta,meta_bof,clicks,1940-12-16
2026-07-29,meta,meta_bof,qs,1899-12-30
2026-07-29,meta,meta_bof,cp,1900-11-9
2026-07-29,meta,meta_mof,spend,1913-12-4
2026-07-29,meta,meta_mof,impressions,3170-12-14
2026-07-29,meta,meta_mof,clicks,1906-12-28
2026-07-29,meta,meta_mof,qs,1899-12-30
2026-07-29,meta,meta_mof,cp,1900-01-18
2026-07-29,meta,meta_tof,spend,1920-11-15
2026-07-29,meta,meta_tof,impressions,4245-12-17
2026-07-29,meta,meta_tof,clicks,1914-10-9
2026-07-29,meta,meta_tof,qs,1899-12-30
2026-07-29,meta,meta_tof,cp,1900-01-22
2026-07-29,reddit,reddit,spend,1901-05-12
2026-07-29,reddit,reddit,impressions,2372-06-20
2026-07-29,reddit,reddit,clicks,1900-12-5
2026-07-29,reddit,reddit,qs,1900-01-16
2026-07-29,reddit,reddit,cp,1900-01-12
2026-07-29,tiktok,tiktok,spend,1912-10-19
2026-07-29,tiktok,tiktok,impressions,4409-10-28
2026-07-29,tiktok,tiktok,clicks,1917-01-15
2026-07-29,tiktok,tiktok,qs,1900-09-9
2026-07-29,tiktok,tiktok,cp,1900-05-25
2026-07-28,google,search_brand,spend,1931-08-12
2026-07-28,google,search_brand,impressions,1916-09-2
2026-07-28,google,search_brand,clicks,1906-03-9
2026-07-28,google,search_brand,qs,1901-10-21
2026-07-28,google,search_brand,cp,1900-05-1
2026-07-28,google,search_nb,spend,1990-07-19
2026-07-28,google,search_nb,impressions,2345-01-18
2026-07-28,google,search_nb,clicks,1916-05-16
2026-07-28,google,search_nb,qs,1903-10-15
2026-07-28,google,search_nb,cp,1900-06-10
2026-07-28,google,search_pmax,spend,1921-02-8
2026-07-28,google,search_pmax,impressions,3501-06-17
2026-07-28,google,search_pmax,clicks,1907-09-22
2026-07-28,google,search_pmax,qs,1899-12-30
2026-07-28,google,search_pmax,cp,1900-02-5
2026-07-28,google,search_shopping,spend,1901-06-20
2026-07-28,google,search_shopping,impressions,2005-07-26
2026-07-28,google,search_shopping,clicks,1900-11-3
2026-07-28,google,search_shopping,qs,1900-02-14
2026-07-28,google,search_shopping,cp,1899-12-31
2026-07-28,google,youtube,spend,1911-03-19
2026-07-28,google,youtube,impressions,9630-01-20
2026-07-28,google,youtube,clicks,1921-05-24
2026-07-28,google,youtube,qs,1900-11-3
2026-07-28,google,youtube,cp,1900-01-26
2026-07-28,meta,meta_bof,spend,1964-02-17
2026-07-28,meta,meta_bof,impressions,10876-07-18
2026-07-28,meta,meta_bof,clicks,1940-06-19
2026-07-28,meta,meta_bof,qs,1899-12-30
2026-07-28,meta,meta_bof,cp,1900-11-7
2026-07-28,meta,meta_mof,spend,1912-04-2
2026-07-28,meta,meta_mof,impressions,2997-05-19
2026-07-28,meta,meta_mof,clicks,1906-01-25
2026-07-28,meta,meta_mof,qs,1899-12-30
2026-07-28,meta,meta_mof,cp,1900-01-24
2026-07-28,meta,meta_tof,spend,1919-04-19
2026-07-28,meta,meta_tof,impressions,3986-04-12
2026-07-28,meta,meta_tof,clicks,1913-06-24
2026-07-28,meta,meta_tof,qs,1899-12-30
2026-07-28,meta,meta_tof,cp,1900-01-29
2026-07-28,reddit,reddit,spend,1901-04-30
2026-07-28,reddit,reddit,impressions,2288-02-7
2026-07-28,reddit,reddit,clicks,1900-10-8
2026-07-28,reddit,reddit,qs,1900-01-14
2026-07-28,reddit,reddit,cp,1900-01-7
2026-07-28,tiktok,tiktok,spend,1913-03-26
2026-07-28,tiktok,tiktok,impressions,5210-01-16
2026-07-28,tiktok,tiktok,clicks,1924-12-27
2026-07-28,tiktok,tiktok,qs,1900-11-16
2026-07-28,tiktok,tiktok,cp,1900-07-18
2026-07-27,google,search_brand,spend,1928-12-20
2026-07-27,google,search_brand,impressions,1916-12-16
2026-07-27,google,search_brand,clicks,1906-05-24
2026-07-27,google,search_brand,qs,1902-01-10
2026-07-27,google,search_brand,cp,1900-05-23
2026-07-27,google,search_nb,spend,1981-01-10
2026-07-27,google,search_nb,impressions,2311-03-10
2026-07-27,google,search_nb,clicks,1914-07-6
2026-07-27,google,search_nb,qs,1903-05-30
2026-07-27,google,search_nb,cp,1900-06-22
2026-07-27,google,search_pmax,spend,1930-04-19
2026-07-27,google,search_pmax,impressions,6207-06-12
2026-07-27,google,search_pmax,clicks,1908-07-8
2026-07-27,google,search_pmax,qs,1899-12-30
2026-07-27,google,search_pmax,cp,1900-02-9
2026-07-27,google,search_shopping,spend,1901-09-8
2026-07-27,google,search_shopping,impressions,2020-03-5
2026-07-27,google,search_shopping,clicks,1900-12-20
2026-07-27,google,search_shopping,qs,1900-02-23
2026-07-27,google,search_shopping,cp,1900-01-2
2026-07-27,google,youtube,spend,1912-06-14
2026-07-27,google,youtube,impressions,11326-02-24
2026-07-27,google,youtube,clicks,1928-08-29
2026-07-27,google,youtube,qs,1900-09-27
2026-07-27,google,youtube,cp,1900-01-31
2026-07-27,meta,meta_bof,spend,1978-02-15
2026-07-27,meta,meta_bof,impressions,12973-06-13
2026-07-27,meta,meta_bof,clicks,1948-09-30
2026-07-27,meta,meta_bof,qs,1899-12-30
2026-07-27,meta,meta_bof,cp,1900-11-17
2026-07-27,meta,meta_mof,spend,1914-03-11
2026-07-27,meta,meta_mof,impressions,3311-10-13
2026-07-27,meta,meta_mof,clicks,1907-11-3
2026-07-27,meta,meta_mof,qs,1899-12-30
2026-07-27,meta,meta_mof,cp,1900-01-20
2026-07-27,meta,meta_tof,spend,1923-05-15
2026-07-27,meta,meta_tof,impressions,4512-12-26
2026-07-27,meta,meta_tof,clicks,1915-12-5
2026-07-27,meta,meta_tof,qs,1899-12-30
2026-07-27,meta,meta_tof,cp,1900-02-11
2026-07-27,reddit,reddit,spend,1901-10-2
2026-07-27,reddit,reddit,impressions,2671-01-2
2026-07-27,reddit,reddit,clicks,1901-06-24
2026-07-27,reddit,reddit,qs,1900-01-13
2026-07-27,reddit,reddit,cp,1900-01-2
2026-07-27,tiktok,tiktok,spend,1914-02-10
2026-07-27,tiktok,tiktok,impressions,6245-12-18
2026-07-27,tiktok,tiktok,clicks,1924-07-23
2026-07-27,tiktok,tiktok,qs,1900-12-6
2026-07-27,tiktok,tiktok,cp,1900-06-4
2026-07-26,google,search_brand,spend,1928-10-30
2026-07-26,google,search_brand,impressions,1916-09-7
2026-07-26,google,search_brand,clicks,1906-07-22
2026-07-26,google,search_brand,qs,1902-02-15
2026-07-26,google,search_brand,cp,1900-04-17
2026-07-26,google,search_nb,spend,1977-07-29
2026-07-26,google,search_nb,impressions,2272-06-4
2026-07-26,google,search_nb,clicks,1913-06-8
2026-07-26,google,search_nb,qs,1903-08-5
2026-07-26,google,search_nb,cp,1900-06-19
2026-07-26,google,search_pmax,spend,1923-08-18
2026-07-26,google,search_pmax,impressions,4691-05-20
2026-07-26,google,search_pmax,clicks,1908-04-28
2026-07-26,google,search_pmax,qs,1899-12-30
2026-07-26,google,search_pmax,cp,1900-02-17
2026-07-26,google,search_shopping,spend,1901-11-30
2026-07-26,google,search_shopping,impressions,2042-11-11
2026-07-26,google,search_shopping,clicks,1901-01-30
2026-07-26,google,search_shopping,qs,1900-02-24
2026-07-26,google,search_shopping,cp,1900-01-1
2026-07-26,google,youtube,spend,1931-02-9
2026-07-26,google,youtube,impressions,27080-08-22
2026-07-26,google,youtube,clicks,1984-04-22
2026-07-26,google,youtube,qs,1902-02-22
2026-07-26,google,youtube,cp,1900-03-13
2026-07-26,meta,meta_bof,spend,1972-12-25
2026-07-26,meta,meta_bof,impressions,11689-05-25
2026-07-26,meta,meta_bof,clicks,1947-06-14
2026-07-26,meta,meta_bof,qs,1899-12-30
2026-07-26,meta,meta_bof,cp,1900-10-6
2026-07-26,meta,meta_mof,spend,1915-06-23
2026-07-26,meta,meta_mof,impressions,3365-09-18
2026-07-26,meta,meta_mof,clicks,1907-11-15
2026-07-26,meta,meta_mof,qs,1899-12-30
2026-07-26,meta,meta_mof,cp,1900-01-14
2026-07-26,meta,meta_tof,spend,1925-03-7
2026-07-26,meta,meta_tof,impressions,4672-07-10
2026-07-26,meta,meta_tof,clicks,1917-10-13
2026-07-26,meta,meta_tof,qs,1899-12-30
2026-07-26,meta,meta_tof,cp,1900-02-8
2026-07-26,reddit,reddit,spend,1902-09-28
2026-07-26,reddit,reddit,impressions,3012-02-16
2026-07-26,reddit,reddit,clicks,1902-01-31
2026-07-26,reddit,reddit,qs,1900-01-21
2026-07-26,reddit,reddit,cp,1900-01-10
2026-07-26,tiktok,tiktok,spend,1919-01-14
2026-07-26,tiktok,tiktok,impressions,6881-01-28
2026-07-26,tiktok,tiktok,clicks,1937-09-24
2026-07-26,tiktok,tiktok,qs,1901-04-5
2026-07-26,tiktok,tiktok,cp,1900-07-6
2026-07-25,google,search_brand,spend,1924-10-26
2026-07-25,google,search_brand,impressions,1914-10-14
2026-07-25,google,search_brand,clicks,1905-09-12
2026-07-25,google,search_brand,qs,1901-09-24
2026-07-25,google,search_brand,cp,1900-04-23
2026-07-25,google,search_nb,spend,1958-04-6
2026-07-25,google,search_nb,impressions,2188-04-14
2026-07-25,google,search_nb,clicks,1910-01-8
2026-07-25,google,search_nb,qs,1902-06-23
2026-07-25,google,search_nb,cp,1900-05-30
2026-07-25,google,search_pmax,spend,1920-10-15
2026-07-25,google,search_pmax,impressions,4063-03-24
2026-07-25,google,search_pmax,clicks,1907-03-28
2026-07-25,google,search_pmax,qs,1899-12-30
2026-07-25,google,search_pmax,cp,1900-02-19
2026-07-25,google,search_shopping,spend,1901-10-12
2026-07-25,google,search_shopping,impressions,2032-10-23
2026-07-25,google,search_shopping,clicks,1901-01-4
2026-07-25,google,search_shopping,qs,1900-02-27
2026-07-25,google,search_shopping,cp,1900-01-4
2026-07-25,google,youtube,spend,1934-10-30
2026-07-25,google,youtube,impressions,31616-12-4
2026-07-25,google,youtube,clicks,2008-07-5
2026-07-25,google,youtube,qs,1902-01-6
2026-07-25,google,youtube,cp,1900-04-1
2026-07-25,meta,meta_bof,spend,1962-09-28
2026-07-25,meta,meta_bof,impressions,8925-02-14
2026-07-25,meta,meta_bof,clicks,1934-05-12
2026-07-25,meta,meta_bof,qs,1899-12-30
2026-07-25,meta,meta_bof,cp,1900-07-30
2026-07-25,meta,meta_mof,spend,1913-04-6
2026-07-25,meta,meta_mof,impressions,3107-08-1
2026-07-25,meta,meta_mof,clicks,1907-07-25
2026-07-25,meta,meta_mof,qs,1899-12-30
2026-07-25,meta,meta_mof,cp,1900-01-8
2026-07-25,meta,meta_tof,spend,1921-01-8
2026-07-25,meta,meta_tof,impressions,4274-09-26
2026-07-25,meta,meta_tof,clicks,1916-03-25
2026-07-25,meta,meta_tof,qs,1899-12-30
2026-07-25,meta,meta_tof,cp,1900-02-7
2026-07-25,reddit,reddit,spend,1902-10-7
2026-07-25,reddit,reddit,impressions,2820-03-3
2026-07-25,reddit,reddit,clicks,1902-02-25
2026-07-25,reddit,reddit,qs,1900-01-15
2026-07-25,reddit,reddit,cp,1900-01-6
2026-07-25,tiktok,tiktok,spend,1915-02-6
2026-07-25,tiktok,tiktok,impressions,5568-01-24
2026-07-25,tiktok,tiktok,clicks,1925-02-19
2026-07-25,tiktok,tiktok,qs,1900-09-4
2026-07-25,tiktok,tiktok,cp,1900-05-28
2026-07-24,google,search_brand,spend,1926-01-30
2026-07-24,google,search_brand,impressions,1918-02-7
2026-07-24,google,search_brand,clicks,1906-07-16
2026-07-24,google,search_brand,qs,1902-02-9
2026-07-24,google,search_brand,cp,1900-04-21
2026-07-24,google,search_nb,spend,1962-10-30
2026-07-24,google,search_nb,impressions,2211-04-18
2026-07-24,google,search_nb,clicks,1910-11-4
2026-07-24,google,search_nb,qs,1902-10-12
2026-07-24,google,search_nb,cp,1900-06-2
2026-07-24,google,search_pmax,spend,1916-05-22
2026-07-24,google,search_pmax,impressions,3438-07-8
2026-07-24,google,search_pmax,clicks,1906-11-14
2026-07-24,google,search_pmax,qs,1899-12-30
2026-07-24,google,search_pmax,cp,1900-02-7
2026-07-24,google,search_shopping,spend,1902-01-30
2026-07-24,google,search_shopping,impressions,2051-04-5
2026-07-24,google,search_shopping,clicks,1901-03-17
2026-07-24,google,search_shopping,qs,1900-02-28
2026-07-24,google,search_shopping,cp,1900-01-2
2026-07-24,google,youtube,spend,1936-09-7
2026-07-24,google,youtube,impressions,31994-06-9
2026-07-24,google,youtube,clicks,2012-11-14
2026-07-24,google,youtube,qs,1901-12-31
2026-07-24,google,youtube,cp,1900-04-24
2026-07-24,meta,meta_bof,spend,1973-10-16
2026-07-24,meta,meta_bof,impressions,9746-04-28
2026-07-24,meta,meta_bof,clicks,1939-03-25
2026-07-24,meta,meta_bof,qs,1899-12-30
2026-07-24,meta,meta_bof,cp,1900-10-14
2026-07-24,meta,meta_mof,spend,1915-03-10
2026-07-24,meta,meta_mof,impressions,3346-08-14
2026-07-24,meta,meta_mof,clicks,1909-03-23
2026-07-24,meta,meta_mof,qs,1899-12-30
2026-07-24,meta,meta_mof,cp,1900-01-18
2026-07-24,meta,meta_tof,spend,1923-01-7
2026-07-24,meta,meta_tof,impressions,4612-08-12
2026-07-24,meta,meta_tof,clicks,1918-01-3
2026-07-24,meta,meta_tof,qs,1899-12-30
2026-07-24,meta,meta_tof,cp,1900-02-2
2026-07-24,reddit,reddit,spend,1902-09-7
2026-07-24,reddit,reddit,impressions,2935-05-30
2026-07-24,reddit,reddit,clicks,1902-01-31
2026-07-24,reddit,reddit,qs,1900-01-17
2026-07-24,reddit,reddit,cp,1900-01-9
2026-07-24,tiktok,tiktok,spend,1918-08-6
2026-07-24,tiktok,tiktok,impressions,6285-10-30
2026-07-24,tiktok,tiktok,clicks,1927-07-22
2026-07-24,tiktok,tiktok,qs,1900-12-18
2026-07-24,tiktok,tiktok,cp,1900-06-15
2026-07-23,google,search_brand,spend,1927-12-26
2026-07-23,google,search_brand,impressions,1917-02-3
2026-07-23,google,search_brand,clicks,1906-04-26
2026-07-23,google,search_brand,qs,1902-01-28
2026-07-23,google,search_brand,cp,1900-05-17
2026-07-23,google,search_nb,spend,1969-07-15
2026-07-23,google,search_nb,impressions,2244-04-15
2026-07-23,google,search_nb,clicks,1912-09-15
2026-07-23,google,search_nb,qs,1903-04-30
2026-07-23,google,search_nb,cp,1900-06-4
2026-07-23,google,search_pmax,spend,1915-06-16
2026-07-23,google,search_pmax,impressions,3057-04-5
2026-07-23,google,search_pmax,clicks,1907-05-29
2026-07-23,google,search_pmax,qs,1899-12-30
2026-07-23,google,search_pmax,cp,1900-01-27
2026-07-23,google,search_shopping,spend,1902-01-18
2026-07-23,google,search_shopping,impressions,2052-05-26
2026-07-23,google,search_shopping,clicks,1901-02-27
2026-07-23,google,search_shopping,qs,1900-03-2
2026-07-23,google,search_shopping,cp,1900-01-2
2026-07-23,google,youtube,spend,1940-06-25
2026-07-23,google,youtube,impressions,33711-09-12
2026-07-23,google,youtube,clicks,2027-10-24
2026-07-23,google,youtube,qs,1902-02-23
2026-07-23,google,youtube,cp,1900-04-21
2026-07-23,meta,meta_bof,spend,1972-09-15
2026-07-23,meta,meta_bof,impressions,9676-07-6
2026-07-23,meta,meta_bof,clicks,1940-10-21
2026-07-23,meta,meta_bof,qs,1900-01-3
2026-07-23,meta,meta_bof,cp,1900-08-7
2026-07-23,meta,meta_mof,spend,1914-08-19
2026-07-23,meta,meta_mof,impressions,3323-07-11
2026-07-23,meta,meta_mof,clicks,1908-07-10
2026-07-23,meta,meta_mof,qs,1900-01-2
2026-07-23,meta,meta_mof,cp,1900-01-9
2026-07-23,meta,meta_tof,spend,1921-05-20
2026-07-23,meta,meta_tof,impressions,4592-03-23
2026-07-23,meta,meta_tof,clicks,1916-07-31
2026-07-23,meta,meta_tof,qs,1899-12-31
2026-07-23,meta,meta_tof,cp,1900-01-28
2026-07-23,reddit,reddit,spend,1902-09-27
2026-07-23,reddit,reddit,impressions,2819-04-13
2026-07-23,reddit,reddit,clicks,1901-09-27
2026-07-23,reddit,reddit,qs,1900-01-13
2026-07-23,reddit,reddit,cp,1900-01-6
2026-07-23,tiktok,tiktok,spend,1919-09-5
2026-07-23,tiktok,tiktok,impressions,7586-05-18
2026-07-23,tiktok,tiktok,clicks,1932-05-28
2026-07-23,tiktok,tiktok,qs,1901-03-20
2026-07-23,tiktok,tiktok,cp,1900-05-27
2026-07-22,google,search_brand,spend,1928-08-12
2026-07-22,google,search_brand,impressions,1918-12-29
2026-07-22,google,search_brand,clicks,1906-07-3
2026-07-22,google,search_brand,qs,1902-01-23
2026-07-22,google,search_brand,cp,1900-05-29
2026-07-22,google,search_nb,spend,1963-05-21
2026-07-22,google,search_nb,impressions,2235-04-4
2026-07-22,google,search_nb,clicks,1911-10-3
2026-07-22,google,search_nb,qs,1903-01-10
2026-07-22,google,search_nb,cp,1900-06-7
2026-07-22,google,search_pmax,spend,1918-11-29
2026-07-22,google,search_pmax,impressions,2988-06-25
2026-07-22,google,search_pmax,clicks,1907-12-29
2026-07-22,google,search_pmax,qs,1899-12-30
2026-07-22,google,search_pmax,cp,1900-02-24
2026-07-22,google,search_shopping,spend,1901-10-3
2026-07-22,google,search_shopping,impressions,2016-04-10
2026-07-22,google,search_shopping,clicks,1901-01-3
2026-07-22,google,search_shopping,qs,1900-02-22
2026-07-22,google,search_shopping,cp,1899-12-31
2026-07-22,google,youtube,spend,1940-05-30
2026-07-22,google,youtube,impressions,33265-09-24
2026-07-22,google,youtube,clicks,2029-10-6
2026-07-22,google,youtube,qs,1902-02-5
2026-07-22,google,youtube,cp,1900-04-12
2026-07-22,meta,meta_bof,spend,1960-03-29
2026-07-22,meta,meta_bof,impressions,8653-08-10
2026-07-22,meta,meta_bof,clicks,1939-05-4
2026-07-22,meta,meta_bof,qs,1900-01-7
2026-07-22,meta,meta_bof,cp,1900-08-29
2026-07-22,meta,meta_mof,spend,1915-05-7
2026-07-22,meta,meta_mof,impressions,3414-03-26
2026-07-22,meta,meta_mof,clicks,1909-09-16
2026-07-22,meta,meta_mof,qs,1899-12-31
2026-07-22,meta,meta_mof,cp,1900-01-15
2026-07-22,meta,meta_tof,spend,1921-07-19
2026-07-22,meta,meta_tof,impressions,4641-03-15
2026-07-22,meta,meta_tof,clicks,1918-12-12
2026-07-22,meta,meta_tof,qs,1899-12-31
2026-07-22,meta,meta_tof,cp,1900-01-29
2026-07-22,reddit,reddit,spend,1902-10-9
2026-07-22,reddit,reddit,impressions,3242-05-8
2026-07-22,reddit,reddit,clicks,1902-03-27
2026-07-22,reddit,reddit,qs,1900-01-16
2026-07-22,reddit,reddit,cp,1900-01-12
2026-07-22,tiktok,tiktok,spend,1919-02-15
2026-07-22,tiktok,tiktok,impressions,8693-01-5
2026-07-22,tiktok,tiktok,clicks,1927-06-19
2026-07-22,tiktok,tiktok,qs,1901-04-5
2026-07-22,tiktok,tiktok,cp,1900-04-18
2026-07-21,google,search_brand,spend,1926-09-16
2026-07-21,google,search_brand,impressions,1917-11-27
2026-07-21,google,search_brand,clicks,1906-01-17
2026-07-21,google,search_brand,qs,1901-11-30
2026-07-21,google,search_brand,cp,1900-05-6
2026-07-21,google,search_nb,spend,1956-11-19
2026-07-21,google,search_nb,impressions,2219-10-3
2026-07-21,google,search_nb,clicks,1910-10-29
2026-07-21,google,search_nb,qs,1902-12-4
2026-07-21,google,search_nb,cp,1900-05-19
2026-07-21,google,search_pmax,spend,1923-11-5
2026-07-21,google,search_pmax,impressions,4670-10-5
2026-07-21,google,search_pmax,clicks,1908-10-30
2026-07-21,google,search_pmax,qs,1899-12-30
2026-07-21,google,search_pmax,cp,1900-02-21
2026-07-21,google,search_shopping,spend,1901-12-9
2026-07-21,google,search_shopping,impressions,2012-09-10
2026-07-21,google,search_shopping,clicks,1901-02-1
2026-07-21,google,search_shopping,qs,1900-02-28
2026-07-21,google,search_shopping,cp,1899-12-31
2026-07-21,google,youtube,spend,1928-06-18
2026-07-21,google,youtube,impressions,27140-04-19
2026-07-21,google,youtube,clicks,1992-02-14
2026-07-21,google,youtube,qs,1901-07-2
2026-07-21,google,youtube,cp,1900-03-22
2026-07-21,meta,meta_bof,spend,1957-06-4
2026-07-21,meta,meta_bof,impressions,9565-05-9
2026-07-21,meta,meta_bof,clicks,1935-07-19
2026-07-21,meta,meta_bof,qs,1900-01-7
2026-07-21,meta,meta_bof,cp,1900-07-12
2026-07-21,meta,meta_mof,spend,1916-02-24
2026-07-21,meta,meta_mof,impressions,3608-01-15
2026-07-21,meta,meta_mof,clicks,1910-07-11
2026-07-21,meta,meta_mof,qs,1900-01-2
2026-07-21,meta,meta_mof,cp,1900-01-8
2026-07-21,meta,meta_tof,spend,1923-02-8
2026-07-21,meta,meta_tof,impressions,4764-06-5
2026-07-21,meta,meta_tof,clicks,1919-05-11
2026-07-21,meta,meta_tof,qs,1900-01-1
2026-07-21,meta,meta_tof,cp,1900-02-5
2026-07-21,reddit,reddit,spend,1902-08-1
2026-07-21,reddit,reddit,impressions,3000-01-5
2026-07-21,reddit,reddit,clicks,1901-09-8
2026-07-21,reddit,reddit,qs,1900-01-12
2026-07-21,reddit,reddit,cp,1900-01-4
2026-07-21,tiktok,tiktok,spend,1917-03-25
2026-07-21,tiktok,tiktok,impressions,8922-01-16
2026-07-21,tiktok,tiktok,clicks,1920-03-18
2026-07-21,tiktok,tiktok,qs,1901-01-7
2026-07-21,tiktok,tiktok,cp,1900-04-1
2026-07-20,google,search_brand,spend,1924-06-12
2026-07-20,google,search_brand,impressions,1915-06-5
2026-07-20,google,search_brand,clicks,1905-01-22
2026-07-20,google,search_brand,qs,1901-07-28
2026-07-20,google,search_brand,cp,1900-04-4
2026-07-20,google,search_nb,spend,1959-08-29
2026-07-20,google,search_nb,impressions,2211-08-5
2026-07-20,google,search_nb,clicks,1910-08-16
2026-07-20,google,search_nb,qs,1902-10-3
2026-07-20,google,search_nb,cp,1900-06-5
2026-07-20,google,search_pmax,spend,1925-07-7
2026-07-20,google,search_pmax,impressions,4796-03-31
2026-07-20,google,search_pmax,clicks,1908-07-21
2026-07-20,google,search_pmax,qs,1899-12-30
2026-07-20,google,search_pmax,cp,1900-02-27
2026-07-20,google,search_shopping,spend,1901-10-24
2026-07-20,google,search_shopping,impressions,2006-06-10
2026-07-20,google,search_shopping,clicks,1900-12-23
2026-07-20,google,search_shopping,qs,1900-02-21
2026-07-20,google,search_shopping,cp,1900-01-7
2026-07-20,google,youtube,spend,1918-12-11
2026-07-20,google,youtube,impressions,20811-05-17
2026-07-20,google,youtube,clicks,1970-05-5
2026-07-20,google,youtube,qs,1901-04-13
2026-07-20,google,youtube,cp,1900-03-3
2026-07-20,meta,meta_bof,spend,1936-08-30
2026-07-20,meta,meta_bof,impressions,8083-12-7
2026-07-20,meta,meta_bof,clicks,1922-01-20
2026-07-20,meta,meta_bof,qs,1900-01-13
2026-07-20,meta,meta_bof,cp,1900-08-6
2026-07-20,meta,meta_mof,spend,1899-12-30
2026-07-20,meta,meta_mof,impressions,1899-12-30
2026-07-20,meta,meta_mof,clicks,1899-12-30
2026-07-20,meta,meta_mof,qs,1900-01-3
2026-07-20,meta,meta_mof,cp,1899-12-30
2026-07-20,meta,meta_tof,spend,1921-10-13
2026-07-20,meta,meta_tof,impressions,4805-07-29
2026-07-20,meta,meta_tof,clicks,1918-01-19
2026-07-20,meta,meta_tof,qs,1900-01-2
2026-07-20,meta,meta_tof,cp,1900-02-10
2026-07-20,reddit,reddit,spend,1902-11-21
2026-07-20,reddit,reddit,impressions,2899-07-10
2026-07-20,reddit,reddit,clicks,1901-10-31
2026-07-20,reddit,reddit,qs,1900-01-11
2026-07-20,reddit,reddit,cp,1900-01-7
2026-07-20,tiktok,tiktok,spend,1912-03-1
2026-07-20,tiktok,tiktok,impressions,6908-10-22
2026-07-20,tiktok,tiktok,clicks,1912-11-3
2026-07-20,tiktok,tiktok,qs,1900-02-21
2026-07-20,tiktok,tiktok,cp,1900-03-13
2026-07-19,google,search_brand,spend,1924-09-4
2026-07-19,google,search_brand,impressions,1914-10-1
2026-07-19,google,search_brand,clicks,1904-12-25
2026-07-19,google,search_brand,qs,1901-08-29
2026-07-19,google,search_brand,cp,1900-04-4
2026-07-19,google,search_nb,spend,1960-06-10
2026-07-19,google,search_nb,impressions,2205-06-18
2026-07-19,google,search_nb,clicks,1910-07-12
2026-07-19,google,search_nb,qs,1902-09-11
2026-07-19,google,search_nb,cp,1900-05-10
2026-07-19,google,search_pmax,spend,1921-05-8
2026-07-19,google,search_pmax,impressions,3713-11-26
2026-07-19,google,search_pmax,clicks,1908-05-24
2026-07-19,google,search_pmax,qs,1899-12-30
2026-07-19,google,search_pmax,cp,1900-02-9
2026-07-19,google,search_shopping,spend,1901-12-25
2026-07-19,google,search_shopping,impressions,2013-04-17
2026-07-19,google,search_shopping,clicks,1901-01-14
2026-07-19,google,search_shopping,qs,1900-03-1
2026-07-19,google,search_shopping,cp,1900-01-2
2026-07-19,google,youtube,spend,1914-07-27
2026-07-19,google,youtube,impressions,18073-08-16
2026-07-19,google,youtube,clicks,1959-04-5
2026-07-19,google,youtube,qs,1901-01-15
2026-07-19,google,youtube,cp,1900-02-3
2026-07-19,meta,meta_bof,spend,1931-10-7
2026-07-19,meta,meta_bof,impressions,6853-08-8
2026-07-19,meta,meta_bof,clicks,1921-11-16
2026-07-19,meta,meta_bof,qs,1900-01-14
2026-07-19,meta,meta_bof,cp,1900-06-2
2026-07-19,meta,meta_mof,spend,1899-12-30
2026-07-19,meta,meta_mof,impressions,1899-12-30
2026-07-19,meta,meta_mof,clicks,1899-12-30
2026-07-19,meta,meta_mof,qs,1900-01-6
2026-07-19,meta,meta_mof,cp,1899-12-30
2026-07-19,meta,meta_tof,spend,1923-06-14
2026-07-19,meta,meta_tof,impressions,4868-05-19
2026-07-19,meta,meta_tof,clicks,1918-04-13
2026-07-19,meta,meta_tof,qs,1900-01-2
2026-07-19,meta,meta_tof,cp,1900-01-24
2026-07-19,reddit,reddit,spend,1902-10-4
2026-07-19,reddit,reddit,impressions,3066-07-3
2026-07-19,reddit,reddit,clicks,1902-05-11
2026-07-19,reddit,reddit,qs,1900-01-21
2026-07-19,reddit,reddit,cp,1900-01-8
2026-07-19,tiktok,tiktok,spend,1914-04-26
2026-07-19,tiktok,tiktok,impressions,6888-10-6
2026-07-19,tiktok,tiktok,clicks,1913-05-16
2026-07-19,tiktok,tiktok,qs,1900-01-9
2026-07-19,tiktok,tiktok,cp,1900-03-10
2026-07-18,google,search_brand,spend,1924-05-21
2026-07-18,google,search_brand,impressions,1913-08-15
2026-07-18,google,search_brand,clicks,1904-09-6
2026-07-18,google,search_brand,qs,1901-08-8
2026-07-18,google,search_brand,cp,1900-04-8
2026-07-18,google,search_nb,spend,1965-08-14
2026-07-18,google,search_nb,impressions,2217-09-12
2026-07-18,google,search_nb,clicks,1910-12-22
2026-07-18,google,search_nb,qs,1902-10-29
2026-07-18,google,search_nb,cp,1900-05-19
2026-07-18,google,search_pmax,spend,1917-09-12
2026-07-18,google,search_pmax,impressions,3267-05-28
2026-07-18,google,search_pmax,clicks,1906-09-1
2026-07-18,google,search_pmax,qs,1899-12-30
2026-07-18,google,search_pmax,cp,1900-02-1
2026-07-18,google,search_shopping,spend,1901-09-26
2026-07-18,google,search_shopping,impressions,2005-11-2
2026-07-18,google,search_shopping,clicks,1900-11-26
2026-07-18,google,search_shopping,qs,1900-02-20
2026-07-18,google,search_shopping,cp,1900-01-3
2026-07-18,google,youtube,spend,1916-11-21
2026-07-18,google,youtube,impressions,22077-01-20
2026-07-18,google,youtube,clicks,1978-12-27
2026-07-18,google,youtube,qs,1901-01-18
2026-07-18,google,youtube,cp,1900-03-5
2026-07-18,meta,meta_bof,spend,1925-05-25
2026-07-18,meta,meta_bof,impressions,5764-10-23
2026-07-18,meta,meta_bof,clicks,1920-09-14
2026-07-18,meta,meta_bof,qs,1900-01-29
2026-07-18,meta,meta_bof,cp,1900-05-24
2026-07-18,meta,meta_mof,spend,1899-12-30
2026-07-18,meta,meta_mof,impressions,1899-12-30
2026-07-18,meta,meta_mof,clicks,1899-12-30
2026-07-18,meta,meta_mof,qs,1900-01-14
2026-07-18,meta,meta_mof,cp,1900-01-3
2026-07-18,meta,meta_tof,spend,1920-10-15
2026-07-18,meta,meta_tof,impressions,4255-06-4
2026-07-18,meta,meta_tof,clicks,1917-11-24
2026-07-18,meta,meta_tof,qs,1900-01-3
2026-07-18,meta,meta_tof,cp,1900-01-31
2026-07-18,reddit,reddit,spend,1902-10-3
2026-07-18,reddit,reddit,impressions,2515-04-8
2026-07-18,reddit,reddit,clicks,1901-08-20
2026-07-18,reddit,reddit,qs,1900-01-3
2026-07-18,reddit,reddit,cp,1900-01-4
2026-07-18,tiktok,tiktok,spend,1908-12-20
2026-07-18,tiktok,tiktok,impressions,5050-02-14
2026-07-18,tiktok,tiktok,clicks,1909-02-13
2026-07-18,tiktok,tiktok,qs,1900-01-7
2026-07-18,tiktok,tiktok,cp,1900-02-13
2026-07-17,google,search_brand,spend,1923-07-29
2026-07-17,google,search_brand,impressions,1914-07-3
2026-07-17,google,search_brand,clicks,1904-12-28
2026-07-17,google,search_brand,qs,1901-07-10
2026-07-17,google,search_brand,cp,1900-04-26
2026-07-17,google,search_nb,spend,1968-01-10
2026-07-17,google,search_nb,impressions,2234-12-21
2026-07-17,google,search_nb,clicks,1911-04-24
2026-07-17,google,search_nb,qs,1902-11-11
2026-07-17,google,search_nb,cp,1900-05-28
2026-07-17,google,search_pmax,spend,1914-02-2
2026-07-17,google,search_pmax,impressions,2695-11-27
2026-07-17,google,search_pmax,clicks,1906-01-19
2026-07-17,google,search_pmax,qs,1899-12-30
2026-07-17,google,search_pmax,cp,1900-02-7
2026-07-17,google,search_shopping,spend,1901-09-8
2026-07-17,google,search_shopping,impressions,2005-10-20
2026-07-17,google,search_shopping,clicks,1900-11-21
2026-07-17,google,search_shopping,qs,1900-02-3
2026-07-17,google,search_shopping,cp,1899-12-30
2026-07-17,google,youtube,spend,1925-03-30
2026-07-17,google,youtube,impressions,27100-01-7
2026-07-17,google,youtube,clicks,1993-07-19
2026-07-17,google,youtube,qs,1901-03-24
2026-07-17,google,youtube,cp,1900-04-28
2026-07-17,meta,meta_bof,spend,1923-11-3
2026-07-17,meta,meta_bof,impressions,5091-02-14
2026-07-17,meta,meta_bof,clicks,1918-03-5
2026-07-17,meta,meta_bof,qs,1900-06-15
2026-07-17,meta,meta_bof,cp,1900-07-25
2026-07-17,meta,meta_mof,spend,1904-08-24
2026-07-17,meta,meta_mof,impressions,2381-06-7
2026-07-17,meta,meta_mof,clicks,1902-08-26
2026-07-17,meta,meta_mof,qs,1900-06-23
2026-07-17,meta,meta_mof,cp,1900-01-20
2026-07-17,meta,meta_tof,spend,1923-05-11
2026-07-17,meta,meta_tof,impressions,4796-06-4
2026-07-17,meta,meta_tof,clicks,1921-01-11
2026-07-17,meta,meta_tof,qs,1900-04-21
2026-07-17,meta,meta_tof,cp,1900-01-31
2026-07-17,reddit,reddit,spend,1902-09-8
2026-07-17,reddit,reddit,impressions,2563-07-6
2026-07-17,reddit,reddit,clicks,1901-10-22
2026-07-17,reddit,reddit,qs,1900-01-5
2026-07-17,reddit,reddit,cp,1900-01-4
2026-07-17,tiktok,tiktok,spend,1916-04-5
2026-07-17,tiktok,tiktok,impressions,7719-02-26
2026-07-17,tiktok,tiktok,clicks,1919-04-2
2026-07-17,tiktok,tiktok,qs,1900-01-12
2026-07-17,tiktok,tiktok,cp,1900-03-13
2026-07-16,google,search_brand,spend,1925-07-24
2026-07-16,google,search_brand,impressions,1916-11-27
2026-07-16,google,search_brand,clicks,1905-10-1
2026-07-16,google,search_brand,qs,1901-09-17
2026-07-16,google,search_brand,cp,1900-05-1
2026-07-16,google,search_nb,spend,1973-07-29
2026-07-16,google,search_nb,impressions,2296-10-2
2026-07-16,google,search_nb,clicks,1912-07-29
2026-07-16,google,search_nb,qs,1903-01-24
2026-07-16,google,search_nb,cp,1900-06-18
2026-07-16,google,search_pmax,spend,1915-01-16
2026-07-16,google,search_pmax,impressions,2798-01-6
2026-07-16,google,search_pmax,clicks,1906-07-1
2026-07-16,google,search_pmax,qs,1899-12-30
2026-07-16,google,search_pmax,cp,1900-02-2
2026-07-16,google,search_shopping,spend,1902-01-16
2026-07-16,google,search_shopping,impressions,2008-08-5
2026-07-16,google,search_shopping,clicks,1901-02-7
2026-07-16,google,search_shopping,qs,1900-02-17
2026-07-16,google,search_shopping,cp,1900-01-4
2026-07-16,google,youtube,spend,1934-05-22
2026-07-16,google,youtube,impressions,36199-06-17
2026-07-16,google,youtube,clicks,2025-12-16
2026-07-16,google,youtube,qs,1901-12-20
2026-07-16,google,youtube,cp,1900-05-20
2026-07-16,meta,meta_bof,spend,1937-03-3
2026-07-16,meta,meta_bof,impressions,6920-11-28
2026-07-16,meta,meta_bof,clicks,1922-01-10
2026-07-16,meta,meta_bof,qs,1900-11-29
2026-07-16,meta,meta_bof,cp,1900-05-7
2026-07-16,meta,meta_mof,spend,1925-08-12
2026-07-16,meta,meta_mof,impressions,5279-02-25
2026-07-16,meta,meta_mof,clicks,1917-01-25
2026-07-16,meta,meta_mof,qs,1901-04-18
2026-07-16,meta,meta_mof,cp,1900-01-18
2026-07-16,meta,meta_tof,spend,1932-11-12
2026-07-16,meta,meta_tof,impressions,6210-07-15
2026-07-16,meta,meta_tof,clicks,1931-09-8
2026-07-16,meta,meta_tof,qs,1900-07-25
2026-07-16,meta,meta_tof,cp,1900-02-23
2026-07-16,reddit,reddit,spend,1902-09-26
2026-07-16,reddit,reddit,impressions,2409-10-14
2026-07-16,reddit,reddit,clicks,1901-05-7
2026-07-16,reddit,reddit,qs,1900-01-6
2026-07-16,reddit,reddit,cp,1900-01-3
2026-07-16,tiktok,tiktok,spend,1911-12-3
2026-07-16,tiktok,tiktok,impressions,6256-05-12
2026-07-16,tiktok,tiktok,clicks,1926-02-7
2026-07-16,tiktok,tiktok,qs,1900-01-4
2026-07-16,tiktok,tiktok,cp,1900-03-14
2026-07-15,google,search_brand,spend,1923-07-14
2026-07-15,google,search_brand,impressions,1916-01-23
2026-07-15,google,search_brand,clicks,1905-04-16
2026-07-15,google,search_brand,qs,1901-08-10
2026-07-15,google,search_brand,cp,1900-04-26
2026-07-15,google,search_nb,spend,1957-06-21
2026-07-15,google,search_nb,impressions,2248-02-18
2026-07-15,google,search_nb,clicks,1910-03-5
2026-07-15,google,search_nb,qs,1902-09-21
2026-07-15,google,search_nb,cp,1900-06-17
2026-07-15,google,search_pmax,spend,1915-11-6
2026-07-15,google,search_pmax,impressions,2793-12-2
2026-07-15,google,search_pmax,clicks,1906-08-31
2026-07-15,google,search_pmax,qs,1899-12-30
2026-07-15,google,search_pmax,cp,1900-02-7
2026-07-15,google,search_shopping,spend,1902-01-14
2026-07-15,google,search_shopping,impressions,2009-01-31
2026-07-15,google,search_shopping,clicks,1901-01-30
2026-07-15,google,search_shopping,qs,1900-03-16
2026-07-15,google,search_shopping,cp,1900-01-5
2026-07-15,google,youtube,spend,1935-09-2
2026-07-15,google,youtube,impressions,35653-05-12
2026-07-15,google,youtube,clicks,2025-06-29
2026-07-15,google,youtube,qs,1902-08-3
2026-07-15,google,youtube,cp,1900-06-30
2026-07-15,meta,meta_bof,spend,1899-12-30
2026-07-15,meta,meta_bof,impressions,1899-12-30
2026-07-15,meta,meta_bof,clicks,1899-12-30
2026-07-15,meta,meta_bof,qs,1900-02-16
2026-07-15,meta,meta_bof,cp,1900-02-17
2026-07-15,meta,meta_mof,spend,1899-12-30
2026-07-15,meta,meta_mof,impressions,1899-12-30
2026-07-15,meta,meta_mof,clicks,1899-12-30
2026-07-15,meta,meta_mof,qs,1900-01-26
2026-07-15,meta,meta_mof,cp,1899-12-31
2026-07-15,meta,meta_tof,spend,1918-05-18
2026-07-15,meta,meta_tof,impressions,4152-02-6
2026-07-15,meta,meta_tof,clicks,1918-04-6
2026-07-15,meta,meta_tof,qs,1900-01-5
2026-07-15,meta,meta_tof,cp,1900-02-18
2026-07-15,reddit,reddit,spend,1902-10-22
2026-07-15,reddit,reddit,impressions,2472-04-14
2026-07-15,reddit,reddit,clicks,1901-05-10
2026-07-15,reddit,reddit,qs,1900-01-15
2026-07-15,reddit,reddit,cp,1900-01-4
2026-07-15,tiktok,tiktok,spend,1912-12-3
2026-07-15,tiktok,tiktok,impressions,6320-04-17
2026-07-15,tiktok,tiktok,clicks,1914-11-13
2026-07-15,tiktok,tiktok,qs,1900-01-3
2026-07-15,tiktok,tiktok,cp,1900-03-17
2026-07-14,google,search_brand,spend,1923-11-17
2026-07-14,google,search_brand,impressions,1916-03-10
2026-07-14,google,search_brand,clicks,1905-09-2
2026-07-14,google,search_brand,qs,1901-10-8
2026-07-14,google,search_brand,cp,1900-05-10
2026-07-14,google,search_nb,spend,1952-10-28
2026-07-14,google,search_nb,impressions,2218-10-27
2026-07-14,google,search_nb,clicks,1909-04-23
2026-07-14,google,search_nb,qs,1902-07-20
2026-07-14,google,search_nb,cp,1900-05-13
2026-07-14,google,search_pmax,spend,1913-05-23
2026-07-14,google,search_pmax,impressions,2662-10-23
2026-07-14,google,search_pmax,clicks,1905-02-16
2026-07-14,google,search_pmax,qs,1899-12-30
2026-07-14,google,search_pmax,cp,1900-02-8
2026-07-14,google,search_shopping,spend,1901-06-16
2026-07-14,google,search_shopping,impressions,1984-12-14
2026-07-14,google,search_shopping,clicks,1900-10-4
2026-07-14,google,search_shopping,qs,1900-01-31
2026-07-14,google,search_shopping,cp,1900-01-2
2026-07-14,google,youtube,spend,1931-07-29
2026-07-14,google,youtube,impressions,31527-05-24
2026-07-14,google,youtube,clicks,2012-09-10
2026-07-14,google,youtube,qs,1902-06-6
2026-07-14,google,youtube,cp,1900-06-17
2026-07-14,meta,meta_bof,spend,1914-06-9
2026-07-14,meta,meta_bof,impressions,3393-12-2
2026-07-14,meta,meta_bof,clicks,1908-11-15
2026-07-14,meta,meta_bof,qs,1901-01-12
2026-07-14,meta,meta_bof,cp,1900-07-7
2026-07-14,meta,meta_mof,spend,1904-03-17
2026-07-14,meta,meta_mof,impressions,2210-12-19
2026-07-14,meta,meta_mof,clicks,1902-08-28
2026-07-14,meta,meta_mof,qs,1900-06-30
2026-07-14,meta,meta_mof,cp,1900-01-16
2026-07-14,meta,meta_tof,spend,1910-10-3
2026-07-14,meta,meta_tof,impressions,3098-04-14
2026-07-14,meta,meta_tof,clicks,1912-02-28
2026-07-14,meta,meta_tof,qs,1900-05-1
2026-07-14,meta,meta_tof,cp,1900-01-27
2026-07-14,reddit,reddit,spend,1902-07-22
2026-07-14,reddit,reddit,impressions,2437-03-2
2026-07-14,reddit,reddit,clicks,1901-03-18
2026-07-14,reddit,reddit,qs,1900-01-20
2026-07-14,reddit,reddit,cp,1900-01-9
2026-07-14,tiktok,tiktok,spend,1915-08-6
2026-07-14,tiktok,tiktok,impressions,8056-07-3
2026-07-14,tiktok,tiktok,clicks,1932-01-4
2026-07-14,tiktok,tiktok,qs,1899-12-31
2026-07-14,tiktok,tiktok,cp,1900-04-11
2026-07-13,google,search_brand,spend,1928-11-29
2026-07-13,google,search_brand,impressions,1915-01-4
2026-07-13,google,search_brand,clicks,1906-06-11
2026-07-13,google,search_brand,qs,1901-11-27
2026-07-13,google,search_brand,cp,1900-06-12
2026-07-13,google,search_nb,spend,1946-01-26
2026-07-13,google,search_nb,impressions,2190-06-24
2026-07-13,google,search_nb,clicks,1908-12-1
2026-07-13,google,search_nb,qs,1902-05-12
2026-07-13,google,search_nb,cp,1900-05-2
2026-07-13,google,search_pmax,spend,1921-07-15
2026-07-13,google,search_pmax,impressions,2836-05-15
2026-07-13,google,search_pmax,clicks,1907-06-29
2026-07-13,google,search_pmax,qs,1899-12-30
2026-07-13,google,search_pmax,cp,1900-02-16
2026-07-13,google,search_shopping,spend,1901-11-18
2026-07-13,google,search_shopping,impressions,2005-06-17
2026-07-13,google,search_shopping,clicks,1901-01-6
2026-07-13,google,search_shopping,qs,1900-02-22
2026-07-13,google,search_shopping,cp,1899-12-31
2026-07-13,google,youtube,spend,1913-09-14
2026-07-13,google,youtube,impressions,18778-03-17
2026-07-13,google,youtube,clicks,1955-09-13
2026-07-13,google,youtube,qs,1901-03-10
2026-07-13,google,youtube,cp,1900-03-16
2026-07-13,meta,meta_bof,spend,1984-07-1
2026-07-13,meta,meta_bof,impressions,12931-11-8
2026-07-13,meta,meta_bof,clicks,1951-09-18
2026-07-13,meta,meta_bof,qs,1902-04-2
2026-07-13,meta,meta_bof,cp,1900-10-7
2026-07-13,meta,meta_mof,spend,1930-12-2
2026-07-13,meta,meta_mof,impressions,5019-04-29
2026-07-13,meta,meta_mof,clicks,1921-03-1
2026-07-13,meta,meta_mof,qs,1902-07-4
2026-07-13,meta,meta_mof,cp,1900-01-24
2026-07-13,meta,meta_tof,spend,1907-02-21
2026-07-13,meta,meta_tof,impressions,2691-03-20
2026-07-13,meta,meta_tof,clicks,1906-10-26
2026-07-13,meta,meta_tof,qs,1900-11-3
2026-07-13,meta,meta_tof,cp,1900-01-5
2026-07-13,reddit,reddit,spend,1902-11-23
2026-07-13,reddit,reddit,impressions,2498-06-18
2026-07-13,reddit,reddit,clicks,1901-05-3
2026-07-13,reddit,reddit,qs,1900-02-8
2026-07-13,reddit,reddit,cp,1900-01-11
2026-07-13,tiktok,tiktok,spend,1918-03-6
2026-07-13,tiktok,tiktok,impressions,8145-08-22
2026-07-13,tiktok,tiktok,clicks,1933-08-25
2026-07-13,tiktok,tiktok,qs,1899-12-30
2026-07-13,tiktok,tiktok,cp,1900-04-4
2026-07-12,google,search_brand,spend,1926-06-17
2026-07-12,google,search_brand,impressions,1913-12-2
2026-07-12,google,search_brand,clicks,1905-09-29
2026-07-12,google,search_brand,qs,1901-09-24
2026-07-12,google,search_brand,cp,1900-05-5
2026-07-12,google,search_nb,spend,1949-10-16
2026-07-12,google,search_nb,impressions,2227-03-8
2026-07-12,google,search_nb,clicks,1909-05-24
2026-07-12,google,search_nb,qs,1902-06-25
2026-07-12,google,search_nb,cp,1900-05-1
2026-07-12,google,search_pmax,spend,1923-07-24
2026-07-12,google,search_pmax,impressions,2988-12-13
2026-07-12,google,search_pmax,clicks,1907-07-13
2026-07-12,google,search_pmax,qs,1899-12-30
2026-07-12,google,search_pmax,cp,1900-02-21
2026-07-12,google,search_shopping,spend,1901-11-16
2026-07-12,google,search_shopping,impressions,2006-03-28
2026-07-12,google,search_shopping,clicks,1900-12-30
2026-07-12,google,search_shopping,qs,1900-02-27
2026-07-12,google,search_shopping,cp,1900-01-3
2026-07-12,google,youtube,spend,1912-06-22
2026-07-12,google,youtube,impressions,16636-01-13
2026-07-12,google,youtube,clicks,1948-04-24
2026-07-12,google,youtube,qs,1901-05-6
2026-07-12,google,youtube,cp,1900-03-6
2026-07-12,meta,meta_bof,spend,1983-04-8
2026-07-12,meta,meta_bof,impressions,11881-06-21
2026-07-12,meta,meta_bof,clicks,1951-02-27
2026-07-12,meta,meta_bof,qs,1902-06-27
2026-07-12,meta,meta_bof,cp,1900-09-1
2026-07-12,meta,meta_mof,spend,1936-11-22
2026-07-12,meta,meta_mof,impressions,5809-09-3
2026-07-12,meta,meta_mof,clicks,1928-07-5
2026-07-12,meta,meta_mof,qs,1902-12-20
2026-07-12,meta,meta_mof,cp,1900-01-27
2026-07-12,meta,meta_tof,spend,1909-01-18
2026-07-12,meta,meta_tof,impressions,2906-01-7
2026-07-12,meta,meta_tof,clicks,1909-11-10
2026-07-12,meta,meta_tof,qs,1900-12-29
2026-07-12,meta,meta_tof,cp,1900-01-2
2026-07-12,reddit,reddit,spend,1902-10-2
2026-07-12,reddit,reddit,impressions,2643-08-22
2026-07-12,reddit,reddit,clicks,1901-09-20
2026-07-12,reddit,reddit,qs,1900-02-10
2026-07-12,reddit,reddit,cp,1900-01-11
2026-07-12,tiktok,tiktok,spend,1918-01-26
2026-07-12,tiktok,tiktok,impressions,10112-10-26
2026-07-12,tiktok,tiktok,clicks,1935-03-24
2026-07-12,tiktok,tiktok,qs,1899-12-30
2026-07-12,tiktok,tiktok,cp,1900-03-31
2026-07-11,google,search_brand,spend,1924-03-16
2026-07-11,google,search_brand,impressions,1912-08-20
2026-07-11,google,search_brand,clicks,1905-04-10
2026-07-11,google,search_brand,qs,1901-08-6
2026-07-11,google,search_brand,cp,1900-04-21
2026-07-11,google,search_nb,spend,1943-09-5
2026-07-11,google,search_nb,impressions,2184-06-26
2026-07-11,google,search_nb,clicks,1908-02-1
2026-07-11,google,search_nb,qs,1902-03-2
2026-07-11,google,search_nb,cp,1900-04-15
2026-07-11,google,search_pmax,spend,1917-06-3
2026-07-11,google,search_pmax,impressions,2938-05-15
2026-07-11,google,search_pmax,clicks,1905-10-21
2026-07-11,google,search_pmax,qs,1899-12-30
2026-07-11,google,search_pmax,cp,1900-02-11
2026-07-11,google,search_shopping,spend,1901-08-2
2026-07-11,google,search_shopping,impressions,1994-11-30
2026-07-11,google,search_shopping,clicks,1900-10-29
2026-07-11,google,search_shopping,qs,1900-02-20
2026-07-11,google,search_shopping,cp,1900-01-2
2026-07-11,google,youtube,spend,1912-04-25
2026-07-11,google,youtube,impressions,15605-11-13
2026-07-11,google,youtube,clicks,1949-05-2
2026-07-11,google,youtube,qs,1900-11-6
2026-07-11,google,youtube,cp,1900-03-8
2026-07-11,meta,meta_bof,spend,1975-12-19
2026-07-11,meta,meta_bof,impressions,10409-03-19
2026-07-11,meta,meta_bof,clicks,1944-07-18
2026-07-11,meta,meta_bof,qs,1902-04-2
2026-07-11,meta,meta_bof,cp,1900-07-22
2026-07-11,meta,meta_mof,spend,1927-02-17
2026-07-11,meta,meta_mof,impressions,4478-02-16
2026-07-11,meta,meta_mof,clicks,1920-02-3
2026-07-11,meta,meta_mof,qs,1902-05-20
2026-07-11,meta,meta_mof,cp,1900-01-22
2026-07-11,meta,meta_tof,spend,1906-08-9
2026-07-11,meta,meta_tof,impressions,2565-10-3
2026-07-11,meta,meta_tof,clicks,1907-07-3
2026-07-11,meta,meta_tof,qs,1900-11-7
2026-07-11,meta,meta_tof,cp,1900-01-6
2026-07-11,reddit,reddit,spend,1902-10-6
2026-07-11,reddit,reddit,impressions,2513-07-3
2026-07-11,reddit,reddit,clicks,1901-07-25
2026-07-11,reddit,reddit,qs,1900-01-14
2026-07-11,reddit,reddit,cp,1900-01-16
2026-07-11,tiktok,tiktok,spend,1910-07-10
2026-07-11,tiktok,tiktok,impressions,5098-10-19
2026-07-11,tiktok,tiktok,clicks,1912-07-20
2026-07-11,tiktok,tiktok,qs,1899-12-30
2026-07-11,tiktok,tiktok,cp,1900-02-26
2026-07-10,google,search_brand,spend,1926-09-19
2026-07-10,google,search_brand,impressions,1914-02-24
2026-07-10,google,search_brand,clicks,1905-12-16
2026-07-10,google,search_brand,qs,1901-09-30
2026-07-10,google,search_brand,cp,1900-05-20
2026-07-10,google,search_nb,spend,1946-09-25
2026-07-10,google,search_nb,impressions,2163-01-14
2026-07-10,google,search_nb,clicks,1908-07-8
2026-07-10,google,search_nb,qs,1901-12-22
2026-07-10,google,search_nb,cp,1900-04-20
2026-07-10,google,search_pmax,spend,1922-05-1
2026-07-10,google,search_pmax,impressions,3666-12-20
2026-07-10,google,search_pmax,clicks,1907-01-13
2026-07-10,google,search_pmax,qs,1899-12-30
2026-07-10,google,search_pmax,cp,1900-03-7
2026-07-10,google,search_shopping,spend,1901-09-21
2026-07-10,google,search_shopping,impressions,1996-12-29
2026-07-10,google,search_shopping,clicks,1900-11-26
2026-07-10,google,search_shopping,qs,1900-02-23
2026-07-10,google,search_shopping,cp,1900-01-2
2026-07-10,google,youtube,spend,1912-03-17
2026-07-10,google,youtube,impressions,15050-12-30
2026-07-10,google,youtube,clicks,1947-04-10
2026-07-10,google,youtube,qs,1900-10-7
2026-07-10,google,youtube,cp,1900-02-18
2026-07-10,meta,meta_bof,spend,1977-01-28
2026-07-10,meta,meta_bof,impressions,10357-12-7
2026-07-10,meta,meta_bof,clicks,1949-06-5
2026-07-10,meta,meta_bof,qs,1902-02-21
2026-07-10,meta,meta_bof,cp,1900-10-13
2026-07-10,meta,meta_mof,spend,1930-04-20
2026-07-10,meta,meta_mof,impressions,5033-07-21
2026-07-10,meta,meta_mof,clicks,1922-03-14
2026-07-10,meta,meta_mof,qs,1902-06-22
2026-07-10,meta,meta_mof,cp,1900-02-11
2026-07-10,meta,meta_tof,spend,1908-05-12
2026-07-10,meta,meta_tof,impressions,2812-07-11
2026-07-10,meta,meta_tof,clicks,1908-08-11
2026-07-10,meta,meta_tof,qs,1900-12-25
2026-07-10,meta,meta_tof,cp,1900-01-7
2026-07-10,reddit,reddit,spend,1902-10-6
2026-07-10,reddit,reddit,impressions,2698-06-9
2026-07-10,reddit,reddit,clicks,1901-12-26
2026-07-10,reddit,reddit,qs,1900-01-29
2026-07-10,reddit,reddit,cp,1900-01-13
2026-07-10,tiktok,tiktok,spend,1918-05-3
2026-07-10,tiktok,tiktok,impressions,6366-04-18
2026-07-10,tiktok,tiktok,clicks,1923-08-8
2026-07-10,tiktok,tiktok,qs,1899-12-30
2026-07-10,tiktok,tiktok,cp,1900-04-25
2026-07-9,google,search_brand,spend,1935-08-5
2026-07-9,google,search_brand,impressions,1917-11-6
2026-07-9,google,search_brand,clicks,1907-04-14
2026-07-9,google,search_brand,qs,1902-02-24
2026-07-9,google,search_brand,cp,1900-05-28
2026-07-9,google,search_nb,spend,1959-06-5
2026-07-9,google,search_nb,impressions,2258-03-1
2026-07-9,google,search_nb,clicks,1911-10-25
2026-07-9,google,search_nb,qs,1902-10-23
2026-07-9,google,search_nb,cp,1900-06-10
2026-07-9,google,search_pmax,spend,1925-07-27
2026-07-9,google,search_pmax,impressions,3425-01-13
2026-07-9,google,search_pmax,clicks,1908-09-24
2026-07-9,google,search_pmax,qs,1899-12-30
2026-07-9,google,search_pmax,cp,1900-03-1
2026-07-9,google,search_shopping,spend,1901-11-6
2026-07-9,google,search_shopping,impressions,2001-09-12
2026-07-9,google,search_shopping,clicks,1900-12-22
2026-07-9,google,search_shopping,qs,1900-03-5
2026-07-9,google,search_shopping,cp,1900-01-4
2026-07-9,google,youtube,spend,1912-06-14
2026-07-9,google,youtube,impressions,12428-10-10
2026-07-9,google,youtube,clicks,1934-06-25
2026-07-9,google,youtube,qs,1900-12-9
2026-07-9,google,youtube,cp,1900-03-9
2026-07-9,meta,meta_bof,spend,1998-10-22
2026-07-9,meta,meta_bof,impressions,13235-01-9
2026-07-9,meta,meta_bof,clicks,1962-01-31
2026-07-9,meta,meta_bof,qs,1902-12-22
2026-07-9,meta,meta_bof,cp,1900-10-19
2026-07-9,meta,meta_mof,spend,1943-02-24
2026-07-9,meta,meta_mof,impressions,5983-06-1
2026-07-9,meta,meta_mof,clicks,1931-11-9
2026-07-9,meta,meta_mof,qs,1903-08-3
2026-07-9,meta,meta_mof,cp,1900-01-28
2026-07-9,meta,meta_tof,spend,1914-01-9
2026-07-9,meta,meta_tof,impressions,3466-12-30
2026-07-9,meta,meta_tof,clicks,1914-04-18
2026-07-9,meta,meta_tof,qs,1901-09-9
2026-07-9,meta,meta_tof,cp,1900-01-10
2026-07-9,reddit,reddit,spend,1905-07-22
2026-07-9,reddit,reddit,impressions,3198-09-15
2026-07-9,reddit,reddit,clicks,1903-02-14
2026-07-9,reddit,reddit,qs,1900-02-12
2026-07-9,reddit,reddit,cp,1900-01-17
2026-07-9,tiktok,tiktok,spend,1922-06-16
2026-07-9,tiktok,tiktok,impressions,6777-05-28
2026-07-9,tiktok,tiktok,clicks,1933-01-13
2026-07-9,tiktok,tiktok,qs,1899-12-30
2026-07-9,tiktok,tiktok,cp,1900-04-28
2026-07-8,google,search_brand,spend,1932-08-11
2026-07-8,google,search_brand,impressions,1917-06-14
2026-07-8,google,search_brand,clicks,1907-05-28
2026-07-8,google,search_brand,qs,1902-04-1
2026-07-8,google,search_brand,cp,1900-06-29
2026-07-8,google,search_nb,spend,1973-07-8
2026-07-8,google,search_nb,impressions,2317-08-8
2026-07-8,google,search_nb,clicks,1914-07-2
2026-07-8,google,search_nb,qs,1903-11-21
2026-07-8,google,search_nb,cp,1900-08-11
2026-07-8,google,search_pmax,spend,1918-11-23
2026-07-8,google,search_pmax,impressions,3004-06-15
2026-07-8,google,search_pmax,clicks,1907-06-7
2026-07-8,google,search_pmax,qs,1899-12-30
2026-07-8,google,search_pmax,cp,1900-02-24
2026-07-8,google,search_shopping,spend,1901-11-7
2026-07-8,google,search_shopping,impressions,2003-01-20
2026-07-8,google,search_shopping,clicks,1901-01-1
2026-07-8,google,search_shopping,qs,1900-03-6
2026-07-8,google,search_shopping,cp,1900-01-3
2026-07-8,google,youtube,spend,1912-02-7
2026-07-8,google,youtube,impressions,10996-01-23
2026-07-8,google,youtube,clicks,1926-08-27
2026-07-8,google,youtube,qs,1901-02-26
2026-07-8,google,youtube,cp,1900-03-6
2026-07-8,meta,meta_bof,spend,2013-09-3
2026-07-8,meta,meta_bof,impressions,15491-05-3
2026-07-8,meta,meta_bof,clicks,1969-03-20
2026-07-8,meta,meta_bof,qs,1903-05-10
2026-07-8,meta,meta_bof,cp,1901-02-6
2026-07-8,meta,meta_mof,spend,1949-01-4
2026-07-8,meta,meta_mof,impressions,7015-01-13
2026-07-8,meta,meta_mof,clicks,1935-08-2
2026-07-8,meta,meta_mof,qs,1903-11-1
2026-07-8,meta,meta_mof,cp,1900-02-25
2026-07-8,meta,meta_tof,spend,1914-05-6
2026-07-8,meta,meta_tof,impressions,3735-05-23
2026-07-8,meta,meta_tof,clicks,1915-09-17
2026-07-8,meta,meta_tof,qs,1901-12-19
2026-07-8,meta,meta_tof,cp,1900-01-15
2026-07-8,reddit,reddit,spend,1905-07-13
2026-07-8,reddit,reddit,impressions,3780-12-4
2026-07-8,reddit,reddit,clicks,1903-12-30
2026-07-8,reddit,reddit,qs,1900-03-4
2026-07-8,reddit,reddit,cp,1900-01-27
2026-07-8,tiktok,tiktok,spend,1920-09-13
2026-07-8,tiktok,tiktok,impressions,6217-12-31
2026-07-8,tiktok,tiktok,clicks,1932-07-2
2026-07-8,tiktok,tiktok,qs,1899-12-31
2026-07-8,tiktok,tiktok,cp,1900-05-6
2026-07-7,google,search_brand,spend,1938-06-13
2026-07-7,google,search_brand,impressions,1923-07-27
2026-07-7,google,search_brand,clicks,1908-08-6
2026-07-7,google,search_brand,qs,1902-06-25
2026-07-7,google,search_brand,cp,1900-06-25
2026-07-7,google,search_nb,spend,2004-07-19
2026-07-7,google,search_nb,impressions,2458-09-14
2026-07-7,google,search_nb,clicks,1921-01-16
2026-07-7,google,search_nb,qs,1905-05-21
2026-07-7,google,search_nb,cp,1900-10-6
2026-07-7,google,search_pmax,spend,1921-04-12
2026-07-7,google,search_pmax,impressions,3112-01-12
2026-07-7,google,search_pmax,clicks,1908-07-25
2026-07-7,google,search_pmax,qs,1899-12-30
2026-07-7,google,search_pmax,cp,1900-03-9
2026-07-7,google,search_shopping,spend,1901-11-25
2026-07-7,google,search_shopping,impressions,2013-08-8
2026-07-7,google,search_shopping,clicks,1901-01-20
2026-07-7,google,search_shopping,qs,1900-02-24
2026-07-7,google,search_shopping,cp,1900-01-3
2026-07-7,google,youtube,spend,1912-02-13
2026-07-7,google,youtube,impressions,10712-05-15
2026-07-7,google,youtube,clicks,1927-06-20
2026-07-7,google,youtube,qs,1901-02-26
2026-07-7,google,youtube,cp,1900-03-2
2026-07-7,meta,meta_bof,spend,2012-09-4
2026-07-7,meta,meta_bof,impressions,14926-07-15
2026-07-7,meta,meta_bof,clicks,1967-06-12
2026-07-7,meta,meta_bof,qs,1904-01-31
2026-07-7,meta,meta_bof,cp,1901-05-16
2026-07-7,meta,meta_mof,spend,1936-02-23
2026-07-7,meta,meta_mof,impressions,5939-03-26
2026-07-7,meta,meta_mof,clicks,1931-01-23
2026-07-7,meta,meta_mof,qs,1903-04-24
2026-07-7,meta,meta_mof,cp,1900-02-8
2026-07-7,meta,meta_tof,spend,1909-09-13
2026-07-7,meta,meta_tof,impressions,3026-10-28
2026-07-7,meta,meta_tof,clicks,1912-02-10
2026-07-7,meta,meta_tof,qs,1901-07-19
2026-07-7,meta,meta_tof,cp,1900-01-18
2026-07-7,reddit,reddit,spend,1902-08-27
2026-07-7,reddit,reddit,impressions,2981-03-31
2026-07-7,reddit,reddit,clicks,1901-12-10
2026-07-7,reddit,reddit,qs,1900-03-8
2026-07-7,reddit,reddit,cp,1900-01-21
2026-07-7,tiktok,tiktok,spend,1922-01-24
2026-07-7,tiktok,tiktok,impressions,6873-03-28
2026-07-7,tiktok,tiktok,clicks,1936-01-14
2026-07-7,tiktok,tiktok,qs,1900-02-5
2026-07-7,tiktok,tiktok,cp,1900-06-13
2026-07-6,google,search_brand,spend,1941-02-14
2026-07-6,google,search_brand,impressions,1921-12-11
2026-07-6,google,search_brand,clicks,1909-11-15
2026-07-6,google,search_brand,qs,1902-10-10
2026-07-6,google,search_brand,cp,1900-08-2
2026-07-6,google,search_nb,spend,1988-11-3
2026-07-6,google,search_nb,impressions,2539-09-16
2026-07-6,google,search_nb,clicks,1924-01-7
2026-07-6,google,search_nb,qs,1905-06-11
2026-07-6,google,search_nb,cp,1900-11-12
2026-07-6,google,search_pmax,spend,1930-08-19
2026-07-6,google,search_pmax,impressions,4030-06-27
2026-07-6,google,search_pmax,clicks,1911-05-1
2026-07-6,google,search_pmax,qs,1899-12-30
2026-07-6,google,search_pmax,cp,1900-03-21
2026-07-6,google,search_shopping,spend,1901-11-13
2026-07-6,google,search_shopping,impressions,2005-11-17
2026-07-6,google,search_shopping,clicks,1901-01-1
2026-07-6,google,search_shopping,qs,1900-02-21
2026-07-6,google,search_shopping,cp,1900-01-7
2026-07-6,google,youtube,spend,1912-11-6
2026-07-6,google,youtube,impressions,12041-10-11
2026-07-6,google,youtube,clicks,1931-11-20
2026-07-6,google,youtube,qs,1901-06-7
2026-07-6,google,youtube,cp,1900-03-8
2026-07-6,meta,meta_bof,spend,2003-07-29
2026-07-6,meta,meta_bof,impressions,14625-11-23
2026-07-6,meta,meta_bof,clicks,1960-07-26
2026-07-6,meta,meta_bof,qs,1903-11-12
2026-07-6,meta,meta_bof,cp,1901-04-17
2026-07-6,meta,meta_mof,spend,1946-10-2
2026-07-6,meta,meta_mof,impressions,7409-06-20
2026-07-6,meta,meta_mof,clicks,1959-10-24
2026-07-6,meta,meta_mof,qs,1904-10-27
2026-07-6,meta,meta_mof,cp,1900-03-26
2026-07-6,meta,meta_tof,spend,1913-02-10
2026-07-6,meta,meta_tof,impressions,3917-03-14
2026-07-6,meta,meta_tof,clicks,1919-07-31
2026-07-6,meta,meta_tof,qs,1902-02-17
2026-07-6,meta,meta_tof,cp,1900-01-21
2026-07-6,reddit,reddit,spend,1902-11-10
2026-07-6,reddit,reddit,impressions,2773-08-14
2026-07-6,reddit,reddit,clicks,1901-12-14
2026-07-6,reddit,reddit,qs,1900-02-1
2026-07-6,reddit,reddit,cp,1900-01-15
2026-07-6,tiktok,tiktok,spend,1920-08-17
2026-07-6,tiktok,tiktok,impressions,7211-08-22
2026-07-6,tiktok,tiktok,clicks,1935-02-23
2026-07-6,tiktok,tiktok,qs,1900-03-22
2026-07-6,tiktok,tiktok,cp,1900-06-16
2026-07-5,google,search_brand,spend,1941-10-13
2026-07-5,google,search_brand,impressions,1918-04-15
2026-07-5,google,search_brand,clicks,1908-06-2
2026-07-5,google,search_brand,qs,1902-06-12
2026-07-5,google,search_brand,cp,1900-07-9
2026-07-5,google,search_nb,spend,1965-10-17
2026-07-5,google,search_nb,impressions,2267-06-10
2026-07-5,google,search_nb,clicks,1911-12-27
2026-07-5,google,search_nb,qs,1903-03-14
2026-07-5,google,search_nb,cp,1900-06-21
2026-07-5,google,search_pmax,spend,1928-05-6
2026-07-5,google,search_pmax,impressions,3165-08-6
2026-07-5,google,search_pmax,clicks,1909-05-7
2026-07-5,google,search_pmax,qs,1899-12-30
2026-07-5,google,search_pmax,cp,1900-02-23
2026-07-5,google,search_shopping,spend,1901-12-5
2026-07-5,google,search_shopping,impressions,2010-12-24
2026-07-5,google,search_shopping,clicks,1901-01-14
2026-07-5,google,search_shopping,qs,1900-02-27
2026-07-5,google,search_shopping,cp,1900-01-4
2026-07-5,google,youtube,spend,1912-06-25
2026-07-5,google,youtube,impressions,13662-04-18
2026-07-5,google,youtube,clicks,1939-01-5
2026-07-5,google,youtube,qs,1901-06-26
2026-07-5,google,youtube,cp,1900-03-28
2026-07-5,meta,meta_bof,spend,2015-01-12
2026-07-5,meta,meta_bof,impressions,15518-07-4
2026-07-5,meta,meta_bof,clicks,1959-07-29
2026-07-5,meta,meta_bof,qs,1903-09-16
2026-07-5,meta,meta_bof,cp,1901-03-30
2026-07-5,meta,meta_mof,spend,1949-02-14
2026-07-5,meta,meta_mof,impressions,7465-10-2
2026-07-5,meta,meta_mof,clicks,1958-05-23
2026-07-5,meta,meta_mof,qs,1905-07-25
2026-07-5,meta,meta_mof,cp,1900-03-23
2026-07-5,meta,meta_tof,spend,1915-01-1
2026-07-5,meta,meta_tof,impressions,4037-08-29
2026-07-5,meta,meta_tof,clicks,1919-08-3
2026-07-5,meta,meta_tof,qs,1902-05-17
2026-07-5,meta,meta_tof,cp,1900-01-17
2026-07-5,reddit,reddit,spend,1902-09-29
2026-07-5,reddit,reddit,impressions,2616-09-26
2026-07-5,reddit,reddit,clicks,1902-01-20
2026-07-5,reddit,reddit,qs,1900-01-22
2026-07-5,reddit,reddit,cp,1900-01-5
2026-07-5,tiktok,tiktok,spend,1921-12-7
2026-07-5,tiktok,tiktok,impressions,7600-03-31
2026-07-5,tiktok,tiktok,clicks,1933-02-21
2026-07-5,tiktok,tiktok,qs,1900-04-4
2026-07-5,tiktok,tiktok,cp,1900-06-13
2026-07-4,google,search_brand,spend,1938-10-20
2026-07-4,google,search_brand,impressions,1919-01-17
2026-07-4,google,search_brand,clicks,1906-10-7
2026-07-4,google,search_brand,qs,1901-11-10
2026-07-4,google,search_brand,cp,1900-06-11
2026-07-4,google,search_nb,spend,1976-07-8
2026-07-4,google,search_nb,impressions,2324-04-24
2026-07-4,google,search_nb,clicks,1912-12-10
2026-07-4,google,search_nb,qs,1903-05-17
2026-07-4,google,search_nb,cp,1900-06-7
2026-07-4,google,search_pmax,spend,1926-03-26
2026-07-4,google,search_pmax,impressions,2908-06-29
2026-07-4,google,search_pmax,clicks,1907-06-28
2026-07-4,google,search_pmax,qs,1899-12-30
2026-07-4,google,search_pmax,cp,1900-02-14
2026-07-4,google,search_shopping,spend,1902-01-7
2026-07-4,google,search_shopping,impressions,2018-04-25
2026-07-4,google,search_shopping,clicks,1901-01-16
2026-07-4,google,search_shopping,qs,1900-02-5
2026-07-4,google,search_shopping,cp,1900-01-3
2026-07-4,google,youtube,spend,1912-06-16
2026-07-4,google,youtube,impressions,14468-10-17
2026-07-4,google,youtube,clicks,1940-11-9
2026-07-4,google,youtube,qs,1901-04-25
2026-07-4,google,youtube,cp,1900-03-9
2026-07-4,meta,meta_bof,spend,1984-06-19
2026-07-4,meta,meta_bof,impressions,11617-01-5
2026-07-4,meta,meta_bof,clicks,1948-02-19
2026-07-4,meta,meta_bof,qs,1903-01-14
2026-07-4,meta,meta_bof,cp,1900-10-10
2026-07-4,meta,meta_mof,spend,1935-02-24
2026-07-4,meta,meta_mof,impressions,5938-07-30
2026-07-4,meta,meta_mof,clicks,1946-05-1
2026-07-4,meta,meta_mof,qs,1904-10-14
2026-07-4,meta,meta_mof,cp,1900-02-27
2026-07-4,meta,meta_tof,spend,1909-08-19
2026-07-4,meta,meta_tof,impressions,3138-07-28
2026-07-4,meta,meta_tof,clicks,1914-08-26
2026-07-4,meta,meta_tof,qs,1902-01-10
2026-07-4,meta,meta_tof,cp,1900-01-18
2026-07-4,reddit,reddit,spend,1902-09-27
2026-07-4,reddit,reddit,impressions,2509-10-17
2026-07-4,reddit,reddit,clicks,1901-10-6
2026-07-4,reddit,reddit,qs,1900-01-14
2026-07-4,reddit,reddit,cp,1900-01-6
2026-07-4,tiktok,tiktok,spend,1917-05-28
2026-07-4,tiktok,tiktok,impressions,5312-08-17
2026-07-4,tiktok,tiktok,clicks,1927-07-13
2026-07-4,tiktok,tiktok,qs,1900-02-22
2026-07-4,tiktok,tiktok,cp,1900-04-27
2026-07-3,google,search_brand,spend,1939-06-7
2026-07-3,google,search_brand,impressions,1918-05-2
2026-07-3,google,search_brand,clicks,1906-09-4
2026-07-3,google,search_brand,qs,1901-10-13
2026-07-3,google,search_brand,cp,1900-07-4
2026-07-3,google,search_nb,spend,1956-10-17
2026-07-3,google,search_nb,impressions,2244-08-31
2026-07-3,google,search_nb,clicks,1910-01-19
2026-07-3,google,search_nb,qs,1902-08-15
2026-07-3,google,search_nb,cp,1900-06-18
2026-07-3,google,search_pmax,spend,1927-10-15
2026-07-3,google,search_pmax,impressions,2934-07-12
2026-07-3,google,search_pmax,clicks,1907-10-11
2026-07-3,google,search_pmax,qs,1899-12-30
2026-07-3,google,search_pmax,cp,1900-02-25
2026-07-3,google,search_shopping,spend,1901-12-27
2026-07-3,google,search_shopping,impressions,2024-01-11
2026-07-3,google,search_shopping,clicks,1901-01-28
2026-07-3,google,search_shopping,qs,1900-03-10
2026-07-3,google,search_shopping,cp,1900-01-1
2026-07-3,google,youtube,spend,1912-06-25
2026-07-3,google,youtube,impressions,13410-06-27
2026-07-3,google,youtube,clicks,1933-03-11
2026-07-3,google,youtube,qs,1901-04-5
2026-07-3,google,youtube,cp,1900-02-20
2026-07-3,meta,meta_bof,spend,1985-10-12
2026-07-3,meta,meta_bof,impressions,12996-04-17
2026-07-3,meta,meta_bof,clicks,1946-07-12
2026-07-3,meta,meta_bof,qs,1902-09-15
2026-07-3,meta,meta_bof,cp,1901-03-26
2026-07-3,meta,meta_mof,spend,1933-02-5
2026-07-3,meta,meta_mof,impressions,5693-10-30
2026-07-3,meta,meta_mof,clicks,1944-02-16
2026-07-3,meta,meta_mof,qs,1904-08-16
2026-07-3,meta,meta_mof,cp,1900-02-17
2026-07-3,meta,meta_tof,spend,1910-08-20
2026-07-3,meta,meta_tof,impressions,3175-02-26
2026-07-3,meta,meta_tof,clicks,1916-10-8
2026-07-3,meta,meta_tof,qs,1902-04-14
2026-07-3,meta,meta_tof,cp,1900-02-5
2026-07-3,reddit,reddit,spend,1902-10-8
2026-07-3,reddit,reddit,impressions,2449-06-30
2026-07-3,reddit,reddit,clicks,1901-07-17
2026-07-3,reddit,reddit,qs,1900-01-11
2026-07-3,reddit,reddit,cp,1900-01-8
2026-07-3,tiktok,tiktok,spend,1920-12-10
2026-07-3,tiktok,tiktok,impressions,6084-10-25
2026-07-3,tiktok,tiktok,clicks,1929-05-12
2026-07-3,tiktok,tiktok,qs,1900-03-9
2026-07-3,tiktok,tiktok,cp,1900-06-11
2026-07-2,google,search_brand,spend,1942-09-8
2026-07-2,google,search_brand,impressions,1920-05-7
2026-07-2,google,search_brand,clicks,1907-07-19
2026-07-2,google,search_brand,qs,1901-12-12
2026-07-2,google,search_brand,cp,1900-07-5
2026-07-2,google,search_nb,spend,1961-08-4
2026-07-2,google,search_nb,impressions,2273-06-19
2026-07-2,google,search_nb,clicks,1911-01-22
2026-07-2,google,search_nb,qs,1903-01-10
2026-07-2,google,search_nb,cp,1900-07-10
2026-07-2,google,search_pmax,spend,1925-01-10
2026-07-2,google,search_pmax,impressions,3013-05-11
2026-07-2,google,search_pmax,clicks,1907-11-17
2026-07-2,google,search_pmax,qs,1899-12-30
2026-07-2,google,search_pmax,cp,1900-03-1
2026-07-2,google,search_shopping,spend,1902-06-30
2026-07-2,google,search_shopping,impressions,2045-06-24
2026-07-2,google,search_shopping,clicks,1901-05-7
2026-07-2,google,search_shopping,qs,1900-03-14
2026-07-2,google,search_shopping,cp,1900-01-8
2026-07-2,google,youtube,spend,1912-01-12
2026-07-2,google,youtube,impressions,11797-04-17
2026-07-2,google,youtube,clicks,1928-01-26
2026-07-2,google,youtube,qs,1901-03-28
2026-07-2,google,youtube,cp,1900-03-10
2026-07-2,meta,meta_bof,spend,1977-08-15
2026-07-2,meta,meta_bof,impressions,11476-06-20
2026-07-2,meta,meta_bof,clicks,1937-10-31
2026-07-2,meta,meta_bof,qs,1902-08-2
2026-07-2,meta,meta_bof,cp,1901-05-24
2026-07-2,meta,meta_mof,spend,1936-09-25
2026-07-2,meta,meta_mof,impressions,5927-06-12
2026-07-2,meta,meta_mof,clicks,1953-05-23
2026-07-2,meta,meta_mof,qs,1905-03-27
2026-07-2,meta,meta_mof,cp,1900-02-26
2026-07-2,meta,meta_tof,spend,1911-06-6
2026-07-2,meta,meta_tof,impressions,2933-12-15
2026-07-2,meta,meta_tof,clicks,1915-08-29
2026-07-2,meta,meta_tof,qs,1902-02-12
2026-07-2,meta,meta_tof,cp,1900-01-31
2026-07-2,reddit,reddit,spend,1900-12-23
2026-07-2,reddit,reddit,impressions,2129-10-12
2026-07-2,reddit,reddit,clicks,1900-07-29
2026-07-2,reddit,reddit,qs,1900-01-4
2026-07-2,reddit,reddit,cp,1900-01-6
2026-07-2,tiktok,tiktok,spend,1919-06-17
2026-07-2,tiktok,tiktok,impressions,5877-05-13
2026-07-2,tiktok,tiktok,clicks,1931-10-9
2026-07-2,tiktok,tiktok,qs,1900-03-16
2026-07-2,tiktok,tiktok,cp,1900-06-4
2026-07-1,google,search_brand,spend,1941-09-16
2026-07-1,google,search_brand,impressions,1920-01-3
2026-07-1,google,search_brand,clicks,1908-11-22
2026-07-1,google,search_brand,qs,1902-06-9
2026-07-1,google,search_brand,cp,1900-08-23
2026-07-1,google,search_nb,spend,1954-06-30
2026-07-1,google,search_nb,impressions,2238-04-27
2026-07-1,google,search_nb,clicks,1910-06-28
2026-07-1,google,search_nb,qs,1902-09-18
2026-07-1,google,search_nb,cp,1900-06-20
2026-07-1,google,search_pmax,spend,1927-12-5
2026-07-1,google,search_pmax,impressions,2916-02-9
2026-07-1,google,search_pmax,clicks,1907-11-4
2026-07-1,google,search_pmax,qs,1899-12-30
2026-07-1,google,search_pmax,cp,1900-03-2
2026-07-1,google,search_shopping,spend,1902-02-24
2026-07-1,google,search_shopping,impressions,2019-12-26
2026-07-1,google,search_shopping,clicks,1901-02-26
2026-07-1,google,search_shopping,qs,1900-02-27
2026-07-1,google,search_shopping,cp,1900-01-12
2026-07-1,google,youtube,spend,1910-12-9
2026-07-1,google,youtube,impressions,9303-04-28
2026-07-1,google,youtube,clicks,1923-12-4
2026-07-1,google,youtube,qs,1901-02-11
2026-07-1,google,youtube,cp,1900-03-9
2026-07-1,meta,meta_bof,spend,1990-11-11
2026-07-1,meta,meta_bof,impressions,11338-04-3
2026-07-1,meta,meta_bof,clicks,1942-10-21
2026-07-1,meta,meta_bof,qs,1903-12-11
2026-07-1,meta,meta_bof,cp,1901-09-9
2026-07-1,meta,meta_mof,spend,1945-07-5
2026-07-1,meta,meta_mof,impressions,6364-10-26
2026-07-1,meta,meta_mof,clicks,1955-02-6
2026-07-1,meta,meta_mof,qs,1906-04-27
2026-07-1,meta,meta_mof,cp,1900-03-25
2026-07-1,meta,meta_tof,spend,1913-08-9
2026-07-1,meta,meta_tof,impressions,2972-06-27
2026-07-1,meta,meta_tof,clicks,1916-04-9
2026-07-1,meta,meta_tof,qs,1902-05-13
2026-07-1,meta,meta_tof,cp,1900-01-26
2026-07-1,reddit,reddit,spend,1900-12-12
2026-07-1,reddit,reddit,impressions,2194-06-6
2026-07-1,reddit,reddit,clicks,1900-07-4
2026-07-1,reddit,reddit,qs,1900-01-16
2026-07-1,reddit,reddit,cp,1900-01-11
2026-07-1,tiktok,tiktok,spend,1918-08-16
2026-07-1,tiktok,tiktok,impressions,6745-03-18
2026-07-1,tiktok,tiktok,clicks,1939-02-5
2026-07-1,tiktok,tiktok,qs,1900-03-25
2026-07-1,tiktok,tiktok,cp,1900-07-28
2026-06-30,google,search_brand,spend,1938-01-9
2026-06-30,google,search_brand,impressions,1917-09-2
2026-06-30,google,search_brand,clicks,1908-07-29
2026-06-30,google,search_brand,qs,1902-06-17
2026-06-30,google,search_brand,cp,1900-10-5
2026-06-30,google,search_nb,spend,1957-02-28
2026-06-30,google,search_nb,impressions,2248-02-17
2026-06-30,google,search_nb,clicks,1910-09-1
2026-06-30,google,search_nb,qs,1902-10-14
2026-06-30,google,search_nb,cp,1900-06-1
2026-06-30,google,search_pmax,spend,1919-02-20
2026-06-30,google,search_pmax,impressions,2864-08-9
2026-06-30,google,search_pmax,clicks,1905-03-15
2026-06-30,google,search_pmax,qs,1899-12-30
2026-06-30,google,search_pmax,cp,1900-02-20
2026-06-30,google,search_shopping,spend,1901-03-23
2026-06-30,google,search_shopping,impressions,1985-03-8
2026-06-30,google,search_shopping,clicks,1900-08-26
2026-06-30,google,search_shopping,qs,1900-01-26
2026-06-30,google,search_shopping,cp,1900-01-5
2026-06-30,google,youtube,spend,1910-06-25
2026-06-30,google,youtube,impressions,7667-12-24
2026-06-30,google,youtube,clicks,1918-10-28
2026-06-30,google,youtube,qs,1901-02-3
2026-06-30,google,youtube,cp,1900-02-20
2026-06-30,meta,meta_bof,spend,2013-12-30
2026-06-30,meta,meta_bof,impressions,13481-11-10
2026-06-30,meta,meta_bof,clicks,1946-02-12
2026-06-30,meta,meta_bof,qs,1903-02-26
2026-06-30,meta,meta_bof,cp,1901-08-9
2026-06-30,meta,meta_mof,spend,1968-05-23
2026-06-30,meta,meta_mof,impressions,10815-09-17
2026-06-30,meta,meta_mof,clicks,1958-01-11
2026-06-30,meta,meta_mof,qs,1906-04-9
2026-06-30,meta,meta_mof,cp,1900-06-27
2026-06-30,meta,meta_tof,spend,1922-05-12
2026-06-30,meta,meta_tof,impressions,4022-10-13
2026-06-30,meta,meta_tof,clicks,1919-10-3
2026-06-30,meta,meta_tof,qs,1902-05-8
2026-06-30,meta,meta_tof,cp,1900-02-25
2026-06-30,reddit,reddit,spend,1900-11-30
2026-06-30,reddit,reddit,impressions,2144-09-28
2026-06-30,reddit,reddit,clicks,1900-07-11
2026-06-30,reddit,reddit,qs,1900-01-19
2026-06-30,reddit,reddit,cp,1900-01-10
2026-06-30,tiktok,tiktok,spend,1919-02-1
2026-06-30,tiktok,tiktok,impressions,5979-06-14
2026-06-30,tiktok,tiktok,clicks,1927-10-23
2026-06-30,tiktok,tiktok,qs,1900-04-24
2026-06-30,tiktok,tiktok,cp,1900-08-19
2026-06-29,google,search_brand,spend,1941-05-12
2026-06-29,google,search_brand,impressions,1916-04-19
2026-06-29,google,search_brand,clicks,1908-07-20
2026-06-29,google,search_brand,qs,1902-06-10
2026-06-29,google,search_brand,cp,1900-09-1
2026-06-29,google,search_nb,spend,1960-05-2
2026-06-29,google,search_nb,impressions,2231-12-29
2026-06-29,google,search_nb,clicks,1911-02-25
2026-06-29,google,search_nb,qs,1903-02-24
2026-06-29,google,search_nb,cp,1900-07-26
2026-06-29,google,search_pmax,spend,1929-04-27
2026-06-29,google,search_pmax,impressions,3235-12-8
2026-06-29,google,search_pmax,clicks,1909-12-21
2026-06-29,google,search_pmax,qs,1899-12-30
2026-06-29,google,search_pmax,cp,1900-03-30
2026-06-29,google,search_shopping,spend,1902-03-12
2026-06-29,google,search_shopping,impressions,2032-02-25
2026-06-29,google,search_shopping,clicks,1901-03-9
2026-06-29,google,search_shopping,qs,1900-02-18
2026-06-29,google,search_shopping,cp,1900-01-2
2026-06-29,google,youtube,spend,1910-03-4
2026-06-29,google,youtube,impressions,7138-06-25
2026-06-29,google,youtube,clicks,1914-12-22
2026-06-29,google,youtube,qs,1901-05-19
2026-06-29,google,youtube,cp,1900-03-13
2026-06-29,meta,meta_bof,spend,1993-11-23
2026-06-29,meta,meta_bof,impressions,11939-05-2
2026-06-29,meta,meta_bof,clicks,1936-07-12
2026-06-29,meta,meta_bof,qs,1902-09-23
2026-06-29,meta,meta_bof,cp,1901-02-23
2026-06-29,meta,meta_mof,spend,1945-01-8
2026-06-29,meta,meta_mof,impressions,9113-09-27
2026-06-29,meta,meta_mof,clicks,1941-11-4
2026-06-29,meta,meta_mof,qs,1904-02-16
2026-06-29,meta,meta_mof,cp,1900-04-20
2026-06-29,meta,meta_tof,spend,1913-12-3
2026-06-29,meta,meta_tof,impressions,3480-04-12
2026-06-29,meta,meta_tof,clicks,1915-07-7
2026-06-29,meta,meta_tof,qs,1901-08-23
2026-06-29,meta,meta_tof,cp,1900-02-9
2026-06-29,reddit,reddit,spend,1901-01-2
2026-06-29,reddit,reddit,impressions,2134-08-2
2026-06-29,reddit,reddit,clicks,1900-06-29
2026-06-29,reddit,reddit,qs,1900-01-15
2026-06-29,reddit,reddit,cp,1900-01-16
2026-06-29,tiktok,tiktok,spend,1918-02-16
2026-06-29,tiktok,tiktok,impressions,6502-05-5
2026-06-29,tiktok,tiktok,clicks,1935-07-25
2026-06-29,tiktok,tiktok,qs,1900-04-28
2026-06-29,tiktok,tiktok,cp,1900-08-21
2026-06-28,google,search_brand,spend,1934-02-16
2026-06-28,google,search_brand,impressions,1916-08-11
2026-06-28,google,search_brand,clicks,1906-04-28
2026-06-28,google,search_brand,qs,1901-10-25
2026-06-28,google,search_brand,cp,1900-06-17
2026-06-28,google,search_nb,spend,1960-06-29
2026-06-28,google,search_nb,impressions,2215-01-12
2026-06-28,google,search_nb,clicks,1911-08-5
2026-06-28,google,search_nb,qs,1903-06-9
2026-06-28,google,search_nb,cp,1900-07-3
2026-06-28,google,search_pmax,spend,1935-02-1
2026-06-28,google,search_pmax,impressions,3437-11-4
2026-06-28,google,search_pmax,clicks,1911-09-16
2026-06-28,google,search_pmax,qs,1899-12-30
2026-06-28,google,search_pmax,cp,1900-03-25
2026-06-28,google,search_shopping,spend,1902-04-7
2026-06-28,google,search_shopping,impressions,2030-02-6
2026-06-28,google,search_shopping,clicks,1901-03-20
2026-06-28,google,search_shopping,qs,1900-02-27
2026-06-28,google,search_shopping,cp,1900-01-3
2026-06-28,google,youtube,spend,1910-05-31
2026-06-28,google,youtube,impressions,7348-11-11
2026-06-28,google,youtube,clicks,1916-04-11
2026-06-28,google,youtube,qs,1901-05-8
2026-06-28,google,youtube,cp,1900-02-19
2026-06-28,meta,meta_bof,spend,1989-07-15
2026-06-28,meta,meta_bof,impressions,11038-03-13
2026-06-28,meta,meta_bof,clicks,1936-09-17
2026-06-28,meta,meta_bof,qs,1900-10-8
2026-06-28,meta,meta_bof,cp,1901-01-21
2026-06-28,meta,meta_mof,spend,1926-12-22
2026-06-28,meta,meta_mof,impressions,5942-12-30
2026-06-28,meta,meta_mof,clicks,1924-09-26
2026-06-28,meta,meta_mof,qs,1900-06-6
2026-06-28,meta,meta_mof,cp,1900-04-7
2026-06-28,meta,meta_tof,spend,1908-06-19
2026-06-28,meta,meta_tof,impressions,2841-06-16
2026-06-28,meta,meta_tof,clicks,1911-03-1
2026-06-28,meta,meta_tof,qs,1900-02-24
2026-06-28,meta,meta_tof,cp,1900-02-6
2026-06-28,reddit,reddit,spend,1900-12-16
2026-06-28,reddit,reddit,impressions,2100-12-22
2026-06-28,reddit,reddit,clicks,1900-08-12
2026-06-28,reddit,reddit,qs,1900-01-15
2026-06-28,reddit,reddit,cp,1899-12-31
2026-06-28,tiktok,tiktok,spend,1918-08-28
2026-06-28,tiktok,tiktok,impressions,6341-03-26
2026-06-28,tiktok,tiktok,clicks,1929-08-29
2026-06-28,tiktok,tiktok,qs,1900-04-24
2026-06-28,tiktok,tiktok,cp,1900-06-22
2026-06-27,google,search_brand,spend,1934-03-24
2026-06-27,google,search_brand,impressions,1917-06-21
2026-06-27,google,search_brand,clicks,1906-07-17
2026-06-27,google,search_brand,qs,1901-11-4
2026-06-27,google,search_brand,cp,1900-07-8
2026-06-27,google,search_nb,spend,1955-03-11
2026-06-27,google,search_nb,impressions,2250-11-28
2026-06-27,google,search_nb,clicks,1910-11-9
2026-06-27,google,search_nb,qs,1902-12-18
2026-06-27,google,search_nb,cp,1900-06-30
2026-06-27,google,search_pmax,spend,1922-11-28
2026-06-27,google,search_pmax,impressions,3122-09-12
2026-06-27,google,search_pmax,clicks,1909-01-14
2026-06-27,google,search_pmax,qs,1899-12-30
2026-06-27,google,search_pmax,cp,1900-03-30
2026-06-27,google,search_shopping,spend,1902-04-8
2026-06-27,google,search_shopping,impressions,2046-05-17
2026-06-27,google,search_shopping,clicks,1901-03-27
2026-06-27,google,search_shopping,qs,1900-03-14
2026-06-27,google,search_shopping,cp,1900-01-15
2026-06-27,google,youtube,spend,1910-07-10
2026-06-27,google,youtube,impressions,7082-05-2
2026-06-27,google,youtube,clicks,1915-10-16
2026-06-27,google,youtube,qs,1901-01-31
2026-06-27,google,youtube,cp,1900-02-14
2026-06-27,meta,meta_bof,spend,1982-04-18
2026-06-27,meta,meta_bof,impressions,10477-03-21
2026-06-27,meta,meta_bof,clicks,1936-01-31
2026-06-27,meta,meta_bof,qs,1900-11-23
2026-06-27,meta,meta_bof,cp,1901-03-30
2026-06-27,meta,meta_mof,spend,1936-01-10
2026-06-27,meta,meta_mof,impressions,6048-09-1
2026-06-27,meta,meta_mof,clicks,1935-01-11
2026-06-27,meta,meta_mof,qs,1900-06-11
2026-06-27,meta,meta_mof,cp,1900-03-28
2026-06-27,meta,meta_tof,spend,1909-03-17
2026-06-27,meta,meta_tof,impressions,2826-01-24
2026-06-27,meta,meta_tof,clicks,1911-12-16
2026-06-27,meta,meta_tof,qs,1900-02-26
2026-06-27,meta,meta_tof,cp,1900-01-27
2026-06-27,reddit,reddit,spend,1900-12-28
2026-06-27,reddit,reddit,impressions,2071-01-25
2026-06-27,reddit,reddit,clicks,1900-06-13
2026-06-27,reddit,reddit,qs,1900-01-13
2026-06-27,reddit,reddit,cp,1900-01-2
2026-06-27,tiktok,tiktok,spend,1919-10-19
2026-06-27,tiktok,tiktok,impressions,6123-06-22
2026-06-27,tiktok,tiktok,clicks,1928-11-14
2026-06-27,tiktok,tiktok,qs,1900-03-21
2026-06-27,tiktok,tiktok,cp,1900-06-20
2026-06-26,google,search_brand,spend,1936-02-7
2026-06-26,google,search_brand,impressions,1917-08-21
2026-06-26,google,search_brand,clicks,1906-12-9
2026-06-26,google,search_brand,qs,1902-01-12
2026-06-26,google,search_brand,cp,1900-08-31
2026-06-26,google,search_nb,spend,1955-11-23
2026-06-26,google,search_nb,impressions,2186-01-5
2026-06-26,google,search_nb,clicks,1910-05-1
2026-06-26,google,search_nb,qs,1903-03-9
2026-06-26,google,search_nb,cp,1900-07-19
2026-06-26,google,search_pmax,spend,1927-04-7
2026-06-26,google,search_pmax,impressions,3136-07-19
2026-06-26,google,search_pmax,clicks,1909-06-29
2026-06-26,google,search_pmax,qs,1899-12-30
2026-06-26,google,search_pmax,cp,1900-04-9
2026-06-26,google,search_shopping,spend,1902-04-24
2026-06-26,google,search_shopping,impressions,2037-01-29
2026-06-26,google,search_shopping,clicks,1901-04-2
2026-06-26,google,search_shopping,qs,1900-03-5
2026-06-26,google,search_shopping,cp,1900-01-3
2026-06-26,google,youtube,spend,1910-09-29
2026-06-26,google,youtube,impressions,5862-01-9
2026-06-26,google,youtube,clicks,1911-12-19
2026-06-26,google,youtube,qs,1901-02-14
2026-06-26,google,youtube,cp,1900-03-2
2026-06-26,meta,meta_bof,spend,1977-07-19
2026-06-26,meta,meta_bof,impressions,9920-05-15
2026-06-26,meta,meta_bof,clicks,1933-12-13
2026-06-26,meta,meta_bof,qs,1901-03-3
2026-06-26,meta,meta_bof,cp,1901-07-1
2026-06-26,meta,meta_mof,spend,1934-05-3
2026-06-26,meta,meta_mof,impressions,5473-07-27
2026-06-26,meta,meta_mof,clicks,1938-08-28
2026-06-26,meta,meta_mof,qs,1900-07-7
2026-06-26,meta,meta_mof,cp,1900-04-29
2026-06-26,meta,meta_tof,spend,1908-03-21
2026-06-26,meta,meta_tof,impressions,2678-03-26
2026-06-26,meta,meta_tof,clicks,1911-05-31
2026-06-26,meta,meta_tof,qs,1900-03-22
2026-06-26,meta,meta_tof,cp,1900-02-12
2026-06-26,reddit,reddit,spend,1900-11-27
2026-06-26,reddit,reddit,impressions,2023-10-8
2026-06-26,reddit,reddit,clicks,1900-04-17
2026-06-26,reddit,reddit,qs,1900-01-5
2026-06-26,reddit,reddit,cp,1900-01-10
2026-06-26,tiktok,tiktok,spend,1919-11-8
2026-06-26,tiktok,tiktok,impressions,5899-02-18
2026-06-26,tiktok,tiktok,clicks,1928-12-12
2026-06-26,tiktok,tiktok,qs,1900-04-1
2026-06-26,tiktok,tiktok,cp,1900-09-5
2026-06-25,google,search_brand,spend,1934-02-15
2026-06-25,google,search_brand,impressions,1915-12-7
2026-06-25,google,search_brand,clicks,1907-06-20
2026-06-25,google,search_brand,qs,1902-02-3
2026-06-25,google,search_brand,cp,1900-06-13
2026-06-25,google,search_nb,spend,1956-04-30
2026-06-25,google,search_nb,impressions,2205-07-14
2026-06-25,google,search_nb,clicks,1911-07-8
2026-06-25,google,search_nb,qs,1903-06-3
2026-06-25,google,search_nb,cp,1900-08-7
2026-06-25,google,search_pmax,spend,1925-07-28
2026-06-25,google,search_pmax,impressions,3239-12-5
2026-06-25,google,search_pmax,clicks,1910-06-20
2026-06-25,google,search_pmax,qs,1899-12-30
2026-06-25,google,search_pmax,cp,1900-04-12
2026-06-25,google,search_shopping,spend,1902-01-3
2026-06-25,google,search_shopping,impressions,2019-08-20
2026-06-25,google,search_shopping,clicks,1901-01-31
2026-06-25,google,search_shopping,qs,1900-02-24
2026-06-25,google,search_shopping,cp,1900-01-8
2026-06-25,google,youtube,spend,1910-11-4
2026-06-25,google,youtube,impressions,4992-09-26
2026-06-25,google,youtube,clicks,1910-06-15
2026-06-25,google,youtube,qs,1900-10-10
2026-06-25,google,youtube,cp,1900-02-25
2026-06-25,meta,meta_bof,spend,1986-11-26
2026-06-25,meta,meta_bof,impressions,10526-04-18
2026-06-25,meta,meta_bof,clicks,1938-04-25
2026-06-25,meta,meta_bof,qs,1900-12-24
2026-06-25,meta,meta_bof,cp,1901-02-20
2026-06-25,meta,meta_mof,spend,1938-05-7
2026-06-25,meta,meta_mof,impressions,5889-12-23
2026-06-25,meta,meta_mof,clicks,1938-03-21
2026-06-25,meta,meta_mof,qs,1901-04-16
2026-06-25,meta,meta_mof,cp,1900-03-26
2026-06-25,meta,meta_tof,spend,1914-02-10
2026-06-25,meta,meta_tof,impressions,3236-10-20
2026-06-25,meta,meta_tof,clicks,1918-08-4
2026-06-25,meta,meta_tof,qs,1900-11-14
2026-06-25,meta,meta_tof,cp,1900-02-10
2026-06-25,reddit,reddit,spend,1900-12-14
2026-06-25,reddit,reddit,impressions,2062-03-12
2026-06-25,reddit,reddit,clicks,1900-06-13
2026-06-25,reddit,reddit,qs,1900-01-3
2026-06-25,reddit,reddit,cp,1900-01-2
2026-06-25,tiktok,tiktok,spend,1915-09-29
2026-06-25,tiktok,tiktok,impressions,4957-02-18
2026-06-25,tiktok,tiktok,clicks,1928-03-5
2026-06-25,tiktok,tiktok,qs,1900-04-8
2026-06-25,tiktok,tiktok,cp,1900-06-18
2026-06-24,google,search_brand,spend,1932-01-31
2026-06-24,google,search_brand,impressions,1913-02-28
2026-06-24,google,search_brand,clicks,1906-06-7
2026-06-24,google,search_brand,qs,1901-10-8
2026-06-24,google,search_brand,cp,1900-05-13
2026-06-24,google,search_nb,spend,1956-11-22
2026-06-24,google,search_nb,impressions,2166-01-10
2026-06-24,google,search_nb,clicks,1912-08-28
2026-06-24,google,search_nb,qs,1903-11-6
2026-06-24,google,search_nb,cp,1900-07-3
2026-06-24,google,search_pmax,spend,1925-06-23
2026-06-24,google,search_pmax,impressions,3206-09-27
2026-06-24,google,search_pmax,clicks,1910-03-23
2026-06-24,google,search_pmax,qs,1899-12-30
2026-06-24,google,search_pmax,cp,1900-03-12
2026-06-24,google,search_shopping,spend,1901-12-30
2026-06-24,google,search_shopping,impressions,2017-06-18
2026-06-24,google,search_shopping,clicks,1901-02-5
2026-06-24,google,search_shopping,qs,1900-03-19
2026-06-24,google,search_shopping,cp,1900-01-6
2026-06-24,google,youtube,spend,1911-08-5
2026-06-24,google,youtube,impressions,4393-05-25
2026-06-24,google,youtube,clicks,1909-04-5
2026-06-24,google,youtube,qs,1900-10-23
2026-06-24,google,youtube,cp,1900-03-27
2026-06-24,meta,meta_bof,spend,1988-05-20
2026-06-24,meta,meta_bof,impressions,10683-01-3
2026-06-24,meta,meta_bof,clicks,1940-01-4
2026-06-24,meta,meta_bof,qs,1901-10-7
2026-06-24,meta,meta_bof,cp,1901-01-20
2026-06-24,meta,meta_mof,spend,1936-07-15
2026-06-24,meta,meta_mof,impressions,5858-11-18
2026-06-24,meta,meta_mof,clicks,1935-06-2
2026-06-24,meta,meta_mof,qs,1902-07-2
2026-06-24,meta,meta_mof,cp,1900-03-9
2026-06-24,meta,meta_tof,spend,1915-01-10
2026-06-24,meta,meta_tof,impressions,3422-12-31
2026-06-24,meta,meta_tof,clicks,1920-09-1
2026-06-24,meta,meta_tof,qs,1902-01-20
2026-06-24,meta,meta_tof,cp,1900-02-12
2026-06-24,reddit,reddit,spend,1900-12-25
2026-06-24,reddit,reddit,impressions,2076-12-15
2026-06-24,reddit,reddit,clicks,1900-07-4
2026-06-24,reddit,reddit,qs,1900-01-5
2026-06-24,reddit,reddit,cp,1900-01-2
2026-06-24,tiktok,tiktok,spend,1918-05-21
2026-06-24,tiktok,tiktok,impressions,6303-10-4
2026-06-24,tiktok,tiktok,clicks,1938-09-28
2026-06-24,tiktok,tiktok,qs,1900-10-10
2026-06-24,tiktok,tiktok,cp,1900-06-3
2026-06-23,google,search_brand,spend,1931-08-24
2026-06-23,google,search_brand,impressions,1912-12-17
2026-06-23,google,search_brand,clicks,1906-06-15
2026-06-23,google,search_brand,qs,1901-10-3
2026-06-23,google,search_brand,cp,1900-06-20
2026-06-23,google,search_nb,spend,1957-04-6
2026-06-23,google,search_nb,impressions,2217-10-21
2026-06-23,google,search_nb,clicks,1913-10-2
2026-06-23,google,search_nb,qs,1903-12-17
2026-06-23,google,search_nb,cp,1900-07-10
2026-06-23,google,search_pmax,spend,1925-04-18
2026-06-23,google,search_pmax,impressions,3192-05-31
2026-06-23,google,search_pmax,clicks,1909-09-22
2026-06-23,google,search_pmax,qs,1899-12-30
2026-06-23,google,search_pmax,cp,1900-03-12
2026-06-23,google,search_shopping,spend,1901-12-30
2026-06-23,google,search_shopping,impressions,2020-06-7
2026-06-23,google,search_shopping,clicks,1901-01-28
2026-06-23,google,search_shopping,qs,1900-02-18
2026-06-23,google,search_shopping,cp,1900-01-4
2026-06-23,google,youtube,spend,1908-05-1
2026-06-23,google,youtube,impressions,3804-01-4
2026-06-23,google,youtube,clicks,1907-06-22
2026-06-23,google,youtube,qs,1900-07-4
2026-06-23,google,youtube,cp,1900-02-1
2026-06-23,meta,meta_bof,spend,1977-02-18
2026-06-23,meta,meta_bof,impressions,9217-08-25
2026-06-23,meta,meta_bof,clicks,1934-06-24
2026-06-23,meta,meta_bof,qs,1901-12-9
2026-06-23,meta,meta_bof,cp,1901-01-5
2026-06-23,meta,meta_mof,spend,1933-08-27
2026-06-23,meta,meta_mof,impressions,5901-05-13
2026-06-23,meta,meta_mof,clicks,1938-04-28
2026-06-23,meta,meta_mof,qs,1902-11-10
2026-06-23,meta,meta_mof,cp,1900-03-12
2026-06-23,meta,meta_tof,spend,1909-12-5
2026-06-23,meta,meta_tof,impressions,2942-01-10
2026-06-23,meta,meta_tof,clicks,1913-07-30
2026-06-23,meta,meta_tof,qs,1900-06-8
2026-06-23,meta,meta_tof,cp,1900-01-21
2026-06-23,tiktok,tiktok,spend,1917-10-28
2026-06-23,tiktok,tiktok,impressions,5628-06-22
2026-06-23,tiktok,tiktok,clicks,1927-09-26
2026-06-23,tiktok,tiktok,qs,1900-09-27
2026-06-23,tiktok,tiktok,cp,1900-06-14
2026-06-22,google,search_brand,spend,1936-09-7
2026-06-22,google,search_brand,impressions,1919-08-30
2026-06-22,google,search_brand,clicks,1906-11-16
2026-06-22,google,search_brand,qs,1901-10-12
2026-06-22,google,search_brand,cp,1900-05-14
2026-06-22,google,search_nb,spend,1957-07-9
2026-06-22,google,search_nb,impressions,2213-07-5
2026-06-22,google,search_nb,clicks,1913-10-9
2026-06-22,google,search_nb,qs,1904-01-2
2026-06-22,google,search_nb,cp,1900-07-1
2026-06-22,google,search_pmax,spend,1928-10-21
2026-06-22,google,search_pmax,impressions,3317-03-15
2026-06-22,google,search_pmax,clicks,1911-01-24
2026-06-22,google,search_pmax,qs,1899-12-30
2026-06-22,google,search_pmax,cp,1900-04-8
2026-06-22,google,search_shopping,spend,1902-01-4
2026-06-22,google,search_shopping,impressions,2022-01-23
2026-06-22,google,search_shopping,clicks,1901-02-2
2026-06-22,google,search_shopping,qs,1900-02-16
2026-06-22,google,search_shopping,cp,1900-01-1
2026-06-22,google,youtube,spend,1906-11-26
2026-06-22,google,youtube,impressions,3567-08-10
2026-06-22,google,youtube,clicks,1905-03-3
2026-06-22,google,youtube,qs,1900-06-29
2026-06-22,google,youtube,cp,1900-01-20
2026-06-22,meta,meta_bof,spend,1974-10-5
2026-06-22,meta,meta_bof,impressions,9609-04-22
2026-06-22,meta,meta_bof,clicks,1936-11-22
2026-06-22,meta,meta_bof,qs,1902-04-24
2026-06-22,meta,meta_bof,cp,1900-12-9
2026-06-22,meta,meta_mof,spend,1932-01-12
2026-06-22,meta,meta_mof,impressions,5860-02-2
2026-06-22,meta,meta_mof,clicks,1944-09-30
2026-06-22,meta,meta_mof,qs,1903-04-28
2026-06-22,meta,meta_mof,cp,1900-03-2
2026-06-22,meta,meta_tof,spend,1909-08-30
2026-06-22,meta,meta_tof,impressions,2892-09-13
2026-06-22,meta,meta_tof,clicks,1911-11-29
2026-06-22,meta,meta_tof,qs,1900-07-24
2026-06-22,meta,meta_tof,cp,1900-01-25
2026-06-22,tiktok,tiktok,spend,1918-02-22
2026-06-22,tiktok,tiktok,impressions,6687-01-24
2026-06-22,tiktok,tiktok,clicks,1941-07-2
2026-06-22,tiktok,tiktok,qs,1900-12-1
2026-06-22,tiktok,tiktok,cp,1900-06-2
2026-06-21,google,search_brand,spend,1934-03-7
2026-06-21,google,search_brand,impressions,1913-12-9
2026-06-21,google,search_brand,clicks,1906-05-10
2026-06-21,google,search_brand,qs,1901-09-28
2026-06-21,google,search_brand,cp,1900-06-25
2026-06-21,google,search_nb,spend,1962-01-11
2026-06-21,google,search_nb,impressions,2275-01-7
2026-06-21,google,search_nb,clicks,1915-01-18
2026-06-21,google,search_nb,qs,1903-12-22
2026-06-21,google,search_nb,cp,1900-06-13
2026-06-21,google,search_pmax,spend,1936-03-1
2026-06-21,google,search_pmax,impressions,3262-08-6
2026-06-21,google,search_pmax,clicks,1912-01-24
2026-06-21,google,search_pmax,qs,1899-12-30
2026-06-21,google,search_pmax,cp,1900-03-25
2026-06-21,google,search_shopping,spend,1902-08-8
2026-06-21,google,search_shopping,impressions,2048-08-23
2026-06-21,google,search_shopping,clicks,1901-06-4
2026-06-21,google,search_shopping,qs,1900-03-26
2026-06-21,google,search_shopping,cp,1900-01-6
2026-06-21,google,youtube,spend,1907-03-21
2026-06-21,google,youtube,impressions,4920-03-8
2026-06-21,google,youtube,clicks,1906-10-9
2026-06-21,google,youtube,qs,1900-07-17
2026-06-21,google,youtube,cp,1900-01-24
2026-06-21,meta,meta_bof,spend,1994-06-2
2026-06-21,meta,meta_bof,impressions,9858-10-31
2026-06-21,meta,meta_bof,clicks,1942-06-6
2026-06-21,meta,meta_bof,qs,1902-07-28
2026-06-21,meta,meta_bof,cp,1900-12-18
2026-06-21,meta,meta_mof,spend,1946-01-20
2026-06-21,meta,meta_mof,impressions,7102-03-19
2026-06-21,meta,meta_mof,clicks,1963-02-21
2026-06-21,meta,meta_mof,qs,1904-08-31
2026-06-21,meta,meta_mof,cp,1900-03-26
2026-06-21,meta,meta_tof,spend,1913-12-26
2026-06-21,meta,meta_tof,impressions,3219-03-8
2026-06-21,meta,meta_tof,clicks,1915-10-10
2026-06-21,meta,meta_tof,qs,1900-10-6
2026-06-21,meta,meta_tof,cp,1900-01-21
2026-06-21,tiktok,tiktok,spend,1913-12-2
2026-06-21,tiktok,tiktok,impressions,6097-11-3
2026-06-21,tiktok,tiktok,clicks,1940-10-1
2026-06-21,tiktok,tiktok,qs,1900-11-27
2026-06-21,tiktok,tiktok,cp,1900-05-15
2026-06-20,google,search_brand,spend,1933-04-20
2026-06-20,google,search_brand,impressions,1915-03-7
2026-06-20,google,search_brand,clicks,1905-10-20
2026-06-20,google,search_brand,qs,1901-07-26
2026-06-20,google,search_brand,cp,1900-05-25
2026-06-20,google,search_nb,spend,1944-07-28
2026-06-20,google,search_nb,impressions,2205-01-21
2026-06-20,google,search_nb,clicks,1911-03-12
2026-06-20,google,search_nb,qs,1902-10-25
2026-06-20,google,search_nb,cp,1900-05-9
2026-06-20,google,search_pmax,spend,1930-11-12
2026-06-20,google,search_pmax,impressions,3160-05-17
2026-06-20,google,search_pmax,clicks,1910-04-9
2026-06-20,google,search_pmax,qs,1899-12-30
2026-06-20,google,search_pmax,cp,1900-03-19
2026-06-20,google,search_shopping,spend,1902-08-1
2026-06-20,google,search_shopping,impressions,2051-08-26
2026-06-20,google,search_shopping,clicks,1901-06-5
2026-06-20,google,search_shopping,qs,1900-02-25
2026-06-20,google,search_shopping,cp,1900-01-1
2026-06-20,google,youtube,spend,1907-03-9
2026-06-20,google,youtube,impressions,5244-07-8
2026-06-20,google,youtube,clicks,1906-12-15
2026-06-20,google,youtube,qs,1900-06-2
2026-06-20,google,youtube,cp,1900-01-13
2026-06-20,meta,meta_bof,spend,1972-05-24
2026-06-20,meta,meta_bof,impressions,9464-07-6
2026-06-20,meta,meta_bof,clicks,1936-02-15
2026-06-20,meta,meta_bof,qs,1901-10-29
2026-06-20,meta,meta_bof,cp,1900-10-24
2026-06-20,meta,meta_mof,spend,1923-08-14
2026-06-20,meta,meta_mof,impressions,4267-08-25
2026-06-20,meta,meta_mof,clicks,1931-10-2
2026-06-20,meta,meta_mof,qs,1902-08-6
2026-06-20,meta,meta_mof,cp,1900-02-27
2026-06-20,meta,meta_tof,spend,1908-04-29
2026-06-20,meta,meta_tof,impressions,2683-12-30
2026-06-20,meta,meta_tof,clicks,1912-04-26
2026-06-20,meta,meta_tof,qs,1900-06-12
2026-06-20,meta,meta_tof,cp,1900-01-18
2026-06-20,tiktok,tiktok,spend,1916-06-19
2026-06-20,tiktok,tiktok,impressions,6877-01-7
2026-06-20,tiktok,tiktok,clicks,1940-07-7
2026-06-20,tiktok,tiktok,qs,1900-10-22
2026-06-20,tiktok,tiktok,cp,1900-05-30
2026-06-19,google,search_brand,spend,1934-06-17
2026-06-19,google,search_brand,impressions,1913-04-4
2026-06-19,google,search_brand,clicks,1906-09-28
2026-06-19,google,search_brand,qs,1901-09-18
2026-06-19,google,search_brand,cp,1900-06-8
2026-06-19,google,search_nb,spend,1953-09-6
2026-06-19,google,search_nb,impressions,2257-10-7
2026-06-19,google,search_nb,clicks,1912-10-10
2026-06-19,google,search_nb,qs,1903-03-29
2026-06-19,google,search_nb,cp,1900-07-10
2026-06-19,google,search_pmax,spend,1929-02-1
2026-06-19,google,search_pmax,impressions,3231-05-20
2026-06-19,google,search_pmax,clicks,1909-09-8
2026-06-19,google,search_pmax,qs,1899-12-30
2026-06-19,google,search_pmax,cp,1900-03-25
2026-06-19,google,search_shopping,spend,1902-08-28
2026-06-19,google,search_shopping,impressions,2065-02-11
2026-06-19,google,search_shopping,clicks,1901-06-18
2026-06-19,google,search_shopping,qs,1900-03-15
2026-06-19,google,search_shopping,cp,1900-01-6
2026-06-19,google,youtube,spend,1907-03-17
2026-06-19,google,youtube,impressions,5368-05-10
2026-06-19,google,youtube,clicks,1907-06-13
2026-06-19,google,youtube,qs,1900-07-7
2026-06-19,google,youtube,cp,1900-01-25
2026-06-19,meta,meta_bof,spend,1976-06-23
2026-06-19,meta,meta_bof,impressions,9610-07-23
2026-06-19,meta,meta_bof,clicks,1937-11-19
2026-06-19,meta,meta_bof,qs,1901-12-10
2026-06-19,meta,meta_bof,cp,1901-02-27
2026-06-19,meta,meta_mof,spend,1936-12-25
2026-06-19,meta,meta_mof,impressions,5228-04-13
2026-06-19,meta,meta_mof,clicks,1944-06-23
2026-06-19,meta,meta_mof,qs,1902-12-24
2026-06-19,meta,meta_mof,cp,1900-03-4
2026-06-19,meta,meta_tof,spend,1910-11-3
2026-06-19,meta,meta_tof,impressions,2739-10-28
2026-06-19,meta,meta_tof,clicks,1913-06-21
2026-06-19,meta,meta_tof,qs,1900-07-20
2026-06-19,meta,meta_tof,cp,1900-01-17
2026-06-19,tiktok,tiktok,spend,1916-05-17
2026-06-19,tiktok,tiktok,impressions,6935-02-16
2026-06-19,tiktok,tiktok,clicks,1941-02-2
2026-06-19,tiktok,tiktok,qs,1900-10-28
2026-06-19,tiktok,tiktok,cp,1900-06-23
2026-06-18,google,search_brand,spend,1933-08-19
2026-06-18,google,search_brand,impressions,1916-11-21
2026-06-18,google,search_brand,clicks,1906-03-27
2026-06-18,google,search_brand,qs,1901-08-20
2026-06-18,google,search_brand,cp,1900-06-2
2026-06-18,google,search_nb,spend,1957-08-27
2026-06-18,google,search_nb,impressions,2271-10-2
2026-06-18,google,search_nb,clicks,1913-02-25
2026-06-18,google,search_nb,qs,1903-06-28
2026-06-18,google,search_nb,cp,1900-07-10
2026-06-18,google,search_pmax,spend,1927-08-24
2026-06-18,google,search_pmax,impressions,3324-06-16
2026-06-18,google,search_pmax,clicks,1909-04-4
2026-06-18,google,search_pmax,qs,1899-12-30
2026-06-18,google,search_pmax,cp,1900-03-20
2026-06-18,google,search_shopping,spend,1902-09-11
2026-06-18,google,search_shopping,impressions,2081-12-30
2026-06-18,google,search_shopping,clicks,1901-06-7
2026-06-18,google,search_shopping,qs,1900-03-8
2026-06-18,google,search_shopping,cp,1900-01-11
2026-06-18,google,youtube,spend,1906-12-31
2026-06-18,google,youtube,impressions,4668-02-10
2026-06-18,google,youtube,clicks,1906-10-26
2026-06-18,google,youtube,qs,1900-06-1
2026-06-18,google,youtube,cp,1900-01-24
2026-06-18,meta,meta_bof,spend,1974-11-1
2026-06-18,meta,meta_bof,impressions,9024-03-6
2026-06-18,meta,meta_bof,clicks,1940-08-3
2026-06-18,meta,meta_bof,qs,1902-01-9
2026-06-18,meta,meta_bof,cp,1900-12-16
2026-06-18,meta,meta_mof,spend,1930-06-9
2026-06-18,meta,meta_mof,impressions,4723-09-25
2026-06-18,meta,meta_mof,clicks,1928-03-30
2026-06-18,meta,meta_mof,qs,1901-06-1
2026-06-18,meta,meta_mof,cp,1900-02-23
2026-06-18,meta,meta_tof,spend,1910-03-13
2026-06-18,meta,meta_tof,impressions,2887-06-23
2026-06-18,meta,meta_tof,clicks,1910-03-13
2026-06-18,meta,meta_tof,qs,1900-04-26
2026-06-18,meta,meta_tof,cp,1900-01-14
2026-06-18,tiktok,tiktok,spend,1918-02-14
2026-06-18,tiktok,tiktok,impressions,13460-05-18
2026-06-18,tiktok,tiktok,clicks,1948-11-23
2026-06-18,tiktok,tiktok,qs,1900-11-23
2026-06-18,tiktok,tiktok,cp,1900-06-26
2026-06-17,google,search_brand,spend,1934-03-29
2026-06-17,google,search_brand,impressions,1918-12-18
2026-06-17,google,search_brand,clicks,1906-07-21
2026-06-17,google,search_brand,qs,1901-07-25
2026-06-17,google,search_brand,cp,1900-06-11
2026-06-17,google,search_nb,spend,1946-12-13
2026-06-17,google,search_nb,impressions,2228-11-13
2026-06-17,google,search_nb,clicks,1911-05-13
2026-06-17,google,search_nb,qs,1902-07-20
2026-06-17,google,search_nb,cp,1900-06-10
2026-06-17,google,search_pmax,spend,1921-09-30
2026-06-17,google,search_pmax,impressions,2976-03-24
2026-06-17,google,search_pmax,clicks,1907-07-5
2026-06-17,google,search_pmax,qs,1899-12-30
2026-06-17,google,search_pmax,cp,1900-02-22
2026-06-17,google,search_shopping,spend,1903-01-9
2026-06-17,google,search_shopping,impressions,2066-05-15
2026-06-17,google,search_shopping,clicks,1901-07-29
2026-06-17,google,search_shopping,qs,1900-03-9
2026-06-17,google,search_shopping,cp,1900-01-17
2026-06-17,google,youtube,spend,1905-08-26
2026-06-17,google,youtube,impressions,4079-12-19
2026-06-17,google,youtube,clicks,1905-12-14
2026-06-17,google,youtube,qs,1900-05-30
2026-06-17,google,youtube,cp,1900-02-6
2026-06-17,meta,meta_bof,spend,1974-10-13
2026-06-17,meta,meta_bof,impressions,9164-08-8
2026-06-17,meta,meta_bof,clicks,1941-03-14
2026-06-17,meta,meta_bof,qs,1901-06-21
2026-06-17,meta,meta_bof,cp,1900-11-25
2026-06-17,meta,meta_mof,spend,1928-10-26
2026-06-17,meta,meta_mof,impressions,4926-02-10
2026-06-17,meta,meta_mof,clicks,1938-11-17
2026-06-17,meta,meta_mof,qs,1901-09-30
2026-06-17,meta,meta_mof,cp,1900-02-27
2026-06-17,meta,meta_tof,spend,1908-04-23
2026-06-17,meta,meta_tof,impressions,2640-04-8
2026-06-17,meta,meta_tof,clicks,1909-10-26
2026-06-17,meta,meta_tof,qs,1900-05-16
2026-06-17,meta,meta_tof,cp,1900-01-11
2026-06-17,tiktok,tiktok,spend,1910-03-27
2026-06-17,tiktok,tiktok,impressions,6505-06-11
2026-06-17,tiktok,tiktok,clicks,1933-02-9
2026-06-17,tiktok,tiktok,qs,1900-05-27
2026-06-17,tiktok,tiktok,cp,1900-04-17
2026-06-16,google,search_brand,spend,1934-06-5
2026-06-16,google,search_brand,impressions,1918-05-18
2026-06-16,google,search_brand,clicks,1906-06-19
2026-06-16,google,search_brand,qs,1901-03-9
2026-06-16,google,search_brand,cp,1900-06-8
2026-06-16,google,search_nb,spend,1955-10-15
2026-06-16,google,search_nb,impressions,2266-02-11
2026-06-16,google,search_nb,clicks,1913-04-12
2026-06-16,google,search_nb,qs,1901-10-31
2026-06-16,google,search_nb,cp,1900-06-21
2026-06-16,google,search_pmax,spend,1918-06-21
2026-06-16,google,search_pmax,impressions,2789-11-16
2026-06-16,google,search_pmax,clicks,1906-08-24
2026-06-16,google,search_pmax,qs,1899-12-30
2026-06-16,google,search_pmax,cp,1900-02-26
2026-06-16,google,search_shopping,spend,1902-11-3
2026-06-16,google,search_shopping,impressions,2049-06-9
2026-06-16,google,search_shopping,clicks,1901-07-4
2026-06-16,google,search_shopping,qs,1900-01-31
2026-06-16,google,search_shopping,cp,1900-01-8
2026-06-16,google,youtube,spend,1906-09-13
2026-06-16,google,youtube,impressions,4882-12-1
2026-06-16,google,youtube,clicks,1910-11-24
2026-06-16,google,youtube,qs,1900-05-14
2026-06-16,google,youtube,cp,1900-02-27
2026-06-16,meta,meta_bof,spend,1982-11-14
2026-06-16,meta,meta_bof,impressions,10243-10-22
2026-06-16,meta,meta_bof,clicks,1948-08-14
2026-06-16,meta,meta_bof,qs,1901-06-20
2026-06-16,meta,meta_bof,cp,1900-12-25
2026-06-16,meta,meta_mof,spend,1942-06-1
2026-06-16,meta,meta_mof,impressions,6268-06-26
2026-06-16,meta,meta_mof,clicks,1948-07-10
2026-06-16,meta,meta_mof,qs,1901-07-9
2026-06-16,meta,meta_mof,cp,1900-03-4
2026-06-16,meta,meta_tof,spend,1913-07-20
2026-06-16,meta,meta_tof,impressions,3182-08-29
2026-06-16,meta,meta_tof,clicks,1914-08-15
2026-06-16,meta,meta_tof,qs,1900-05-10
2026-06-16,meta,meta_tof,cp,1900-01-8
2026-06-16,tiktok,tiktok,spend,1916-05-1
2026-06-16,tiktok,tiktok,impressions,10746-09-10
2026-06-16,tiktok,tiktok,clicks,1942-12-13
2026-06-16,tiktok,tiktok,qs,1900-06-15
2026-06-16,tiktok,tiktok,cp,1900-05-22
2026-06-15,google,search_brand,spend,1934-06-30
2026-06-15,google,search_brand,impressions,1919-04-28
2026-06-15,google,search_brand,clicks,1906-09-29
2026-06-15,google,search_brand,qs,1901-10-2
2026-06-15,google,search_brand,cp,1900-07-5
2026-06-15,google,search_nb,spend,1958-10-2
2026-06-15,google,search_nb,impressions,2259-08-6
2026-06-15,google,search_nb,clicks,1913-06-14
2026-06-15,google,search_nb,qs,1903-04-16
2026-06-15,google,search_nb,cp,1900-08-2
2026-06-15,google,search_pmax,spend,1923-05-16
2026-06-15,google,search_pmax,impressions,2904-06-13
2026-06-15,google,search_pmax,clicks,1908-03-31
2026-06-15,google,search_pmax,qs,1899-12-30
2026-06-15,google,search_pmax,cp,1900-03-11
2026-06-15,google,search_shopping,spend,1902-04-24
2026-06-15,google,search_shopping,impressions,2029-02-25
2026-06-15,google,search_shopping,clicks,1901-05-10
2026-06-15,google,search_shopping,qs,1900-03-7
2026-06-15,google,search_shopping,cp,1900-01-10
2026-06-15,google,youtube,spend,1907-01-9
2026-06-15,google,youtube,impressions,5227-01-9
2026-06-15,google,youtube,clicks,1909-05-18
2026-06-15,google,youtube,qs,1900-06-4
2026-06-15,google,youtube,cp,1900-01-24
2026-06-15,meta,meta_bof,spend,1988-03-30
2026-06-15,meta,meta_bof,impressions,11472-11-25
2026-06-15,meta,meta_bof,clicks,1950-01-5
2026-06-15,meta,meta_bof,qs,1903-02-21
2026-06-15,meta,meta_bof,cp,1900-12-2
2026-06-15,meta,meta_mof,spend,1943-12-8
2026-06-15,meta,meta_mof,impressions,6575-05-20
2026-06-15,meta,meta_mof,clicks,1963-02-16
2026-06-15,meta,meta_mof,qs,1905-11-16
2026-06-15,meta,meta_mof,cp,1900-03-11
2026-06-15,meta,meta_tof,spend,1912-02-25
2026-06-15,meta,meta_tof,impressions,3061-11-28
2026-06-15,meta,meta_tof,clicks,1916-01-7
2026-06-15,meta,meta_tof,qs,1900-12-21
2026-06-15,meta,meta_tof,cp,1900-01-16
2026-06-15,tiktok,tiktok,spend,1914-06-4
2026-06-15,tiktok,tiktok,impressions,13240-07-15
2026-06-15,tiktok,tiktok,clicks,1935-07-9
2026-06-15,tiktok,tiktok,qs,1900-11-9
2026-06-15,tiktok,tiktok,cp,1900-04-27
2026-06-14,google,search_brand,spend,1936-06-21
2026-06-14,google,search_brand,impressions,1922-07-27
2026-06-14,google,search_brand,clicks,1907-10-11
2026-06-14,google,search_brand,qs,1901-12-21
2026-06-14,google,search_brand,cp,1900-07-10
2026-06-14,google,search_nb,spend,1961-06-10
2026-06-14,google,search_nb,impressions,2172-02-10
2026-06-14,google,search_nb,clicks,1912-11-11
2026-06-14,google,search_nb,qs,1903-02-25
2026-06-14,google,search_nb,cp,1900-06-10
2026-06-14,google,search_pmax,spend,1927-08-6
2026-06-14,google,search_pmax,impressions,2937-03-10
2026-06-14,google,search_pmax,clicks,1909-02-19
2026-06-14,google,search_pmax,qs,1899-12-30
2026-06-14,google,search_pmax,cp,1900-03-6
2026-06-14,google,search_shopping,spend,1902-01-6
2026-06-14,google,search_shopping,impressions,2013-10-31
2026-06-14,google,search_shopping,clicks,1901-05-7
2026-06-14,google,search_shopping,qs,1900-03-9
2026-06-14,google,search_shopping,cp,1900-01-12
2026-06-14,google,youtube,spend,1908-06-5
2026-06-14,google,youtube,impressions,4306-08-18
2026-06-14,google,youtube,clicks,1906-12-18
2026-06-14,google,youtube,qs,1900-07-25
2026-06-14,google,youtube,cp,1900-01-24
2026-06-14,meta,meta_bof,spend,1985-01-9
2026-06-14,meta,meta_bof,impressions,11031-01-6
2026-06-14,meta,meta_bof,clicks,1954-01-20
2026-06-14,meta,meta_bof,qs,1903-05-4
2026-06-14,meta,meta_bof,cp,1900-12-18
2026-06-14,meta,meta_mof,spend,1951-12-6
2026-06-14,meta,meta_mof,impressions,7615-02-15
2026-06-14,meta,meta_mof,clicks,1971-12-30
2026-06-14,meta,meta_mof,qs,1906-10-20
2026-06-14,meta,meta_mof,cp,1900-03-11
2026-06-14,meta,meta_tof,spend,1915-11-8
2026-06-14,meta,meta_tof,impressions,3498-11-7
2026-06-14,meta,meta_tof,clicks,1917-12-30
2026-06-14,meta,meta_tof,qs,1901-05-9
2026-06-14,meta,meta_tof,cp,1900-01-23
2026-06-14,tiktok,tiktok,spend,1919-02-23
2026-06-14,tiktok,tiktok,impressions,17048-06-5
2026-06-14,tiktok,tiktok,clicks,1945-12-14
2026-06-14,tiktok,tiktok,qs,1901-06-22
2026-06-14,tiktok,tiktok,cp,1900-06-3
2026-06-13,google,search_brand,spend,1934-07-24
2026-06-13,google,search_brand,impressions,1918-07-13
2026-06-13,google,search_brand,clicks,1906-10-13
2026-06-13,google,search_brand,qs,1901-10-11
2026-06-13,google,search_brand,cp,1900-05-28
2026-06-13,google,search_nb,spend,1967-09-29
2026-06-13,google,search_nb,impressions,2238-08-9
2026-06-13,google,search_nb,clicks,1914-05-16
2026-06-13,google,search_nb,qs,1903-03-12
2026-06-13,google,search_nb,cp,1900-07-19
2026-06-13,google,search_pmax,spend,1920-11-6
2026-06-13,google,search_pmax,impressions,2711-07-23
2026-06-13,google,search_pmax,clicks,1906-05-14
2026-06-13,google,search_pmax,qs,1899-12-30
2026-06-13,google,search_pmax,cp,1900-02-12
2026-06-13,google,search_shopping,spend,1901-05-23
2026-06-13,google,search_shopping,impressions,1985-12-31
2026-06-13,google,search_shopping,clicks,1900-11-28
2026-06-13,google,search_shopping,qs,1900-02-8
2026-06-13,google,search_shopping,cp,1900-01-7
2026-06-13,google,youtube,spend,1904-12-14
2026-06-13,google,youtube,impressions,3037-05-23
2026-06-13,google,youtube,clicks,1904-02-3
2026-06-13,google,youtube,qs,1900-05-6
2026-06-13,google,youtube,cp,1900-01-12
2026-06-13,meta,meta_bof,spend,1970-04-14
2026-06-13,meta,meta_bof,impressions,8994-10-28
2026-06-13,meta,meta_bof,clicks,1946-05-15
2026-06-13,meta,meta_bof,qs,1903-05-1
2026-06-13,meta,meta_bof,cp,1900-12-20
2026-06-13,meta,meta_mof,spend,1931-12-19
2026-06-13,meta,meta_mof,impressions,5041-06-3
2026-06-13,meta,meta_mof,clicks,1942-09-8
2026-06-13,meta,meta_mof,qs,1904-12-4
2026-06-13,meta,meta_mof,cp,1900-02-24
2026-06-13,meta,meta_tof,spend,1911-01-10
2026-06-13,meta,meta_tof,impressions,3049-12-23
2026-06-13,meta,meta_tof,clicks,1915-03-26
2026-06-13,meta,meta_tof,qs,1901-02-10
2026-06-13,meta,meta_tof,cp,1900-01-28
2026-06-13,tiktok,tiktok,spend,1921-07-31
2026-06-13,tiktok,tiktok,impressions,13681-11-2
2026-06-13,tiktok,tiktok,clicks,1945-05-5
2026-06-13,tiktok,tiktok,qs,1901-09-18
2026-06-13,tiktok,tiktok,cp,1900-06-8
2026-06-12,google,search_brand,spend,1932-11-9
2026-06-12,google,search_brand,impressions,1918-10-7
2026-06-12,google,search_brand,clicks,1906-07-30
2026-06-12,google,search_brand,qs,1901-10-19
2026-06-12,google,search_brand,cp,1900-07-15
2026-06-12,google,search_nb,spend,1951-12-5
2026-06-12,google,search_nb,impressions,2282-12-15
2026-06-12,google,search_nb,clicks,1915-03-5
2026-06-12,google,search_nb,qs,1902-11-30
2026-06-12,google,search_nb,cp,1900-06-29
2026-06-12,google,search_pmax,spend,1925-06-15
2026-06-12,google,search_pmax,impressions,3000-12-28
2026-06-12,google,search_pmax,clicks,1908-12-4
2026-06-12,google,search_pmax,qs,1899-12-30
2026-06-12,google,search_pmax,cp,1900-02-25
2026-06-12,google,search_shopping,spend,1901-07-16
2026-06-12,google,search_shopping,impressions,1989-09-9
2026-06-12,google,search_shopping,clicks,1901-01-17
2026-06-12,google,search_shopping,qs,1900-02-14
2026-06-12,google,search_shopping,cp,1900-01-7
2026-06-12,google,youtube,spend,1905-03-31
2026-06-12,google,youtube,impressions,2993-10-2
2026-06-12,google,youtube,clicks,1903-08-15
2026-06-12,google,youtube,qs,1900-05-20
2026-06-12,google,youtube,cp,1900-01-10
2026-06-12,meta,meta_bof,spend,1967-04-17
2026-06-12,meta,meta_bof,impressions,9601-02-7
2026-06-12,meta,meta_bof,clicks,1948-08-8
2026-06-12,meta,meta_bof,qs,1902-08-6
2026-06-12,meta,meta_bof,cp,1900-11-21
2026-06-12,meta,meta_mof,spend,1926-05-7
2026-06-12,meta,meta_mof,impressions,4522-12-25
2026-06-12,meta,meta_mof,clicks,1927-07-27
2026-06-12,meta,meta_mof,qs,1902-02-9
2026-06-12,meta,meta_mof,cp,1900-02-6
2026-06-12,meta,meta_tof,spend,1908-02-3
2026-06-12,meta,meta_tof,impressions,2754-01-12
2026-06-12,meta,meta_tof,clicks,1912-10-13
2026-06-12,meta,meta_tof,qs,1900-07-11
2026-06-12,meta,meta_tof,cp,1900-01-15
2026-06-12,tiktok,tiktok,spend,1921-11-24
2026-06-12,tiktok,tiktok,impressions,14040-02-26
2026-06-12,tiktok,tiktok,clicks,1947-04-19
2026-06-12,tiktok,tiktok,qs,1901-07-24
2026-06-12,tiktok,tiktok,cp,1900-06-6
2026-06-11,google,search_brand,spend,1929-11-20
2026-06-11,google,search_brand,impressions,1916-04-14
2026-06-11,google,search_brand,clicks,1905-09-4
2026-06-11,google,search_brand,qs,1901-06-7
2026-06-11,google,search_brand,cp,1900-05-14
2026-06-11,google,search_nb,spend,1971-03-13
2026-06-11,google,search_nb,impressions,2479-09-6
2026-06-11,google,search_nb,clicks,1917-11-26
2026-06-11,google,search_nb,qs,1903-09-3
2026-06-11,google,search_nb,cp,1900-07-8
2026-06-11,google,search_pmax,spend,1940-06-4
2026-06-11,google,search_pmax,impressions,2985-09-18
2026-06-11,google,search_pmax,clicks,1911-04-29
2026-06-11,google,search_pmax,qs,1899-12-30
2026-06-11,google,search_pmax,cp,1900-03-17
2026-06-11,google,search_shopping,spend,1901-07-27
2026-06-11,google,search_shopping,impressions,1978-11-30
2026-06-11,google,search_shopping,clicks,1901-01-18
2026-06-11,google,search_shopping,qs,1900-02-10
2026-06-11,google,search_shopping,cp,1900-01-6
2026-06-11,google,youtube,spend,1905-10-7
2026-06-11,google,youtube,impressions,2959-09-17
2026-06-11,google,youtube,clicks,1903-08-22
2026-06-11,google,youtube,qs,1900-05-3
2026-06-11,google,youtube,cp,1900-01-8
2026-06-11,meta,meta_bof,spend,1976-04-24
2026-06-11,meta,meta_bof,impressions,10493-09-5
2026-06-11,meta,meta_bof,clicks,1945-12-17
2026-06-11,meta,meta_bof,qs,1902-04-1
2026-06-11,meta,meta_bof,cp,1900-11-13
2026-06-11,meta,meta_mof,spend,1933-10-6
2026-06-11,meta,meta_mof,impressions,5561-08-14
2026-06-11,meta,meta_mof,clicks,1934-03-7
2026-06-11,meta,meta_mof,qs,1902-02-6
2026-06-11,meta,meta_mof,cp,1900-02-18
2026-06-11,meta,meta_tof,spend,1907-11-21
2026-06-11,meta,meta_tof,impressions,2705-01-23
2026-06-11,meta,meta_tof,clicks,1909-06-26
2026-06-11,meta,meta_tof,qs,1900-05-12
2026-06-11,meta,meta_tof,cp,1900-01-13
2026-06-11,tiktok,tiktok,spend,1914-01-3
2026-06-11,tiktok,tiktok,impressions,6854-04-19
2026-06-11,tiktok,tiktok,clicks,1937-03-14
2026-06-11,tiktok,tiktok,qs,1900-11-5
2026-06-11,tiktok,tiktok,cp,1900-05-4
2026-06-10,google,search_brand,spend,1924-08-21
2026-06-10,google,search_brand,impressions,1914-07-23
2026-06-10,google,search_brand,clicks,1904-11-10
2026-06-10,google,search_brand,qs,1901-04-26
2026-06-10,google,search_brand,cp,1900-05-17
2026-06-10,google,search_nb,spend,1956-12-12
2026-06-10,google,search_nb,impressions,2250-06-25
2026-06-10,google,search_nb,clicks,1912-03-23
2026-06-10,google,search_nb,qs,1903-04-3
2026-06-10,google,search_nb,cp,1900-07-15
2026-06-10,google,search_pmax,spend,1927-03-11
2026-06-10,google,search_pmax,impressions,2734-05-17
2026-06-10,google,search_pmax,clicks,1908-09-15
2026-06-10,google,search_pmax,qs,1899-12-30
2026-06-10,google,search_pmax,cp,1900-03-18
2026-06-10,google,search_shopping,spend,1901-09-11
2026-06-10,google,search_shopping,impressions,1984-09-25
2026-06-10,google,search_shopping,clicks,1901-02-15
2026-06-10,google,search_shopping,qs,1900-02-25
2026-06-10,google,search_shopping,cp,1900-01-20
2026-06-10,google,youtube,spend,1903-10-12
2026-06-10,google,youtube,impressions,2718-09-7
2026-06-10,google,youtube,clicks,1902-12-16
2026-06-10,google,youtube,qs,1900-03-27
2026-06-10,google,youtube,cp,1900-01-9
2026-06-10,meta,meta_bof,spend,1959-04-22
2026-06-10,meta,meta_bof,impressions,8677-12-28
2026-06-10,meta,meta_bof,clicks,1927-07-13
2026-06-10,meta,meta_bof,qs,1901-11-14
2026-06-10,meta,meta_bof,cp,1900-09-6
2026-06-10,meta,meta_mof,spend,1936-04-2
2026-06-10,meta,meta_mof,impressions,5428-05-27
2026-06-10,meta,meta_mof,clicks,1930-07-9
2026-06-10,meta,meta_mof,qs,1901-12-20
2026-06-10,meta,meta_mof,cp,1900-02-5
2026-06-10,meta,meta_tof,spend,1908-10-30
2026-06-10,meta,meta_tof,impressions,2937-06-13
2026-06-10,meta,meta_tof,clicks,1908-03-26
2026-06-10,meta,meta_tof,qs,1900-05-2
2026-06-10,meta,meta_tof,cp,1900-01-5
2026-06-10,tiktok,tiktok,spend,1921-05-14
2026-06-10,tiktok,tiktok,impressions,9580-12-13
2026-06-10,tiktok,tiktok,clicks,1949-04-13
2026-06-10,tiktok,tiktok,qs,1901-04-21
2026-06-10,tiktok,tiktok,cp,1900-06-8
2026-06-9,google,search_brand,spend,1921-04-18
2026-06-9,google,search_brand,impressions,1913-09-27
2026-06-9,google,search_brand,clicks,1904-07-11
2026-06-9,google,search_brand,qs,1901-02-14
2026-06-9,google,search_brand,cp,1900-04-24
2026-06-9,google,search_nb,spend,1963-03-27
2026-06-9,google,search_nb,impressions,2201-09-10
2026-06-9,google,search_nb,clicks,1912-05-3
2026-06-9,google,search_nb,qs,1903-04-7
2026-06-9,google,search_nb,cp,1900-07-12
2026-06-9,google,search_pmax,spend,1925-01-20
2026-06-9,google,search_pmax,impressions,2958-09-30
2026-06-9,google,search_pmax,clicks,1908-04-7
2026-06-9,google,search_pmax,qs,1899-12-30
2026-06-9,google,search_pmax,cp,1900-02-27
2026-06-9,google,search_shopping,spend,1901-10-27
2026-06-9,google,search_shopping,impressions,2016-12-26
2026-06-9,google,search_shopping,clicks,1901-03-11
2026-06-9,google,search_shopping,qs,1900-02-20
2026-06-9,google,search_shopping,cp,1900-01-11
2026-06-9,google,youtube,spend,1904-08-16
2026-06-9,google,youtube,impressions,3025-02-19
2026-06-9,google,youtube,clicks,1903-06-20
2026-06-9,google,youtube,qs,1900-04-9
2026-06-9,google,youtube,cp,1900-01-9
2026-06-9,meta,meta_bof,spend,1966-12-1
2026-06-9,meta,meta_bof,impressions,8546-03-5
2026-06-9,meta,meta_bof,clicks,1931-02-7
2026-06-9,meta,meta_bof,qs,1901-10-16
2026-06-9,meta,meta_bof,cp,1900-09-15
2026-06-9,meta,meta_mof,spend,1923-09-21
2026-06-9,meta,meta_mof,impressions,4176-08-3
2026-06-9,meta,meta_mof,clicks,1918-01-25
2026-06-9,meta,meta_mof,qs,1901-07-11
2026-06-9,meta,meta_mof,cp,1900-02-12
2026-06-9,meta,meta_tof,spend,1908-04-16
2026-06-9,meta,meta_tof,impressions,2831-01-18
2026-06-9,meta,meta_tof,clicks,1910-09-19
2026-06-9,meta,meta_tof,qs,1900-05-6
2026-06-9,meta,meta_tof,cp,1900-01-12
2026-06-9,tiktok,tiktok,spend,1921-05-4
2026-06-9,tiktok,tiktok,impressions,12867-02-3
2026-06-9,tiktok,tiktok,clicks,1951-12-31
2026-06-9,tiktok,tiktok,qs,1901-02-27
2026-06-9,tiktok,tiktok,cp,1900-05-26
2026-06-8,google,search_brand,spend,1921-09-25
2026-06-8,google,search_brand,impressions,1914-05-9
2026-06-8,google,search_brand,clicks,1904-09-21
2026-06-8,google,search_brand,qs,1901-06-18
2026-06-8,google,search_brand,cp,1900-06-10
2026-06-8,google,search_nb,spend,1959-11-20
2026-06-8,google,search_nb,impressions,2257-10-22
2026-06-8,google,search_nb,clicks,1912-03-15
2026-06-8,google,search_nb,qs,1903-07-16
2026-06-8,google,search_nb,cp,1900-06-18
2026-06-8,google,search_pmax,spend,1925-03-9
2026-06-8,google,search_pmax,impressions,3269-07-16
2026-06-8,google,search_pmax,clicks,1908-02-5
2026-06-8,google,search_pmax,qs,1899-12-30
2026-06-8,google,search_pmax,cp,1900-03-8
2026-06-8,google,search_shopping,spend,1901-12-30
2026-06-8,google,search_shopping,impressions,2048-05-1
2026-06-8,google,search_shopping,clicks,1901-04-12
2026-06-8,google,search_shopping,qs,1900-02-24
2026-06-8,google,search_shopping,cp,1900-01-11
2026-06-8,google,youtube,spend,1905-05-21
2026-06-8,google,youtube,impressions,3341-02-4
2026-06-8,google,youtube,clicks,1904-06-18
2026-06-8,google,youtube,qs,1900-04-14
2026-06-8,google,youtube,cp,1900-01-12
2026-06-8,meta,meta_bof,spend,1980-05-21
2026-06-8,meta,meta_bof,impressions,10021-05-4
2026-06-8,meta,meta_bof,clicks,1937-11-29
2026-06-8,meta,meta_bof,qs,1902-04-20
2026-06-8,meta,meta_bof,cp,1900-09-29
2026-06-8,meta,meta_mof,spend,1917-11-12
2026-06-8,meta,meta_mof,impressions,3508-10-9
2026-06-8,meta,meta_mof,clicks,1914-05-26
2026-06-8,meta,meta_mof,qs,1901-05-6
2026-06-8,meta,meta_mof,cp,1900-01-25
2026-06-8,meta,meta_tof,spend,1908-05-30
2026-06-8,meta,meta_tof,impressions,2924-11-14
2026-06-8,meta,meta_tof,clicks,1909-12-31
2026-06-8,meta,meta_tof,qs,1900-05-26
2026-06-8,meta,meta_tof,cp,1900-01-18
2026-06-8,tiktok,tiktok,spend,1911-01-15
2026-06-8,tiktok,tiktok,impressions,6658-10-31
2026-06-8,tiktok,tiktok,clicks,1913-10-4
2026-06-8,tiktok,tiktok,qs,1900-05-30
2026-06-8,tiktok,tiktok,cp,1900-03-31
2026-06-7,google,search_brand,spend,1921-10-13
2026-06-7,google,search_brand,impressions,1913-05-6
2026-06-7,google,search_brand,clicks,1904-11-5
2026-06-7,google,search_brand,qs,1901-07-3
2026-06-7,google,search_brand,cp,1900-05-29
2026-06-7,google,search_nb,spend,1955-04-29
2026-06-7,google,search_nb,impressions,2245-09-5
2026-06-7,google,search_nb,clicks,1911-09-5
2026-06-7,google,search_nb,qs,1903-07-7
2026-06-7,google,search_nb,cp,1900-05-13
2026-06-7,google,search_pmax,spend,1919-04-15
2026-06-7,google,search_pmax,impressions,3154-10-4
2026-06-7,google,search_pmax,clicks,1905-10-10
2026-06-7,google,search_pmax,qs,1899-12-30
2026-06-7,google,search_pmax,cp,1900-02-25
2026-06-7,google,search_shopping,spend,1901-11-30
2026-06-7,google,search_shopping,impressions,2062-02-13
2026-06-7,google,search_shopping,clicks,1901-03-20
2026-06-7,google,search_shopping,qs,1900-03-6
2026-06-7,google,search_shopping,cp,1900-01-10
2026-06-7,google,youtube,spend,1905-10-16
2026-06-7,google,youtube,impressions,3310-11-11
2026-06-7,google,youtube,clicks,1904-07-12
2026-06-7,google,youtube,qs,1900-04-7
2026-06-7,google,youtube,cp,1900-01-17
2026-06-7,meta,meta_bof,spend,1990-11-20
2026-06-7,meta,meta_bof,impressions,9696-06-30
2026-06-7,meta,meta_bof,clicks,1936-11-25
2026-06-7,meta,meta_bof,qs,1901-12-20
2026-06-7,meta,meta_bof,cp,1900-08-23
2026-06-7,meta,meta_mof,spend,1923-03-18
2026-06-7,meta,meta_mof,impressions,3880-06-13
2026-06-7,meta,meta_mof,clicks,1921-01-20
2026-06-7,meta,meta_mof,qs,1901-04-23
2026-06-7,meta,meta_mof,cp,1900-01-25
2026-06-7,meta,meta_tof,spend,1908-10-5
2026-06-7,meta,meta_tof,impressions,2737-10-29
2026-06-7,meta,meta_tof,clicks,1907-11-28
2026-06-7,meta,meta_tof,qs,1900-05-13
2026-06-7,meta,meta_tof,cp,1900-01-15
2026-06-7,tiktok,tiktok,spend,1916-03-8
2026-06-7,tiktok,tiktok,impressions,8412-11-13
2026-06-7,tiktok,tiktok,clicks,1921-02-18
2026-06-7,tiktok,tiktok,qs,1900-08-10
2026-06-7,tiktok,tiktok,cp,1900-03-20
2026-06-6,google,search_brand,spend,1916-12-29
2026-06-6,google,search_brand,impressions,1911-07-2
2026-06-6,google,search_brand,clicks,1904-01-24
2026-06-6,google,search_brand,qs,1901-03-28
2026-06-6,google,search_brand,cp,1900-04-16
2026-06-6,google,search_nb,spend,1938-03-24
2026-06-6,google,search_nb,impressions,2136-12-23
2026-06-6,google,search_nb,clicks,1907-12-18
2026-06-6,google,search_nb,qs,1902-07-31
2026-06-6,google,search_nb,cp,1900-05-16
2026-06-6,google,search_pmax,spend,1914-04-11
2026-06-6,google,search_pmax,impressions,2921-11-14
2026-06-6,google,search_pmax,clicks,1904-02-18
2026-06-6,google,search_pmax,qs,1899-12-30
2026-06-6,google,search_pmax,cp,1900-02-5
2026-06-6,google,search_shopping,spend,1901-06-26
2026-06-6,google,search_shopping,impressions,2039-06-18
2026-06-6,google,search_shopping,clicks,1900-12-8
2026-06-6,google,search_shopping,qs,1900-02-13
2026-06-6,google,search_shopping,cp,1900-01-6
2026-06-6,google,youtube,spend,1905-07-25
2026-06-6,google,youtube,impressions,3083-06-17
2026-06-6,google,youtube,clicks,1904-07-11
2026-06-6,google,youtube,qs,1900-04-14
2026-06-6,google,youtube,cp,1900-01-12
2026-06-6,meta,meta_bof,spend,1980-01-15
2026-06-6,meta,meta_bof,impressions,8682-04-30
2026-06-6,meta,meta_bof,clicks,1930-11-3
2026-06-6,meta,meta_bof,qs,1901-06-26
2026-06-6,meta,meta_bof,cp,1900-08-10
2026-06-6,meta,meta_mof,spend,1923-03-15
2026-06-6,meta,meta_mof,impressions,3833-10-31
2026-06-6,meta,meta_mof,clicks,1917-01-14
2026-06-6,meta,meta_mof,qs,1900-12-13
2026-06-6,meta,meta_mof,cp,1900-02-12
2026-06-6,meta,meta_tof,spend,1907-11-11
2026-06-6,meta,meta_tof,impressions,2688-04-18
2026-06-6,meta,meta_tof,clicks,1909-02-27
2026-06-6,meta,meta_tof,qs,1900-03-29
2026-06-6,meta,meta_tof,cp,1900-01-9
2026-06-6,tiktok,tiktok,spend,1913-06-13
2026-06-6,tiktok,tiktok,impressions,8587-03-23
2026-06-6,tiktok,tiktok,clicks,1919-03-22
2026-06-6,tiktok,tiktok,qs,1900-07-6
2026-06-6,tiktok,tiktok,cp,1900-04-6
2026-06-5,google,search_brand,spend,1919-03-12
2026-06-5,google,search_brand,impressions,1912-10-2
2026-06-5,google,search_brand,clicks,1904-05-9
2026-06-5,google,search_brand,qs,1901-04-23
2026-06-5,google,search_brand,cp,1900-05-21
2026-06-5,google,search_nb,spend,1939-04-3
2026-06-5,google,search_nb,impressions,2132-05-9
2026-06-5,google,search_nb,clicks,1907-08-16
2026-06-5,google,search_nb,qs,1902-03-25
2026-06-5,google,search_nb,cp,1900-05-15
2026-06-5,google,search_pmax,spend,1913-09-10
2026-06-5,google,search_pmax,impressions,2762-07-29
2026-06-5,google,search_pmax,clicks,1904-02-2
2026-06-5,google,search_pmax,qs,1899-12-30
2026-06-5,google,search_pmax,cp,1900-02-11
2026-06-5,google,search_shopping,spend,1901-05-18
2026-06-5,google,search_shopping,impressions,2022-10-18
2026-06-5,google,search_shopping,clicks,1900-11-5
2026-06-5,google,search_shopping,qs,1900-02-18
2026-06-5,google,search_shopping,cp,1900-01-5
2026-06-5,google,youtube,spend,1905-09-23
2026-06-5,google,youtube,impressions,2857-02-2
2026-06-5,google,youtube,clicks,1903-11-26
2026-06-5,google,youtube,qs,1900-03-18
2026-06-5,google,youtube,cp,1900-01-15
2026-06-5,meta,meta_bof,spend,1981-01-31
2026-06-5,meta,meta_bof,impressions,8652-05-7
2026-06-5,meta,meta_bof,clicks,1931-06-8
2026-06-5,meta,meta_bof,qs,1901-05-2
2026-06-5,meta,meta_bof,cp,1900-10-21
2026-06-5,meta,meta_mof,spend,1940-11-27
2026-06-5,meta,meta_mof,impressions,5625-05-27
2026-06-5,meta,meta_mof,clicks,1926-10-15
2026-06-5,meta,meta_mof,qs,1901-09-28
2026-06-5,meta,meta_mof,cp,1900-03-22
2026-06-5,meta,meta_tof,spend,1910-05-10
2026-06-5,meta,meta_tof,impressions,3092-11-26
2026-06-5,meta,meta_tof,clicks,1914-08-15
2026-06-5,meta,meta_tof,qs,1900-04-14
2026-06-5,meta,meta_tof,cp,1900-01-13
2026-06-5,tiktok,tiktok,spend,1923-01-6
2026-06-5,tiktok,tiktok,impressions,13429-06-19
2026-06-5,tiktok,tiktok,clicks,1931-06-30
2026-06-5,tiktok,tiktok,qs,1900-08-8
2026-06-5,tiktok,tiktok,cp,1900-04-18
2026-06-4,google,search_brand,spend,1921-01-3
2026-06-4,google,search_brand,impressions,1913-10-15
2026-06-4,google,search_brand,clicks,1904-11-30
2026-06-4,google,search_brand,qs,1901-07-3
2026-06-4,google,search_brand,cp,1900-06-3
2026-06-4,google,search_nb,spend,1947-05-22
2026-06-4,google,search_nb,impressions,2187-02-20
2026-06-4,google,search_nb,clicks,1909-03-14
2026-06-4,google,search_nb,qs,1902-10-24
2026-06-4,google,search_nb,cp,1900-05-21
2026-06-4,google,search_pmax,spend,1917-12-11
2026-06-4,google,search_pmax,impressions,3089-10-16
2026-06-4,google,search_pmax,clicks,1905-05-31
2026-06-4,google,search_pmax,qs,1899-12-30
2026-06-4,google,search_pmax,cp,1900-02-8
2026-06-4,google,search_shopping,spend,1901-09-2
2026-06-4,google,search_shopping,impressions,2051-03-25
2026-06-4,google,search_shopping,clicks,1901-02-1
2026-06-4,google,search_shopping,qs,1900-02-27
2026-06-4,google,search_shopping,cp,1900-01-10
2026-06-4,google,youtube,spend,1905-11-9
2026-06-4,google,youtube,impressions,3033-04-7
2026-06-4,google,youtube,clicks,1904-03-25
2026-06-4,google,youtube,qs,1900-04-29
2026-06-4,google,youtube,cp,1900-01-20
2026-06-4,meta,meta_bof,spend,1984-06-8
2026-06-4,meta,meta_bof,impressions,8820-01-5
2026-06-4,meta,meta_bof,clicks,1933-07-27
2026-06-4,meta,meta_bof,qs,1901-10-1
2026-06-4,meta,meta_bof,cp,1900-10-30
2026-06-4,meta,meta_mof,spend,1940-05-3
2026-06-4,meta,meta_mof,impressions,5591-03-9
2026-06-4,meta,meta_mof,clicks,1926-09-6
2026-06-4,meta,meta_mof,qs,1901-10-18
2026-06-4,meta,meta_mof,cp,1900-03-2
2026-06-4,meta,meta_tof,spend,1908-05-21
2026-06-4,meta,meta_tof,impressions,2901-12-2
2026-06-4,meta,meta_tof,clicks,1908-08-15
2026-06-4,meta,meta_tof,qs,1900-04-16
2026-06-4,meta,meta_tof,cp,1900-01-7
2026-06-4,tiktok,tiktok,spend,1917-01-25
2026-06-4,tiktok,tiktok,impressions,10164-10-6
2026-06-4,tiktok,tiktok,clicks,1926-01-10
2026-06-4,tiktok,tiktok,qs,1900-09-2
2026-06-4,tiktok,tiktok,cp,1900-05-5
2026-06-3,google,search_brand,spend,1923-01-31
2026-06-3,google,search_brand,impressions,1913-11-5
2026-06-3,google,search_brand,clicks,1904-12-14
2026-06-3,google,search_brand,qs,1901-06-16
2026-06-3,google,search_brand,cp,1900-05-30
2026-06-3,google,search_nb,spend,1943-07-23
2026-06-3,google,search_nb,impressions,2174-01-3
2026-06-3,google,search_nb,clicks,1908-11-5
2026-06-3,google,search_nb,qs,1902-06-11
2026-06-3,google,search_nb,cp,1900-04-28
2026-06-3,google,search_pmax,spend,1920-07-29
2026-06-3,google,search_pmax,impressions,3123-08-25
2026-06-3,google,search_pmax,clicks,1905-09-9
2026-06-3,google,search_pmax,qs,1899-12-30
2026-06-3,google,search_pmax,cp,1900-02-10
2026-06-3,google,search_shopping,spend,1901-08-15
2026-06-3,google,search_shopping,impressions,2036-02-7
2026-06-3,google,search_shopping,clicks,1901-01-17
2026-06-3,google,search_shopping,qs,1900-02-25
2026-06-3,google,search_shopping,cp,1900-01-12
2026-06-3,google,youtube,spend,1905-09-30
2026-06-3,google,youtube,impressions,3512-01-7
2026-06-3,google,youtube,clicks,1904-08-3
2026-06-3,google,youtube,qs,1900-04-12
2026-06-3,google,youtube,cp,1900-01-17
2026-06-3,meta,meta_bof,spend,1973-11-13
2026-06-3,meta,meta_bof,impressions,7660-01-3
2026-06-3,meta,meta_bof,clicks,1934-12-25
2026-06-3,meta,meta_bof,qs,1901-07-15
2026-06-3,meta,meta_bof,cp,1900-10-8
2026-06-3,meta,meta_mof,spend,1931-09-3
2026-06-3,meta,meta_mof,impressions,4364-05-26
2026-06-3,meta,meta_mof,clicks,1920-06-8
2026-06-3,meta,meta_mof,qs,1901-09-27
2026-06-3,meta,meta_mof,cp,1900-02-17
2026-06-3,meta,meta_tof,spend,1906-02-25
2026-06-3,meta,meta_tof,impressions,2588-04-26
2026-06-3,meta,meta_tof,clicks,1906-03-10
2026-06-3,meta,meta_tof,qs,1900-03-31
2026-06-3,meta,meta_tof,cp,1900-01-11
2026-06-3,tiktok,tiktok,spend,1919-03-2
2026-06-3,tiktok,tiktok,impressions,10206-02-2
2026-06-3,tiktok,tiktok,clicks,1923-08-11
2026-06-3,tiktok,tiktok,qs,1900-08-9
2026-06-3,tiktok,tiktok,cp,1900-04-20
2026-06-2,google,search_brand,spend,1923-09-17
2026-06-2,google,search_brand,impressions,1915-10-3
2026-06-2,google,search_brand,clicks,1905-04-23
2026-06-2,google,search_brand,qs,1901-08-5
2026-06-2,google,search_brand,cp,1900-05-26
2026-06-2,google,search_nb,spend,1960-06-5
2026-06-2,google,search_nb,impressions,2246-12-11
2026-06-2,google,search_nb,clicks,1914-10-5
2026-06-2,google,search_nb,qs,1903-08-12
2026-06-2,google,search_nb,cp,1900-06-10
2026-06-2,google,search_pmax,spend,1927-03-2
2026-06-2,google,search_pmax,impressions,3306-09-10
2026-06-2,google,search_pmax,clicks,1906-11-12
2026-06-2,google,search_pmax,qs,1899-12-30
2026-06-2,google,search_pmax,cp,1900-02-28
2026-06-2,google,search_shopping,spend,1901-12-21
2026-06-2,google,search_shopping,impressions,2054-04-11
2026-06-2,google,search_shopping,clicks,1901-04-12
2026-06-2,google,search_shopping,qs,1900-03-20
2026-06-2,google,search_shopping,cp,1900-01-17
2026-06-2,google,youtube,spend,1905-10-2
2026-06-2,google,youtube,impressions,3539-12-9
2026-06-2,google,youtube,clicks,1905-03-2
2026-06-2,google,youtube,qs,1900-04-18
2026-06-2,google,youtube,cp,1900-01-12
2026-06-2,meta,meta_bof,spend,1993-09-30
2026-06-2,meta,meta_bof,impressions,9356-10-23
2026-06-2,meta,meta_bof,clicks,1939-09-15
2026-06-2,meta,meta_bof,qs,1902-05-9
2026-06-2,meta,meta_bof,cp,1900-11-15
2026-06-2,meta,meta_mof,spend,1939-02-8
2026-06-2,meta,meta_mof,impressions,5024-08-2
2026-06-2,meta,meta_mof,clicks,1924-07-9
2026-06-2,meta,meta_mof,qs,1902-03-12
2026-06-2,meta,meta_mof,cp,1900-02-25
2026-06-2,meta,meta_tof,spend,1908-04-15
2026-06-2,meta,meta_tof,impressions,2849-05-8
2026-06-2,meta,meta_tof,clicks,1910-06-5
2026-06-2,meta,meta_tof,qs,1900-04-24
2026-06-2,meta,meta_tof,cp,1900-01-14
2026-06-2,tiktok,tiktok,spend,1911-01-26
2026-06-2,tiktok,tiktok,impressions,6520-06-23
2026-06-2,tiktok,tiktok,clicks,1915-10-26
2026-06-2,tiktok,tiktok,qs,1900-07-5
2026-06-2,tiktok,tiktok,cp,1900-03-19
2026-06-1,google,search_brand,spend,1927-04-23
2026-06-1,google,search_brand,impressions,1917-10-11
2026-06-1,google,search_brand,clicks,1905-12-23
2026-06-1,google,search_brand,qs,1901-09-30
2026-06-1,google,search_brand,cp,1900-06-13
2026-06-1,google,search_nb,spend,1968-02-16
2026-06-1,google,search_nb,impressions,2293-09-13
2026-06-1,google,search_nb,clicks,1916-04-16
2026-06-1,google,search_nb,qs,1904-01-8
2026-06-1,google,search_nb,cp,1900-07-8
2026-06-1,google,search_pmax,spend,1924-02-21
2026-06-1,google,search_pmax,impressions,3256-09-24
2026-06-1,google,search_pmax,clicks,1906-03-29
2026-06-1,google,search_pmax,qs,1899-12-30
2026-06-1,google,search_pmax,cp,1900-02-19
2026-06-1,google,search_shopping,spend,1901-11-28
2026-06-1,google,search_shopping,impressions,2052-01-27
2026-06-1,google,search_shopping,clicks,1901-03-19
2026-06-1,google,search_shopping,qs,1900-03-23
2026-06-1,google,search_shopping,cp,1900-01-8
2026-06-1,google,youtube,spend,1906-03-18
2026-06-1,google,youtube,impressions,3466-04-5
2026-06-1,google,youtube,clicks,1904-12-26
2026-06-1,google,youtube,qs,1900-04-26
2026-06-1,google,youtube,cp,1900-01-19
2026-06-1,meta,meta_bof,spend,2006-07-27
2026-06-1,meta,meta_bof,impressions,11768-11-9
2026-06-1,meta,meta_bof,clicks,1945-03-11
2026-06-1,meta,meta_bof,qs,1902-07-4
2026-06-1,meta,meta_bof,cp,1900-10-9
2026-06-1,meta,meta_mof,spend,1950-02-19
2026-06-1,meta,meta_mof,impressions,6508-02-21
2026-06-1,meta,meta_mof,clicks,1931-05-14
2026-06-1,meta,meta_mof,qs,1902-03-23
2026-06-1,meta,meta_mof,cp,1900-02-11
2026-06-1,meta,meta_tof,spend,1911-09-10
2026-06-1,meta,meta_tof,impressions,3403-05-28
2026-06-1,meta,meta_tof,clicks,1913-08-23
2026-06-1,meta,meta_tof,qs,1900-05-12
2026-06-1,meta,meta_tof,cp,1900-01-17
2026-06-1,tiktok,tiktok,spend,1919-03-1
2026-06-1,tiktok,tiktok,impressions,13325-01-27
2026-06-1,tiktok,tiktok,clicks,1931-11-19
2026-06-1,tiktok,tiktok,qs,1900-11-29
2026-06-1,tiktok,tiktok,cp,1900-05-3
2026-05-31,google,search_brand,spend,1929-07-15
2026-05-31,google,search_brand,impressions,1917-01-28
2026-05-31,google,search_brand,clicks,1906-01-17
2026-05-31,google,search_brand,qs,1901-10-16
2026-05-31,google,search_brand,cp,1900-07-17
2026-05-31,google,search_nb,spend,1951-12-7
2026-05-31,google,search_nb,impressions,2159-10-8
2026-05-31,google,search_nb,clicks,1911-05-1
2026-05-31,google,search_nb,qs,1903-01-1
2026-05-31,google,search_nb,cp,1900-05-23
2026-05-31,google,search_pmax,spend,1930-07-29
2026-05-31,google,search_pmax,impressions,3374-04-9
2026-05-31,google,search_pmax,clicks,1907-10-23
2026-05-31,google,search_pmax,qs,1899-12-30
2026-05-31,google,search_pmax,cp,1900-03-2
2026-05-31,google,search_shopping,spend,1901-11-4
2026-05-31,google,search_shopping,impressions,2029-10-22
2026-05-31,google,search_shopping,clicks,1901-02-28
2026-05-31,google,search_shopping,qs,1900-03-16
2026-05-31,google,search_shopping,cp,1900-01-15
2026-05-31,google,youtube,spend,1904-10-9
2026-05-31,google,youtube,impressions,2922-09-16
2026-05-31,google,youtube,clicks,1903-09-10
2026-05-31,google,youtube,qs,1900-04-5
2026-05-31,google,youtube,cp,1900-01-9
2026-05-31,meta,meta_bof,spend,1992-08-18
2026-05-31,meta,meta_bof,impressions,10897-01-19
2026-05-31,meta,meta_bof,clicks,1941-04-6
2026-05-31,meta,meta_bof,qs,1902-08-9
2026-05-31,meta,meta_bof,cp,1900-10-16
2026-05-31,meta,meta_mof,spend,1939-12-16
2026-05-31,meta,meta_mof,impressions,5411-03-4
2026-05-31,meta,meta_mof,clicks,1924-01-17
2026-05-31,meta,meta_mof,qs,1902-04-5
2026-05-31,meta,meta_mof,cp,1900-02-19
2026-05-31,meta,meta_tof,spend,1909-08-4
2026-05-31,meta,meta_tof,impressions,3142-08-4
2026-05-31,meta,meta_tof,clicks,1912-04-16
2026-05-31,meta,meta_tof,qs,1900-06-10
2026-05-31,meta,meta_tof,cp,1900-01-14
2026-05-31,tiktok,tiktok,spend,1919-02-22
2026-05-31,tiktok,tiktok,impressions,12701-09-16
2026-05-31,tiktok,tiktok,clicks,1932-09-2
2026-05-31,tiktok,tiktok,qs,1901-01-22
2026-05-31,tiktok,tiktok,cp,1900-04-23
2026-05-30,google,search_brand,spend,1927-05-31
2026-05-30,google,search_brand,impressions,1916-03-2
2026-05-30,google,search_brand,clicks,1905-04-28
2026-05-30,google,search_brand,qs,1901-08-5
2026-05-30,google,search_brand,cp,1900-06-18
2026-05-30,google,search_nb,spend,1958-08-27
2026-05-30,google,search_nb,impressions,2232-02-24
2026-05-30,google,search_nb,clicks,1914-02-25
2026-05-30,google,search_nb,qs,1903-06-25
2026-05-30,google,search_nb,cp,1900-06-9
2026-05-30,google,search_pmax,spend,1928-11-20
2026-05-30,google,search_pmax,impressions,3236-03-28
2026-05-30,google,search_pmax,clicks,1907-02-14
2026-05-30,google,search_pmax,qs,1899-12-30
2026-05-30,google,search_pmax,cp,1900-03-19
2026-05-30,google,search_shopping,spend,1901-11-22
2026-05-30,google,search_shopping,impressions,2050-04-9
2026-05-30,google,search_shopping,clicks,1901-03-18
2026-05-30,google,search_shopping,qs,1900-03-7
2026-05-30,google,search_shopping,cp,1900-01-14
2026-05-30,google,youtube,spend,1905-01-29
2026-05-30,google,youtube,impressions,2804-05-31
2026-05-30,google,youtube,clicks,1904-01-28
2026-05-30,google,youtube,qs,1900-05-3
2026-05-30,google,youtube,cp,1900-01-11
2026-05-30,meta,meta_bof,spend,1979-07-24
2026-05-30,meta,meta_bof,impressions,9787-11-13
2026-05-30,meta,meta_bof,clicks,1934-09-10
2026-05-30,meta,meta_bof,qs,1902-04-30
2026-05-30,meta,meta_bof,cp,1900-11-7
2026-05-30,meta,meta_mof,spend,1933-04-26
2026-05-30,meta,meta_mof,impressions,4543-09-8
2026-05-30,meta,meta_mof,clicks,1919-08-18
2026-05-30,meta,meta_mof,qs,1901-11-15
2026-05-30,meta,meta_mof,cp,1900-02-12
2026-05-30,meta,meta_tof,spend,1908-06-5
2026-05-30,meta,meta_tof,impressions,2927-04-18
2026-05-30,meta,meta_tof,clicks,1907-03-14
2026-05-30,meta,meta_tof,qs,1900-05-22
2026-05-30,meta,meta_tof,cp,1900-01-19
2026-05-30,tiktok,tiktok,spend,1918-06-14
2026-05-30,tiktok,tiktok,impressions,9741-09-16
2026-05-30,tiktok,tiktok,clicks,1925-08-4
2026-05-30,tiktok,tiktok,qs,1901-01-17
2026-05-30,tiktok,tiktok,cp,1900-04-29
2026-05-29,google,search_brand,spend,1933-02-14
2026-05-29,google,search_brand,impressions,1919-02-20
2026-05-29,google,search_brand,clicks,1906-08-22
2026-05-29,google,search_brand,qs,1902-01-5
2026-05-29,google,search_brand,cp,1900-07-10
2026-05-29,google,search_nb,spend,1960-01-25
2026-05-29,google,search_nb,impressions,2203-01-27
2026-05-29,google,search_nb,clicks,1915-07-31
2026-05-29,google,search_nb,qs,1903-10-2
2026-05-29,google,search_nb,cp,1900-07-27
2026-05-29,google,search_pmax,spend,1925-05-7
2026-05-29,google,search_pmax,impressions,3266-07-5
2026-05-29,google,search_pmax,clicks,1907-03-2
2026-05-29,google,search_pmax,qs,1899-12-30
2026-05-29,google,search_pmax,cp,1900-02-10
2026-05-29,google,search_shopping,spend,1902-01-2
2026-05-29,google,search_shopping,impressions,2049-09-20
2026-05-29,google,search_shopping,clicks,1901-04-8
2026-05-29,google,search_shopping,qs,1900-03-24
2026-05-29,google,search_shopping,cp,1900-01-8
2026-05-29,google,youtube,spend,1905-03-6
2026-05-29,google,youtube,impressions,2842-07-17
2026-05-29,google,youtube,clicks,1904-03-3
2026-05-29,google,youtube,qs,1900-04-15
2026-05-29,google,youtube,cp,1900-01-11
2026-05-29,meta,meta_bof,spend,1992-01-1
2026-05-29,meta,meta_bof,impressions,10391-06-9
2026-05-29,meta,meta_bof,clicks,1937-11-28
2026-05-29,meta,meta_bof,qs,1902-08-13
2026-05-29,meta,meta_bof,cp,1901-01-28
2026-05-29,meta,meta_mof,spend,1942-01-25
2026-05-29,meta,meta_mof,impressions,5348-02-12
2026-05-29,meta,meta_mof,clicks,1925-06-20
2026-05-29,meta,meta_mof,qs,1902-05-8
2026-05-29,meta,meta_mof,cp,1900-03-12
2026-05-29,meta,meta_tof,spend,1910-09-21
2026-05-29,meta,meta_tof,impressions,3126-01-13
2026-05-29,meta,meta_tof,clicks,1907-06-27
2026-05-29,meta,meta_tof,qs,1900-06-27
2026-05-29,meta,meta_tof,cp,1900-01-14
2026-05-29,tiktok,tiktok,spend,1919-10-15
2026-05-29,tiktok,tiktok,impressions,7976-03-13
2026-05-29,tiktok,tiktok,clicks,1928-08-16
2026-05-29,tiktok,tiktok,qs,1901-05-1
2026-05-29,tiktok,tiktok,cp,1900-06-7
2026-05-28,google,search_brand,spend,1930-01-27
2026-05-28,google,search_brand,impressions,1919-03-4
2026-05-28,google,search_brand,clicks,1906-07-6
2026-05-28,google,search_brand,qs,1902-01-2
2026-05-28,google,search_brand,cp,1900-06-20
2026-05-28,google,search_nb,spend,1951-01-17
2026-05-28,google,search_nb,impressions,2202-01-28
2026-05-28,google,search_nb,clicks,1913-12-8
2026-05-28,google,search_nb,qs,1903-05-2
2026-05-28,google,search_nb,cp,1900-06-19
2026-05-28,google,search_pmax,spend,1925-05-1
2026-05-28,google,search_pmax,impressions,3375-02-8
2026-05-28,google,search_pmax,clicks,1907-05-24
2026-05-28,google,search_pmax,qs,1899-12-30
2026-05-28,google,search_pmax,cp,1900-03-2
2026-05-28,google,search_shopping,spend,1902-07-29
2026-05-28,google,search_shopping,impressions,1997-11-16
2026-05-28,google,search_shopping,clicks,1901-01-10
2026-05-28,google,search_shopping,qs,1900-03-3
2026-05-28,google,search_shopping,cp,1900-01-2
2026-05-28,google,youtube,spend,1905-04-10
2026-05-28,google,youtube,impressions,2880-07-8
2026-05-28,google,youtube,clicks,1904-05-3
2026-05-28,google,youtube,qs,1900-06-11
2026-05-28,google,youtube,cp,1900-01-10
2026-05-28,meta,meta_bof,spend,1976-11-4
2026-05-28,meta,meta_bof,impressions,9457-02-6
2026-05-28,meta,meta_bof,clicks,1955-06-10
2026-05-28,meta,meta_bof,qs,1902-07-1
2026-05-28,meta,meta_bof,cp,1900-12-9
2026-05-28,meta,meta_mof,spend,1935-03-9
2026-05-28,meta,meta_mof,impressions,5122-09-21
2026-05-28,meta,meta_mof,clicks,1923-05-4
2026-05-28,meta,meta_mof,qs,1902-02-20
2026-05-28,meta,meta_mof,cp,1900-02-28
2026-05-28,meta,meta_tof,spend,1907-06-22
2026-05-28,meta,meta_tof,impressions,2724-03-26
2026-05-28,meta,meta_tof,clicks,1906-06-20
2026-05-28,meta,meta_tof,qs,1900-05-10
2026-05-28,meta,meta_tof,cp,1900-01-15
2026-05-28,tiktok,tiktok,spend,1913-09-1
2026-05-28,tiktok,tiktok,impressions,7071-01-10
2026-05-28,tiktok,tiktok,clicks,1915-09-4
2026-05-28,tiktok,tiktok,qs,1900-10-30
2026-05-28,tiktok,tiktok,cp,1900-05-25
2026-05-27,google,search_brand,spend,1929-12-5
2026-05-27,google,search_brand,impressions,1918-03-1
2026-05-27,google,search_brand,clicks,1906-04-26
2026-05-27,google,search_brand,qs,1901-12-18
2026-05-27,google,search_brand,cp,1900-06-1
2026-05-27,google,search_nb,spend,1951-08-5
2026-05-27,google,search_nb,impressions,2160-07-22
2026-05-27,google,search_nb,clicks,1913-03-22
2026-05-27,google,search_nb,qs,1903-08-13
2026-05-27,google,search_nb,cp,1900-06-17
2026-05-27,google,search_pmax,spend,1929-04-12
2026-05-27,google,search_pmax,impressions,3549-11-19
2026-05-27,google,search_pmax,clicks,1908-03-10
2026-05-27,google,search_pmax,qs,1899-12-30
2026-05-27,google,search_pmax,cp,1900-03-17
2026-05-27,google,search_shopping,spend,1901-04-12
2026-05-27,google,search_shopping,impressions,1955-03-6
2026-05-27,google,search_shopping,clicks,1900-06-19
2026-05-27,google,search_shopping,qs,1900-02-3
2026-05-27,google,search_shopping,cp,1900-01-2
2026-05-27,google,youtube,spend,1905-05-1
2026-05-27,google,youtube,impressions,2881-08-15
2026-05-27,google,youtube,clicks,1904-01-31
2026-05-27,google,youtube,qs,1900-05-28
2026-05-27,google,youtube,cp,1900-01-14
2026-05-27,meta,meta_bof,spend,1974-01-3
2026-05-27,meta,meta_bof,impressions,8974-07-8
2026-05-27,meta,meta_bof,clicks,1952-04-14
2026-05-27,meta,meta_bof,qs,1902-07-23
2026-05-27,meta,meta_bof,cp,1900-09-30
2026-05-27,meta,meta_mof,spend,1929-11-24
2026-05-27,meta,meta_mof,impressions,4583-11-7
2026-05-27,meta,meta_mof,clicks,1920-12-11
2026-05-27,meta,meta_mof,qs,1902-04-3
2026-05-27,meta,meta_mof,cp,1900-02-13
2026-05-27,meta,meta_tof,spend,1908-08-18
2026-05-27,meta,meta_tof,impressions,2767-08-16
2026-05-27,meta,meta_tof,clicks,1906-08-24
2026-05-27,meta,meta_tof,qs,1900-06-12
2026-05-27,meta,meta_tof,cp,1900-01-9
2026-05-27,tiktok,tiktok,spend,1913-09-7
2026-05-27,tiktok,tiktok,impressions,8193-10-1
2026-05-27,tiktok,tiktok,clicks,1914-10-10
2026-05-27,tiktok,tiktok,qs,1900-09-21
2026-05-27,tiktok,tiktok,cp,1900-05-19
2026-05-26,google,search_brand,spend,1927-08-13
2026-05-26,google,search_brand,impressions,1917-08-14
2026-05-26,google,search_brand,clicks,1906-02-18
2026-05-26,google,search_brand,qs,1902-01-27
2026-05-26,google,search_brand,cp,1900-07-18
2026-05-26,google,search_nb,spend,1957-02-5
2026-05-26,google,search_nb,impressions,2229-03-15
2026-05-26,google,search_nb,clicks,1916-12-16
2026-05-26,google,search_nb,qs,1904-04-24
2026-05-26,google,search_nb,cp,1900-06-21
2026-05-26,google,search_pmax,spend,1929-05-8
2026-05-26,google,search_pmax,impressions,3454-02-8
2026-05-26,google,search_pmax,clicks,1907-05-14
2026-05-26,google,search_pmax,qs,1899-12-30
2026-05-26,google,search_pmax,cp,1900-03-13
2026-05-26,google,search_shopping,spend,1901-04-16
2026-05-26,google,search_shopping,impressions,1953-05-26
2026-05-26,google,search_shopping,clicks,1900-06-30
2026-05-26,google,search_shopping,qs,1900-02-4
2026-05-26,google,search_shopping,cp,1900-01-4
2026-05-26,google,youtube,spend,1905-04-17
2026-05-26,google,youtube,impressions,2648-01-18
2026-05-26,google,youtube,clicks,1903-11-23
2026-05-26,google,youtube,qs,1900-05-20
2026-05-26,google,youtube,cp,1900-01-10
2026-05-26,meta,meta_bof,spend,1972-05-26
2026-05-26,meta,meta_bof,impressions,8654-01-23
2026-05-26,meta,meta_bof,clicks,1950-12-31
2026-05-26,meta,meta_bof,qs,1902-09-12
2026-05-26,meta,meta_bof,cp,1900-09-3
2026-05-26,meta,meta_mof,spend,1936-06-27
2026-05-26,meta,meta_mof,impressions,5399-10-10
2026-05-26,meta,meta_mof,clicks,1923-02-20
2026-05-26,meta,meta_mof,qs,1902-05-4
2026-05-26,meta,meta_mof,cp,1900-02-13
2026-05-26,meta,meta_tof,spend,1909-03-26
2026-05-26,meta,meta_tof,impressions,2987-08-17
2026-05-26,meta,meta_tof,clicks,1907-08-12
2026-05-26,meta,meta_tof,qs,1900-06-11
2026-05-26,meta,meta_tof,cp,1900-01-7
2026-05-26,tiktok,tiktok,spend,1913-09-2
2026-05-26,tiktok,tiktok,impressions,9526-01-3
2026-05-26,tiktok,tiktok,clicks,1918-03-27
2026-05-26,tiktok,tiktok,qs,1900-08-20
2026-05-26,tiktok,tiktok,cp,1900-04-20
2026-05-25,google,search_brand,spend,1921-12-11
2026-05-25,google,search_brand,impressions,1914-07-20
2026-05-25,google,search_brand,clicks,1905-05-1
2026-05-25,google,search_brand,qs,1901-10-19
2026-05-25,google,search_brand,cp,1900-05-29
2026-05-25,google,search_nb,spend,1949-03-4
2026-05-25,google,search_nb,impressions,2171-10-15
2026-05-25,google,search_nb,clicks,1911-03-1
2026-05-25,google,search_nb,qs,1903-08-21
2026-05-25,google,search_nb,cp,1900-05-28
2026-05-25,google,search_pmax,spend,1922-05-13
2026-05-25,google,search_pmax,impressions,3357-04-5
2026-05-25,google,search_pmax,clicks,1906-10-7
2026-05-25,google,search_pmax,qs,1899-12-30
2026-05-25,google,search_pmax,cp,1900-02-27
2026-05-25,google,search_shopping,spend,1901-02-21
2026-05-25,google,search_shopping,impressions,1948-09-25
2026-05-25,google,search_shopping,clicks,1900-06-6
2026-05-25,google,search_shopping,qs,1900-01-22
2026-05-25,google,search_shopping,cp,1899-12-31
2026-05-25,google,youtube,spend,1905-05-25
2026-05-25,google,youtube,impressions,2761-05-2
2026-05-25,google,youtube,clicks,1903-09-18
2026-05-25,google,youtube,qs,1900-05-22
2026-05-25,google,youtube,cp,1900-01-9
2026-05-25,meta,meta_bof,spend,1970-02-9
2026-05-25,meta,meta_bof,impressions,8784-10-4
2026-05-25,meta,meta_bof,clicks,1944-10-8
2026-05-25,meta,meta_bof,qs,1902-09-25
2026-05-25,meta,meta_bof,cp,1900-09-6
2026-05-25,meta,meta_mof,spend,1929-05-26
2026-05-25,meta,meta_mof,impressions,4661-07-5
2026-05-25,meta,meta_mof,clicks,1923-02-18
2026-05-25,meta,meta_mof,qs,1902-03-5
2026-05-25,meta,meta_mof,cp,1900-02-4
2026-05-25,meta,meta_tof,spend,1906-05-16
2026-05-25,meta,meta_tof,impressions,2615-06-6
2026-05-25,meta,meta_tof,clicks,1906-02-8
2026-05-25,meta,meta_tof,qs,1900-05-6
2026-05-25,meta,meta_tof,cp,1900-01-4
2026-05-25,tiktok,tiktok,spend,1914-11-7
2026-05-25,tiktok,tiktok,impressions,10264-02-2
2026-05-25,tiktok,tiktok,clicks,1924-02-18
2026-05-25,tiktok,tiktok,qs,1900-09-24
2026-05-25,tiktok,tiktok,cp,1900-04-1
2026-05-24,google,search_brand,spend,1919-08-31
2026-05-24,google,search_brand,impressions,1912-11-9
2026-05-24,google,search_brand,clicks,1904-11-19
2026-05-24,google,search_brand,qs,1901-10-20
2026-05-24,google,search_brand,cp,1900-05-28
2026-05-24,google,search_nb,spend,1944-05-15
2026-05-24,google,search_nb,impressions,2166-01-26
2026-05-24,google,search_nb,clicks,1912-01-6
2026-05-24,google,search_nb,qs,1903-06-9
2026-05-24,google,search_nb,cp,1900-05-10
2026-05-24,google,search_pmax,spend,1919-05-30
2026-05-24,google,search_pmax,impressions,3247-09-20
2026-05-24,google,search_pmax,clicks,1905-10-5
2026-05-24,google,search_pmax,qs,1899-12-30
2026-05-24,google,search_pmax,cp,1900-02-15
2026-05-24,google,search_shopping,spend,1901-02-22
2026-05-24,google,search_shopping,impressions,1954-06-19
2026-05-24,google,search_shopping,clicks,1900-05-27
2026-05-24,google,search_shopping,qs,1900-01-26
2026-05-24,google,search_shopping,cp,1900-01-1
2026-05-24,google,youtube,spend,1905-08-21
2026-05-24,google,youtube,impressions,2661-10-29
2026-05-24,google,youtube,clicks,1903-09-24
2026-05-24,google,youtube,qs,1900-04-25
2026-05-24,google,youtube,cp,1900-01-12
2026-05-24,meta,meta_bof,spend,1978-02-20
2026-05-24,meta,meta_bof,impressions,9557-10-5
2026-05-24,meta,meta_bof,clicks,1957-02-5
2026-05-24,meta,meta_bof,qs,1902-08-12
2026-05-24,meta,meta_bof,cp,1900-07-18
2026-05-24,meta,meta_mof,spend,1937-06-12
2026-05-24,meta,meta_mof,impressions,5446-03-1
2026-05-24,meta,meta_mof,clicks,1929-05-22
2026-05-24,meta,meta_mof,qs,1902-07-10
2026-05-24,meta,meta_mof,cp,1900-01-31
2026-05-24,meta,meta_tof,spend,1908-04-18
2026-05-24,meta,meta_tof,impressions,2798-09-7
2026-05-24,meta,meta_tof,clicks,1907-05-9
2026-05-24,meta,meta_tof,qs,1900-06-24
2026-05-24,meta,meta_tof,cp,1900-01-4
2026-05-24,tiktok,tiktok,spend,1914-10-10
2026-05-24,tiktok,tiktok,impressions,13626-10-16
2026-05-24,tiktok,tiktok,clicks,1922-06-3
2026-05-24,tiktok,tiktok,qs,1900-07-10
2026-05-24,tiktok,tiktok,cp,1900-03-12
2026-05-23,google,search_brand,spend,1917-02-25
2026-05-23,google,search_brand,impressions,1911-11-12
2026-05-23,google,search_brand,clicks,1904-06-2
2026-05-23,google,search_brand,qs,1901-06-28
2026-05-23,google,search_brand,cp,1900-05-10
2026-05-23,google,search_nb,spend,1944-03-31
2026-05-23,google,search_nb,impressions,2152-08-24
2026-05-23,google,search_nb,clicks,1911-12-15
2026-05-23,google,search_nb,qs,1903-03-16
2026-05-23,google,search_nb,cp,1900-05-14
2026-05-23,google,search_pmax,spend,1918-07-4
2026-05-23,google,search_pmax,impressions,3116-01-23
2026-05-23,google,search_pmax,clicks,1905-07-28
2026-05-23,google,search_pmax,qs,1899-12-30
2026-05-23,google,search_pmax,cp,1900-02-4
2026-05-23,google,search_shopping,spend,1901-02-27
2026-05-23,google,search_shopping,impressions,1949-12-14
2026-05-23,google,search_shopping,clicks,1900-06-4
2026-05-23,google,search_shopping,qs,1900-01-29
2026-05-23,google,search_shopping,cp,1900-01-4
2026-05-23,google,youtube,spend,1905-07-9
2026-05-23,google,youtube,impressions,2571-07-11
2026-05-23,google,youtube,clicks,1903-06-27
2026-05-23,google,youtube,qs,1900-04-22
2026-05-23,google,youtube,cp,1900-01-17
2026-05-23,meta,meta_bof,spend,1966-08-3
2026-05-23,meta,meta_bof,impressions,9557-09-3
2026-05-23,meta,meta_bof,clicks,1963-07-30
2026-05-23,meta,meta_bof,qs,1902-04-22
2026-05-23,meta,meta_bof,cp,1900-08-23
2026-05-23,meta,meta_mof,spend,1928-04-12
2026-05-23,meta,meta_mof,impressions,4672-11-3
2026-05-23,meta,meta_mof,clicks,1919-11-24
2026-05-23,meta,meta_mof,qs,1901-12-19
2026-05-23,meta,meta_mof,cp,1900-02-5
2026-05-23,meta,meta_tof,spend,1910-10-10
2026-05-23,meta,meta_tof,impressions,3055-02-1
2026-05-23,meta,meta_tof,clicks,1908-12-16
2026-05-23,meta,meta_tof,qs,1900-07-21
2026-05-23,meta,meta_tof,cp,1900-01-14
2026-05-23,tiktok,tiktok,spend,1914-10-12
2026-05-23,tiktok,tiktok,impressions,13450-12-2
2026-05-23,tiktok,tiktok,clicks,1924-11-17
2026-05-23,tiktok,tiktok,qs,1900-06-23
2026-05-23,tiktok,tiktok,cp,1900-02-27
2026-05-22,google,search_brand,spend,1919-01-25
2026-05-22,google,search_brand,impressions,1913-10-9
2026-05-22,google,search_brand,clicks,1904-10-14
2026-05-22,google,search_brand,qs,1901-09-8
2026-05-22,google,search_brand,cp,1900-05-19
2026-05-22,google,search_nb,spend,1951-06-16
2026-05-22,google,search_nb,impressions,2198-08-15
2026-05-22,google,search_nb,clicks,1913-04-2
2026-05-22,google,search_nb,qs,1903-10-15
2026-05-22,google,search_nb,cp,1900-06-29
2026-05-22,google,search_pmax,spend,1917-06-27
2026-05-22,google,search_pmax,impressions,3247-01-22
2026-05-22,google,search_pmax,clicks,1905-09-2
2026-05-22,google,search_pmax,qs,1899-12-30
2026-05-22,google,search_pmax,cp,1900-03-7
2026-05-22,google,search_shopping,spend,1901-03-1
2026-05-22,google,search_shopping,impressions,1947-06-14
2026-05-22,google,search_shopping,clicks,1900-06-15
2026-05-22,google,search_shopping,qs,1900-01-29
2026-05-22,google,search_shopping,cp,1900-01-6
2026-05-22,google,youtube,spend,1905-05-20
2026-05-22,google,youtube,impressions,2482-09-5
2026-05-22,google,youtube,clicks,1903-03-27
2026-05-22,google,youtube,qs,1900-04-12
2026-05-22,google,youtube,cp,1900-01-8
2026-05-22,meta,meta_bof,spend,1968-03-3
2026-05-22,meta,meta_bof,impressions,8760-06-23
2026-05-22,meta,meta_bof,clicks,1962-10-6
2026-05-22,meta,meta_bof,qs,1902-04-30
2026-05-22,meta,meta_bof,cp,1900-11-12
2026-05-22,meta,meta_mof,spend,1927-04-24
2026-05-22,meta,meta_mof,impressions,4570-12-31
2026-05-22,meta,meta_mof,clicks,1918-11-8
2026-05-22,meta,meta_mof,qs,1901-10-2
2026-05-22,meta,meta_mof,cp,1900-02-2
2026-05-22,meta,meta_tof,spend,1910-06-3
2026-05-22,meta,meta_tof,impressions,2964-10-7
2026-05-22,meta,meta_tof,clicks,1908-04-16
2026-05-22,meta,meta_tof,qs,1900-06-16
2026-05-22,meta,meta_tof,cp,1900-01-11
2026-05-22,tiktok,tiktok,spend,1911-11-10
2026-05-22,tiktok,tiktok,impressions,9191-07-18
2026-05-22,tiktok,tiktok,clicks,1917-04-21
2026-05-22,tiktok,tiktok,qs,1900-05-29
2026-05-22,tiktok,tiktok,cp,1900-02-25
2026-05-21,google,search_brand,spend,1919-11-4
2026-05-21,google,search_brand,impressions,1912-12-3
2026-05-21,google,search_brand,clicks,1904-11-23
2026-05-21,google,search_brand,qs,1901-08-25
2026-05-21,google,search_brand,cp,1900-05-8
2026-05-21,google,search_nb,spend,1941-06-26
2026-05-21,google,search_nb,impressions,2173-03-2
2026-05-21,google,search_nb,clicks,1911-09-25
2026-05-21,google,search_nb,qs,1903-06-12
2026-05-21,google,search_nb,cp,1900-04-29
2026-05-21,google,search_pmax,spend,1919-04-12
2026-05-21,google,search_pmax,impressions,3298-04-22
2026-05-21,google,search_pmax,clicks,1906-04-9
2026-05-21,google,search_pmax,qs,1899-12-30
2026-05-21,google,search_pmax,cp,1900-02-7
2026-05-21,google,search_shopping,spend,1900-11-7
2026-05-21,google,search_shopping,impressions,1935-07-31
2026-05-21,google,search_shopping,clicks,1900-04-29
2026-05-21,google,search_shopping,qs,1900-01-15
2026-05-21,google,search_shopping,cp,1899-12-31
2026-05-21,google,youtube,spend,1905-05-22
2026-05-21,google,youtube,impressions,2437-05-11
2026-05-21,google,youtube,clicks,1903-03-13
2026-05-21,google,youtube,qs,1900-04-3
2026-05-21,google,youtube,cp,1900-01-7
2026-05-21,meta,meta_bof,spend,1968-04-25
2026-05-21,meta,meta_bof,impressions,9574-02-20
2026-05-21,meta,meta_bof,clicks,1951-08-9
2026-05-21,meta,meta_bof,qs,1902-06-17
2026-05-21,meta,meta_bof,cp,1900-09-14
2026-05-21,meta,meta_mof,spend,1927-08-1
2026-05-21,meta,meta_mof,impressions,4723-11-5
2026-05-21,meta,meta_mof,clicks,1919-04-6
2026-05-21,meta,meta_mof,qs,1902-01-14
2026-05-21,meta,meta_mof,cp,1900-01-16
2026-05-21,meta,meta_tof,spend,1909-07-13
2026-05-21,meta,meta_tof,impressions,2953-05-20
2026-05-21,meta,meta_tof,clicks,1909-05-28
2026-05-21,meta,meta_tof,qs,1900-06-18
2026-05-21,meta,meta_tof,cp,1900-01-6
2026-05-21,tiktok,tiktok,spend,1918-12-17
2026-05-21,tiktok,tiktok,impressions,15938-08-8
2026-05-21,tiktok,tiktok,clicks,1932-03-2
2026-05-21,tiktok,tiktok,qs,1900-11-10
2026-05-21,tiktok,tiktok,cp,1900-04-13
2026-05-20,google,search_brand,spend,1931-12-7
2026-05-20,google,search_brand,impressions,1909-10-3
2026-05-20,google,search_brand,clicks,1905-02-20
2026-05-20,google,search_brand,qs,1901-08-29
2026-05-20,google,search_brand,cp,1900-04-26
2026-05-20,google,search_nb,spend,1934-03-5
2026-05-20,google,search_nb,impressions,2142-11-5
2026-05-20,google,search_nb,clicks,1910-04-6
2026-05-20,google,search_nb,qs,1902-11-9
2026-05-20,google,search_nb,cp,1900-05-22
2026-05-20,google,search_pmax,spend,1921-10-13
2026-05-20,google,search_pmax,impressions,3246-01-6
2026-05-20,google,search_pmax,clicks,1906-09-21
2026-05-20,google,search_pmax,qs,1899-12-30
2026-05-20,google,search_pmax,cp,1900-03-5
2026-05-20,google,search_shopping,spend,1900-11-12
2026-05-20,google,search_shopping,impressions,1936-01-10
2026-05-20,google,search_shopping,clicks,1900-04-30
2026-05-20,google,search_shopping,qs,1900-02-1
2026-05-20,google,search_shopping,cp,1900-01-6
2026-05-20,google,youtube,spend,1905-05-20
2026-05-20,google,youtube,impressions,2558-01-28
2026-05-20,google,youtube,clicks,1903-04-10
2026-05-20,google,youtube,qs,1900-04-20
2026-05-20,google,youtube,cp,1900-01-8
2026-05-20,meta,meta_bof,spend,1964-05-28
2026-05-20,meta,meta_bof,impressions,8564-04-23
2026-05-20,meta,meta_bof,clicks,1938-09-26
2026-05-20,meta,meta_bof,qs,1902-01-16
2026-05-20,meta,meta_bof,cp,1900-08-9
2026-05-20,meta,meta_mof,spend,1932-04-29
2026-05-20,meta,meta_mof,impressions,5232-12-9
2026-05-20,meta,meta_mof,clicks,1919-07-2
2026-05-20,meta,meta_mof,qs,1902-01-23
2026-05-20,meta,meta_mof,cp,1900-01-25
2026-05-20,meta,meta_tof,spend,1910-12-4
2026-05-20,meta,meta_tof,impressions,3057-10-7
2026-05-20,meta,meta_tof,clicks,1914-07-16
2026-05-20,meta,meta_tof,qs,1900-07-7
2026-05-20,meta,meta_tof,cp,1900-01-3
2026-05-20,tiktok,tiktok,spend,1907-12-30
2026-05-20,tiktok,tiktok,impressions,6982-08-15
2026-05-20,tiktok,tiktok,clicks,1912-07-12
2026-05-20,tiktok,tiktok,qs,1900-06-8
2026-05-20,tiktok,tiktok,cp,1900-02-15
2026-05-19,google,search_brand,spend,1927-02-5
2026-05-19,google,search_brand,impressions,1909-10-8
2026-05-19,google,search_brand,clicks,1905-03-17
2026-05-19,google,search_brand,qs,1901-10-30
2026-05-19,google,search_brand,cp,1900-06-2
2026-05-19,google,search_nb,spend,1935-04-16
2026-05-19,google,search_nb,impressions,2144-04-18
2026-05-19,google,search_nb,clicks,1910-05-24
2026-05-19,google,search_nb,qs,1902-11-6
2026-05-19,google,search_nb,cp,1900-05-12
2026-05-19,google,search_pmax,spend,1927-03-26
2026-05-19,google,search_pmax,impressions,3298-08-12
2026-05-19,google,search_pmax,clicks,1907-12-24
2026-05-19,google,search_pmax,qs,1899-12-30
2026-05-19,google,search_pmax,cp,1900-02-26
2026-05-19,google,search_shopping,spend,1900-11-17
2026-05-19,google,search_shopping,impressions,1942-02-2
2026-05-19,google,search_shopping,clicks,1900-05-4
2026-05-19,google,search_shopping,qs,1900-01-10
2026-05-19,google,search_shopping,cp,1899-12-31
2026-05-19,google,youtube,spend,1905-08-28
2026-05-19,google,youtube,impressions,2297-03-11
2026-05-19,google,youtube,clicks,1903-08-15
2026-05-19,google,youtube,qs,1900-04-10
2026-05-19,google,youtube,cp,1900-01-1
2026-05-19,meta,meta_bof,spend,1964-11-30
2026-05-19,meta,meta_bof,impressions,9032-05-8
2026-05-19,meta,meta_bof,clicks,1934-08-30
2026-05-19,meta,meta_bof,qs,1902-07-25
2026-05-19,meta,meta_bof,cp,1900-09-5
2026-05-19,meta,meta_mof,spend,1932-09-27
2026-05-19,meta,meta_mof,impressions,5478-05-13
2026-05-19,meta,meta_mof,clicks,1918-06-14
2026-05-19,meta,meta_mof,qs,1901-10-4
2026-05-19,meta,meta_mof,cp,1900-01-26
2026-05-19,meta,meta_tof,spend,1906-03-27
2026-05-19,meta,meta_tof,impressions,2763-02-27
2026-05-19,meta,meta_tof,clicks,1911-04-6
2026-05-19,meta,meta_tof,qs,1900-04-4
2026-05-19,meta,meta_tof,cp,1899-12-31
2026-05-19,tiktok,tiktok,spend,1914-04-22
2026-05-19,tiktok,tiktok,impressions,10433-08-14
2026-05-19,tiktok,tiktok,clicks,1922-02-9
2026-05-19,tiktok,tiktok,qs,1900-10-11
2026-05-19,tiktok,tiktok,cp,1900-03-3
2026-05-18,google,search_brand,spend,1927-06-14
2026-05-18,google,search_brand,impressions,1909-08-21
2026-05-18,google,search_brand,clicks,1904-11-29
2026-05-18,google,search_brand,qs,1901-09-22
2026-05-18,google,search_brand,cp,1900-04-24
2026-05-18,google,search_nb,spend,1936-11-8
2026-05-18,google,search_nb,impressions,2163-04-2
2026-05-18,google,search_nb,clicks,1911-08-20
2026-05-18,google,search_nb,qs,1902-12-6
2026-05-18,google,search_nb,cp,1900-05-2
2026-05-18,google,search_pmax,spend,1922-12-23
2026-05-18,google,search_pmax,impressions,3242-08-11
2026-05-18,google,search_pmax,clicks,1907-01-25
2026-05-18,google,search_pmax,qs,1899-12-30
2026-05-18,google,search_pmax,cp,1900-03-2
2026-05-18,google,search_shopping,spend,1901-02-18
2026-05-18,google,search_shopping,impressions,1956-05-10
2026-05-18,google,search_shopping,clicks,1900-06-19
2026-05-18,google,search_shopping,qs,1900-01-27
2026-05-18,google,search_shopping,cp,1899-12-31
2026-05-18,google,youtube,spend,1905-10-26
2026-05-18,google,youtube,impressions,2379-08-23
2026-05-18,google,youtube,clicks,1903-08-26
2026-05-18,google,youtube,qs,1900-04-15
2026-05-18,google,youtube,cp,1900-01-3
2026-05-18,meta,meta_bof,spend,1977-01-23
2026-05-18,meta,meta_bof,impressions,11510-01-8
2026-05-18,meta,meta_bof,clicks,1943-06-25
2026-05-18,meta,meta_bof,qs,1902-11-9
2026-05-18,meta,meta_bof,cp,1900-08-16
2026-05-18,meta,meta_mof,spend,1929-10-4
2026-05-18,meta,meta_mof,impressions,4959-10-18
2026-05-18,meta,meta_mof,clicks,1918-07-11
2026-05-18,meta,meta_mof,qs,1901-10-16
2026-05-18,meta,meta_mof,cp,1900-01-16
2026-05-18,tiktok,tiktok,spend,1909-04-5
2026-05-18,tiktok,tiktok,impressions,4641-12-19
2026-05-18,tiktok,tiktok,clicks,1912-05-14
2026-05-18,tiktok,tiktok,qs,1900-06-6
2026-05-18,tiktok,tiktok,cp,1900-03-1
2026-05-17,google,search_brand,spend,1926-10-11
2026-05-17,google,search_brand,impressions,1910-07-8
2026-05-17,google,search_brand,clicks,1905-09-1
2026-05-17,google,search_brand,qs,1902-01-4
2026-05-17,google,search_brand,cp,1900-05-17
2026-05-17,google,search_nb,spend,1952-03-18
2026-05-17,google,search_nb,impressions,2234-10-12
2026-05-17,google,search_nb,clicks,1913-12-23
2026-05-17,google,search_nb,qs,1904-01-2
2026-05-17,google,search_nb,cp,1900-06-5
2026-05-17,google,search_pmax,spend,1921-02-17
2026-05-17,google,search_pmax,impressions,3306-01-27
2026-05-17,google,search_pmax,clicks,1907-02-1
2026-05-17,google,search_pmax,qs,1899-12-30
2026-05-17,google,search_pmax,cp,1900-02-9
2026-05-17,google,search_shopping,spend,1901-02-17
2026-05-17,google,search_shopping,impressions,1950-09-27
2026-05-17,google,search_shopping,clicks,1900-06-19
2026-05-17,google,search_shopping,qs,1900-02-1
2026-05-17,google,search_shopping,cp,1899-12-30
2026-05-17,google,youtube,spend,1905-08-27
2026-05-17,google,youtube,impressions,2704-01-16
2026-05-17,google,youtube,clicks,1903-11-22
2026-05-17,google,youtube,qs,1900-05-13
2026-05-17,google,youtube,cp,1900-01-16
2026-05-17,meta,meta_bof,spend,1986-07-2
2026-05-17,meta,meta_bof,impressions,11460-03-11
2026-05-17,meta,meta_bof,clicks,1949-07-11
2026-05-17,meta,meta_bof,qs,1903-06-29
2026-05-17,meta,meta_bof,cp,1900-09-11
2026-05-17,meta,meta_mof,spend,1942-04-23
2026-05-17,meta,meta_mof,impressions,6158-12-3
2026-05-17,meta,meta_mof,clicks,1934-02-20
2026-05-17,meta,meta_mof,qs,1903-11-28
2026-05-17,meta,meta_mof,cp,1900-01-30
2026-05-17,tiktok,tiktok,spend,1905-09-5
2026-05-17,tiktok,tiktok,impressions,3673-10-20
2026-05-17,tiktok,tiktok,clicks,1906-08-22
2026-05-17,tiktok,tiktok,qs,1900-04-9
2026-05-17,tiktok,tiktok,cp,1900-01-31
2026-05-16,google,search_brand,spend,1924-06-8
2026-05-16,google,search_brand,impressions,1909-06-22
2026-05-16,google,search_brand,clicks,1904-11-17
2026-05-16,google,search_brand,qs,1901-08-13
2026-05-16,google,search_brand,cp,1900-04-14
2026-05-16,google,search_nb,spend,1943-03-17
2026-05-16,google,search_nb,impressions,2188-07-3
2026-05-16,google,search_nb,clicks,1911-08-23
2026-05-16,google,search_nb,qs,1903-03-25
2026-05-16,google,search_nb,cp,1900-05-3
2026-05-16,google,search_pmax,spend,1917-05-7
2026-05-16,google,search_pmax,impressions,3045-05-19
2026-05-16,google,search_pmax,clicks,1905-07-19
2026-05-16,google,search_pmax,qs,1899-12-30
2026-05-16,google,search_pmax,cp,1900-02-26
2026-05-16,google,search_shopping,spend,1901-02-20
2026-05-16,google,search_shopping,impressions,1954-03-4
2026-05-16,google,search_shopping,clicks,1900-06-21
2026-05-16,google,search_shopping,qs,1900-01-30
2026-05-16,google,search_shopping,cp,1899-12-31
2026-05-16,google,youtube,spend,1905-11-18
2026-05-16,google,youtube,impressions,2874-08-28
2026-05-16,google,youtube,clicks,1904-04-14
2026-05-16,google,youtube,qs,1900-05-8
2026-05-16,google,youtube,cp,1900-01-6
2026-05-16,meta,meta_bof,spend,1975-01-17
2026-05-16,meta,meta_bof,impressions,9888-01-13
2026-05-16,meta,meta_bof,clicks,1938-08-1
2026-05-16,meta,meta_bof,qs,1902-10-19
2026-05-16,meta,meta_bof,cp,1900-07-29
2026-05-16,meta,meta_mof,spend,1937-07-14
2026-05-16,meta,meta_mof,impressions,6007-01-24
2026-05-16,meta,meta_mof,clicks,1928-09-5
2026-05-16,meta,meta_mof,qs,1903-01-15
2026-05-16,meta,meta_mof,cp,1900-01-26
2026-05-16,meta,meta_tof,spend,1899-12-30
2026-05-16,meta,meta_tof,impressions,1899-12-30
2026-05-16,meta,meta_tof,clicks,1899-12-30
2026-05-16,meta,meta_tof,qs,1899-12-30
2026-05-16,meta,meta_tof,cp,1899-12-30
2026-05-16,tiktok,tiktok,spend,1906-04-10
2026-05-16,tiktok,tiktok,impressions,3871-12-11
2026-05-16,tiktok,tiktok,clicks,1907-01-12
2026-05-16,tiktok,tiktok,qs,1900-04-21
2026-05-16,tiktok,tiktok,cp,1900-02-1
2026-05-15,google,search_brand,spend,1925-08-2
2026-05-15,google,search_brand,impressions,1910-07-6
2026-05-15,google,search_brand,clicks,1905-01-2
2026-05-15,google,search_brand,qs,1901-09-26
2026-05-15,google,search_brand,cp,1900-05-15
2026-05-15,google,search_nb,spend,1939-09-22
2026-05-15,google,search_nb,impressions,2193-05-9
2026-05-15,google,search_nb,clicks,1910-12-20
2026-05-15,google,search_nb,qs,1902-10-12
2026-05-15,google,search_nb,cp,1900-05-3
2026-05-15,google,search_pmax,spend,1917-02-16
2026-05-15,google,search_pmax,impressions,3053-03-17
2026-05-15,google,search_pmax,clicks,1905-04-3
2026-05-15,google,search_pmax,qs,1899-12-30
2026-05-15,google,search_pmax,cp,1900-02-12
2026-05-15,google,search_shopping,spend,1901-02-18
2026-05-15,google,search_shopping,impressions,1960-06-28
2026-05-15,google,search_shopping,clicks,1900-06-19
2026-05-15,google,search_shopping,qs,1900-01-27
2026-05-15,google,search_shopping,cp,1899-12-30
2026-05-15,google,youtube,spend,1905-10-26
2026-05-15,google,youtube,impressions,2840-07-19
2026-05-15,google,youtube,clicks,1904-02-7
2026-05-15,google,youtube,qs,1900-04-29
2026-05-15,google,youtube,cp,1900-01-12
2026-05-15,meta,meta_bof,spend,1969-10-5
2026-05-15,meta,meta_bof,impressions,9596-01-18
2026-05-15,meta,meta_bof,clicks,1934-02-26
2026-05-15,meta,meta_bof,qs,1902-08-9
2026-05-15,meta,meta_bof,cp,1900-08-14
2026-05-15,meta,meta_mof,spend,1936-09-9
2026-05-15,meta,meta_mof,impressions,5923-01-25
2026-05-15,meta,meta_mof,clicks,1926-01-19
2026-05-15,meta,meta_mof,qs,1902-12-20
2026-05-15,meta,meta_mof,cp,1900-02-15
2026-05-15,meta,meta_tof,spend,1899-12-30
2026-05-15,meta,meta_tof,impressions,1899-12-30
2026-05-15,meta,meta_tof,clicks,1899-12-30
2026-05-15,meta,meta_tof,qs,1899-12-30
2026-05-15,meta,meta_tof,cp,1899-12-30
2026-05-15,tiktok,tiktok,spend,1911-12-9
2026-05-15,tiktok,tiktok,impressions,5291-05-13
2026-05-15,tiktok,tiktok,clicks,1912-03-17
2026-05-15,tiktok,tiktok,qs,1900-06-29
2026-05-15,tiktok,tiktok,cp,1900-02-27
2026-05-14,google,search_brand,spend,1927-06-13
2026-05-14,google,search_brand,impressions,1910-09-29
2026-05-14,google,search_brand,clicks,1905-06-9
2026-05-14,google,search_brand,qs,1901-10-18
2026-05-14,google,search_brand,cp,1900-05-19
2026-05-14,google,search_nb,spend,1949-10-28
2026-05-14,google,search_nb,impressions,2272-03-6
2026-05-14,google,search_nb,clicks,1913-10-8
2026-05-14,google,search_nb,qs,1903-09-29
2026-05-14,google,search_nb,cp,1900-05-21
2026-05-14,google,search_pmax,spend,1923-11-4
2026-05-14,google,search_pmax,impressions,3347-06-24
2026-05-14,google,search_pmax,clicks,1907-01-28
2026-05-14,google,search_pmax,qs,1899-12-30
2026-05-14,google,search_pmax,cp,1900-03-1
2026-05-14,google,search_shopping,spend,1901-02-22
2026-05-14,google,search_shopping,impressions,1958-11-12
2026-05-14,google,search_shopping,clicks,1900-06-19
2026-05-14,google,search_shopping,qs,1900-01-29
2026-05-14,google,search_shopping,cp,1900-01-1
2026-05-14,google,youtube,spend,1905-06-21
2026-05-14,google,youtube,impressions,2915-08-15
2026-05-14,google,youtube,clicks,1904-01-21
2026-05-14,google,youtube,qs,1900-05-16
2026-05-14,google,youtube,cp,1900-01-13
2026-05-14,meta,meta_bof,spend,1963-11-15
2026-05-14,meta,meta_bof,impressions,8441-11-5
2026-05-14,meta,meta_bof,clicks,1933-03-17
2026-05-14,meta,meta_bof,qs,1902-12-30
2026-05-14,meta,meta_bof,cp,1900-08-11
2026-05-14,meta,meta_mof,spend,1936-04-27
2026-05-14,meta,meta_mof,impressions,5904-04-1
2026-05-14,meta,meta_mof,clicks,1928-12-28
2026-05-14,meta,meta_mof,qs,1903-06-11
2026-05-14,meta,meta_mof,cp,1900-02-1
2026-05-14,meta,meta_tof,spend,1899-12-30
2026-05-14,meta,meta_tof,impressions,1899-12-30
2026-05-14,meta,meta_tof,clicks,1899-12-30
2026-05-14,meta,meta_tof,qs,1899-12-30
2026-05-14,meta,meta_tof,cp,1899-12-30
2026-05-14,tiktok,tiktok,spend,1912-04-23
2026-05-14,tiktok,tiktok,impressions,5344-05-14
2026-05-14,tiktok,tiktok,clicks,1914-05-27
2026-05-14,tiktok,tiktok,qs,1900-10-12
2026-05-14,tiktok,tiktok,cp,1900-03-12
2026-05-13,google,search_brand,spend,1928-02-17
2026-05-13,google,search_brand,impressions,1910-12-4
2026-05-13,google,search_brand,clicks,1905-06-15
2026-05-13,google,search_brand,qs,1901-09-20
2026-05-13,google,search_brand,cp,1900-05-10
2026-05-13,google,search_nb,spend,1957-03-27
2026-05-13,google,search_nb,impressions,2357-10-3
2026-05-13,google,search_nb,clicks,1914-08-16
2026-05-13,google,search_nb,qs,1904-05-17
2026-05-13,google,search_nb,cp,1900-07-5
2026-05-13,google,search_pmax,spend,1925-04-8
2026-05-13,google,search_pmax,impressions,3770-08-30
2026-05-13,google,search_pmax,clicks,1907-10-23
2026-05-13,google,search_pmax,qs,1899-12-30
2026-05-13,google,search_pmax,cp,1900-03-1
2026-05-13,google,search_shopping,spend,1901-02-24
2026-05-13,google,search_shopping,impressions,1958-06-23
2026-05-13,google,search_shopping,clicks,1900-06-14
2026-05-13,google,search_shopping,qs,1900-01-30
2026-05-13,google,search_shopping,cp,1900-01-7
2026-05-13,google,youtube,spend,1905-10-6
2026-05-13,google,youtube,impressions,3121-06-3
2026-05-13,google,youtube,clicks,1904-10-22
2026-05-13,google,youtube,qs,1900-04-22
2026-05-13,google,youtube,cp,1900-01-9
2026-05-13,meta,meta_bof,spend,1967-11-2
2026-05-13,meta,meta_bof,impressions,9637-12-3
2026-05-13,meta,meta_bof,clicks,1933-11-4
2026-05-13,meta,meta_bof,qs,1903-01-27
2026-05-13,meta,meta_bof,cp,1900-08-27
2026-05-13,meta,meta_mof,spend,1936-02-3
2026-05-13,meta,meta_mof,impressions,5928-08-23
2026-05-13,meta,meta_mof,clicks,1928-11-17
2026-05-13,meta,meta_mof,qs,1903-07-5
2026-05-13,meta,meta_mof,cp,1900-02-7
2026-05-13,meta,meta_tof,spend,1899-12-30
2026-05-13,meta,meta_tof,impressions,1899-12-30
2026-05-13,meta,meta_tof,clicks,1899-12-30
2026-05-13,meta,meta_tof,qs,1899-12-30
2026-05-13,meta,meta_tof,cp,1899-12-30
2026-05-13,tiktok,tiktok,spend,1911-03-18
2026-05-13,tiktok,tiktok,impressions,5301-10-25
2026-05-13,tiktok,tiktok,clicks,1919-05-23
2026-05-13,tiktok,tiktok,qs,1900-09-4
2026-05-13,tiktok,tiktok,cp,1900-02-12
2026-05-12,google,search_brand,spend,1926-11-23
2026-05-12,google,search_brand,impressions,1910-07-6
2026-05-12,google,search_brand,clicks,1905-06-4
2026-05-12,google,search_brand,qs,1901-10-11
2026-05-12,google,search_brand,cp,1900-04-27
2026-05-12,google,search_nb,spend,1951-10-30
2026-05-12,google,search_nb,impressions,2269-08-1
2026-05-12,google,search_nb,clicks,1912-11-2
2026-05-12,google,search_nb,qs,1903-09-22
2026-05-12,google,search_nb,cp,1900-05-31
2026-05-12,google,search_pmax,spend,1924-11-24
2026-05-12,google,search_pmax,impressions,3175-08-4
2026-05-12,google,search_pmax,clicks,1906-09-28
2026-05-12,google,search_pmax,qs,1899-12-30
2026-05-12,google,search_pmax,cp,1900-02-26
2026-05-12,google,search_shopping,spend,1901-02-22
2026-05-12,google,search_shopping,impressions,1950-11-2
2026-05-12,google,search_shopping,clicks,1900-06-16
2026-05-12,google,search_shopping,qs,1900-01-24
2026-05-12,google,search_shopping,cp,1899-12-31
2026-05-12,google,youtube,spend,1905-10-5
2026-05-12,google,youtube,impressions,3288-08-14
2026-05-12,google,youtube,clicks,1904-12-20
2026-05-12,google,youtube,qs,1900-03-25
2026-05-12,google,youtube,cp,1900-01-10
2026-05-12,meta,meta_bof,spend,1974-04-16
2026-05-12,meta,meta_bof,impressions,10509-08-1
2026-05-12,meta,meta_bof,clicks,1937-03-25
2026-05-12,meta,meta_bof,qs,1903-02-2
2026-05-12,meta,meta_bof,cp,1900-10-13
2026-05-12,meta,meta_mof,spend,1934-07-4
2026-05-12,meta,meta_mof,impressions,5911-06-10
2026-05-12,meta,meta_mof,clicks,1924-07-16
2026-05-12,meta,meta_mof,qs,1902-12-17
2026-05-12,meta,meta_mof,cp,1900-02-9
2026-05-12,meta,meta_tof,spend,1899-12-30
2026-05-12,meta,meta_tof,impressions,1899-12-30
2026-05-12,meta,meta_tof,clicks,1899-12-30
2026-05-12,meta,meta_tof,qs,1899-12-30
2026-05-12,meta,meta_tof,cp,1899-12-30
2026-05-12,tiktok,tiktok,spend,1908-04-26
2026-05-12,tiktok,tiktok,impressions,3353-10-16
2026-05-12,tiktok,tiktok,clicks,1912-04-17
2026-05-12,tiktok,tiktok,qs,1900-08-26
2026-05-12,tiktok,tiktok,cp,1900-02-2
2026-05-11,google,search_brand,spend,1925-09-23
2026-05-11,google,search_brand,impressions,1911-09-4
2026-05-11,google,search_brand,clicks,1905-12-16
2026-05-11,google,search_brand,qs,1902-02-13
2026-05-11,google,search_brand,cp,1900-06-12
2026-05-11,google,search_nb,spend,1956-11-11
2026-05-11,google,search_nb,impressions,2314-12-26
2026-05-11,google,search_nb,clicks,1913-06-10
2026-05-11,google,search_nb,qs,1904-01-2
2026-05-11,google,search_nb,cp,1900-05-30
2026-05-11,google,search_pmax,spend,1919-01-22
2026-05-11,google,search_pmax,impressions,3073-07-5
2026-05-11,google,search_pmax,clicks,1905-05-14
2026-05-11,google,search_pmax,qs,1899-12-30
2026-05-11,google,search_pmax,cp,1900-02-15
2026-05-11,google,search_shopping,spend,1901-02-23
2026-05-11,google,search_shopping,impressions,1948-01-11
2026-05-11,google,search_shopping,clicks,1900-06-7
2026-05-11,google,search_shopping,qs,1900-01-30
2026-05-11,google,search_shopping,cp,1900-01-7
2026-05-11,google,youtube,spend,1910-09-12
2026-05-11,google,youtube,impressions,5209-03-2
2026-05-11,google,youtube,clicks,1911-06-1
2026-05-11,google,youtube,qs,1900-06-9
2026-05-11,google,youtube,cp,1900-01-11
2026-05-11,meta,meta_bof,spend,1977-08-10
2026-05-11,meta,meta_bof,impressions,11105-07-16
2026-05-11,meta,meta_bof,clicks,1947-11-3
2026-05-11,meta,meta_bof,qs,1903-06-12
2026-05-11,meta,meta_bof,cp,1900-09-26
2026-05-11,meta,meta_mof,spend,1940-01-25
2026-05-11,meta,meta_mof,impressions,6385-09-13
2026-05-11,meta,meta_mof,clicks,1931-05-5
2026-05-11,meta,meta_mof,qs,1903-07-6
2026-05-11,meta,meta_mof,cp,1900-02-17
2026-05-11,meta,meta_tof,spend,1899-12-30
2026-05-11,meta,meta_tof,impressions,1899-12-30
2026-05-11,meta,meta_tof,clicks,1899-12-30
2026-05-11,meta,meta_tof,qs,1899-12-30
2026-05-11,meta,meta_tof,cp,1899-12-30
2026-05-11,tiktok,tiktok,spend,1913-04-4
2026-05-11,tiktok,tiktok,impressions,4851-04-30
2026-05-11,tiktok,tiktok,clicks,1921-06-29
2026-05-11,tiktok,tiktok,qs,1900-12-20
2026-05-11,tiktok,tiktok,cp,1900-03-12
2026-05-10,google,search_brand,spend,1926-09-5
2026-05-10,google,search_brand,impressions,1911-05-13
2026-05-10,google,search_brand,clicks,1906-01-17
2026-05-10,google,search_brand,qs,1902-01-25
2026-05-10,google,search_brand,cp,1900-05-22
2026-05-10,google,search_nb,spend,1959-08-24
2026-05-10,google,search_nb,impressions,2295-06-11
2026-05-10,google,search_nb,clicks,1913-01-11
2026-05-10,google,search_nb,qs,1903-11-17
2026-05-10,google,search_nb,cp,1900-06-3
2026-05-10,google,search_pmax,spend,1926-01-24
2026-05-10,google,search_pmax,impressions,3200-05-15
2026-05-10,google,search_pmax,clicks,1906-08-19
2026-05-10,google,search_pmax,qs,1899-12-30
2026-05-10,google,search_pmax,cp,1900-02-11
2026-05-10,google,search_shopping,spend,1901-04-15
2026-05-10,google,search_shopping,impressions,1947-11-6
2026-05-10,google,search_shopping,clicks,1900-06-19
2026-05-10,google,search_shopping,qs,1900-01-27
2026-05-10,google,search_shopping,cp,1900-01-4
2026-05-10,google,youtube,spend,1913-10-2
2026-05-10,google,youtube,impressions,7618-10-23
2026-05-10,google,youtube,clicks,1917-01-7
2026-05-10,google,youtube,qs,1900-08-4
2026-05-10,google,youtube,cp,1900-01-15
2026-05-10,meta,meta_bof,spend,1980-10-7
2026-05-10,meta,meta_bof,impressions,10907-07-27
2026-05-10,meta,meta_bof,clicks,1952-05-11
2026-05-10,meta,meta_bof,qs,1903-09-22
2026-05-10,meta,meta_bof,cp,1900-09-25
2026-05-10,meta,meta_mof,spend,1941-10-13
2026-05-10,meta,meta_mof,impressions,6066-06-23
2026-05-10,meta,meta_mof,clicks,1931-03-6
2026-05-10,meta,meta_mof,qs,1903-05-12
2026-05-10,meta,meta_mof,cp,1900-02-2
2026-05-10,meta,meta_tof,spend,1899-12-30
2026-05-10,meta,meta_tof,impressions,1899-12-30
2026-05-10,meta,meta_tof,clicks,1899-12-30
2026-05-10,meta,meta_tof,qs,1899-12-30
2026-05-10,meta,meta_tof,cp,1899-12-30
2026-05-10,tiktok,tiktok,spend,1907-10-11
2026-05-10,tiktok,tiktok,impressions,4548-10-28
2026-05-10,tiktok,tiktok,clicks,1916-05-3
2026-05-10,tiktok,tiktok,qs,1900-06-24
2026-05-10,tiktok,tiktok,cp,1900-02-19
2026-05-9,google,search_brand,spend,1925-01-22
2026-05-9,google,search_brand,impressions,1909-12-13
2026-05-9,google,search_brand,clicks,1905-02-3
2026-05-9,google,search_brand,qs,1901-10-24
2026-05-9,google,search_brand,cp,1900-05-22
2026-05-9,google,search_nb,spend,1948-05-2
2026-05-9,google,search_nb,impressions,2218-07-12
2026-05-9,google,search_nb,clicks,1911-07-27
2026-05-9,google,search_nb,qs,1903-05-11
2026-05-9,google,search_nb,cp,1900-05-19
2026-05-9,google,search_pmax,spend,1922-04-15
2026-05-9,google,search_pmax,impressions,3094-10-14
2026-05-9,google,search_pmax,clicks,1905-10-10
2026-05-9,google,search_pmax,qs,1899-12-30
2026-05-9,google,search_pmax,cp,1900-02-19
2026-05-9,google,search_shopping,spend,1901-04-16
2026-05-9,google,search_shopping,impressions,1954-01-14
2026-05-9,google,search_shopping,clicks,1900-06-29
2026-05-9,google,search_shopping,qs,1900-01-30
2026-05-9,google,search_shopping,cp,1900-01-4
2026-05-9,google,youtube,spend,1912-06-27
2026-05-9,google,youtube,impressions,6941-04-14
2026-05-9,google,youtube,clicks,1914-05-6
2026-05-9,google,youtube,qs,1900-07-10
2026-05-9,google,youtube,cp,1900-01-18
2026-05-9,meta,meta_bof,spend,1978-06-17
2026-05-9,meta,meta_bof,impressions,10696-04-23
2026-05-9,meta,meta_bof,clicks,1953-06-25
2026-05-9,meta,meta_bof,qs,1903-06-7
2026-05-9,meta,meta_bof,cp,1900-09-6
2026-05-9,meta,meta_mof,spend,1931-05-5
2026-05-9,meta,meta_mof,impressions,5156-08-16
2026-05-9,meta,meta_mof,clicks,1923-01-28
2026-05-9,meta,meta_mof,qs,1902-09-17
2026-05-9,meta,meta_mof,cp,1900-02-4
2026-05-9,meta,meta_tof,spend,1899-12-30
2026-05-9,meta,meta_tof,impressions,1899-12-30
2026-05-9,meta,meta_tof,clicks,1899-12-30
2026-05-9,meta,meta_tof,qs,1899-12-30
2026-05-9,meta,meta_tof,cp,1899-12-30
2026-05-9,tiktok,tiktok,spend,1912-03-17
2026-05-9,tiktok,tiktok,impressions,6444-04-13
2026-05-9,tiktok,tiktok,clicks,1927-02-7
2026-05-9,tiktok,tiktok,qs,1900-09-1
2026-05-9,tiktok,tiktok,cp,1900-03-13
2026-05-8,google,search_brand,spend,1926-07-8
2026-05-8,google,search_brand,impressions,1909-09-10
2026-05-8,google,search_brand,clicks,1904-10-22
2026-05-8,google,search_brand,qs,1901-08-6
2026-05-8,google,search_brand,cp,1900-05-13
2026-05-8,google,search_nb,spend,1942-12-8
2026-05-8,google,search_nb,impressions,2224-05-1
2026-05-8,google,search_nb,clicks,1910-07-23
2026-05-8,google,search_nb,qs,1902-10-20
2026-05-8,google,search_nb,cp,1900-04-16
2026-05-8,google,search_pmax,spend,1917-08-12
2026-05-8,google,search_pmax,impressions,2899-02-10
2026-05-8,google,search_pmax,clicks,1904-08-11
2026-05-8,google,search_pmax,qs,1899-12-30
2026-05-8,google,search_pmax,cp,1900-02-6
2026-05-8,google,search_shopping,spend,1901-04-22
2026-05-8,google,search_shopping,impressions,1961-02-26
2026-05-8,google,search_shopping,clicks,1900-06-24
2026-05-8,google,search_shopping,qs,1900-02-2
2026-05-8,google,search_shopping,cp,1900-01-2
2026-05-8,google,youtube,spend,1910-08-8
2026-05-8,google,youtube,impressions,5856-08-12
2026-05-8,google,youtube,clicks,1911-07-2
2026-05-8,google,youtube,qs,1900-05-26
2026-05-8,google,youtube,cp,1900-01-16
2026-05-8,meta,meta_bof,spend,1968-05-1
2026-05-8,meta,meta_bof,impressions,9844-11-27
2026-05-8,meta,meta_bof,clicks,1947-05-7
2026-05-8,meta,meta_bof,qs,1902-07-7
2026-05-8,meta,meta_bof,cp,1900-07-31
2026-05-8,meta,meta_mof,spend,1933-03-7
2026-05-8,meta,meta_mof,impressions,5530-02-25
2026-05-8,meta,meta_mof,clicks,1924-06-12
2026-05-8,meta,meta_mof,qs,1902-07-18
2026-05-8,meta,meta_mof,cp,1900-01-25
2026-05-8,meta,meta_tof,spend,1899-12-30
2026-05-8,meta,meta_tof,impressions,1899-12-30
2026-05-8,meta,meta_tof,clicks,1899-12-30
2026-05-8,meta,meta_tof,qs,1899-12-30
2026-05-8,meta,meta_tof,cp,1899-12-30
2026-05-8,tiktok,tiktok,spend,1908-03-6
2026-05-8,tiktok,tiktok,impressions,3995-09-14
2026-05-8,tiktok,tiktok,clicks,1913-10-25
2026-05-8,tiktok,tiktok,qs,1900-06-14
2026-05-8,tiktok,tiktok,cp,1900-02-18
2026-05-7,google,search_brand,spend,1928-07-10
2026-05-7,google,search_brand,impressions,1909-09-27
2026-05-7,google,search_brand,clicks,1904-12-4
2026-05-7,google,search_brand,qs,1901-09-18
2026-05-7,google,search_brand,cp,1900-05-27
2026-05-7,google,search_nb,spend,1941-06-23
2026-05-7,google,search_nb,impressions,2211-07-27
2026-05-7,google,search_nb,clicks,1911-03-13
2026-05-7,google,search_nb,qs,1903-01-24
2026-05-7,google,search_nb,cp,1900-05-11
2026-05-7,google,search_pmax,spend,1914-12-16
2026-05-7,google,search_pmax,impressions,2793-08-30
2026-05-7,google,search_pmax,clicks,1904-03-17
2026-05-7,google,search_pmax,qs,1899-12-30
2026-05-7,google,search_pmax,cp,1900-01-24
2026-05-7,google,search_shopping,spend,1901-09-22
2026-05-7,google,search_shopping,impressions,1966-11-26
2026-05-7,google,search_shopping,clicks,1900-08-21
2026-05-7,google,search_shopping,qs,1900-02-4
2026-05-7,google,search_shopping,cp,1900-01-2
2026-05-7,google,youtube,spend,1912-11-22
2026-05-7,google,youtube,impressions,6622-04-11
2026-05-7,google,youtube,clicks,1915-09-9
2026-05-7,google,youtube,qs,1900-06-23
2026-05-7,google,youtube,cp,1900-01-26
2026-05-7,meta,meta_bof,spend,1966-08-7
2026-05-7,meta,meta_bof,impressions,9200-09-5
2026-05-7,meta,meta_bof,clicks,1937-07-6
2026-05-7,meta,meta_bof,qs,1902-06-17
2026-05-7,meta,meta_bof,cp,1900-09-16
2026-05-7,meta,meta_mof,spend,1930-06-30
2026-05-7,meta,meta_mof,impressions,5230-10-16
2026-05-7,meta,meta_mof,clicks,1920-11-4
2026-05-7,meta,meta_mof,qs,1902-04-5
2026-05-7,meta,meta_mof,cp,1900-01-30
2026-05-7,meta,meta_tof,spend,1899-12-30
2026-05-7,meta,meta_tof,impressions,1899-12-30
2026-05-7,meta,meta_tof,clicks,1899-12-30
2026-05-7,meta,meta_tof,qs,1899-12-30
2026-05-7,meta,meta_tof,cp,1899-12-30
2026-05-7,tiktok,tiktok,spend,1910-06-23
2026-05-7,tiktok,tiktok,impressions,4495-06-30
2026-05-7,tiktok,tiktok,clicks,1920-02-16
2026-05-7,tiktok,tiktok,qs,1900-07-19
2026-05-7,tiktok,tiktok,cp,1900-02-27
2026-05-6,google,search_brand,spend,1928-06-29
2026-05-6,google,search_brand,impressions,1911-01-5
2026-05-6,google,search_brand,clicks,1905-10-6
2026-05-6,google,search_brand,qs,1902-01-9
2026-05-6,google,search_brand,cp,1900-05-30
2026-05-6,google,search_nb,spend,1948-09-6
2026-05-6,google,search_nb,impressions,2263-10-3
2026-05-6,google,search_nb,clicks,1912-01-14
2026-05-6,google,search_nb,qs,1903-07-9
2026-05-6,google,search_nb,cp,1900-05-23
2026-05-6,google,search_pmax,spend,1917-10-14
2026-05-6,google,search_pmax,impressions,2940-08-18
2026-05-6,google,search_pmax,clicks,1904-08-19
2026-05-6,google,search_pmax,qs,1899-12-30
2026-05-6,google,search_pmax,cp,1900-02-19
2026-05-6,google,search_shopping,spend,1901-02-12
2026-05-6,google,search_shopping,impressions,1952-11-21
2026-05-6,google,search_shopping,clicks,1900-06-4
2026-05-6,google,search_shopping,qs,1900-01-28
2026-05-6,google,search_shopping,cp,1900-01-2
2026-05-6,google,youtube,spend,1913-07-4
2026-05-6,google,youtube,impressions,7799-03-10
2026-05-6,google,youtube,clicks,1917-03-28
2026-05-6,google,youtube,qs,1900-08-5
2026-05-6,google,youtube,cp,1900-01-16
2026-05-6,meta,meta_bof,spend,1977-06-24
2026-05-6,meta,meta_bof,impressions,9855-03-21
2026-05-6,meta,meta_bof,clicks,1947-07-13
2026-05-6,meta,meta_bof,qs,1902-07-30
2026-05-6,meta,meta_bof,cp,1900-08-15
2026-05-6,meta,meta_mof,spend,1933-12-7
2026-05-6,meta,meta_mof,impressions,5576-03-14
2026-05-6,meta,meta_mof,clicks,1926-07-4
2026-05-6,meta,meta_mof,qs,1902-05-31
2026-05-6,meta,meta_mof,cp,1900-01-29
2026-05-6,meta,meta_tof,spend,1899-12-30
2026-05-6,meta,meta_tof,impressions,1899-12-30
2026-05-6,meta,meta_tof,clicks,1899-12-30
2026-05-6,meta,meta_tof,qs,1899-12-30
2026-05-6,meta,meta_tof,cp,1899-12-30
2026-05-6,tiktok,tiktok,spend,1908-12-26
2026-05-6,tiktok,tiktok,impressions,3935-01-5
2026-05-6,tiktok,tiktok,clicks,1919-09-6
2026-05-6,tiktok,tiktok,qs,1900-08-18
2026-05-6,tiktok,tiktok,cp,1900-03-8
2026-05-5,google,search_brand,spend,1930-02-24
2026-05-5,google,search_brand,impressions,1910-12-19
2026-05-5,google,search_brand,clicks,1905-06-27
2026-05-5,google,search_brand,qs,1901-09-19
2026-05-5,google,search_brand,cp,1900-05-28
2026-05-5,google,search_nb,spend,1959-06-4
2026-05-5,google,search_nb,impressions,2316-03-11
2026-05-5,google,search_nb,clicks,1913-03-26
2026-05-5,google,search_nb,qs,1903-11-26
2026-05-5,google,search_nb,cp,1900-06-30
2026-05-5,google,search_pmax,spend,1922-07-18
2026-05-5,google,search_pmax,impressions,3083-03-4
2026-05-5,google,search_pmax,clicks,1905-10-18
2026-05-5,google,search_pmax,qs,1899-12-30
2026-05-5,google,search_pmax,cp,1900-02-14
2026-05-5,google,search_shopping,spend,1901-02-12
2026-05-5,google,search_shopping,impressions,1948-07-31
2026-05-5,google,search_shopping,clicks,1900-05-30
2026-05-5,google,search_shopping,qs,1900-01-21
2026-05-5,google,search_shopping,cp,1900-01-2
2026-05-5,google,youtube,spend,1913-01-16
2026-05-5,google,youtube,impressions,6044-01-9
2026-05-5,google,youtube,clicks,1913-02-13
2026-05-5,google,youtube,qs,1900-08-7
2026-05-5,google,youtube,cp,1900-01-12
2026-05-5,meta,meta_bof,spend,1966-12-5
2026-05-5,meta,meta_bof,impressions,10292-11-30
2026-05-5,meta,meta_bof,clicks,1944-10-4
2026-05-5,meta,meta_bof,qs,1902-11-3
2026-05-5,meta,meta_bof,cp,1900-09-6
2026-05-5,meta,meta_mof,spend,1930-06-18
2026-05-5,meta,meta_mof,impressions,5051-04-19
2026-05-5,meta,meta_mof,clicks,1930-12-3
2026-05-5,meta,meta_mof,qs,1902-02-25
2026-05-5,meta,meta_mof,cp,1900-01-29
2026-05-5,meta,meta_tof,spend,1899-12-30
2026-05-5,meta,meta_tof,impressions,1899-12-30
2026-05-5,meta,meta_tof,clicks,1899-12-30
2026-05-5,meta,meta_tof,qs,1899-12-30
2026-05-5,meta,meta_tof,cp,1899-12-30
2026-05-5,tiktok,tiktok,spend,1908-11-2
2026-05-5,tiktok,tiktok,impressions,4254-06-17
2026-05-5,tiktok,tiktok,clicks,1922-10-7
2026-05-5,tiktok,tiktok,qs,1900-08-22
2026-05-5,tiktok,tiktok,cp,1900-02-27
2026-05-4,google,search_brand,spend,1929-03-23
2026-05-4,google,search_brand,impressions,1911-07-28
2026-05-4,google,search_brand,clicks,1905-11-16
2026-05-4,google,search_brand,qs,1902-02-5
2026-05-4,google,search_brand,cp,1900-07-5
2026-05-4,google,search_nb,spend,1967-06-12
2026-05-4,google,search_nb,impressions,2345-01-14
2026-05-4,google,search_nb,clicks,1914-11-2
2026-05-4,google,search_nb,qs,1904-04-25
2026-05-4,google,search_nb,cp,1900-07-5
2026-05-4,google,search_pmax,spend,1926-07-8
2026-05-4,google,search_pmax,impressions,3207-10-23
2026-05-4,google,search_pmax,clicks,1906-10-3
2026-05-4,google,search_pmax,qs,1899-12-30
2026-05-4,google,search_pmax,cp,1900-03-7
2026-05-4,google,search_shopping,spend,1901-02-15
2026-05-4,google,search_shopping,impressions,1954-12-10
2026-05-4,google,search_shopping,clicks,1900-05-31
2026-05-4,google,search_shopping,qs,1900-01-22
2026-05-4,google,search_shopping,cp,1900-01-5
2026-05-4,google,youtube,spend,1913-06-11
2026-05-4,google,youtube,impressions,6874-09-3
2026-05-4,google,youtube,clicks,1915-05-17
2026-05-4,google,youtube,qs,1900-07-8
2026-05-4,google,youtube,cp,1900-01-17
2026-05-4,meta,meta_bof,spend,1971-06-1
2026-05-4,meta,meta_bof,impressions,9925-10-26
2026-05-4,meta,meta_bof,clicks,1951-02-3
2026-05-4,meta,meta_bof,qs,1903-02-7
2026-05-4,meta,meta_bof,cp,1900-11-8
2026-05-4,meta,meta_mof,spend,1932-09-23
2026-05-4,meta,meta_mof,impressions,5031-01-3
2026-05-4,meta,meta_mof,clicks,1935-11-15
2026-05-4,meta,meta_mof,qs,1902-08-15
2026-05-4,meta,meta_mof,cp,1900-02-4
2026-05-4,meta,meta_tof,spend,1899-12-30
2026-05-4,meta,meta_tof,impressions,1899-12-30
2026-05-4,meta,meta_tof,clicks,1899-12-30
2026-05-4,meta,meta_tof,qs,1899-12-30
2026-05-4,meta,meta_tof,cp,1899-12-30
2026-05-4,tiktok,tiktok,spend,1911-07-27
2026-05-4,tiktok,tiktok,impressions,5484-10-3
2026-05-4,tiktok,tiktok,clicks,1933-07-15
2026-05-4,tiktok,tiktok,qs,1901-01-9
2026-05-4,tiktok,tiktok,cp,1900-03-25
2026-05-3,google,search_brand,spend,1929-06-13
2026-05-3,google,search_brand,impressions,1911-01-26
2026-05-3,google,search_brand,clicks,1905-08-7
2026-05-3,google,search_brand,qs,1901-10-28
2026-05-3,google,search_brand,cp,1900-05-9
2026-05-3,google,search_nb,spend,1961-09-16
2026-05-3,google,search_nb,impressions,2314-11-4
2026-05-3,google,search_nb,clicks,1913-02-7
2026-05-3,google,search_nb,qs,1903-11-20
2026-05-3,google,search_nb,cp,1900-06-9
2026-05-3,google,search_pmax,spend,1922-09-1
2026-05-3,google,search_pmax,impressions,3096-02-2
2026-05-3,google,search_pmax,clicks,1905-07-29
2026-05-3,google,search_pmax,qs,1899-12-30
2026-05-3,google,search_pmax,cp,1900-02-14
2026-05-3,google,search_shopping,spend,1901-02-18
2026-05-3,google,search_shopping,impressions,1941-03-29
2026-05-3,google,search_shopping,clicks,1900-05-29
2026-05-3,google,search_shopping,qs,1900-01-23
2026-05-3,google,search_shopping,cp,1899-12-31
2026-05-3,google,youtube,spend,1917-05-21
2026-05-3,google,youtube,impressions,8544-01-2
2026-05-3,google,youtube,clicks,1921-05-28
2026-05-3,google,youtube,qs,1900-09-10
2026-05-3,google,youtube,cp,1900-01-15
2026-05-3,meta,meta_bof,spend,1974-08-18
2026-05-3,meta,meta_bof,impressions,8785-06-17
2026-05-3,meta,meta_bof,clicks,1944-09-15
2026-05-3,meta,meta_bof,qs,1903-03-15
2026-05-3,meta,meta_bof,cp,1900-08-22
2026-05-3,meta,meta_mof,spend,1934-08-27
2026-05-3,meta,meta_mof,impressions,5027-08-21
2026-05-3,meta,meta_mof,clicks,1946-04-13
2026-05-3,meta,meta_mof,qs,1902-08-1
2026-05-3,meta,meta_mof,cp,1900-01-26
2026-05-3,meta,meta_tof,spend,1899-12-30
2026-05-3,meta,meta_tof,impressions,1899-12-30
2026-05-3,meta,meta_tof,clicks,1899-12-30
2026-05-3,meta,meta_tof,qs,1899-12-30
2026-05-3,meta,meta_tof,cp,1899-12-30
2026-05-3,tiktok,tiktok,spend,1908-02-3
2026-05-3,tiktok,tiktok,impressions,4693-05-24
2026-05-3,tiktok,tiktok,clicks,1910-10-16
2026-05-3,tiktok,tiktok,qs,1900-03-24
2026-05-3,tiktok,tiktok,cp,1900-02-10
2026-05-2,google,search_brand,spend,1927-09-20
2026-05-2,google,search_brand,impressions,1909-11-22
2026-05-2,google,search_brand,clicks,1905-01-26
2026-05-2,google,search_brand,qs,1901-09-13
2026-05-2,google,search_brand,cp,1900-05-12
2026-05-2,google,search_nb,spend,1947-12-18
2026-05-2,google,search_nb,impressions,2236-06-13
2026-05-2,google,search_nb,clicks,1910-09-26
2026-05-2,google,search_nb,qs,1903-03-5
2026-05-2,google,search_nb,cp,1900-06-6
2026-05-2,google,search_pmax,spend,1918-05-17
2026-05-2,google,search_pmax,impressions,2927-07-10
2026-05-2,google,search_pmax,clicks,1904-09-1
2026-05-2,google,search_pmax,qs,1899-12-30
2026-05-2,google,search_pmax,cp,1900-02-9
2026-05-2,google,search_shopping,spend,1901-02-19
2026-05-2,google,search_shopping,impressions,1956-10-18
2026-05-2,google,search_shopping,clicks,1900-06-1
2026-05-2,google,search_shopping,qs,1900-01-21
2026-05-2,google,search_shopping,cp,1900-01-3
2026-05-2,google,youtube,spend,1918-04-4
2026-05-2,google,youtube,impressions,9789-05-30
2026-05-2,google,youtube,clicks,1924-06-9
2026-05-2,google,youtube,qs,1900-10-7
2026-05-2,google,youtube,cp,1900-01-13
2026-05-2,meta,meta_bof,spend,1970-06-5
2026-05-2,meta,meta_bof,impressions,9771-11-25
2026-05-2,meta,meta_bof,clicks,1944-01-17
2026-05-2,meta,meta_bof,qs,1902-12-2
2026-05-2,meta,meta_bof,cp,1900-09-9
2026-05-2,meta,meta_mof,spend,1926-08-18
2026-05-2,meta,meta_mof,impressions,4348-07-28
2026-05-2,meta,meta_mof,clicks,1940-09-22
2026-05-2,meta,meta_mof,qs,1901-12-9
2026-05-2,meta,meta_mof,cp,1900-02-3
2026-05-2,meta,meta_tof,spend,1899-12-30
2026-05-2,meta,meta_tof,impressions,1899-12-30
2026-05-2,meta,meta_tof,clicks,1899-12-30
2026-05-2,meta,meta_tof,qs,1899-12-30
2026-05-2,meta,meta_tof,cp,1899-12-30
2026-05-2,tiktok,tiktok,spend,1907-10-19
2026-05-2,tiktok,tiktok,impressions,4226-06-13
2026-05-2,tiktok,tiktok,clicks,1909-09-17
2026-05-2,tiktok,tiktok,qs,1900-04-2
2026-05-2,tiktok,tiktok,cp,1900-02-3
2026-05-1,google,search_brand,spend,1928-06-17
2026-05-1,google,search_brand,impressions,1910-06-5
2026-05-1,google,search_brand,clicks,1905-05-1
2026-05-1,google,search_brand,qs,1901-11-21
2026-05-1,google,search_brand,cp,1900-06-23
2026-05-1,google,search_nb,spend,1948-09-17
2026-05-1,google,search_nb,impressions,2249-01-17
2026-05-1,google,search_nb,clicks,1911-04-14
2026-05-1,google,search_nb,qs,1903-05-3
2026-05-1,google,search_nb,cp,1900-05-25
2026-05-1,google,search_pmax,spend,1918-10-30
2026-05-1,google,search_pmax,impressions,2920-06-6
2026-05-1,google,search_pmax,clicks,1904-09-25
2026-05-1,google,search_pmax,qs,1899-12-30
2026-05-1,google,search_pmax,cp,1900-03-5
2026-05-1,google,search_shopping,spend,1901-02-15
2026-05-1,google,search_shopping,impressions,1957-06-13
2026-05-1,google,search_shopping,clicks,1900-05-26
2026-05-1,google,search_shopping,qs,1900-01-27
2026-05-1,google,search_shopping,cp,1900-01-2
2026-05-1,google,youtube,spend,1918-03-31
2026-05-1,google,youtube,impressions,9362-02-18
2026-05-1,google,youtube,clicks,1924-02-29
2026-05-1,google,youtube,qs,1900-07-28
2026-05-1,google,youtube,cp,1900-01-17
2026-05-1,meta,meta_bof,spend,1985-09-6
2026-05-1,meta,meta_bof,impressions,11083-03-7
2026-05-1,meta,meta_bof,clicks,1946-07-24
2026-05-1,meta,meta_bof,qs,1902-11-14
2026-05-1,meta,meta_bof,cp,1900-11-28
2026-05-1,meta,meta_mof,spend,1927-03-30
2026-05-1,meta,meta_mof,impressions,4571-08-30
2026-05-1,meta,meta_mof,clicks,1932-05-27
2026-05-1,meta,meta_mof,qs,1901-11-16
2026-05-1,meta,meta_mof,cp,1900-03-9
2026-05-1,meta,meta_tof,spend,1899-12-30
2026-05-1,meta,meta_tof,impressions,1899-12-30
2026-05-1,meta,meta_tof,clicks,1899-12-30
2026-05-1,meta,meta_tof,qs,1899-12-30
2026-05-1,meta,meta_tof,cp,1899-12-30
2026-05-1,tiktok,tiktok,spend,1906-11-22
2026-05-1,tiktok,tiktok,impressions,3570-12-24
2026-05-1,tiktok,tiktok,clicks,1908-02-22
2026-05-1,tiktok,tiktok,qs,1900-02-27
2026-05-1,tiktok,tiktok,cp,1900-02-18
2026-04-30,google,search_brand,spend,1922-10-16
2026-04-30,google,search_brand,impressions,1910-12-29
2026-04-30,google,search_brand,clicks,1905-09-10
2026-04-30,google,search_brand,qs,1901-12-31
2026-04-30,google,search_brand,cp,1900-06-23
2026-04-30,google,search_nb,spend,1945-10-9
2026-04-30,google,search_nb,impressions,2244-07-5
2026-04-30,google,search_nb,clicks,1910-11-20
2026-04-30,google,search_nb,qs,1903-03-31
2026-04-30,google,search_nb,cp,1900-06-19
2026-04-30,google,search_pmax,spend,1919-06-30
2026-04-30,google,search_pmax,impressions,3120-10-21
2026-04-30,google,search_pmax,clicks,1905-02-16
2026-04-30,google,search_pmax,qs,1899-12-30
2026-04-30,google,search_pmax,cp,1900-02-21
2026-04-30,google,search_shopping,spend,1900-12-7
2026-04-30,google,search_shopping,impressions,1939-06-29
2026-04-30,google,search_shopping,clicks,1900-05-9
2026-04-30,google,search_shopping,qs,1900-01-20
2026-04-30,google,search_shopping,cp,1900-01-3
2026-04-30,google,youtube,spend,1919-11-4
2026-04-30,google,youtube,impressions,9326-03-12
2026-04-30,google,youtube,clicks,1924-10-29
2026-04-30,google,youtube,qs,1900-08-26
2026-04-30,google,youtube,cp,1900-01-29
2026-04-30,meta,meta_bof,spend,1985-02-21
2026-04-30,meta,meta_bof,impressions,10619-07-26
2026-04-30,meta,meta_bof,clicks,1946-07-15
2026-04-30,meta,meta_bof,qs,1902-12-6
2026-04-30,meta,meta_bof,cp,1901-01-20
2026-04-30,meta,meta_mof,spend,1930-04-15
2026-04-30,meta,meta_mof,impressions,4942-09-24
2026-04-30,meta,meta_mof,clicks,1933-10-14
2026-04-30,meta,meta_mof,qs,1902-01-29
2026-04-30,meta,meta_mof,cp,1900-02-22
2026-04-30,meta,meta_tof,spend,1899-12-30
2026-04-30,meta,meta_tof,impressions,1899-12-30
2026-04-30,meta,meta_tof,clicks,1899-12-30
2026-04-30,meta,meta_tof,qs,1899-12-30
2026-04-30,meta,meta_tof,cp,1899-12-30
2026-04-30,tiktok,tiktok,spend,1908-03-6
2026-04-30,tiktok,tiktok,impressions,3910-07-11
2026-04-30,tiktok,tiktok,clicks,1908-02-19
2026-04-30,tiktok,tiktok,qs,1900-03-9
2026-04-30,tiktok,tiktok,cp,1900-02-28
2026-04-29,google,search_brand,spend,1923-11-23
2026-04-29,google,search_brand,impressions,1911-07-3
2026-04-29,google,search_brand,clicks,1906-02-9
2026-04-29,google,search_brand,qs,1902-02-16
2026-04-29,google,search_brand,cp,1900-06-24
2026-04-29,google,search_nb,spend,1950-11-11
2026-04-29,google,search_nb,impressions,2275-09-17
2026-04-29,google,search_nb,clicks,1911-11-6
2026-04-29,google,search_nb,qs,1903-07-8
2026-04-29,google,search_nb,cp,1900-05-30
2026-04-29,google,search_pmax,spend,1919-01-27
2026-04-29,google,search_pmax,impressions,3050-06-17
2026-04-29,google,search_pmax,clicks,1905-06-10
2026-04-29,google,search_pmax,qs,1899-12-30
2026-04-29,google,search_pmax,cp,1900-02-12
2026-04-29,google,search_shopping,spend,1900-12-16
2026-04-29,google,search_shopping,impressions,1941-05-18
2026-04-29,google,search_shopping,clicks,1900-05-10
2026-04-29,google,search_shopping,qs,1900-01-17
2026-04-29,google,search_shopping,cp,1899-12-31
2026-04-29,google,youtube,spend,1923-07-20
2026-04-29,google,youtube,impressions,11480-04-14
2026-04-29,google,youtube,clicks,1931-06-16
2026-04-29,google,youtube,qs,1900-12-9
2026-04-29,google,youtube,cp,1900-01-26
2026-04-29,meta,meta_bof,spend,1988-03-22
2026-04-29,meta,meta_bof,impressions,11098-06-14
2026-04-29,meta,meta_bof,clicks,1946-07-19
2026-04-29,meta,meta_bof,qs,1903-05-19
2026-04-29,meta,meta_bof,cp,1901-01-13
2026-04-29,meta,meta_mof,spend,1928-03-31
2026-04-29,meta,meta_mof,impressions,4709-09-8
2026-04-29,meta,meta_mof,clicks,1924-11-10
2026-04-29,meta,meta_mof,qs,1901-09-25
2026-04-29,meta,meta_mof,cp,1900-02-15
2026-04-29,meta,meta_tof,spend,1899-12-30
2026-04-29,meta,meta_tof,impressions,1899-12-30
2026-04-29,meta,meta_tof,clicks,1899-12-30
2026-04-29,meta,meta_tof,qs,1899-12-30
2026-04-29,meta,meta_tof,cp,1899-12-30
2026-04-29,tiktok,tiktok,spend,1909-04-7
2026-04-29,tiktok,tiktok,impressions,4009-05-1
2026-04-29,tiktok,tiktok,clicks,1910-01-6
2026-04-29,tiktok,tiktok,qs,1900-04-6
2026-04-29,tiktok,tiktok,cp,1900-03-23
2026-04-28,google,search_brand,spend,1924-09-9
2026-04-28,google,search_brand,impressions,1912-02-1
2026-04-28,google,search_brand,clicks,1906-07-17
2026-04-28,google,search_brand,qs,1902-01-3
2026-04-28,google,search_brand,cp,1900-07-14
2026-04-28,google,search_nb,spend,1951-10-24
2026-04-28,google,search_nb,impressions,2291-11-23
2026-04-28,google,search_nb,clicks,1912-05-13
2026-04-28,google,search_nb,qs,1903-06-21
2026-04-28,google,search_nb,cp,1900-06-19
2026-04-28,google,search_pmax,spend,1921-12-20
2026-04-28,google,search_pmax,impressions,3180-09-4
2026-04-28,google,search_pmax,clicks,1905-12-28
2026-04-28,google,search_pmax,qs,1899-12-30
2026-04-28,google,search_pmax,cp,1900-03-8
2026-04-28,google,search_shopping,spend,1900-12-27
2026-04-28,google,search_shopping,impressions,1941-04-12
2026-04-28,google,search_shopping,clicks,1900-05-18
2026-04-28,google,search_shopping,qs,1900-01-25
2026-04-28,google,search_shopping,cp,1900-01-6
2026-04-28,google,youtube,spend,1916-12-22
2026-04-28,google,youtube,impressions,9185-09-26
2026-04-28,google,youtube,clicks,1922-06-22
2026-04-28,google,youtube,qs,1900-07-30
2026-04-28,google,youtube,cp,1900-01-18
2026-04-28,meta,meta_bof,spend,1980-05-9
2026-04-28,meta,meta_bof,impressions,10808-10-12
2026-04-28,meta,meta_bof,clicks,1984-02-25
2026-04-28,meta,meta_bof,qs,1902-11-1
2026-04-28,meta,meta_bof,cp,1900-11-8
2026-04-28,meta,meta_mof,spend,1928-10-18
2026-04-28,meta,meta_mof,impressions,4953-03-20
2026-04-28,meta,meta_mof,clicks,1924-03-29
2026-04-28,meta,meta_mof,qs,1901-09-27
2026-04-28,meta,meta_mof,cp,1900-02-15
2026-04-28,meta,meta_tof,spend,1899-12-30
2026-04-28,meta,meta_tof,impressions,1899-12-30
2026-04-28,meta,meta_tof,clicks,1899-12-30
2026-04-28,meta,meta_tof,qs,1899-12-30
2026-04-28,meta,meta_tof,cp,1899-12-30
2026-04-28,tiktok,tiktok,spend,1907-10-22
2026-04-28,tiktok,tiktok,impressions,3510-09-25
2026-04-28,tiktok,tiktok,clicks,1909-04-12
2026-04-28,tiktok,tiktok,qs,1900-03-14
2026-04-28,tiktok,tiktok,cp,1900-03-10
2026-04-27,google,search_brand,spend,1925-12-31
2026-04-27,google,search_brand,impressions,1911-11-29
2026-04-27,google,search_brand,clicks,1906-04-4
2026-04-27,google,search_brand,qs,1902-03-7
2026-04-27,google,search_brand,cp,1900-07-2
2026-04-27,google,search_nb,spend,1947-09-3
2026-04-27,google,search_nb,impressions,2254-10-9
2026-04-27,google,search_nb,clicks,1911-06-4
2026-04-27,google,search_nb,qs,1903-03-26
2026-04-27,google,search_nb,cp,1900-05-19
2026-04-27,google,search_pmax,spend,1919-09-19
2026-04-27,google,search_pmax,impressions,3149-12-21
2026-04-27,google,search_pmax,clicks,1905-09-6
2026-04-27,google,search_pmax,qs,1899-12-30
2026-04-27,google,search_pmax,cp,1900-02-20
2026-04-27,google,search_shopping,spend,1901-01-25
2026-04-27,google,search_shopping,impressions,1954-05-5
2026-04-27,google,search_shopping,clicks,1900-05-26
2026-04-27,google,search_shopping,qs,1900-01-26
2026-04-27,google,search_shopping,cp,1900-01-7
2026-04-27,google,youtube,spend,1921-06-23
2026-04-27,google,youtube,impressions,11214-10-26
2026-04-27,google,youtube,clicks,1930-01-29
2026-04-27,google,youtube,qs,1900-10-21
2026-04-27,google,youtube,cp,1900-01-27
2026-04-27,meta,meta_bof,spend,1988-07-26
2026-04-27,meta,meta_bof,impressions,12555-07-6
2026-04-27,meta,meta_bof,clicks,2100-05-15
2026-04-27,meta,meta_bof,qs,1902-11-20
2026-04-27,meta,meta_bof,cp,1900-10-23
2026-04-27,meta,meta_mof,spend,1937-04-28
2026-04-27,meta,meta_mof,impressions,6105-11-9
2026-04-27,meta,meta_mof,clicks,1929-10-14
2026-04-27,meta,meta_mof,qs,1902-04-11
2026-04-27,meta,meta_mof,cp,1900-02-11
2026-04-27,meta,meta_tof,spend,1899-12-30
2026-04-27,meta,meta_tof,impressions,1899-12-30
2026-04-27,meta,meta_tof,clicks,1899-12-30
2026-04-27,meta,meta_tof,qs,1899-12-30
2026-04-27,meta,meta_tof,cp,1899-12-30
2026-04-27,tiktok,tiktok,spend,1909-06-18
2026-04-27,tiktok,tiktok,impressions,4803-05-14
2026-04-27,tiktok,tiktok,clicks,1910-12-24
2026-04-27,tiktok,tiktok,qs,1900-04-18
2026-04-27,tiktok,tiktok,cp,1900-03-25
2026-04-26,google,search_brand,spend,1926-04-13
2026-04-26,google,search_brand,impressions,1911-09-29
2026-04-26,google,search_brand,clicks,1906-02-9
2026-04-26,google,search_brand,qs,1902-04-17
2026-04-26,google,search_brand,cp,1900-05-28
2026-04-26,google,search_nb,spend,1942-11-13
2026-04-26,google,search_nb,impressions,2218-08-9
2026-04-26,google,search_nb,clicks,1910-09-5
2026-04-26,google,search_nb,qs,1903-03-7
2026-04-26,google,search_nb,cp,1900-05-26
2026-04-26,google,search_pmax,spend,1920-01-13
2026-04-26,google,search_pmax,impressions,3184-02-20
2026-04-26,google,search_pmax,clicks,1905-09-27
2026-04-26,google,search_pmax,qs,1899-12-30
2026-04-26,google,search_pmax,cp,1900-02-9
2026-04-26,google,search_shopping,spend,1901-01-16
2026-04-26,google,search_shopping,impressions,1950-09-4
2026-04-26,google,search_shopping,clicks,1900-05-17
2026-04-26,google,search_shopping,qs,1900-01-22
2026-04-26,google,search_shopping,cp,1900-01-2
2026-04-26,google,youtube,spend,1919-11-23
2026-04-26,google,youtube,impressions,10150-08-23
2026-04-26,google,youtube,clicks,1926-02-18
2026-04-26,google,youtube,qs,1900-11-13
2026-04-26,google,youtube,cp,1900-02-4
2026-04-26,meta,meta_bof,spend,2004-06-7
2026-04-26,meta,meta_bof,impressions,12825-08-3
2026-04-26,meta,meta_bof,clicks,2192-04-17
2026-04-26,meta,meta_bof,qs,1903-06-13
2026-04-26,meta,meta_bof,cp,1900-10-16
2026-04-26,meta,meta_mof,spend,1942-10-31
2026-04-26,meta,meta_mof,impressions,5888-05-23
2026-04-26,meta,meta_mof,clicks,1926-02-16
2026-04-26,meta,meta_mof,qs,1902-03-27
2026-04-26,meta,meta_mof,cp,1900-01-31
2026-04-26,meta,meta_tof,spend,1899-12-30
2026-04-26,meta,meta_tof,impressions,1899-12-30
2026-04-26,meta,meta_tof,clicks,1899-12-30
2026-04-26,meta,meta_tof,qs,1899-12-30
2026-04-26,meta,meta_tof,cp,1899-12-30
2026-04-26,tiktok,tiktok,spend,1908-01-25
2026-04-26,tiktok,tiktok,impressions,4297-04-15
2026-04-26,tiktok,tiktok,clicks,1909-03-18
2026-04-26,tiktok,tiktok,qs,1900-04-13
2026-04-26,tiktok,tiktok,cp,1900-03-6
2026-04-25,google,search_brand,spend,1921-08-18
2026-04-25,google,search_brand,impressions,1909-11-6
2026-04-25,google,search_brand,clicks,1905-02-26
2026-04-25,google,search_brand,qs,1901-09-24
2026-04-25,google,search_brand,cp,1900-05-22
2026-04-25,google,search_nb,spend,1929-04-12
2026-04-25,google,search_nb,impressions,2145-04-4
2026-04-25,google,search_nb,clicks,1908-01-19
2026-04-25,google,search_nb,qs,1902-04-11
2026-04-25,google,search_nb,cp,1900-04-14
2026-04-25,google,search_pmax,spend,1918-08-5
2026-04-25,google,search_pmax,impressions,3017-03-6
2026-04-25,google,search_pmax,clicks,1905-07-10
2026-04-25,google,search_pmax,qs,1899-12-30
2026-04-25,google,search_pmax,cp,1900-02-16
2026-04-25,google,search_shopping,spend,1900-12-7
2026-04-25,google,search_shopping,impressions,1939-06-9
2026-04-25,google,search_shopping,clicks,1900-05-10
2026-04-25,google,search_shopping,qs,1900-01-25
2026-04-25,google,search_shopping,cp,1900-01-1
2026-04-25,google,youtube,spend,1915-09-1
2026-04-25,google,youtube,impressions,8779-10-19
2026-04-25,google,youtube,clicks,1923-03-20
2026-04-25,google,youtube,qs,1900-10-30
2026-04-25,google,youtube,cp,1900-01-18
2026-04-25,meta,meta_bof,spend,1999-04-12
2026-04-25,meta,meta_bof,impressions,13367-09-24
2026-04-25,meta,meta_bof,clicks,2155-10-1
2026-04-25,meta,meta_bof,qs,1902-09-22
2026-04-25,meta,meta_bof,cp,1900-09-29
2026-04-25,meta,meta_mof,spend,1947-10-13
2026-04-25,meta,meta_mof,impressions,6247-12-2
2026-04-25,meta,meta_mof,clicks,1928-10-3
2026-04-25,meta,meta_mof,qs,1901-12-31
2026-04-25,meta,meta_mof,cp,1900-02-6
2026-04-25,meta,meta_tof,spend,1899-12-30
2026-04-25,meta,meta_tof,impressions,1899-12-30
2026-04-25,meta,meta_tof,clicks,1899-12-30
2026-04-25,meta,meta_tof,qs,1899-12-30
2026-04-25,meta,meta_tof,cp,1899-12-30
2026-04-25,tiktok,tiktok,spend,1910-04-6
2026-04-25,tiktok,tiktok,impressions,4592-09-17
2026-04-25,tiktok,tiktok,clicks,1911-07-16
2026-04-25,tiktok,tiktok,qs,1900-04-3
2026-04-25,tiktok,tiktok,cp,1900-03-3
2026-04-24,google,search_brand,spend,1926-08-19
2026-04-24,google,search_brand,impressions,1910-04-23
2026-04-24,google,search_brand,clicks,1905-07-4
2026-04-24,google,search_brand,qs,1901-10-2
2026-04-24,google,search_brand,cp,1900-05-28
2026-04-24,google,search_nb,spend,1935-06-28
2026-04-24,google,search_nb,impressions,2170-09-19
2026-04-24,google,search_nb,clicks,1908-10-24
2026-04-24,google,search_nb,qs,1902-06-19
2026-04-24,google,search_nb,cp,1900-04-17
2026-04-24,google,search_pmax,spend,1920-04-14
2026-04-24,google,search_pmax,impressions,2950-10-18
2026-04-24,google,search_pmax,clicks,1905-07-6
2026-04-24,google,search_pmax,qs,1899-12-30
2026-04-24,google,search_pmax,cp,1900-02-23
2026-04-24,google,search_shopping,spend,1900-12-14
2026-04-24,google,search_shopping,impressions,1945-09-30
2026-04-24,google,search_shopping,clicks,1900-05-13
2026-04-24,google,search_shopping,qs,1900-01-29
2026-04-24,google,search_shopping,cp,1900-01-3
2026-04-24,google,youtube,spend,1916-04-9
2026-04-24,google,youtube,impressions,8171-04-24
2026-04-24,google,youtube,clicks,1920-10-23
2026-04-24,google,youtube,qs,1900-08-13
2026-04-24,google,youtube,cp,1900-01-21
2026-04-24,meta,meta_bof,spend,1993-11-27
2026-04-24,meta,meta_bof,impressions,12600-06-30
2026-04-24,meta,meta_bof,clicks,2111-12-16
2026-04-24,meta,meta_bof,qs,1902-04-17
2026-04-24,meta,meta_bof,cp,1900-10-13
2026-04-24,meta,meta_mof,spend,1949-03-14
2026-04-24,meta,meta_mof,impressions,6428-11-19
2026-04-24,meta,meta_mof,clicks,1934-03-3
2026-04-24,meta,meta_mof,qs,1901-11-21
2026-04-24,meta,meta_mof,cp,1900-02-9
2026-04-24,meta,meta_tof,spend,1899-12-30
2026-04-24,meta,meta_tof,impressions,1899-12-30
2026-04-24,meta,meta_tof,clicks,1899-12-30
2026-04-24,meta,meta_tof,qs,1899-12-30
2026-04-24,meta,meta_tof,cp,1899-12-30
2026-04-24,tiktok,tiktok,spend,1905-11-17
2026-04-24,tiktok,tiktok,impressions,2980-04-17
2026-04-24,tiktok,tiktok,clicks,1905-09-11
2026-04-24,tiktok,tiktok,qs,1900-02-20
2026-04-24,tiktok,tiktok,cp,1900-02-22
2026-04-23,google,search_brand,spend,1924-06-10
2026-04-23,google,search_brand,impressions,1910-12-4
2026-04-23,google,search_brand,clicks,1905-09-25
2026-04-23,google,search_brand,qs,1901-11-25
2026-04-23,google,search_brand,cp,1900-05-14
2026-04-23,google,search_nb,spend,1935-07-29
2026-04-23,google,search_nb,impressions,2190-09-21
2026-04-23,google,search_nb,clicks,1909-02-2
2026-04-23,google,search_nb,qs,1902-08-6
2026-04-23,google,search_nb,cp,1900-04-21
2026-04-23,google,search_pmax,spend,1918-01-20
2026-04-23,google,search_pmax,impressions,3018-07-10
2026-04-23,google,search_pmax,clicks,1905-03-28
2026-04-23,google,search_pmax,qs,1899-12-30
2026-04-23,google,search_pmax,cp,1900-02-26
2026-04-23,google,search_shopping,spend,1901-01-20
2026-04-23,google,search_shopping,impressions,1942-02-7
2026-04-23,google,search_shopping,clicks,1900-05-20
2026-04-23,google,search_shopping,qs,1900-01-20
2026-04-23,google,search_shopping,cp,1899-12-30
2026-04-23,google,youtube,spend,1926-03-16
2026-04-23,google,youtube,impressions,14893-01-17
2026-04-23,google,youtube,clicks,1941-05-7
2026-04-23,google,youtube,qs,1900-12-24
2026-04-23,google,youtube,cp,1900-02-7
2026-04-23,meta,meta_bof,spend,1980-10-21
2026-04-23,meta,meta_bof,impressions,10657-06-14
2026-04-23,meta,meta_bof,clicks,2116-02-8
2026-04-23,meta,meta_bof,qs,1902-03-24
2026-04-23,meta,meta_bof,cp,1900-08-18
2026-04-23,meta,meta_mof,spend,1945-05-11
2026-04-23,meta,meta_mof,impressions,6342-09-20
2026-04-23,meta,meta_mof,clicks,1940-09-26
2026-04-23,meta,meta_mof,qs,1902-03-4
2026-04-23,meta,meta_mof,cp,1900-02-12
2026-04-23,meta,meta_tof,spend,1899-12-30
2026-04-23,meta,meta_tof,impressions,1899-12-30
2026-04-23,meta,meta_tof,clicks,1899-12-30
2026-04-23,meta,meta_tof,qs,1899-12-30
2026-04-23,meta,meta_tof,cp,1899-12-30
2026-04-23,tiktok,tiktok,spend,1906-04-9
2026-04-23,tiktok,tiktok,impressions,3234-09-13
2026-04-23,tiktok,tiktok,clicks,1904-09-17
2026-04-23,tiktok,tiktok,qs,1900-03-8
2026-04-23,tiktok,tiktok,cp,1900-02-28
2026-04-22,google,search_brand,spend,1925-10-30
2026-04-22,google,search_brand,impressions,1911-04-3
2026-04-22,google,search_brand,clicks,1905-05-26
2026-04-22,google,search_brand,qs,1901-08-14
2026-04-22,google,search_brand,cp,1900-05-3
2026-04-22,google,search_nb,spend,1943-11-21
2026-04-22,google,search_nb,impressions,2237-06-29
2026-04-22,google,search_nb,clicks,1911-01-1
2026-04-22,google,search_nb,qs,1903-01-9
2026-04-22,google,search_nb,cp,1900-04-25
2026-04-22,google,search_pmax,spend,1916-10-5
2026-04-22,google,search_pmax,impressions,3011-06-30
2026-04-22,google,search_pmax,clicks,1905-01-14
2026-04-22,google,search_pmax,qs,1899-12-30
2026-04-22,google,search_pmax,cp,1900-02-25
2026-04-22,google,search_shopping,spend,1901-03-21
2026-04-22,google,search_shopping,impressions,1958-06-6
2026-04-22,google,search_shopping,clicks,1900-06-18
2026-04-22,google,search_shopping,qs,1900-01-22
2026-04-22,google,search_shopping,cp,1900-01-6
2026-04-22,google,youtube,spend,1926-11-7
2026-04-22,google,youtube,impressions,17318-04-20
2026-04-22,google,youtube,clicks,1953-09-20
2026-04-22,google,youtube,qs,1901-01-3
2026-04-22,google,youtube,cp,1900-02-12
2026-04-22,meta,meta_bof,spend,1977-01-9
2026-04-22,meta,meta_bof,impressions,10279-05-29
2026-04-22,meta,meta_bof,clicks,2098-10-7
2026-04-22,meta,meta_bof,qs,1902-04-5
2026-04-22,meta,meta_bof,cp,1900-09-2
2026-04-22,meta,meta_mof,spend,1937-08-16
2026-04-22,meta,meta_mof,impressions,5756-09-17
2026-04-22,meta,meta_mof,clicks,1926-10-17
2026-04-22,meta,meta_mof,qs,1902-01-20
2026-04-22,meta,meta_mof,cp,1900-02-10
2026-04-22,meta,meta_tof,spend,1899-12-30
2026-04-22,meta,meta_tof,impressions,1899-12-30
2026-04-22,meta,meta_tof,clicks,1899-12-30
2026-04-22,meta,meta_tof,qs,1899-12-30
2026-04-22,meta,meta_tof,cp,1899-12-30
2026-04-22,tiktok,tiktok,spend,1908-10-1
2026-04-22,tiktok,tiktok,impressions,4251-07-13
2026-04-22,tiktok,tiktok,clicks,1909-03-3
2026-04-22,tiktok,tiktok,qs,1900-05-17
2026-04-22,tiktok,tiktok,cp,1900-03-19
2026-04-21,google,search_brand,spend,1927-02-4
2026-04-21,google,search_brand,impressions,1911-09-3
2026-04-21,google,search_brand,clicks,1905-05-1
2026-04-21,google,search_brand,qs,1901-07-12
2026-04-21,google,search_brand,cp,1900-05-2
2026-04-21,google,search_nb,spend,1943-04-17
2026-04-21,google,search_nb,impressions,2247-07-17
2026-04-21,google,search_nb,clicks,1910-12-21
2026-04-21,google,search_nb,qs,1903-01-12
2026-04-21,google,search_nb,cp,1900-05-10
2026-04-21,google,search_pmax,spend,1917-10-24
2026-04-21,google,search_pmax,impressions,3116-04-30
2026-04-21,google,search_pmax,clicks,1905-06-13
2026-04-21,google,search_pmax,qs,1899-12-30
2026-04-21,google,search_pmax,cp,1900-02-18
2026-04-21,google,search_shopping,spend,1901-06-2
2026-04-21,google,search_shopping,impressions,1967-11-2
2026-04-21,google,search_shopping,clicks,1900-07-17
2026-04-21,google,search_shopping,qs,1900-02-13
2026-04-21,google,search_shopping,cp,1899-12-31
2026-04-21,google,youtube,spend,1926-07-23
2026-04-21,google,youtube,impressions,15833-11-10
2026-04-21,google,youtube,clicks,1949-06-14
2026-04-21,google,youtube,qs,1901-01-12
2026-04-21,google,youtube,cp,1900-02-13
2026-04-21,meta,meta_bof,spend,1977-08-22
2026-04-21,meta,meta_bof,impressions,10804-07-23
2026-04-21,meta,meta_bof,clicks,2088-12-12
2026-04-21,meta,meta_bof,qs,1902-05-17
2026-04-21,meta,meta_bof,cp,1900-08-19
2026-04-21,meta,meta_mof,spend,1932-06-24
2026-04-21,meta,meta_mof,impressions,5359-05-25
2026-04-21,meta,meta_mof,clicks,1921-11-6
2026-04-21,meta,meta_mof,qs,1901-09-11
2026-04-21,meta,meta_mof,cp,1900-01-28
2026-04-21,meta,meta_tof,spend,1901-03-1
2026-04-21,meta,meta_tof,impressions,3353-05-19
2026-04-21,meta,meta_tof,clicks,1902-06-3
2026-04-21,meta,meta_tof,qs,1899-12-30
2026-04-21,meta,meta_tof,cp,1899-12-30
2026-04-21,tiktok,tiktok,spend,1909-12-18
2026-04-21,tiktok,tiktok,impressions,4719-04-14
2026-04-21,tiktok,tiktok,clicks,1910-10-16
2026-04-21,tiktok,tiktok,qs,1900-05-4
2026-04-21,tiktok,tiktok,cp,1900-03-14
2026-04-20,google,search_brand,spend,1929-08-2
2026-04-20,google,search_brand,impressions,1911-12-25
2026-04-20,google,search_brand,clicks,1905-12-29
2026-04-20,google,search_brand,qs,1902-01-5
2026-04-20,google,search_brand,cp,1900-06-11
2026-04-20,google,search_nb,spend,1942-01-24
2026-04-20,google,search_nb,impressions,2242-01-25
2026-04-20,google,search_nb,clicks,1911-01-9
2026-04-20,google,search_nb,qs,1902-12-30
2026-04-20,google,search_nb,cp,1900-05-7
2026-04-20,google,search_pmax,spend,1919-03-7
2026-04-20,google,search_pmax,impressions,3157-11-22
2026-04-20,google,search_pmax,clicks,1905-11-22
2026-04-20,google,search_pmax,qs,1899-12-30
2026-04-20,google,search_pmax,cp,1900-02-22
2026-04-20,google,search_shopping,spend,1901-03-8
2026-04-20,google,search_shopping,impressions,1962-11-4
2026-04-20,google,search_shopping,clicks,1900-06-15
2026-04-20,google,search_shopping,qs,1900-01-15
2026-04-20,google,search_shopping,cp,1900-01-2
2026-04-20,google,youtube,spend,1914-08-25
2026-04-20,google,youtube,impressions,7464-07-16
2026-04-20,google,youtube,clicks,1916-09-8
2026-04-20,google,youtube,qs,1900-08-12
2026-04-20,google,youtube,cp,1900-01-16
2026-04-20,meta,meta_bof,spend,1980-03-2
2026-04-20,meta,meta_bof,impressions,11811-01-1
2026-04-20,meta,meta_bof,clicks,2104-12-7
2026-04-20,meta,meta_bof,qs,1902-07-12
2026-04-20,meta,meta_bof,cp,1900-07-17
2026-04-20,meta,meta_mof,spend,1933-09-15
2026-04-20,meta,meta_mof,impressions,4941-09-18
2026-04-20,meta,meta_mof,clicks,1923-10-22
2026-04-20,meta,meta_mof,qs,1901-12-18
2026-04-20,meta,meta_mof,cp,1900-01-20
2026-04-20,meta,meta_tof,spend,1906-01-12
2026-04-20,meta,meta_tof,impressions,9891-03-13
2026-04-20,meta,meta_tof,clicks,1912-09-13
2026-04-20,meta,meta_tof,qs,1899-12-30
2026-04-20,meta,meta_tof,cp,1899-12-30
2026-04-20,tiktok,tiktok,spend,1908-02-19
2026-04-20,tiktok,tiktok,impressions,4155-09-9
2026-04-20,tiktok,tiktok,clicks,1908-05-11
2026-04-20,tiktok,tiktok,qs,1900-04-4
2026-04-20,tiktok,tiktok,cp,1900-02-14
2026-04-19,google,search_brand,spend,1924-07-21
2026-04-19,google,search_brand,impressions,1910-08-20
2026-04-19,google,search_brand,clicks,1905-02-27
2026-04-19,google,search_brand,qs,1901-09-18
2026-04-19,google,search_brand,cp,1900-05-4
2026-04-19,google,search_nb,spend,1950-12-30
2026-04-19,google,search_nb,impressions,2287-10-16
2026-04-19,google,search_nb,clicks,1912-11-13
2026-04-19,google,search_nb,qs,1903-08-23
2026-04-19,google,search_nb,cp,1900-06-26
2026-04-19,google,search_pmax,spend,1921-04-25
2026-04-19,google,search_pmax,impressions,3160-10-19
2026-04-19,google,search_pmax,clicks,1906-03-15
2026-04-19,google,search_pmax,qs,1899-12-30
2026-04-19,google,search_pmax,cp,1900-02-28
2026-04-19,google,search_shopping,spend,1901-03-17
2026-04-19,google,search_shopping,impressions,1963-12-8
2026-04-19,google,search_shopping,clicks,1900-06-14
2026-04-19,google,search_shopping,qs,1900-01-17
2026-04-19,google,search_shopping,cp,1900-01-1
2026-04-19,google,youtube,spend,1912-03-9
2026-04-19,google,youtube,impressions,5811-12-11
2026-04-19,google,youtube,clicks,1910-06-1
2026-04-19,google,youtube,qs,1900-06-28
2026-04-19,google,youtube,cp,1900-01-11
2026-04-19,meta,meta_bof,spend,1971-07-21
2026-04-19,meta,meta_bof,impressions,11246-07-28
2026-04-19,meta,meta_bof,clicks,2052-07-2
2026-04-19,meta,meta_bof,qs,1902-07-10
2026-04-19,meta,meta_bof,cp,1900-07-13
2026-04-19,meta,meta_mof,spend,1927-11-19
2026-04-19,meta,meta_mof,impressions,4319-05-26
2026-04-19,meta,meta_mof,clicks,1919-03-24
2026-04-19,meta,meta_mof,qs,1901-09-29
2026-04-19,meta,meta_mof,cp,1900-01-20
2026-04-19,meta,meta_tof,spend,1904-07-26
2026-04-19,meta,meta_tof,impressions,8032-01-21
2026-04-19,meta,meta_tof,clicks,1910-02-7
2026-04-19,meta,meta_tof,qs,1899-12-30
2026-04-19,meta,meta_tof,cp,1899-12-30
2026-04-19,tiktok,tiktok,spend,1899-12-30
2026-04-19,tiktok,tiktok,impressions,1899-12-30
2026-04-19,tiktok,tiktok,clicks,1899-12-30
2026-04-19,tiktok,tiktok,qs,1899-12-30
2026-04-19,tiktok,tiktok,cp,1899-12-30
2026-04-18,google,search_brand,spend,1928-12-8
2026-04-18,google,search_brand,impressions,1910-10-23
2026-04-18,google,search_brand,clicks,1904-10-9
2026-04-18,google,search_brand,qs,1901-08-12
2026-04-18,google,search_brand,cp,1900-05-3
2026-04-18,google,search_nb,spend,1940-10-18
2026-04-18,google,search_nb,impressions,2235-09-12
2026-04-18,google,search_nb,clicks,1910-10-12
2026-04-18,google,search_nb,qs,1902-12-16
2026-04-18,google,search_nb,cp,1900-05-22
2026-04-18,google,search_pmax,spend,1921-08-8
2026-04-18,google,search_pmax,impressions,3107-03-21
2026-04-18,google,search_pmax,clicks,1905-09-12
2026-04-18,google,search_pmax,qs,1899-12-30
2026-04-18,google,search_pmax,cp,1900-02-28
2026-04-18,google,search_shopping,spend,1901-03-23
2026-04-18,google,search_shopping,impressions,1970-11-17
2026-04-18,google,search_shopping,clicks,1900-06-14
2026-04-18,google,search_shopping,qs,1900-01-27
2026-04-18,google,search_shopping,cp,1900-01-3
2026-04-18,google,youtube,spend,1906-10-12
2026-04-18,google,youtube,impressions,3600-03-23
2026-04-18,google,youtube,clicks,1904-08-5
2026-04-18,google,youtube,qs,1900-03-30
2026-04-18,google,youtube,cp,1900-01-10
2026-04-18,meta,meta_bof,spend,1963-08-14
2026-04-18,meta,meta_bof,impressions,11264-11-19
2026-04-18,meta,meta_bof,clicks,2037-06-25
2026-04-18,meta,meta_bof,qs,1902-04-5
2026-04-18,meta,meta_bof,cp,1900-07-22
2026-04-18,meta,meta_mof,spend,1924-08-1
2026-04-18,meta,meta_mof,impressions,4184-07-15
2026-04-18,meta,meta_mof,clicks,1918-09-7
2026-04-18,meta,meta_mof,qs,1901-07-3
2026-04-18,meta,meta_mof,cp,1900-01-21
2026-04-18,meta,meta_tof,spend,1905-01-11
2026-04-18,meta,meta_tof,impressions,10004-07-2
2026-04-18,meta,meta_tof,clicks,1912-11-28
2026-04-18,meta,meta_tof,qs,1899-12-30
2026-04-18,meta,meta_tof,cp,1899-12-30
2026-04-18,tiktok,tiktok,spend,1899-12-30
2026-04-18,tiktok,tiktok,impressions,1899-12-30
2026-04-18,tiktok,tiktok,clicks,1899-12-30
2026-04-18,tiktok,tiktok,qs,1899-12-31
2026-04-18,tiktok,tiktok,cp,1899-12-30
2026-04-17,google,search_brand,spend,1924-03-5
2026-04-17,google,search_brand,impressions,1910-05-9
2026-04-17,google,search_brand,clicks,1905-04-22
2026-04-17,google,search_brand,qs,1901-07-25
2026-04-17,google,search_brand,cp,1900-04-30
2026-04-17,google,search_nb,spend,1980-09-27
2026-04-17,google,search_nb,impressions,2447-05-16
2026-04-17,google,search_nb,clicks,1917-09-18
2026-04-17,google,search_nb,qs,1904-07-31
2026-04-17,google,search_nb,cp,1900-07-20
2026-04-17,google,search_pmax,spend,1924-09-27
2026-04-17,google,search_pmax,impressions,3119-01-11
2026-04-17,google,search_pmax,clicks,1906-02-19
2026-04-17,google,search_pmax,qs,1899-12-30
2026-04-17,google,search_pmax,cp,1900-02-24
2026-04-17,google,search_shopping,spend,1901-02-1
2026-04-17,google,search_shopping,impressions,1957-05-2
2026-04-17,google,search_shopping,clicks,1900-06-2
2026-04-17,google,search_shopping,qs,1900-01-25
2026-04-17,google,search_shopping,cp,1900-01-1
2026-04-17,google,youtube,spend,1905-10-2
2026-04-17,google,youtube,impressions,3202-07-21
2026-04-17,google,youtube,clicks,1903-10-21
2026-04-17,google,youtube,qs,1900-03-26
2026-04-17,google,youtube,cp,1900-01-9
2026-04-17,meta,meta_bof,spend,1964-02-15
2026-04-17,meta,meta_bof,impressions,11119-05-25
2026-04-17,meta,meta_bof,clicks,2039-04-14
2026-04-17,meta,meta_bof,qs,1902-06-22
2026-04-17,meta,meta_bof,cp,1900-09-6
2026-04-17,meta,meta_mof,spend,1925-09-13
2026-04-17,meta,meta_mof,impressions,4411-12-17
2026-04-17,meta,meta_mof,clicks,1918-07-16
2026-04-17,meta,meta_mof,qs,1901-08-11
2026-04-17,meta,meta_mof,cp,1900-02-3
2026-04-17,meta,meta_tof,spend,1906-04-2
2026-04-17,meta,meta_tof,impressions,10200-09-1
2026-04-17,meta,meta_tof,clicks,1913-09-20
2026-04-17,meta,meta_tof,qs,1899-12-30
2026-04-17,meta,meta_tof,cp,1899-12-30
2026-04-17,tiktok,tiktok,spend,1900-02-15
2026-04-17,tiktok,tiktok,impressions,1918-06-30
2026-04-17,tiktok,tiktok,clicks,1900-02-22
2026-04-17,tiktok,tiktok,qs,1900-01-2
2026-04-17,tiktok,tiktok,cp,1900-01-5
2026-04-16,google,search_brand,spend,1927-03-10
2026-04-16,google,search_brand,impressions,1910-10-9
2026-04-16,google,search_brand,clicks,1905-07-24
2026-04-16,google,search_brand,qs,1901-09-12
2026-04-16,google,search_brand,cp,1900-05-9
2026-04-16,google,search_nb,spend,1967-02-11
2026-04-16,google,search_nb,impressions,2408-12-10
2026-04-16,google,search_nb,clicks,1916-02-7
2026-04-16,google,search_nb,qs,1904-05-24
2026-04-16,google,search_nb,cp,1900-07-2
2026-04-16,google,search_pmax,spend,1919-07-17
2026-04-16,google,search_pmax,impressions,3143-09-3
2026-04-16,google,search_pmax,clicks,1905-03-2
2026-04-16,google,search_pmax,qs,1899-12-30
2026-04-16,google,search_pmax,cp,1900-02-9
2026-04-16,google,search_shopping,spend,1901-01-31
2026-04-16,google,search_shopping,impressions,1955-12-8
2026-04-16,google,search_shopping,clicks,1900-05-30
2026-04-16,google,search_shopping,qs,1900-01-23
2026-04-16,google,search_shopping,cp,1899-12-30
2026-04-16,google,youtube,spend,1905-02-21
2026-04-16,google,youtube,impressions,3238-03-12
2026-04-16,google,youtube,clicks,1903-12-10
2026-04-16,google,youtube,qs,1900-03-19
2026-04-16,google,youtube,cp,1900-01-6
2026-04-16,meta,meta_bof,spend,1963-10-1
2026-04-16,meta,meta_bof,impressions,10396-04-5
2026-04-16,meta,meta_bof,clicks,2028-06-4
2026-04-16,meta,meta_bof,qs,1902-11-20
2026-04-16,meta,meta_bof,cp,1900-09-29
2026-04-16,meta,meta_mof,spend,1926-10-9
2026-04-16,meta,meta_mof,impressions,4235-07-14
2026-04-16,meta,meta_mof,clicks,1919-05-3
2026-04-16,meta,meta_mof,qs,1901-11-12
2026-04-16,meta,meta_mof,cp,1900-01-25
2026-04-16,meta,meta_tof,spend,1905-06-21
2026-04-16,meta,meta_tof,impressions,6501-11-9
2026-04-16,meta,meta_tof,clicks,1906-08-15
2026-04-16,meta,meta_tof,qs,1899-12-30
2026-04-16,meta,meta_tof,cp,1899-12-30
2026-04-16,tiktok,tiktok,spend,1905-09-9
2026-04-16,tiktok,tiktok,impressions,3145-10-9
2026-04-16,tiktok,tiktok,clicks,1906-08-5
2026-04-16,tiktok,tiktok,qs,1900-05-21
2026-04-16,tiktok,tiktok,cp,1900-05-15
2026-04-15,google,search_brand,spend,1926-11-13
2026-04-15,google,search_brand,impressions,1911-03-20
2026-04-15,google,search_brand,clicks,1905-08-26
2026-04-15,google,search_brand,qs,1901-12-15
2026-04-15,google,search_brand,cp,1900-05-31
2026-04-15,google,search_nb,spend,1958-05-29
2026-04-15,google,search_nb,impressions,2384-12-6
2026-04-15,google,search_nb,clicks,1915-01-1
2026-04-15,google,search_nb,qs,1904-05-27
2026-04-15,google,search_nb,cp,1900-06-7
2026-04-15,google,search_pmax,spend,1920-12-26
2026-04-15,google,search_pmax,impressions,3167-06-26
2026-04-15,google,search_pmax,clicks,1905-05-27
2026-04-15,google,search_pmax,qs,1899-12-30
2026-04-15,google,search_pmax,cp,1900-02-28
2026-04-15,google,search_shopping,spend,1901-02-8
2026-04-15,google,search_shopping,impressions,1959-07-22
2026-04-15,google,search_shopping,clicks,1900-06-3
2026-04-15,google,search_shopping,qs,1900-01-28
2026-04-15,google,search_shopping,cp,1900-01-1
2026-04-15,google,youtube,spend,1906-05-29
2026-04-15,google,youtube,impressions,3662-06-28
2026-04-15,google,youtube,clicks,1905-06-10
2026-04-15,google,youtube,qs,1900-04-17
2026-04-15,google,youtube,cp,1900-01-3
2026-04-15,meta,meta_bof,spend,1967-05-27
2026-04-15,meta,meta_bof,impressions,11105-08-22
2026-04-15,meta,meta_bof,clicks,2019-09-3
2026-04-15,meta,meta_bof,qs,1903-02-7
2026-04-15,meta,meta_bof,cp,1900-09-16
2026-04-15,meta,meta_mof,spend,1928-03-26
2026-04-15,meta,meta_mof,impressions,4464-05-18
2026-04-15,meta,meta_mof,clicks,1919-01-21
2026-04-15,meta,meta_mof,qs,1902-03-27
2026-04-15,meta,meta_mof,cp,1900-02-14
2026-04-15,meta,meta_tof,spend,1905-05-14
2026-04-15,meta,meta_tof,impressions,5874-12-18
2026-04-15,meta,meta_tof,clicks,1905-04-6
2026-04-15,meta,meta_tof,qs,1900-01-7
2026-04-15,meta,meta_tof,cp,1899-12-30
2026-04-15,tiktok,tiktok,spend,1906-08-25
2026-04-15,tiktok,tiktok,impressions,3060-10-11
2026-04-15,tiktok,tiktok,clicks,1906-08-29
2026-04-15,tiktok,tiktok,qs,1900-06-2
2026-04-15,tiktok,tiktok,cp,1900-04-1
2026-04-14,google,search_brand,spend,1926-08-27
2026-04-14,google,search_brand,impressions,1911-07-8
2026-04-14,google,search_brand,clicks,1905-12-1
2026-04-14,google,search_brand,qs,1901-12-8
2026-04-14,google,search_brand,cp,1900-05-30
2026-04-14,google,search_nb,spend,1925-09-16
2026-04-14,google,search_nb,impressions,2161-11-1
2026-04-14,google,search_nb,clicks,1908-02-3
2026-04-14,google,search_nb,qs,1902-01-26
2026-04-14,google,search_nb,cp,1900-04-10
2026-04-14,google,search_pmax,spend,1920-10-20
2026-04-14,google,search_pmax,impressions,3182-04-18
2026-04-14,google,search_pmax,clicks,1905-07-21
2026-04-14,google,search_pmax,qs,1899-12-30
2026-04-14,google,search_pmax,cp,1900-02-21
2026-04-14,google,search_shopping,spend,1901-09-5
2026-04-14,google,search_shopping,impressions,1992-01-4
2026-04-14,google,search_shopping,clicks,1900-08-9
2026-04-14,google,search_shopping,qs,1900-02-7
2026-04-14,google,search_shopping,cp,1900-01-2
2026-04-14,google,youtube,spend,1904-06-13
2026-04-14,google,youtube,impressions,3006-08-21
2026-04-14,google,youtube,clicks,1903-04-21
2026-04-14,google,youtube,qs,1900-03-22
2026-04-14,google,youtube,cp,1900-01-8
2026-04-14,meta,meta_bof,spend,1969-01-24
2026-04-14,meta,meta_bof,impressions,11582-02-13
2026-04-14,meta,meta_bof,clicks,2016-08-1
2026-04-14,meta,meta_bof,qs,1902-08-14
2026-04-14,meta,meta_bof,cp,1900-08-31
2026-04-14,meta,meta_mof,spend,1928-12-4
2026-04-14,meta,meta_mof,impressions,4556-09-4
2026-04-14,meta,meta_mof,clicks,1920-04-8
2026-04-14,meta,meta_mof,qs,1901-10-18
2026-04-14,meta,meta_mof,cp,1900-01-31
2026-04-14,meta,meta_tof,spend,1905-04-6
2026-04-14,meta,meta_tof,impressions,5891-07-12
2026-04-14,meta,meta_tof,clicks,1905-07-9
2026-04-14,meta,meta_tof,qs,1900-01-4
2026-04-14,meta,meta_tof,cp,1899-12-30
2026-04-14,tiktok,tiktok,spend,1913-07-31
2026-04-14,tiktok,tiktok,impressions,4353-07-13
2026-04-14,tiktok,tiktok,clicks,1916-05-4
2026-04-14,tiktok,tiktok,qs,1900-09-25
2026-04-14,tiktok,tiktok,cp,1900-05-29
2026-04-13,google,search_brand,spend,1929-01-3
2026-04-13,google,search_brand,impressions,1911-05-9
2026-04-13,google,search_brand,clicks,1905-09-24
2026-04-13,google,search_brand,qs,1901-11-13
2026-04-13,google,search_brand,cp,1900-06-9
2026-04-13,google,search_nb,spend,1929-06-8
2026-04-13,google,search_nb,impressions,2129-11-19
2026-04-13,google,search_nb,clicks,1907-09-10
2026-04-13,google,search_nb,qs,1902-02-1
2026-04-13,google,search_nb,cp,1900-04-16
2026-04-13,google,search_pmax,spend,1922-01-6
2026-04-13,google,search_pmax,impressions,3113-09-10
2026-04-13,google,search_pmax,clicks,1905-08-13
2026-04-13,google,search_pmax,qs,1899-12-30
2026-04-13,google,search_pmax,cp,1900-02-27
2026-04-13,google,youtube,spend,1903-02-16
2026-04-13,google,youtube,impressions,2651-05-14
2026-04-13,google,youtube,clicks,1902-05-26
2026-04-13,google,youtube,qs,1900-03-22
2026-04-13,google,youtube,cp,1900-01-7
2026-04-13,meta,meta_bof,spend,1969-04-10
2026-04-13,meta,meta_bof,impressions,11223-10-14
2026-04-13,meta,meta_bof,clicks,2015-07-16
2026-04-13,meta,meta_bof,qs,1902-11-30
2026-04-13,meta,meta_bof,cp,1900-09-9
2026-04-13,meta,meta_mof,spend,1927-11-22
2026-04-13,meta,meta_mof,impressions,4675-08-21
2026-04-13,meta,meta_mof,clicks,1919-12-23
2026-04-13,meta,meta_mof,qs,1901-11-10
2026-04-13,meta,meta_mof,cp,1900-01-20
2026-04-13,meta,meta_tof,spend,1905-01-26
2026-04-13,meta,meta_tof,impressions,6031-05-3
2026-04-13,meta,meta_tof,clicks,1905-06-2
2026-04-13,meta,meta_tof,qs,1900-01-9
2026-04-13,meta,meta_tof,cp,1899-12-31
2026-04-13,tiktok,tiktok,spend,1916-01-25
2026-04-13,tiktok,tiktok,impressions,5216-06-17
2026-04-13,tiktok,tiktok,clicks,1924-03-12
2026-04-13,tiktok,tiktok,qs,1901-01-13
2026-04-13,tiktok,tiktok,cp,1900-05-26
2026-04-12,google,search_brand,spend,1926-06-19
2026-04-12,google,search_brand,impressions,1911-04-20
2026-04-12,google,search_brand,clicks,1905-10-5
2026-04-12,google,search_brand,qs,1901-12-12
2026-04-12,google,search_brand,cp,1900-05-21
2026-04-12,google,search_nb,spend,1933-05-26
2026-04-12,google,search_nb,impressions,2131-10-30
2026-04-12,google,search_nb,clicks,1908-03-22
2026-04-12,google,search_nb,qs,1901-12-4
2026-04-12,google,search_nb,cp,1900-04-11
2026-04-12,google,search_pmax,spend,1924-07-6
2026-04-12,google,search_pmax,impressions,3138-08-27
2026-04-12,google,search_pmax,clicks,1906-04-21
2026-04-12,google,search_pmax,qs,1899-12-30
2026-04-12,google,search_pmax,cp,1900-03-12
2026-04-12,google,youtube,spend,1902-10-25
2026-04-12,google,youtube,impressions,2527-09-15
2026-04-12,google,youtube,clicks,1901-11-1
2026-04-12,google,youtube,qs,1900-03-2
2026-04-12,google,youtube,cp,1900-01-4
2026-04-12,meta,meta_bof,spend,1970-04-8
2026-04-12,meta,meta_bof,impressions,10532-01-25
2026-04-12,meta,meta_bof,clicks,2038-01-31
2026-04-12,meta,meta_bof,qs,1903-01-19
2026-04-12,meta,meta_bof,cp,1900-09-4
2026-04-12,meta,meta_mof,spend,1934-05-24
2026-04-12,meta,meta_mof,impressions,5254-03-9
2026-04-12,meta,meta_mof,clicks,1923-09-6
2026-04-12,meta,meta_mof,qs,1902-03-13
2026-04-12,meta,meta_mof,cp,1900-01-23
2026-04-12,meta,meta_tof,spend,1905-11-28
2026-04-12,meta,meta_tof,impressions,7793-07-15
2026-04-12,meta,meta_tof,clicks,1909-02-15
2026-04-12,meta,meta_tof,qs,1900-01-15
2026-04-12,meta,meta_tof,cp,1899-12-31
2026-04-12,tiktok,tiktok,spend,1915-01-13
2026-04-12,tiktok,tiktok,impressions,4414-01-8
2026-04-12,tiktok,tiktok,clicks,1913-11-30
2026-04-12,tiktok,tiktok,qs,1900-11-2
2026-04-12,tiktok,tiktok,cp,1900-05-5
2026-04-11,google,search_brand,spend,1925-08-8
2026-04-11,google,search_brand,impressions,1911-01-11
2026-04-11,google,search_brand,clicks,1905-05-7
2026-04-11,google,search_brand,qs,1901-09-25
2026-04-11,google,search_brand,cp,1900-05-5
2026-04-11,google,search_nb,spend,1928-10-2
2026-04-11,google,search_nb,impressions,2089-04-11
2026-04-11,google,search_nb,clicks,1907-06-17
2026-04-11,google,search_nb,qs,1901-10-19
2026-04-11,google,search_nb,cp,1900-03-9
2026-04-11,google,search_pmax,spend,1923-12-1
2026-04-11,google,search_pmax,impressions,3078-01-14
2026-04-11,google,search_pmax,clicks,1906-04-20
2026-04-11,google,search_pmax,qs,1899-12-30
2026-04-11,google,search_pmax,cp,1900-03-3
2026-04-11,google,youtube,spend,1902-05-27
2026-04-11,google,youtube,impressions,2364-09-19
2026-04-11,google,youtube,clicks,1901-06-11
2026-04-11,google,youtube,qs,1900-03-10
2026-04-11,google,youtube,cp,1900-01-4
2026-04-11,meta,meta_bof,spend,1954-06-3
2026-04-11,meta,meta_bof,impressions,8501-03-23
2026-04-11,meta,meta_bof,clicks,2070-07-4
2026-04-11,meta,meta_bof,qs,1902-05-28
2026-04-11,meta,meta_bof,cp,1900-07-10
2026-04-11,meta,meta_mof,spend,1925-10-31
2026-04-11,meta,meta_mof,impressions,4282-09-30
2026-04-11,meta,meta_mof,clicks,1920-09-4
2026-04-11,meta,meta_mof,qs,1901-09-24
2026-04-11,meta,meta_mof,cp,1900-01-21
2026-04-11,meta,meta_tof,spend,1911-02-5
2026-04-11,meta,meta_tof,impressions,11639-09-9
2026-04-11,meta,meta_tof,clicks,1911-02-24
2026-04-11,meta,meta_tof,qs,1900-01-18
2026-04-11,meta,meta_tof,cp,1900-01-1
2026-04-11,tiktok,tiktok,spend,1912-12-12
2026-04-11,tiktok,tiktok,impressions,4498-08-24
2026-04-11,tiktok,tiktok,clicks,1912-12-19
2026-04-11,tiktok,tiktok,qs,1900-10-13
2026-04-11,tiktok,tiktok,cp,1900-04-17
2026-04-10,google,search_brand,spend,1927-01-6
2026-04-10,google,search_brand,impressions,1911-07-9
2026-04-10,google,search_brand,clicks,1905-09-17
2026-04-10,google,search_brand,qs,1901-11-21
2026-04-10,google,search_brand,cp,1900-06-3
2026-04-10,google,search_nb,spend,1938-05-20
2026-04-10,google,search_nb,impressions,2142-02-12
2026-04-10,google,search_nb,clicks,1908-06-6
2026-04-10,google,search_nb,qs,1902-03-9
2026-04-10,google,search_nb,cp,1900-03-25
2026-04-10,google,search_pmax,spend,1924-05-25
2026-04-10,google,search_pmax,impressions,3073-03-6
2026-04-10,google,search_pmax,clicks,1906-01-5
2026-04-10,google,search_pmax,qs,1899-12-30
2026-04-10,google,search_pmax,cp,1900-03-8
2026-04-10,google,youtube,spend,1902-07-19
2026-04-10,google,youtube,impressions,2338-04-3
2026-04-10,google,youtube,clicks,1901-04-29
2026-04-10,google,youtube,qs,1900-02-21
2026-04-10,google,youtube,cp,1900-01-9
2026-04-10,meta,meta_bof,spend,1946-10-7
2026-04-10,meta,meta_bof,impressions,6661-12-12
2026-04-10,meta,meta_bof,clicks,1989-11-30
2026-04-10,meta,meta_bof,qs,1902-03-20
2026-04-10,meta,meta_bof,cp,1900-08-19
2026-04-10,meta,meta_mof,spend,1929-04-11
2026-04-10,meta,meta_mof,impressions,4653-06-9
2026-04-10,meta,meta_mof,clicks,1921-09-30
2026-04-10,meta,meta_mof,qs,1901-08-23
2026-04-10,meta,meta_mof,cp,1900-01-20
2026-04-10,meta,meta_tof,spend,1910-02-19
2026-04-10,meta,meta_tof,impressions,11448-07-24
2026-04-10,meta,meta_tof,clicks,1909-09-26
2026-04-10,meta,meta_tof,qs,1900-01-28
2026-04-10,meta,meta_tof,cp,1900-01-1
2026-04-10,tiktok,tiktok,spend,1913-02-9
2026-04-10,tiktok,tiktok,impressions,4089-03-13
2026-04-10,tiktok,tiktok,clicks,1912-04-8
2026-04-10,tiktok,tiktok,qs,1900-09-7
2026-04-10,tiktok,tiktok,cp,1900-05-9
2026-04-9,google,search_brand,spend,1926-11-2
2026-04-9,google,search_brand,impressions,1912-09-2
2026-04-9,google,search_brand,clicks,1906-07-16
2026-04-9,google,search_brand,qs,1902-01-18
2026-04-9,google,search_brand,cp,1900-07-6
2026-04-9,google,search_nb,spend,1942-11-10
2026-04-9,google,search_nb,impressions,2181-05-28
2026-04-9,google,search_nb,clicks,1909-05-17
2026-04-9,google,search_nb,qs,1902-05-26
2026-04-9,google,search_nb,cp,1900-04-11
2026-04-9,google,search_pmax,spend,1928-07-6
2026-04-9,google,search_pmax,impressions,3194-12-12
2026-04-9,google,search_pmax,clicks,1907-01-7
2026-04-9,google,search_pmax,qs,1899-12-30
2026-04-9,google,search_pmax,cp,1900-03-9
2026-04-9,google,youtube,spend,1903-05-12
2026-04-9,google,youtube,impressions,2527-11-12
2026-04-9,google,youtube,clicks,1902-02-3
2026-04-9,google,youtube,qs,1900-03-7
2026-04-9,google,youtube,cp,1900-01-7
2026-04-9,meta,meta_bof,spend,1946-08-7
2026-04-9,meta,meta_bof,impressions,6707-07-16
2026-04-9,meta,meta_bof,clicks,1968-01-8
2026-04-9,meta,meta_bof,qs,1901-09-11
2026-04-9,meta,meta_bof,cp,1900-08-15
2026-04-9,meta,meta_mof,spend,1922-09-11
2026-04-9,meta,meta_mof,impressions,4061-12-10
2026-04-9,meta,meta_mof,clicks,1918-03-12
2026-04-9,meta,meta_mof,qs,1900-06-7
2026-04-9,meta,meta_mof,cp,1900-01-3
2026-04-9,meta,meta_tof,spend,1914-04-23
2026-04-9,meta,meta_tof,impressions,13514-04-23
2026-04-9,meta,meta_tof,clicks,1918-09-1
2026-04-9,meta,meta_tof,qs,1900-05-6
2026-04-9,meta,meta_tof,cp,1900-01-20
2026-04-9,tiktok,tiktok,spend,1915-09-5
2026-04-9,tiktok,tiktok,impressions,4765-10-25
2026-04-9,tiktok,tiktok,clicks,1915-02-1
2026-04-9,tiktok,tiktok,qs,1900-11-5
2026-04-9,tiktok,tiktok,cp,1900-06-18
2026-04-8,google,search_brand,spend,1933-02-25
2026-04-8,google,search_brand,impressions,1914-02-18
2026-04-8,google,search_brand,clicks,1907-03-18
2026-04-8,google,search_brand,qs,1902-03-17
2026-04-8,google,search_brand,cp,1900-07-18
2026-04-8,google,search_nb,spend,1955-03-14
2026-04-8,google,search_nb,impressions,2290-07-17
2026-04-8,google,search_nb,clicks,1913-03-24
2026-04-8,google,search_nb,qs,1903-02-14
2026-04-8,google,search_nb,cp,1900-04-20
2026-04-8,google,search_pmax,spend,1931-03-28
2026-04-8,google,search_pmax,impressions,3128-10-12
2026-04-8,google,search_pmax,clicks,1907-02-24
2026-04-8,google,search_pmax,qs,1899-12-30
2026-04-8,google,search_pmax,cp,1900-02-17
2026-04-8,google,youtube,spend,1903-07-22
2026-04-8,google,youtube,impressions,2551-06-19
2026-04-8,google,youtube,clicks,1901-12-4
2026-04-8,google,youtube,qs,1900-02-28
2026-04-8,google,youtube,cp,1900-01-3
2026-04-8,meta,meta_bof,spend,1944-05-16
2026-04-8,meta,meta_bof,impressions,8068-07-10
2026-04-8,meta,meta_bof,clicks,1981-11-11
2026-04-8,meta,meta_bof,qs,1902-02-15
2026-04-8,meta,meta_bof,cp,1900-07-30
2026-04-8,meta,meta_mof,spend,1899-12-30
2026-04-8,meta,meta_mof,impressions,1899-12-30
2026-04-8,meta,meta_mof,clicks,1899-12-30
2026-04-8,meta,meta_mof,qs,1900-01-2
2026-04-8,meta,meta_mof,cp,1899-12-30
2026-04-8,meta,meta_tof,spend,1930-08-14
2026-04-8,meta,meta_tof,impressions,4611-09-30
2026-04-8,meta,meta_tof,clicks,1924-10-11
2026-04-8,meta,meta_tof,qs,1901-05-28
2026-04-8,meta,meta_tof,cp,1900-01-27
2026-04-8,tiktok,tiktok,spend,1915-03-10
2026-04-8,tiktok,tiktok,impressions,4606-09-15
2026-04-8,tiktok,tiktok,clicks,1915-04-6
2026-04-8,tiktok,tiktok,qs,1900-10-4
2026-04-8,tiktok,tiktok,cp,1900-05-26
2026-04-7,google,search_brand,spend,1929-01-10
2026-04-7,google,search_brand,impressions,1912-12-26
2026-04-7,google,search_brand,clicks,1906-08-30
2026-04-7,google,search_brand,qs,1902-01-10
2026-04-7,google,search_brand,cp,1900-06-15
2026-04-7,google,search_nb,spend,1949-11-2
2026-04-7,google,search_nb,impressions,2192-07-16
2026-04-7,google,search_nb,clicks,1912-01-14
2026-04-7,google,search_nb,qs,1903-04-4
2026-04-7,google,search_nb,cp,1900-05-7
2026-04-7,google,search_pmax,spend,1929-08-16
2026-04-7,google,search_pmax,impressions,3274-03-6
2026-04-7,google,search_pmax,clicks,1907-01-19
2026-04-7,google,search_pmax,qs,1899-12-30
2026-04-7,google,search_pmax,cp,1900-03-15
2026-04-7,google,youtube,spend,1903-07-20
2026-04-7,google,youtube,impressions,2500-06-10
2026-04-7,google,youtube,clicks,1902-01-25
2026-04-7,google,youtube,qs,1900-03-4
2026-04-7,google,youtube,cp,1900-01-3
2026-04-7,meta,meta_bof,spend,1950-02-6
2026-04-7,meta,meta_bof,impressions,10143-05-21
2026-04-7,meta,meta_bof,clicks,1990-02-16
2026-04-7,meta,meta_bof,qs,1902-07-9
2026-04-7,meta,meta_bof,cp,1900-10-13
2026-04-7,meta,meta_mof,spend,1899-12-30
2026-04-7,meta,meta_mof,impressions,1899-12-30
2026-04-7,meta,meta_mof,clicks,1899-12-30
2026-04-7,meta,meta_mof,qs,1900-01-3
2026-04-7,meta,meta_mof,cp,1899-12-30
2026-04-7,meta,meta_tof,spend,1931-07-30
2026-04-7,meta,meta_tof,impressions,4794-03-24
2026-04-7,meta,meta_tof,clicks,1927-04-29
2026-04-7,meta,meta_tof,qs,1901-08-12
2026-04-7,meta,meta_tof,cp,1900-02-5
2026-04-7,tiktok,tiktok,spend,1914-03-31
2026-04-7,tiktok,tiktok,impressions,3960-06-6
2026-04-7,tiktok,tiktok,clicks,1912-05-30
2026-04-7,tiktok,tiktok,qs,1900-10-4
2026-04-7,tiktok,tiktok,cp,1900-06-1
2026-04-6,google,search_brand,spend,1930-10-30
2026-04-6,google,search_brand,impressions,1913-05-8
2026-04-6,google,search_brand,clicks,1906-09-12
2026-04-6,google,search_brand,qs,1902-03-28
2026-04-6,google,search_brand,cp,1900-07-20
2026-04-6,google,search_nb,spend,1958-08-2
2026-04-6,google,search_nb,impressions,2222-12-1
2026-04-6,google,search_nb,clicks,1913-12-10
2026-04-6,google,search_nb,qs,1903-11-29
2026-04-6,google,search_nb,cp,1900-06-9
2026-04-6,google,search_pmax,spend,1938-08-24
2026-04-6,google,search_pmax,impressions,3312-06-5
2026-04-6,google,search_pmax,clicks,1908-02-19
2026-04-6,google,search_pmax,qs,1899-12-30
2026-04-6,google,search_pmax,cp,1900-03-30
2026-04-6,google,youtube,spend,1904-07-11
2026-04-6,google,youtube,impressions,2553-08-7
2026-04-6,google,youtube,clicks,1902-05-4
2026-04-6,google,youtube,qs,1900-03-10
2026-04-6,google,youtube,cp,1900-01-2
2026-04-6,meta,meta_bof,spend,1947-11-26
2026-04-6,meta,meta_bof,impressions,8665-12-6
2026-04-6,meta,meta_bof,clicks,1971-07-17
2026-04-6,meta,meta_bof,qs,1902-07-24
2026-04-6,meta,meta_bof,cp,1900-08-7
2026-04-6,meta,meta_mof,spend,1899-12-30
2026-04-6,meta,meta_mof,impressions,1899-12-30
2026-04-6,meta,meta_mof,clicks,1899-12-30
2026-04-6,meta,meta_mof,qs,1899-12-31
2026-04-6,meta,meta_mof,cp,1900-01-1
2026-04-6,meta,meta_tof,spend,1933-02-9
2026-04-6,meta,meta_tof,impressions,4689-04-26
2026-04-6,meta,meta_tof,clicks,1926-05-26
2026-04-6,meta,meta_tof,qs,1901-11-10
2026-04-6,meta,meta_tof,cp,1900-01-26
2026-04-6,tiktok,tiktok,spend,1918-01-15
2026-04-6,tiktok,tiktok,impressions,5348-11-27
2026-04-6,tiktok,tiktok,clicks,1919-04-19
2026-04-6,tiktok,tiktok,qs,1901-01-31
2026-04-6,tiktok,tiktok,cp,1900-06-9
2026-04-5,google,search_brand,spend,1929-07-29
2026-04-5,google,search_brand,impressions,1912-04-8
2026-04-5,google,search_brand,clicks,1905-10-2
2026-04-5,google,search_brand,qs,1901-10-2
2026-04-5,google,search_brand,cp,1900-05-31
2026-04-5,google,search_nb,spend,1954-10-14
2026-04-5,google,search_nb,impressions,2200-12-22
2026-04-5,google,search_nb,clicks,1913-03-27
2026-04-5,google,search_nb,qs,1903-09-11
2026-04-5,google,search_nb,cp,1900-06-28
2026-04-5,google,search_pmax,spend,1933-11-9
2026-04-5,google,search_pmax,impressions,3207-02-28
2026-04-5,google,search_pmax,clicks,1907-01-3
2026-04-5,google,search_pmax,qs,1899-12-30
2026-04-5,google,search_pmax,cp,1900-03-3
2026-04-5,google,youtube,spend,1904-10-16
2026-04-5,google,youtube,impressions,2636-02-7
2026-04-5,google,youtube,clicks,1902-08-18
2026-04-5,google,youtube,qs,1900-03-8
2026-04-5,google,youtube,cp,1900-01-10
2026-04-5,meta,meta_bof,spend,1945-06-6
2026-04-5,meta,meta_bof,impressions,7467-12-19
2026-04-5,meta,meta_bof,clicks,1989-05-24
2026-04-5,meta,meta_bof,qs,1902-07-26
2026-04-5,meta,meta_bof,cp,1900-07-25
2026-04-5,meta,meta_mof,spend,1899-12-30
2026-04-5,meta,meta_mof,impressions,1899-12-30
2026-04-5,meta,meta_mof,clicks,1899-12-30
2026-04-5,meta,meta_mof,qs,1900-01-1
2026-04-5,meta,meta_mof,cp,1899-12-30
2026-04-5,meta,meta_tof,spend,1931-10-21
2026-04-5,meta,meta_tof,impressions,4552-06-1
2026-04-5,meta,meta_tof,clicks,1925-01-22
2026-04-5,meta,meta_tof,qs,1901-07-22
2026-04-5,meta,meta_tof,cp,1900-01-17
2026-04-5,tiktok,tiktok,spend,1916-12-9
2026-04-5,tiktok,tiktok,impressions,4815-02-18
2026-04-5,tiktok,tiktok,clicks,1917-05-21
2026-04-5,tiktok,tiktok,qs,1901-01-4
2026-04-5,tiktok,tiktok,cp,1900-05-15
2026-04-4,google,search_brand,spend,1930-12-22
2026-04-4,google,search_brand,impressions,1911-04-8
2026-04-4,google,search_brand,clicks,1905-04-7
2026-04-4,google,search_brand,qs,1901-08-18
2026-04-4,google,search_brand,cp,1900-05-3
2026-04-4,google,search_nb,spend,1965-02-17
2026-04-4,google,search_nb,impressions,2199-11-3
2026-04-4,google,search_nb,clicks,1912-10-4
2026-04-4,google,search_nb,qs,1903-05-31
2026-04-4,google,search_nb,cp,1900-07-4
2026-04-4,google,search_pmax,spend,1928-10-5
2026-04-4,google,search_pmax,impressions,3050-03-20
2026-04-4,google,search_pmax,clicks,1905-10-7
2026-04-4,google,search_pmax,qs,1899-12-30
2026-04-4,google,search_pmax,cp,1900-03-7
2026-04-4,google,youtube,spend,1905-09-1
2026-04-4,google,youtube,impressions,3092-08-27
2026-04-4,google,youtube,clicks,1903-09-8
2026-04-4,google,youtube,qs,1900-03-3
2026-04-4,google,youtube,cp,1900-01-6
2026-04-4,meta,meta_bof,spend,2006-03-27
2026-04-4,meta,meta_bof,impressions,18953-01-20
2026-04-4,meta,meta_bof,clicks,2109-07-26
2026-04-4,meta,meta_bof,qs,1904-08-28
2026-04-4,meta,meta_bof,cp,1901-01-29
2026-04-4,meta,meta_mof,spend,1899-12-30
2026-04-4,meta,meta_mof,impressions,1899-12-30
2026-04-4,meta,meta_mof,clicks,1899-12-30
2026-04-4,meta,meta_mof,qs,1899-12-31
2026-04-4,meta,meta_mof,cp,1900-01-1
2026-04-4,meta,meta_tof,spend,1925-11-10
2026-04-4,meta,meta_tof,impressions,4021-05-20
2026-04-4,meta,meta_tof,clicks,1922-07-29
2026-04-4,meta,meta_tof,qs,1901-03-10
2026-04-4,meta,meta_tof,cp,1900-01-21
2026-04-4,tiktok,tiktok,spend,1915-03-5
2026-04-4,tiktok,tiktok,impressions,4379-10-13
2026-04-4,tiktok,tiktok,clicks,1918-04-13
2026-04-4,tiktok,tiktok,qs,1900-11-11
2026-04-4,tiktok,tiktok,cp,1900-05-3
2026-04-3,google,search_brand,spend,1932-02-11
2026-04-3,google,search_brand,impressions,1913-01-21
2026-04-3,google,search_brand,clicks,1906-06-15
2026-04-3,google,search_brand,qs,1902-01-10
2026-04-3,google,search_brand,cp,1900-06-7
2026-04-3,google,search_nb,spend,1958-10-22
2026-04-3,google,search_nb,impressions,2185-02-2
2026-04-3,google,search_nb,clicks,1911-12-5
2026-04-3,google,search_nb,qs,1903-03-3
2026-04-3,google,search_nb,cp,1900-06-1
2026-04-3,google,search_pmax,spend,1934-12-1
2026-04-3,google,search_pmax,impressions,3240-09-2
2026-04-3,google,search_pmax,clicks,1906-11-9
2026-04-3,google,search_pmax,qs,1899-12-30
2026-04-3,google,search_pmax,cp,1900-03-30
2026-04-3,google,youtube,spend,1908-02-15
2026-04-3,google,youtube,impressions,4525-02-9
2026-04-3,google,youtube,clicks,1906-03-23
2026-04-3,google,youtube,qs,1900-04-11
2026-04-3,google,youtube,cp,1900-01-14
2026-04-3,meta,meta_bof,spend,2029-10-10
2026-04-3,meta,meta_bof,impressions,23146-02-24
2026-04-3,meta,meta_bof,clicks,2114-12-10
2026-04-3,meta,meta_bof,qs,1904-06-7
2026-04-3,meta,meta_bof,cp,1901-06-20
2026-04-3,meta,meta_mof,spend,1904-11-18
2026-04-3,meta,meta_mof,impressions,2199-12-17
2026-04-3,meta,meta_mof,clicks,1927-09-10
2026-04-3,meta,meta_mof,qs,1900-01-26
2026-04-3,meta,meta_mof,cp,1900-01-13
2026-04-3,meta,meta_tof,spend,1932-10-11
2026-04-3,meta,meta_tof,impressions,4555-03-15
2026-04-3,meta,meta_tof,clicks,1926-11-25
2026-04-3,meta,meta_tof,qs,1901-05-15
2026-04-3,meta,meta_tof,cp,1900-02-1
2026-04-3,tiktok,tiktok,spend,1915-03-15
2026-04-3,tiktok,tiktok,impressions,4789-12-6
2026-04-3,tiktok,tiktok,clicks,1916-04-3
2026-04-3,tiktok,tiktok,qs,1900-11-5
2026-04-3,tiktok,tiktok,cp,1900-05-22
2026-04-2,google,search_brand,spend,1928-11-14
2026-04-2,google,search_brand,impressions,1912-10-19
2026-04-2,google,search_brand,clicks,1906-03-17
2026-04-2,google,search_brand,qs,1901-11-16
2026-04-2,google,search_brand,cp,1900-07-4
2026-04-2,google,search_nb,spend,1956-11-18
2026-04-2,google,search_nb,impressions,2226-08-24
2026-04-2,google,search_nb,clicks,1912-05-8
2026-04-2,google,search_nb,qs,1903-08-15
2026-04-2,google,search_nb,cp,1900-07-19
2026-04-2,google,search_pmax,spend,1932-12-10
2026-04-2,google,search_pmax,impressions,3387-01-12
2026-04-2,google,search_pmax,clicks,1907-01-13
2026-04-2,google,search_pmax,qs,1899-12-30
2026-04-2,google,search_pmax,cp,1900-03-23
2026-04-2,google,youtube,spend,1908-01-13
2026-04-2,google,youtube,impressions,4292-02-24
2026-04-2,google,youtube,clicks,1905-12-20
2026-04-2,google,youtube,qs,1900-03-31
2026-04-2,google,youtube,cp,1900-01-9
2026-04-2,meta,meta_bof,spend,2021-04-14
2026-04-2,meta,meta_bof,impressions,22803-04-7
2026-04-2,meta,meta_bof,clicks,2102-04-25
2026-04-2,meta,meta_bof,qs,1904-03-27
2026-04-2,meta,meta_bof,cp,1901-07-22
2026-04-2,meta,meta_mof,spend,1910-05-14
2026-04-2,meta,meta_mof,impressions,2430-03-21
2026-04-2,meta,meta_mof,clicks,1940-02-18
2026-04-2,meta,meta_mof,qs,1900-02-9
2026-04-2,meta,meta_mof,cp,1900-01-9
2026-04-2,meta,meta_tof,spend,1928-09-16
2026-04-2,meta,meta_tof,impressions,4067-06-4
2026-04-2,meta,meta_tof,clicks,1922-09-15
2026-04-2,meta,meta_tof,qs,1901-05-11
2026-04-2,meta,meta_tof,cp,1900-02-11
2026-04-2,tiktok,tiktok,spend,1914-01-26
2026-04-2,tiktok,tiktok,impressions,3791-12-12
2026-04-2,tiktok,tiktok,clicks,1914-09-23
2026-04-2,tiktok,tiktok,qs,1900-10-2
2026-04-2,tiktok,tiktok,cp,1900-06-24
2026-04-1,google,search_brand,spend,1929-02-5
2026-04-1,google,search_brand,impressions,1913-12-16
2026-04-1,google,search_brand,clicks,1907-06-7
2026-04-1,google,search_brand,qs,1902-05-20
2026-04-1,google,search_brand,cp,1900-07-24
2026-04-1,google,search_nb,spend,1956-12-4
2026-04-1,google,search_nb,impressions,2277-06-30
2026-04-1,google,search_nb,clicks,1912-12-3
2026-04-1,google,search_nb,qs,1903-08-10
2026-04-1,google,search_nb,cp,1900-06-24
2026-04-1,google,search_pmax,spend,1935-07-19
2026-04-1,google,search_pmax,impressions,3473-09-20
2026-04-1,google,search_pmax,clicks,1907-06-4
2026-04-1,google,search_pmax,qs,1899-12-30
2026-04-1,google,search_pmax,cp,1900-04-8
2026-04-1,google,youtube,spend,1911-12-5
2026-04-1,google,youtube,impressions,5721-07-23
2026-04-1,google,youtube,clicks,1909-05-24
2026-04-1,google,youtube,qs,1900-05-3
2026-04-1,google,youtube,cp,1900-01-23
2026-04-1,meta,meta_bof,spend,2034-02-12
2026-04-1,meta,meta_bof,impressions,23370-11-17
2026-04-1,meta,meta_bof,clicks,2096-01-4
2026-04-1,meta,meta_bof,qs,1904-05-1
2026-04-1,meta,meta_bof,cp,1901-05-1
2026-04-1,meta,meta_mof,spend,1905-09-11
2026-04-1,meta,meta_mof,impressions,2154-11-8
2026-04-1,meta,meta_mof,clicks,1909-05-27
2026-04-1,meta,meta_mof,qs,1900-01-16
2026-04-1,meta,meta_mof,cp,1900-01-4
2026-04-1,meta,meta_tof,spend,1930-02-4
2026-04-1,meta,meta_tof,impressions,4517-07-31
2026-04-1,meta,meta_tof,clicks,1923-10-10
2026-04-1,meta,meta_tof,qs,1901-05-17
2026-04-1,meta,meta_tof,cp,1900-02-4
2026-04-1,tiktok,tiktok,spend,1914-07-25
2026-04-1,tiktok,tiktok,impressions,5428-05-20
2026-04-1,tiktok,tiktok,clicks,1917-07-19
2026-04-1,tiktok,tiktok,qs,1900-10-5
2026-04-1,tiktok,tiktok,cp,1900-08-3
2026-03-31,google,search_brand,spend,1927-11-16
2026-03-31,google,search_brand,impressions,1913-05-20
2026-03-31,google,search_brand,clicks,1907-06-23
2026-03-31,google,search_brand,qs,1902-07-9
2026-03-31,google,search_brand,cp,1900-08-20
2026-03-31,google,search_nb,spend,1963-11-11
2026-03-31,google,search_nb,impressions,2230-05-28
2026-03-31,google,search_nb,clicks,1912-02-7
2026-03-31,google,search_nb,qs,1903-09-21
2026-03-31,google,search_nb,cp,1900-07-7
2026-03-31,google,search_pmax,spend,1932-03-14
2026-03-31,google,search_pmax,impressions,3293-07-26
2026-03-31,google,search_pmax,clicks,1907-02-26
2026-03-31,google,search_pmax,qs,1899-12-30
2026-03-31,google,search_pmax,cp,1900-03-30
2026-03-31,google,youtube,spend,1908-03-5
2026-03-31,google,youtube,impressions,3760-10-10
2026-03-31,google,youtube,clicks,1905-08-15
2026-03-31,google,youtube,qs,1900-04-23
2026-03-31,google,youtube,cp,1900-01-25
2026-03-31,meta,meta_bof,spend,2000-04-26
2026-03-31,meta,meta_bof,impressions,16031-08-22
2026-03-31,meta,meta_bof,clicks,2056-02-19
2026-03-31,meta,meta_bof,qs,1903-06-21
2026-03-31,meta,meta_bof,cp,1901-07-9
2026-03-31,meta,meta_mof,spend,1899-12-30
2026-03-31,meta,meta_mof,impressions,1899-12-30
2026-03-31,meta,meta_mof,clicks,1899-12-30
2026-03-31,meta,meta_mof,qs,1899-12-30
2026-03-31,meta,meta_mof,cp,1899-12-30
2026-03-31,meta,meta_tof,spend,1935-03-18
2026-03-31,meta,meta_tof,impressions,4787-11-28
2026-03-31,meta,meta_tof,clicks,1927-11-23
2026-03-31,meta,meta_tof,qs,1901-08-10
2026-03-31,meta,meta_tof,cp,1900-02-10
2026-03-31,tiktok,tiktok,spend,1917-05-7
2026-03-31,tiktok,tiktok,impressions,5685-11-1
2026-03-31,tiktok,tiktok,clicks,1914-11-7
2026-03-31,tiktok,tiktok,qs,1900-10-17
2026-03-31,tiktok,tiktok,cp,1900-07-14
2026-03-30,google,search_brand,spend,1929-07-11
2026-03-30,google,search_brand,impressions,1913-01-15
2026-03-30,google,search_brand,clicks,1907-05-19
2026-03-30,google,search_brand,qs,1902-05-27
2026-03-30,google,search_brand,cp,1900-07-31
2026-03-30,google,search_nb,spend,1959-07-25
2026-03-30,google,search_nb,impressions,2265-01-29
2026-03-30,google,search_nb,clicks,1911-12-29
2026-03-30,google,search_nb,qs,1903-11-5
2026-03-30,google,search_nb,cp,1900-06-30
2026-03-30,google,search_pmax,spend,1934-03-15
2026-03-30,google,search_pmax,impressions,3209-10-9
2026-03-30,google,search_pmax,clicks,1906-08-17
2026-03-30,google,search_pmax,qs,1899-12-30
2026-03-30,google,search_pmax,cp,1900-04-5
2026-03-30,google,youtube,spend,1905-04-7
2026-03-30,google,youtube,impressions,3182-11-21
2026-03-30,google,youtube,clicks,1903-04-20
2026-03-30,google,youtube,qs,1900-04-21
2026-03-30,google,youtube,cp,1900-01-8
2026-03-30,meta,meta_bof,spend,1999-04-29
2026-03-30,meta,meta_bof,impressions,15173-10-9
2026-03-30,meta,meta_bof,clicks,2073-03-4
2026-03-30,meta,meta_bof,qs,1904-03-12
2026-03-30,meta,meta_bof,cp,1901-02-11
2026-03-30,meta,meta_mof,spend,1899-12-30
2026-03-30,meta,meta_mof,impressions,1899-12-30
2026-03-30,meta,meta_mof,clicks,1899-12-30
2026-03-30,meta,meta_mof,qs,1899-12-30
2026-03-30,meta,meta_mof,cp,1899-12-30
2026-03-30,meta,meta_tof,spend,1932-05-17
2026-03-30,meta,meta_tof,impressions,4506-06-2
2026-03-30,meta,meta_tof,clicks,1924-10-14
2026-03-30,meta,meta_tof,qs,1901-09-27
2026-03-30,meta,meta_tof,cp,1900-02-11
2026-03-30,tiktok,tiktok,spend,1915-03-24
2026-03-30,tiktok,tiktok,impressions,4713-03-5
2026-03-30,tiktok,tiktok,clicks,1911-04-28
2026-03-30,tiktok,tiktok,qs,1900-08-2
2026-03-30,tiktok,tiktok,cp,1900-08-6
2026-03-29,google,search_brand,spend,1928-10-5
2026-03-29,google,search_brand,impressions,1912-08-31
2026-03-29,google,search_brand,clicks,1906-12-7
2026-03-29,google,search_brand,qs,1902-04-30
2026-03-29,google,search_brand,cp,1900-06-3
2026-03-29,google,search_nb,spend,1967-07-11
2026-03-29,google,search_nb,impressions,2299-09-11
2026-03-29,google,search_nb,clicks,1913-08-29
2026-03-29,google,search_nb,qs,1904-04-20
2026-03-29,google,search_nb,cp,1900-08-1
2026-03-29,google,search_pmax,spend,1944-11-5
2026-03-29,google,search_pmax,impressions,3324-09-13
2026-03-29,google,search_pmax,clicks,1907-09-7
2026-03-29,google,search_pmax,qs,1899-12-30
2026-03-29,google,search_pmax,cp,1900-03-28
2026-03-29,google,youtube,spend,1905-11-30
2026-03-29,google,youtube,impressions,3193-06-23
2026-03-29,google,youtube,clicks,1903-06-7
2026-03-29,google,youtube,qs,1900-05-6
2026-03-29,google,youtube,cp,1900-01-15
2026-03-29,meta,meta_bof,spend,2025-11-29
2026-03-29,meta,meta_bof,impressions,18149-09-22
2026-03-29,meta,meta_bof,clicks,2101-08-23
2026-03-29,meta,meta_bof,qs,1904-02-17
2026-03-29,meta,meta_bof,cp,1900-07-22
2026-03-29,meta,meta_mof,spend,1899-12-30
2026-03-29,meta,meta_mof,impressions,1899-12-30
2026-03-29,meta,meta_mof,clicks,1899-12-30
2026-03-29,meta,meta_mof,qs,1899-12-30
2026-03-29,meta,meta_mof,cp,1899-12-30
2026-03-29,meta,meta_tof,spend,1935-01-1
2026-03-29,meta,meta_tof,impressions,4660-04-14
2026-03-29,meta,meta_tof,clicks,1924-11-13
2026-03-29,meta,meta_tof,qs,1901-10-12
2026-03-29,meta,meta_tof,cp,1900-01-17
2026-03-29,tiktok,tiktok,spend,1914-12-3
2026-03-29,tiktok,tiktok,impressions,5737-03-25
2026-03-29,tiktok,tiktok,clicks,1915-07-17
2026-03-29,tiktok,tiktok,qs,1900-11-19
2026-03-29,tiktok,tiktok,cp,1900-07-3
2026-03-28,google,search_brand,spend,1928-05-19
2026-03-28,google,search_brand,impressions,1911-02-24
2026-03-28,google,search_brand,clicks,1906-04-7
2026-03-28,google,search_brand,qs,1902-02-9
2026-03-28,google,search_brand,cp,1900-06-13
2026-03-28,google,search_nb,spend,1938-09-19
2026-03-28,google,search_nb,impressions,2178-07-11
2026-03-28,google,search_nb,clicks,1908-05-7
2026-03-28,google,search_nb,qs,1902-07-19
2026-03-28,google,search_nb,cp,1900-05-20
2026-03-28,google,search_pmax,spend,1937-09-27
2026-03-28,google,search_pmax,impressions,3216-05-16
2026-03-28,google,search_pmax,clicks,1906-08-3
2026-03-28,google,search_pmax,qs,1899-12-30
2026-03-28,google,search_pmax,cp,1900-04-19
2026-03-28,google,youtube,spend,1907-11-16
2026-03-28,google,youtube,impressions,3097-03-27
2026-03-28,google,youtube,clicks,1903-12-3
2026-03-28,google,youtube,qs,1900-05-6
2026-03-28,google,youtube,cp,1900-01-24
2026-03-28,meta,meta_bof,spend,2012-04-24
2026-03-28,meta,meta_bof,impressions,17257-05-23
2026-03-28,meta,meta_bof,clicks,2074-10-4
2026-03-28,meta,meta_bof,qs,1903-06-24
2026-03-28,meta,meta_bof,cp,1900-07-10
2026-03-28,meta,meta_mof,spend,1899-12-30
2026-03-28,meta,meta_mof,impressions,1899-12-30
2026-03-28,meta,meta_mof,clicks,1899-12-30
2026-03-28,meta,meta_mof,qs,1899-12-30
2026-03-28,meta,meta_mof,cp,1899-12-30
2026-03-28,meta,meta_tof,spend,1927-10-21
2026-03-28,meta,meta_tof,impressions,4145-05-13
2026-03-28,meta,meta_tof,clicks,1919-09-14
2026-03-28,meta,meta_tof,qs,1901-05-4
2026-03-28,meta,meta_tof,cp,1900-01-17
2026-03-28,tiktok,tiktok,spend,1912-04-8
2026-03-28,tiktok,tiktok,impressions,4914-04-26
2026-03-28,tiktok,tiktok,clicks,1911-05-27
2026-03-28,tiktok,tiktok,qs,1900-08-20
2026-03-28,tiktok,tiktok,cp,1900-05-19
2026-03-27,google,search_brand,spend,1951-07-11
2026-03-27,google,search_brand,impressions,1921-01-20
2026-03-27,google,search_brand,clicks,1906-11-1
2026-03-27,google,search_brand,qs,1902-03-16
2026-03-27,google,search_brand,cp,1900-07-16
2026-03-27,google,search_nb,spend,1941-09-5
2026-03-27,google,search_nb,impressions,2202-12-31
2026-03-27,google,search_nb,clicks,1908-09-8
2026-03-27,google,search_nb,qs,1902-09-26
2026-03-27,google,search_nb,cp,1900-06-1
2026-03-27,google,search_pmax,spend,1934-12-26
2026-03-27,google,search_pmax,impressions,3142-05-3
2026-03-27,google,search_pmax,clicks,1906-05-18
2026-03-27,google,search_pmax,qs,1899-12-30
2026-03-27,google,search_pmax,cp,1900-04-19
2026-03-27,google,youtube,spend,1906-10-12
2026-03-27,google,youtube,impressions,2787-08-27
2026-03-27,google,youtube,clicks,1902-12-1
2026-03-27,google,youtube,qs,1900-04-8
2026-03-27,google,youtube,cp,1900-01-14
2026-03-27,meta,meta_bof,spend,1987-10-27
2026-03-27,meta,meta_bof,impressions,11666-05-5
2026-03-27,meta,meta_bof,clicks,2009-02-28
2026-03-27,meta,meta_bof,qs,1902-12-14
2026-03-27,meta,meta_bof,cp,1900-07-16
2026-03-27,meta,meta_mof,spend,1899-12-30
2026-03-27,meta,meta_mof,impressions,1899-12-30
2026-03-27,meta,meta_mof,clicks,1899-12-30
2026-03-27,meta,meta_mof,qs,1899-12-30
2026-03-27,meta,meta_mof,cp,1899-12-30
2026-03-27,meta,meta_tof,spend,1929-01-24
2026-03-27,meta,meta_tof,impressions,4313-07-30
2026-03-27,meta,meta_tof,clicks,1919-07-31
2026-03-27,meta,meta_tof,qs,1901-03-14
2026-03-27,meta,meta_tof,cp,1900-01-18
2026-03-27,tiktok,tiktok,spend,1912-04-4
2026-03-27,tiktok,tiktok,impressions,4257-05-9
2026-03-27,tiktok,tiktok,clicks,1907-11-5
2026-03-27,tiktok,tiktok,qs,1900-05-15
2026-03-27,tiktok,tiktok,cp,1900-05-29
2026-03-26,google,search_brand,spend,1923-07-1
2026-03-26,google,search_brand,impressions,1919-10-19
2026-03-26,google,search_brand,clicks,1907-10-25
2026-03-26,google,search_brand,qs,1902-07-26
2026-03-26,google,search_brand,cp,1900-08-7
2026-03-26,google,search_nb,spend,1954-02-1
2026-03-26,google,search_nb,impressions,2273-02-26
2026-03-26,google,search_nb,clicks,1911-07-2
2026-03-26,google,search_nb,qs,1903-09-11
2026-03-26,google,search_nb,cp,1900-06-22
2026-03-26,google,search_pmax,spend,1935-08-16
2026-03-26,google,search_pmax,impressions,3152-11-12
2026-03-26,google,search_pmax,clicks,1907-01-8
2026-03-26,google,search_pmax,qs,1899-12-30
2026-03-26,google,search_pmax,cp,1900-04-20
2026-03-26,google,youtube,spend,1905-12-18
2026-03-26,google,youtube,impressions,2483-10-24
2026-03-26,google,youtube,clicks,1902-03-25
2026-03-26,google,youtube,qs,1900-03-22
2026-03-26,google,youtube,cp,1900-01-17
2026-03-26,meta,meta_bof,spend,2001-04-26
2026-03-26,meta,meta_bof,impressions,11850-12-15
2026-03-26,meta,meta_bof,clicks,2047-08-6
2026-03-26,meta,meta_bof,qs,1903-07-11
2026-03-26,meta,meta_bof,cp,1900-05-21
2026-03-26,meta,meta_mof,spend,1899-12-30
2026-03-26,meta,meta_mof,impressions,1899-12-30
2026-03-26,meta,meta_mof,clicks,1899-12-30
2026-03-26,meta,meta_mof,qs,1899-12-30
2026-03-26,meta,meta_mof,cp,1899-12-30
2026-03-26,meta,meta_tof,spend,1932-10-24
2026-03-26,meta,meta_tof,impressions,4698-09-19
2026-03-26,meta,meta_tof,clicks,1920-11-25
2026-03-26,meta,meta_tof,qs,1901-08-2
2026-03-26,meta,meta_tof,cp,1900-01-12
2026-03-26,tiktok,tiktok,spend,1912-12-9
2026-03-26,tiktok,tiktok,impressions,4308-02-22
2026-03-26,tiktok,tiktok,clicks,1908-06-9
2026-03-26,tiktok,tiktok,qs,1900-06-25
2026-03-26,tiktok,tiktok,cp,1900-06-22
2026-03-25,google,search_brand,spend,1922-08-27
2026-03-25,google,search_brand,impressions,1919-05-30
2026-03-25,google,search_brand,clicks,1907-01-19
2026-03-25,google,search_brand,qs,1902-06-6
2026-03-25,google,search_brand,cp,1900-07-6
2026-03-25,google,search_nb,spend,1958-06-29
2026-03-25,google,search_nb,impressions,2312-02-20
2026-03-25,google,search_nb,clicks,1912-10-10
2026-03-25,google,search_nb,qs,1903-10-15
2026-03-25,google,search_nb,cp,1900-07-4
2026-03-25,google,search_pmax,spend,1931-07-18
2026-03-25,google,search_pmax,impressions,3161-10-10
2026-03-25,google,search_pmax,clicks,1906-12-13
2026-03-25,google,search_pmax,qs,1899-12-30
2026-03-25,google,search_pmax,cp,1900-04-9
2026-03-25,google,youtube,spend,1904-10-8
2026-03-25,google,youtube,impressions,2216-10-25
2026-03-25,google,youtube,clicks,1902-05-6
2026-03-25,google,youtube,qs,1900-03-29
2026-03-25,google,youtube,cp,1900-01-6
2026-03-25,meta,meta_bof,spend,1992-01-7
2026-03-25,meta,meta_bof,impressions,10148-01-4
2026-03-25,meta,meta_bof,clicks,2050-04-5
2026-03-25,meta,meta_bof,qs,1903-03-7
2026-03-25,meta,meta_bof,cp,1900-07-2
2026-03-25,meta,meta_mof,spend,1899-12-30
2026-03-25,meta,meta_mof,impressions,1899-12-30
2026-03-25,meta,meta_mof,clicks,1899-12-30
2026-03-25,meta,meta_mof,qs,1899-12-30
2026-03-25,meta,meta_mof,cp,1899-12-30
2026-03-25,meta,meta_tof,spend,1929-12-4
2026-03-25,meta,meta_tof,impressions,4522-05-25
2026-03-25,meta,meta_tof,clicks,1919-10-14
2026-03-25,meta,meta_tof,qs,1901-07-27
2026-03-25,meta,meta_tof,cp,1900-01-19
2026-03-25,tiktok,tiktok,spend,1914-01-30
2026-03-25,tiktok,tiktok,impressions,5329-06-1
2026-03-25,tiktok,tiktok,clicks,1913-05-8
2026-03-25,tiktok,tiktok,qs,1900-09-13
2026-03-25,tiktok,tiktok,cp,1900-06-26
2026-03-24,google,search_brand,spend,1921-10-22
2026-03-24,google,search_brand,impressions,1920-05-28
2026-03-24,google,search_brand,clicks,1907-06-3
2026-03-24,google,search_brand,qs,1902-06-14
2026-03-24,google,search_brand,cp,1900-07-23
2026-03-24,google,search_nb,spend,1955-03-1
2026-03-24,google,search_nb,impressions,2244-11-17
2026-03-24,google,search_nb,clicks,1912-04-6
2026-03-24,google,search_nb,qs,1903-02-16
2026-03-24,google,search_nb,cp,1900-06-5
2026-03-24,google,search_pmax,spend,1934-10-29
2026-03-24,google,search_pmax,impressions,3125-02-5
2026-03-24,google,search_pmax,clicks,1907-03-29
2026-03-24,google,search_pmax,qs,1899-12-30
2026-03-24,google,search_pmax,cp,1900-03-19
2026-03-24,google,youtube,spend,1904-01-24
2026-03-24,google,youtube,impressions,2128-02-26
2026-03-24,google,youtube,clicks,1902-06-24
2026-03-24,google,youtube,qs,1900-01-23
2026-03-24,google,youtube,cp,1900-01-3
2026-03-24,meta,meta_bof,spend,1997-12-14
2026-03-24,meta,meta_bof,impressions,11034-06-29
2026-03-24,meta,meta_bof,clicks,2066-01-9
2026-03-24,meta,meta_bof,qs,1903-04-11
2026-03-24,meta,meta_bof,cp,1900-06-1
2026-03-24,meta,meta_mof,spend,1899-12-30
2026-03-24,meta,meta_mof,impressions,1899-12-30
2026-03-24,meta,meta_mof,clicks,1899-12-30
2026-03-24,meta,meta_mof,qs,1899-12-30
2026-03-24,meta,meta_mof,cp,1899-12-30
2026-03-24,meta,meta_tof,spend,1930-04-19
2026-03-24,meta,meta_tof,impressions,4590-04-11
2026-03-24,meta,meta_tof,clicks,1919-08-10
2026-03-24,meta,meta_tof,qs,1901-08-3
2026-03-24,meta,meta_tof,cp,1900-01-18
2026-03-24,tiktok,tiktok,spend,1913-03-3
2026-03-24,tiktok,tiktok,impressions,4776-03-28
2026-03-24,tiktok,tiktok,clicks,1912-03-24
2026-03-24,tiktok,tiktok,qs,1900-09-9
2026-03-24,tiktok,tiktok,cp,1900-05-25
2026-03-23,google,search_brand,spend,1924-08-25
2026-03-23,google,search_brand,impressions,1921-09-23
2026-03-23,google,search_brand,clicks,1907-06-17
2026-03-23,google,search_brand,qs,1902-08-12
2026-03-23,google,search_brand,cp,1900-07-15
2026-03-23,google,search_nb,spend,1983-04-1
2026-03-23,google,search_nb,impressions,2419-01-9
2026-03-23,google,search_nb,clicks,1917-01-14
2026-03-23,google,search_nb,qs,1905-01-15
2026-03-23,google,search_nb,cp,1900-08-5
2026-03-23,google,search_pmax,spend,1935-04-6
2026-03-23,google,search_pmax,impressions,3304-08-28
2026-03-23,google,search_pmax,clicks,1907-06-10
2026-03-23,google,search_pmax,qs,1899-12-30
2026-03-23,google,search_pmax,cp,1900-03-27
2026-03-23,meta,meta_bof,spend,1998-04-14
2026-03-23,meta,meta_bof,impressions,10515-12-12
2026-03-23,meta,meta_bof,clicks,2047-01-9
2026-03-23,meta,meta_bof,qs,1903-03-5
2026-03-23,meta,meta_bof,cp,1900-05-30
2026-03-23,meta,meta_mof,spend,1899-12-30
2026-03-23,meta,meta_mof,impressions,1899-12-30
2026-03-23,meta,meta_mof,clicks,1899-12-30
2026-03-23,meta,meta_mof,qs,1899-12-30
2026-03-23,meta,meta_mof,cp,1899-12-30
2026-03-23,meta,meta_tof,spend,1933-08-3
2026-03-23,meta,meta_tof,impressions,4951-02-5
2026-03-23,meta,meta_tof,clicks,1925-06-13
2026-03-23,meta,meta_tof,qs,1901-08-31
2026-03-23,meta,meta_tof,cp,1900-01-10
2026-03-23,tiktok,tiktok,spend,1915-04-11
2026-03-23,tiktok,tiktok,impressions,5296-09-3
2026-03-23,tiktok,tiktok,clicks,1914-05-12
2026-03-23,tiktok,tiktok,qs,1900-12-10
2026-03-23,tiktok,tiktok,cp,1900-07-10
2026-03-22,google,search_brand,spend,1919-03-10
2026-03-22,google,search_brand,impressions,1913-04-25
2026-03-22,google,search_brand,clicks,1906-12-15
2026-03-22,google,search_brand,qs,1902-05-9
2026-03-22,google,search_brand,cp,1900-06-16
2026-03-22,google,search_nb,spend,1965-09-21
2026-03-22,google,search_nb,impressions,2373-09-16
2026-03-22,google,search_nb,clicks,1914-12-26
2026-03-22,google,search_nb,qs,1904-03-9
2026-03-22,google,search_nb,cp,1900-07-11
2026-03-22,google,search_pmax,spend,1934-12-14
2026-03-22,google,search_pmax,impressions,3184-09-26
2026-03-22,google,search_pmax,clicks,1906-08-11
2026-03-22,google,search_pmax,qs,1899-12-30
2026-03-22,google,search_pmax,cp,1900-04-6
2026-03-22,meta,meta_bof,spend,1999-04-24
2026-03-22,meta,meta_bof,impressions,9681-09-12
2026-03-22,meta,meta_bof,clicks,2046-12-17
2026-03-22,meta,meta_bof,qs,1903-05-8
2026-03-22,meta,meta_bof,cp,1900-05-13
2026-03-22,meta,meta_mof,spend,1899-12-30
2026-03-22,meta,meta_mof,impressions,1899-12-30
2026-03-22,meta,meta_mof,clicks,1899-12-30
2026-03-22,meta,meta_mof,qs,1899-12-30
2026-03-22,meta,meta_mof,cp,1899-12-30
2026-03-22,meta,meta_tof,spend,1936-10-4
2026-03-22,meta,meta_tof,impressions,5036-03-23
2026-03-22,meta,meta_tof,clicks,1924-04-9
2026-03-22,meta,meta_tof,qs,1901-07-27
2026-03-22,meta,meta_tof,cp,1900-01-20
2026-03-22,tiktok,tiktok,spend,1915-10-22
2026-03-22,tiktok,tiktok,impressions,6415-10-20
2026-03-22,tiktok,tiktok,clicks,1917-09-12
2026-03-22,tiktok,tiktok,qs,1901-04-26
2026-03-22,tiktok,tiktok,cp,1900-07-9
2026-03-21,google,search_brand,spend,1921-05-7
2026-03-21,google,search_brand,impressions,1912-08-5
2026-03-21,google,search_brand,clicks,1905-12-4
2026-03-21,google,search_brand,qs,1901-11-18
2026-03-21,google,search_brand,cp,1900-05-17
2026-03-21,google,search_nb,spend,1954-09-24
2026-03-21,google,search_nb,impressions,2282-12-5
2026-03-21,google,search_nb,clicks,1912-07-13
2026-03-21,google,search_nb,qs,1903-06-20
2026-03-21,google,search_nb,cp,1900-06-4
2026-03-21,google,search_pmax,spend,1934-01-16
2026-03-21,google,search_pmax,impressions,3001-10-30
2026-03-21,google,search_pmax,clicks,1906-03-14
2026-03-21,google,search_pmax,qs,1899-12-30
2026-03-21,google,search_pmax,cp,1900-03-24
2026-03-21,meta,meta_bof,spend,1992-12-27
2026-03-21,meta,meta_bof,impressions,10110-12-31
2026-03-21,meta,meta_bof,clicks,2065-12-27
2026-03-21,meta,meta_bof,qs,1902-10-14
2026-03-21,meta,meta_bof,cp,1900-05-14
2026-03-21,meta,meta_mof,spend,1899-12-30
2026-03-21,meta,meta_mof,impressions,1899-12-30
2026-03-21,meta,meta_mof,clicks,1899-12-30
2026-03-21,meta,meta_mof,qs,1899-12-30
2026-03-21,meta,meta_mof,cp,1899-12-30
2026-03-21,meta,meta_tof,spend,1931-12-16
2026-03-21,meta,meta_tof,impressions,4694-07-30
2026-03-21,meta,meta_tof,clicks,1921-03-11
2026-03-21,meta,meta_tof,qs,1901-05-9
2026-03-21,meta,meta_tof,cp,1900-01-20
2026-03-21,tiktok,tiktok,spend,1912-05-19
2026-03-21,tiktok,tiktok,impressions,4665-07-20
2026-03-21,tiktok,tiktok,clicks,1911-11-28
2026-03-21,tiktok,tiktok,qs,1900-11-6
2026-03-21,tiktok,tiktok,cp,1900-05-5
2026-03-20,google,search_brand,spend,1917-04-1
2026-03-20,google,search_brand,impressions,1913-06-9
2026-03-20,google,search_brand,clicks,1905-11-2
2026-03-20,google,search_brand,qs,1901-10-19
2026-03-20,google,search_brand,cp,1900-06-9
2026-03-20,google,search_nb,spend,1947-10-20
2026-03-20,google,search_nb,impressions,2245-01-31
2026-03-20,google,search_nb,clicks,1910-05-3
2026-03-20,google,search_nb,qs,1903-01-2
2026-03-20,google,search_nb,cp,1900-06-4
2026-03-20,google,search_pmax,spend,1937-07-26
2026-03-20,google,search_pmax,impressions,3048-08-19
2026-03-20,google,search_pmax,clicks,1906-11-5
2026-03-20,google,search_pmax,qs,1899-12-30
2026-03-20,google,search_pmax,cp,1900-04-2
2026-03-20,meta,meta_bof,spend,1993-02-28
2026-03-20,meta,meta_bof,impressions,10652-10-3
2026-03-20,meta,meta_bof,clicks,2086-10-11
2026-03-20,meta,meta_bof,qs,1902-09-24
2026-03-20,meta,meta_bof,cp,1900-05-30
2026-03-20,meta,meta_mof,spend,1899-12-30
2026-03-20,meta,meta_mof,impressions,1899-12-30
2026-03-20,meta,meta_mof,clicks,1899-12-30
2026-03-20,meta,meta_mof,qs,1899-12-30
2026-03-20,meta,meta_mof,cp,1899-12-30
2026-03-20,meta,meta_tof,spend,1929-01-26
2026-03-20,meta,meta_tof,impressions,4494-09-12
2026-03-20,meta,meta_tof,clicks,1920-07-1
2026-03-20,meta,meta_tof,qs,1901-03-14
2026-03-20,meta,meta_tof,cp,1900-01-16
2026-03-20,tiktok,tiktok,spend,1913-05-7
2026-03-20,tiktok,tiktok,impressions,4492-05-15
2026-03-20,tiktok,tiktok,clicks,1910-11-8
2026-03-20,tiktok,tiktok,qs,1900-08-5
2026-03-20,tiktok,tiktok,cp,1900-04-18
2026-03-19,google,search_brand,spend,1920-03-20
2026-03-19,google,search_brand,impressions,1928-09-8
2026-03-19,google,search_brand,clicks,1906-07-19
2026-03-19,google,search_brand,qs,1901-12-2
2026-03-19,google,search_brand,cp,1900-06-21
2026-03-19,google,search_nb,spend,1948-02-5
2026-03-19,google,search_nb,impressions,2225-07-10
2026-03-19,google,search_nb,clicks,1910-05-30
2026-03-19,google,search_nb,qs,1903-02-14
2026-03-19,google,search_nb,cp,1900-06-28
2026-03-19,google,search_pmax,spend,1933-06-15
2026-03-19,google,search_pmax,impressions,2771-04-13
2026-03-19,google,search_pmax,clicks,1906-09-24
2026-03-19,google,search_pmax,qs,1899-12-30
2026-03-19,google,search_pmax,cp,1900-04-7
2026-03-19,meta,meta_bof,spend,1994-12-27
2026-03-19,meta,meta_bof,impressions,10977-09-7
2026-03-19,meta,meta_bof,clicks,2074-09-23
2026-03-19,meta,meta_bof,qs,1902-09-29
2026-03-19,meta,meta_bof,cp,1900-05-13
2026-03-19,meta,meta_mof,spend,1899-12-30
2026-03-19,meta,meta_mof,impressions,1899-12-30
2026-03-19,meta,meta_mof,clicks,1899-12-30
2026-03-19,meta,meta_mof,qs,1899-12-30
2026-03-19,meta,meta_mof,cp,1899-12-30
2026-03-19,meta,meta_tof,spend,1929-04-3
2026-03-19,meta,meta_tof,impressions,4326-07-27
2026-03-19,meta,meta_tof,clicks,1921-09-20
2026-03-19,meta,meta_tof,qs,1901-04-1
2026-03-19,meta,meta_tof,cp,1900-01-18
2026-03-19,tiktok,tiktok,spend,1914-06-15
2026-03-19,tiktok,tiktok,impressions,5977-12-27
2026-03-19,tiktok,tiktok,clicks,1921-06-14
2026-03-19,tiktok,tiktok,qs,1900-10-19
2026-03-19,tiktok,tiktok,cp,1900-05-29
2026-03-18,google,search_brand,spend,1919-10-15
2026-03-18,google,search_brand,impressions,1928-06-15
2026-03-18,google,search_brand,clicks,1906-10-4
2026-03-18,google,search_brand,qs,1902-02-14
2026-03-18,google,search_brand,cp,1900-06-19
2026-03-18,google,search_nb,spend,1963-07-14
2026-03-18,google,search_nb,impressions,2289-02-28
2026-03-18,google,search_nb,clicks,1913-05-6
2026-03-18,google,search_nb,qs,1903-12-22
2026-03-18,google,search_nb,cp,1900-06-18
2026-03-18,google,search_pmax,spend,1938-05-10
2026-03-18,google,search_pmax,impressions,3233-12-19
2026-03-18,google,search_pmax,clicks,1907-08-30
2026-03-18,google,search_pmax,qs,1899-12-30
2026-03-18,google,search_pmax,cp,1900-04-5
2026-03-18,meta,meta_bof,spend,1973-10-16
2026-03-18,meta,meta_bof,impressions,9895-05-2
2026-03-18,meta,meta_bof,clicks,2027-12-16
2026-03-18,meta,meta_bof,qs,1902-07-24
2026-03-18,meta,meta_bof,cp,1900-05-10
2026-03-18,meta,meta_mof,spend,1899-12-30
2026-03-18,meta,meta_mof,impressions,1899-12-30
2026-03-18,meta,meta_mof,clicks,1899-12-30
2026-03-18,meta,meta_mof,qs,1899-12-30
2026-03-18,meta,meta_mof,cp,1899-12-30
2026-03-18,meta,meta_tof,spend,1928-05-22
2026-03-18,meta,meta_tof,impressions,4310-10-13
2026-03-18,meta,meta_tof,clicks,1923-03-30
2026-03-18,meta,meta_tof,qs,1901-04-25
2026-03-18,meta,meta_tof,cp,1900-01-18
2026-03-18,tiktok,tiktok,spend,1913-11-22
2026-03-18,tiktok,tiktok,impressions,5136-10-7
2026-03-18,tiktok,tiktok,clicks,1918-06-14
2026-03-18,tiktok,tiktok,qs,1900-10-31
2026-03-18,tiktok,tiktok,cp,1900-06-2
2026-03-17,google,search_brand,spend,1920-02-13
2026-03-17,google,search_brand,impressions,1925-03-25
2026-03-17,google,search_brand,clicks,1907-01-3
2026-03-17,google,search_brand,qs,1902-03-10
2026-03-17,google,search_brand,cp,1900-05-31
2026-03-17,google,search_nb,spend,1962-05-25
2026-03-17,google,search_nb,impressions,2284-01-31
2026-03-17,google,search_nb,clicks,1912-12-19
2026-03-17,google,search_nb,qs,1904-01-17
2026-03-17,google,search_nb,cp,1900-07-26
2026-03-17,google,search_pmax,spend,1934-09-27
2026-03-17,google,search_pmax,impressions,3356-10-27
2026-03-17,google,search_pmax,clicks,1907-05-31
2026-03-17,google,search_pmax,qs,1899-12-30
2026-03-17,google,search_pmax,cp,1900-03-27
2026-03-17,meta,meta_bof,spend,1962-10-5
2026-03-17,meta,meta_bof,impressions,7636-03-17
2026-03-17,meta,meta_bof,clicks,1991-10-6
2026-03-17,meta,meta_bof,qs,1901-11-16
2026-03-17,meta,meta_bof,cp,1900-04-8
2026-03-17,meta,meta_mof,spend,1899-12-30
2026-03-17,meta,meta_mof,impressions,1899-12-30
2026-03-17,meta,meta_mof,clicks,1899-12-30
2026-03-17,meta,meta_mof,qs,1899-12-30
2026-03-17,meta,meta_mof,cp,1899-12-30
2026-03-17,meta,meta_tof,spend,1935-02-21
2026-03-17,meta,meta_tof,impressions,4746-10-4
2026-03-17,meta,meta_tof,clicks,1929-08-31
2026-03-17,meta,meta_tof,qs,1901-10-9
2026-03-17,meta,meta_tof,cp,1900-01-21
2026-03-17,tiktok,tiktok,spend,1914-03-11
2026-03-17,tiktok,tiktok,impressions,5984-09-28
2026-03-17,tiktok,tiktok,clicks,1914-03-29
2026-03-17,tiktok,tiktok,qs,1900-08-27
2026-03-17,tiktok,tiktok,cp,1900-05-30
2026-03-16,google,search_brand,spend,1918-05-18
2026-03-16,google,search_brand,impressions,1929-01-8
2026-03-16,google,search_brand,clicks,1906-11-24
2026-03-16,google,search_brand,qs,1902-02-21
2026-03-16,google,search_brand,cp,1900-05-27
2026-03-16,google,search_nb,spend,1950-01-22
2026-03-16,google,search_nb,impressions,2213-02-8
2026-03-16,google,search_nb,clicks,1910-01-28
2026-03-16,google,search_nb,qs,1903-01-7
2026-03-16,google,search_nb,cp,1900-04-11
2026-03-16,google,search_pmax,spend,1935-02-15
2026-03-16,google,search_pmax,impressions,3132-07-24
2026-03-16,google,search_pmax,clicks,1906-10-25
2026-03-16,google,search_pmax,qs,1899-12-30
2026-03-16,google,search_pmax,cp,1900-03-30
2026-03-16,meta,meta_bof,spend,1941-11-29
2026-03-16,meta,meta_bof,impressions,5341-04-6
2026-03-16,meta,meta_bof,clicks,1985-11-26
2026-03-16,meta,meta_bof,qs,1901-06-23
2026-03-16,meta,meta_bof,cp,1900-03-2
2026-03-16,meta,meta_mof,spend,1899-12-30
2026-03-16,meta,meta_mof,impressions,1899-12-30
2026-03-16,meta,meta_mof,clicks,1899-12-30
2026-03-16,meta,meta_mof,qs,1899-12-30
2026-03-16,meta,meta_mof,cp,1899-12-30
2026-03-16,meta,meta_tof,spend,1933-10-19
2026-03-16,meta,meta_tof,impressions,4780-03-16
2026-03-16,meta,meta_tof,clicks,1930-11-9
2026-03-16,meta,meta_tof,qs,1901-06-26
2026-03-16,meta,meta_tof,cp,1900-01-13
2026-03-16,tiktok,tiktok,spend,1925-01-20
2026-03-16,tiktok,tiktok,impressions,9720-11-20
2026-03-16,tiktok,tiktok,clicks,1930-02-17
2026-03-16,tiktok,tiktok,qs,1900-04-10
2026-03-16,tiktok,tiktok,cp,1900-06-17
2026-03-15,google,search_brand,spend,1916-07-3
2026-03-15,google,search_brand,impressions,1922-07-4
2026-03-15,google,search_brand,clicks,1905-10-18
2026-03-15,google,search_brand,qs,1901-10-28
2026-03-15,google,search_brand,cp,1900-05-15
2026-03-15,google,search_nb,spend,1938-06-26
2026-03-15,google,search_nb,impressions,2144-04-16
2026-03-15,google,search_nb,clicks,1908-02-8
2026-03-15,google,search_nb,qs,1902-06-27
2026-03-15,google,search_nb,cp,1900-04-6
2026-03-15,google,search_pmax,spend,1935-11-24
2026-03-15,google,search_pmax,impressions,3084-10-1
2026-03-15,google,search_pmax,clicks,1906-07-8
2026-03-15,google,search_pmax,qs,1899-12-30
2026-03-15,google,search_pmax,cp,1900-03-29
2026-03-15,meta,meta_bof,spend,1943-04-12
2026-03-15,meta,meta_bof,impressions,5666-09-17
2026-03-15,meta,meta_bof,clicks,1988-04-1
2026-03-15,meta,meta_bof,qs,1901-06-15
2026-03-15,meta,meta_bof,cp,1900-03-11
2026-03-15,meta,meta_mof,spend,1899-12-30
2026-03-15,meta,meta_mof,impressions,1899-12-30
2026-03-15,meta,meta_mof,clicks,1899-12-30
2026-03-15,meta,meta_mof,qs,1899-12-30
2026-03-15,meta,meta_mof,cp,1899-12-30
2026-03-15,meta,meta_tof,spend,1932-10-4
2026-03-15,meta,meta_tof,impressions,4626-12-3
2026-03-15,meta,meta_tof,clicks,1926-06-9
2026-03-15,meta,meta_tof,qs,1901-08-3
2026-03-15,meta,meta_tof,cp,1900-01-16
2026-03-15,tiktok,tiktok,spend,1921-09-29
2026-03-15,tiktok,tiktok,impressions,11532-06-27
2026-03-15,tiktok,tiktok,clicks,1935-03-7
2026-03-15,tiktok,tiktok,qs,1900-01-28
2026-03-15,tiktok,tiktok,cp,1900-06-3
2026-03-14,google,search_brand,spend,1916-09-5
2026-03-14,google,search_brand,impressions,1921-04-7
2026-03-14,google,search_brand,clicks,1905-01-19
2026-03-14,google,search_brand,qs,1901-08-20
2026-03-14,google,search_brand,cp,1900-05-8
2026-03-14,google,search_nb,spend,1953-11-28
2026-03-14,google,search_nb,impressions,2208-01-27
2026-03-14,google,search_nb,clicks,1909-12-4
2026-03-14,google,search_nb,qs,1903-02-6
2026-03-14,google,search_nb,cp,1900-05-18
2026-03-14,google,search_pmax,spend,1932-11-14
2026-03-14,google,search_pmax,impressions,3080-06-6
2026-03-14,google,search_pmax,clicks,1905-11-7
2026-03-14,google,search_pmax,qs,1899-12-30
2026-03-14,google,search_pmax,cp,1900-04-9
2026-03-14,meta,meta_bof,spend,1941-04-15
2026-03-14,meta,meta_bof,impressions,5675-01-11
2026-03-14,meta,meta_bof,clicks,1982-04-19
2026-03-14,meta,meta_bof,qs,1901-05-23
2026-03-14,meta,meta_bof,cp,1900-03-1
2026-03-14,meta,meta_mof,spend,1899-12-30
2026-03-14,meta,meta_mof,impressions,1899-12-30
2026-03-14,meta,meta_mof,clicks,1899-12-30
2026-03-14,meta,meta_mof,qs,1899-12-30
2026-03-14,meta,meta_mof,cp,1899-12-30
2026-03-14,meta,meta_tof,spend,1927-10-5
2026-03-14,meta,meta_tof,impressions,4009-06-12
2026-03-14,meta,meta_tof,clicks,1922-10-28
2026-03-14,meta,meta_tof,qs,1901-03-20
2026-03-14,meta,meta_tof,cp,1900-01-15
2026-03-14,tiktok,tiktok,spend,1921-11-14
2026-03-14,tiktok,tiktok,impressions,8745-04-12
2026-03-14,tiktok,tiktok,clicks,1923-10-14
2026-03-14,tiktok,tiktok,qs,1900-01-11
2026-03-14,tiktok,tiktok,cp,1900-05-1
2026-03-13,google,search_brand,spend,1916-06-22
2026-03-13,google,search_brand,impressions,1916-07-22
2026-03-13,google,search_brand,clicks,1905-03-20
2026-03-13,google,search_brand,qs,1901-08-16
2026-03-13,google,search_brand,cp,1900-05-13
2026-03-13,google,search_nb,spend,1955-06-12
2026-03-13,google,search_nb,impressions,2268-11-10
2026-03-13,google,search_nb,clicks,1910-08-9
2026-03-13,google,search_nb,qs,1903-02-21
2026-03-13,google,search_nb,cp,1900-05-27
2026-03-13,google,search_pmax,spend,1930-03-9
2026-03-13,google,search_pmax,impressions,3037-08-4
2026-03-13,google,search_pmax,clicks,1905-09-2
2026-03-13,google,search_pmax,qs,1899-12-30
2026-03-13,google,search_pmax,cp,1900-03-19
2026-03-13,meta,meta_bof,spend,1942-12-2
2026-03-13,meta,meta_bof,impressions,5928-02-10
2026-03-13,meta,meta_bof,clicks,1979-03-19
2026-03-13,meta,meta_bof,qs,1901-06-25
2026-03-13,meta,meta_bof,cp,1900-03-27
2026-03-13,meta,meta_mof,spend,1899-12-30
2026-03-13,meta,meta_mof,impressions,1899-12-30
2026-03-13,meta,meta_mof,clicks,1899-12-30
2026-03-13,meta,meta_mof,qs,1899-12-30
2026-03-13,meta,meta_mof,cp,1899-12-30
2026-03-13,meta,meta_tof,spend,1925-07-27
2026-03-13,meta,meta_tof,impressions,3950-01-28
2026-03-13,meta,meta_tof,clicks,1920-07-26
2026-03-13,meta,meta_tof,qs,1901-03-26
2026-03-13,meta,meta_tof,cp,1900-01-24
2026-03-13,tiktok,tiktok,spend,1921-12-5
2026-03-13,tiktok,tiktok,impressions,6053-11-28
2026-03-13,tiktok,tiktok,clicks,1918-03-9
2026-03-13,tiktok,tiktok,qs,1900-01-9
2026-03-13,tiktok,tiktok,cp,1900-05-7
2026-03-12,google,search_brand,spend,1916-05-9
2026-03-12,google,search_brand,impressions,1915-03-8
2026-03-12,google,search_brand,clicks,1906-03-5
2026-03-12,google,search_brand,qs,1901-11-25
2026-03-12,google,search_brand,cp,1900-06-5
2026-03-12,google,search_nb,spend,1952-11-22
2026-03-12,google,search_nb,impressions,2274-09-22
2026-03-12,google,search_nb,clicks,1910-07-1
2026-03-12,google,search_nb,qs,1902-10-30
2026-03-12,google,search_nb,cp,1900-04-19
2026-03-12,google,search_pmax,spend,1932-12-28
2026-03-12,google,search_pmax,impressions,3154-11-14
2026-03-12,google,search_pmax,clicks,1906-05-4
2026-03-12,google,search_pmax,qs,1899-12-30
2026-03-12,google,search_pmax,cp,1900-04-4
2026-03-12,meta,meta_bof,spend,1942-10-20
2026-03-12,meta,meta_bof,impressions,5649-10-9
2026-03-12,meta,meta_bof,clicks,1984-07-6
2026-03-12,meta,meta_bof,qs,1902-01-12
2026-03-12,meta,meta_bof,cp,1900-03-28
2026-03-12,meta,meta_mof,spend,1899-12-30
2026-03-12,meta,meta_mof,impressions,1899-12-30
2026-03-12,meta,meta_mof,clicks,1899-12-30
2026-03-12,meta,meta_mof,qs,1899-12-30
2026-03-12,meta,meta_mof,cp,1899-12-30
2026-03-12,meta,meta_tof,spend,1935-05-28
2026-03-12,meta,meta_tof,impressions,4701-02-1
2026-03-12,meta,meta_tof,clicks,1929-01-15
2026-03-12,meta,meta_tof,qs,1901-11-24
2026-03-12,meta,meta_tof,cp,1900-01-25
2026-03-12,tiktok,tiktok,spend,1941-06-26
2026-03-12,tiktok,tiktok,impressions,11791-01-18
2026-03-12,tiktok,tiktok,clicks,1948-02-29
2026-03-12,tiktok,tiktok,qs,1900-01-15
2026-03-12,tiktok,tiktok,cp,1900-07-29
2026-03-11,google,search_brand,spend,1915-09-28
2026-03-11,google,search_brand,impressions,1914-06-14
2026-03-11,google,search_brand,clicks,1906-02-23
2026-03-11,google,search_brand,qs,1902-01-22
2026-03-11,google,search_brand,cp,1900-06-1
2026-03-11,google,search_nb,spend,1949-05-30
2026-03-11,google,search_nb,impressions,2260-01-11
2026-03-11,google,search_nb,clicks,1910-02-2
2026-03-11,google,search_nb,qs,1902-09-25
2026-03-11,google,search_nb,cp,1900-05-22
2026-03-11,google,search_pmax,spend,1934-11-28
2026-03-11,google,search_pmax,impressions,3271-09-9
2026-03-11,google,search_pmax,clicks,1906-09-19
2026-03-11,google,search_pmax,qs,1899-12-30
2026-03-11,google,search_pmax,cp,1900-04-4
2026-03-11,meta,meta_bof,spend,1983-01-19
2026-03-11,meta,meta_bof,impressions,11743-05-30
2026-03-11,meta,meta_bof,clicks,2052-12-27
2026-03-11,meta,meta_bof,qs,1903-01-18
2026-03-11,meta,meta_bof,cp,1900-05-9
2026-03-11,meta,meta_mof,spend,1899-12-30
2026-03-11,meta,meta_mof,impressions,1899-12-30
2026-03-11,meta,meta_mof,clicks,1899-12-30
2026-03-11,meta,meta_mof,qs,1899-12-30
2026-03-11,meta,meta_mof,cp,1899-12-30
2026-03-11,meta,meta_tof,spend,1936-04-30
2026-03-11,meta,meta_tof,impressions,4700-07-4
2026-03-11,meta,meta_tof,clicks,1927-07-22
2026-03-11,meta,meta_tof,qs,1902-02-7
2026-03-11,meta,meta_tof,cp,1900-01-19
2026-03-11,tiktok,tiktok,spend,1932-11-25
2026-03-11,tiktok,tiktok,impressions,8835-01-4
2026-03-11,tiktok,tiktok,clicks,1941-04-18
2026-03-11,tiktok,tiktok,qs,1900-01-8
2026-03-11,tiktok,tiktok,cp,1900-07-5
2026-03-10,google,search_brand,spend,1915-07-15
2026-03-10,google,search_brand,impressions,1915-06-26
2026-03-10,google,search_brand,clicks,1907-01-6
2026-03-10,google,search_brand,qs,1902-04-9
2026-03-10,google,search_brand,cp,1900-06-24
2026-03-10,google,search_nb,spend,1958-09-16
2026-03-10,google,search_nb,impressions,2264-05-31
2026-03-10,google,search_nb,clicks,1911-03-25
2026-03-10,google,search_nb,qs,1903-04-9
2026-03-10,google,search_nb,cp,1900-05-28
2026-03-10,google,search_pmax,spend,1929-10-30
2026-03-10,google,search_pmax,impressions,3301-09-9
2026-03-10,google,search_pmax,clicks,1905-12-17
2026-03-10,google,search_pmax,qs,1899-12-30
2026-03-10,google,search_pmax,cp,1900-03-24
2026-03-10,meta,meta_bof,spend,2008-06-6
2026-03-10,meta,meta_bof,impressions,15114-10-2
2026-03-10,meta,meta_bof,clicks,2100-05-2
2026-03-10,meta,meta_bof,qs,1903-12-1
2026-03-10,meta,meta_bof,cp,1900-05-18
2026-03-10,meta,meta_mof,spend,1899-12-30
2026-03-10,meta,meta_mof,impressions,1899-12-30
2026-03-10,meta,meta_mof,clicks,1899-12-30
2026-03-10,meta,meta_mof,qs,1899-12-30
2026-03-10,meta,meta_mof,cp,1899-12-30
2026-03-10,meta,meta_tof,spend,1930-06-14
2026-03-10,meta,meta_tof,impressions,4388-08-23
2026-03-10,meta,meta_tof,clicks,1923-09-22
2026-03-10,meta,meta_tof,qs,1901-12-23
2026-03-10,meta,meta_tof,cp,1900-01-25
2026-03-10,tiktok,tiktok,spend,1955-05-22
2026-03-10,tiktok,tiktok,impressions,14911-03-13
2026-03-10,tiktok,tiktok,clicks,1968-03-10
2026-03-10,tiktok,tiktok,qs,1900-01-2
2026-03-10,tiktok,tiktok,cp,1900-08-18
2026-03-9,google,search_brand,spend,1916-04-1
2026-03-9,google,search_brand,impressions,1917-05-6
2026-03-9,google,search_brand,clicks,1907-03-4
2026-03-9,google,search_brand,qs,1902-05-17
2026-03-9,google,search_brand,cp,1900-05-24
2026-03-9,google,search_nb,spend,1956-01-30
2026-03-9,google,search_nb,impressions,2226-04-5
2026-03-9,google,search_nb,clicks,1911-07-31
2026-03-9,google,search_nb,qs,1903-03-7
2026-03-9,google,search_nb,cp,1900-06-5
2026-03-9,google,search_pmax,spend,1932-05-6
2026-03-9,google,search_pmax,impressions,3290-09-5
2026-03-9,google,search_pmax,clicks,1907-01-23
2026-03-9,google,search_pmax,qs,1899-12-30
2026-03-9,google,search_pmax,cp,1900-04-28
2026-03-9,meta,meta_bof,spend,2018-07-28
2026-03-9,meta,meta_bof,impressions,18804-07-19
2026-03-9,meta,meta_bof,clicks,2126-12-20
2026-03-9,meta,meta_bof,qs,1904-08-4
2026-03-9,meta,meta_bof,cp,1900-06-18
2026-03-9,meta,meta_mof,spend,1899-12-30
2026-03-9,meta,meta_mof,impressions,1899-12-30
2026-03-9,meta,meta_mof,clicks,1899-12-30
2026-03-9,meta,meta_mof,qs,1899-12-30
2026-03-9,meta,meta_mof,cp,1899-12-30
2026-03-9,meta,meta_tof,spend,1933-12-23
2026-03-9,meta,meta_tof,impressions,4782-10-30
2026-03-9,meta,meta_tof,clicks,1926-10-28
2026-03-9,meta,meta_tof,qs,1902-06-29
2026-03-9,meta,meta_tof,cp,1900-01-26
2026-03-9,tiktok,tiktok,spend,1948-11-30
2026-03-9,tiktok,tiktok,impressions,16163-12-12
2026-03-9,tiktok,tiktok,clicks,1974-04-6
2026-03-9,tiktok,tiktok,qs,1899-12-30
2026-03-9,tiktok,tiktok,cp,1900-08-26
2026-03-8,google,search_brand,spend,1916-08-8
2026-03-8,google,search_brand,impressions,1918-03-13
2026-03-8,google,search_brand,clicks,1906-11-6
2026-03-8,google,search_brand,qs,1902-03-30
2026-03-8,google,search_brand,cp,1900-06-15
2026-03-8,google,search_nb,spend,1959-01-10
2026-03-8,google,search_nb,impressions,2223-06-7
2026-03-8,google,search_nb,clicks,1912-02-2
2026-03-8,google,search_nb,qs,1903-06-7
2026-03-8,google,search_nb,cp,1900-05-10
2026-03-8,google,search_pmax,spend,1935-01-16
2026-03-8,google,search_pmax,impressions,3315-01-21
2026-03-8,google,search_pmax,clicks,1907-05-29
2026-03-8,google,search_pmax,qs,1899-12-30
2026-03-8,google,search_pmax,cp,1900-04-15
2026-03-8,meta,meta_bof,spend,2060-07-28
2026-03-8,meta,meta_bof,impressions,24480-11-28
2026-03-8,meta,meta_bof,clicks,2151-11-11
2026-03-8,meta,meta_bof,qs,1904-09-14
2026-03-8,meta,meta_bof,cp,1900-05-21
2026-03-8,meta,meta_mof,spend,1899-12-30
2026-03-8,meta,meta_mof,impressions,1899-12-30
2026-03-8,meta,meta_mof,clicks,1899-12-30
2026-03-8,meta,meta_mof,qs,1899-12-30
2026-03-8,meta,meta_mof,cp,1899-12-30
2026-03-8,meta,meta_tof,spend,1938-03-29
2026-03-8,meta,meta_tof,impressions,5251-04-29
2026-03-8,meta,meta_tof,clicks,1927-11-25
2026-03-8,meta,meta_tof,qs,1902-11-6
2026-03-8,meta,meta_tof,cp,1900-01-27
2026-03-8,tiktok,tiktok,spend,1899-12-30
2026-03-8,tiktok,tiktok,impressions,1900-09-20
2026-03-8,tiktok,tiktok,clicks,1899-12-31
2026-03-8,tiktok,tiktok,qs,1899-12-30
2026-03-8,tiktok,tiktok,cp,1899-12-30
2026-03-7,google,search_brand,spend,1916-06-29
2026-03-7,google,search_brand,impressions,1917-07-10
2026-03-7,google,search_brand,clicks,1906-06-12
2026-03-7,google,search_brand,qs,1902-01-21
2026-03-7,google,search_brand,cp,1900-06-30
2026-03-7,google,search_nb,spend,1959-01-30
2026-03-7,google,search_nb,impressions,2233-12-12
2026-03-7,google,search_nb,clicks,1911-03-13
2026-03-7,google,search_nb,qs,1903-02-6
2026-03-7,google,search_nb,cp,1900-06-3
2026-03-7,google,search_pmax,spend,1935-08-29
2026-03-7,google,search_pmax,impressions,3223-02-12
2026-03-7,google,search_pmax,clicks,1907-04-29
2026-03-7,google,search_pmax,qs,1899-12-30
2026-03-7,google,search_pmax,cp,1900-04-9
2026-03-7,meta,meta_bof,spend,2077-01-11
2026-03-7,meta,meta_bof,impressions,24799-10-14
2026-03-7,meta,meta_bof,clicks,2155-04-10
2026-03-7,meta,meta_bof,qs,1905-04-21
2026-03-7,meta,meta_bof,cp,1900-07-25
2026-03-7,meta,meta_mof,spend,1899-12-30
2026-03-7,meta,meta_mof,impressions,1899-12-30
2026-03-7,meta,meta_mof,clicks,1899-12-30
2026-03-7,meta,meta_mof,qs,1899-12-30
2026-03-7,meta,meta_mof,cp,1899-12-30
2026-03-7,meta,meta_tof,spend,1932-02-23
2026-03-7,meta,meta_tof,impressions,4819-02-12
2026-03-7,meta,meta_tof,clicks,1924-09-29
2026-03-7,meta,meta_tof,qs,1902-03-28
2026-03-7,meta,meta_tof,cp,1900-01-28
2026-03-7,tiktok,tiktok,spend,1899-12-30
2026-03-7,tiktok,tiktok,impressions,1909-11-17
2026-03-7,tiktok,tiktok,clicks,1900-01-9
2026-03-7,tiktok,tiktok,qs,1899-12-30
2026-03-7,tiktok,tiktok,cp,1899-12-31
2026-03-6,google,search_brand,spend,1916-11-27
2026-03-6,google,search_brand,impressions,1918-01-15
2026-03-6,google,search_brand,clicks,1906-10-24
2026-03-6,google,search_brand,qs,1902-03-7
2026-03-6,google,search_brand,cp,1900-05-30
2026-03-6,google,search_nb,spend,1960-06-10
2026-03-6,google,search_nb,impressions,2232-07-18
2026-03-6,google,search_nb,clicks,1911-03-20
2026-03-6,google,search_nb,qs,1903-01-8
2026-03-6,google,search_nb,cp,1900-05-26
2026-03-6,google,search_pmax,spend,1932-01-29
2026-03-6,google,search_pmax,impressions,3233-04-12
2026-03-6,google,search_pmax,clicks,1906-06-21
2026-03-6,google,search_pmax,qs,1899-12-30
2026-03-6,google,search_pmax,cp,1900-04-13
2026-03-6,meta,meta_bof,spend,2086-12-25
2026-03-6,meta,meta_bof,impressions,25889-06-19
2026-03-6,meta,meta_bof,clicks,2154-07-6
2026-03-6,meta,meta_bof,qs,1906-05-17
2026-03-6,meta,meta_bof,cp,1900-10-29
2026-03-6,meta,meta_mof,spend,1899-12-30
2026-03-6,meta,meta_mof,impressions,1899-12-30
2026-03-6,meta,meta_mof,clicks,1899-12-30
2026-03-6,meta,meta_mof,qs,1899-12-30
2026-03-6,meta,meta_mof,cp,1899-12-30
2026-03-6,meta,meta_tof,spend,1932-04-19
2026-03-6,meta,meta_tof,impressions,4866-08-28
2026-03-6,meta,meta_tof,clicks,1924-04-13
2026-03-6,meta,meta_tof,qs,1902-04-17
2026-03-6,meta,meta_tof,cp,1900-02-1
2026-03-6,tiktok,tiktok,spend,1927-04-2
2026-03-6,tiktok,tiktok,impressions,9672-09-8
2026-03-6,tiktok,tiktok,clicks,1928-01-30
2026-03-6,tiktok,tiktok,qs,1899-12-30
2026-03-6,tiktok,tiktok,cp,1900-07-15
2026-03-5,google,search_brand,spend,1915-10-4
2026-03-5,google,search_brand,impressions,1916-09-29
2026-03-5,google,search_brand,clicks,1907-07-20
2026-03-5,google,search_brand,qs,1902-05-25
2026-03-5,google,search_brand,cp,1900-08-2
2026-03-5,google,search_nb,spend,1956-09-18
2026-03-5,google,search_nb,impressions,2185-11-3
2026-03-5,google,search_nb,clicks,1910-05-28
2026-03-5,google,search_nb,qs,1903-01-5
2026-03-5,google,search_nb,cp,1900-06-2
2026-03-5,google,search_pmax,spend,1928-09-4
2026-03-5,google,search_pmax,impressions,3224-12-18
2026-03-5,google,search_pmax,clicks,1906-07-4
2026-03-5,google,search_pmax,qs,1899-12-30
2026-03-5,google,search_pmax,cp,1900-05-4
2026-03-5,meta,meta_bof,spend,2082-01-18
2026-03-5,meta,meta_bof,impressions,26595-09-29
2026-03-5,meta,meta_bof,clicks,2132-02-11
2026-03-5,meta,meta_bof,qs,1905-10-28
2026-03-5,meta,meta_bof,cp,1900-09-27
2026-03-5,meta,meta_mof,spend,1899-12-30
2026-03-5,meta,meta_mof,impressions,1899-12-30
2026-03-5,meta,meta_mof,clicks,1899-12-30
2026-03-5,meta,meta_mof,qs,1899-12-30
2026-03-5,meta,meta_mof,cp,1899-12-30
2026-03-5,meta,meta_tof,spend,1939-06-19
2026-03-5,meta,meta_tof,impressions,5680-03-23
2026-03-5,meta,meta_tof,clicks,1931-06-27
2026-03-5,meta,meta_tof,qs,1902-06-21
2026-03-5,meta,meta_tof,cp,1900-01-28
2026-03-5,tiktok,tiktok,spend,1946-04-2
2026-03-5,tiktok,tiktok,impressions,12417-01-24
2026-03-5,tiktok,tiktok,clicks,1949-02-3
2026-03-5,tiktok,tiktok,qs,1899-12-30
2026-03-5,tiktok,tiktok,cp,1900-09-1
2026-03-4,google,search_brand,spend,1915-10-2
2026-03-4,google,search_brand,impressions,1913-12-23
2026-03-4,google,search_brand,clicks,1907-02-5
2026-03-4,google,search_brand,qs,1902-03-19
2026-03-4,google,search_brand,cp,1900-06-1
2026-03-4,google,search_nb,spend,1956-09-9
2026-03-4,google,search_nb,impressions,2170-03-23
2026-03-4,google,search_nb,clicks,1910-10-9
2026-03-4,google,search_nb,qs,1903-03-8
2026-03-4,google,search_nb,cp,1900-05-30
2026-03-4,google,search_pmax,spend,1928-04-21
2026-03-4,google,search_pmax,impressions,3228-12-18
2026-03-4,google,search_pmax,clicks,1906-06-2
2026-03-4,google,search_pmax,qs,1899-12-30
2026-03-4,google,search_pmax,cp,1900-04-14
2026-03-4,meta,meta_bof,spend,2083-08-2
2026-03-4,meta,meta_bof,impressions,27617-03-17
2026-03-4,meta,meta_bof,clicks,2132-11-4
2026-03-4,meta,meta_bof,qs,1905-09-6
2026-03-4,meta,meta_bof,cp,1900-09-25
2026-03-4,meta,meta_mof,spend,1899-12-30
2026-03-4,meta,meta_mof,impressions,1899-12-30
2026-03-4,meta,meta_mof,clicks,1899-12-30
2026-03-4,meta,meta_mof,qs,1899-12-30
2026-03-4,meta,meta_mof,cp,1899-12-30
2026-03-4,meta,meta_tof,spend,1936-05-22
2026-03-4,meta,meta_tof,impressions,5234-08-31
2026-03-4,meta,meta_tof,clicks,1927-06-4
2026-03-4,meta,meta_tof,qs,1902-06-9
2026-03-4,meta,meta_tof,cp,1900-02-5
2026-03-4,tiktok,tiktok,spend,1946-03-6
2026-03-4,tiktok,tiktok,impressions,12257-12-3
2026-03-4,tiktok,tiktok,clicks,1945-07-12
2026-03-4,tiktok,tiktok,qs,1899-12-30
2026-03-4,tiktok,tiktok,cp,1900-07-30
2026-03-3,google,search_brand,spend,1914-11-29
2026-03-3,google,search_brand,impressions,1919-01-31
2026-03-3,google,search_brand,clicks,1902-09-3
2026-03-3,google,search_brand,qs,1900-08-31
2026-03-3,google,search_brand,cp,1900-02-2
2026-03-3,google,search_nb,spend,1949-09-23
2026-03-3,google,search_nb,impressions,2145-11-6
2026-03-3,google,search_nb,clicks,1908-12-24
2026-03-3,google,search_nb,qs,1902-08-31
2026-03-3,google,search_nb,cp,1900-05-21
2026-03-3,google,search_pmax,spend,1925-11-6
2026-03-3,google,search_pmax,impressions,3108-12-24
2026-03-3,google,search_pmax,clicks,1905-11-19
2026-03-3,google,search_pmax,qs,1899-12-30
2026-03-3,google,search_pmax,cp,1900-04-17
2026-03-3,meta,meta_bof,spend,2059-11-22
2026-03-3,meta,meta_bof,impressions,25773-10-22
2026-03-3,meta,meta_bof,clicks,2116-09-10
2026-03-3,meta,meta_bof,qs,1905-04-20
2026-03-3,meta,meta_bof,cp,1900-10-21
2026-03-3,meta,meta_mof,spend,1899-12-30
2026-03-3,meta,meta_mof,impressions,1899-12-30
2026-03-3,meta,meta_mof,clicks,1899-12-30
2026-03-3,meta,meta_mof,qs,1899-12-30
2026-03-3,meta,meta_mof,cp,1899-12-30
2026-03-3,meta,meta_tof,spend,1938-08-5
2026-03-3,meta,meta_tof,impressions,5545-12-23
2026-03-3,meta,meta_tof,clicks,1929-07-1
2026-03-3,meta,meta_tof,qs,1902-05-2
2026-03-3,meta,meta_tof,cp,1900-01-31
2026-03-3,tiktok,tiktok,spend,1933-10-16
2026-03-3,tiktok,tiktok,impressions,12733-04-21
2026-03-3,tiktok,tiktok,clicks,1959-05-18
2026-03-3,tiktok,tiktok,qs,1899-12-30
2026-03-3,tiktok,tiktok,cp,1900-06-1
2026-03-2,google,search_brand,spend,1912-08-18
2026-03-2,google,search_brand,impressions,2023-04-10
2026-03-2,google,search_brand,clicks,1906-04-29
2026-03-2,google,search_brand,qs,1900-11-15
2026-03-2,google,search_brand,cp,1900-02-22
2026-03-2,google,search_nb,spend,1951-07-9
2026-03-2,google,search_nb,impressions,2152-12-16
2026-03-2,google,search_nb,clicks,1909-08-31
2026-03-2,google,search_nb,qs,1902-12-16
2026-03-2,google,search_nb,cp,1900-05-10
2026-03-2,google,search_pmax,spend,1926-08-5
2026-03-2,google,search_pmax,impressions,3074-01-12
2026-03-2,google,search_pmax,clicks,1905-07-19
2026-03-2,google,search_pmax,qs,1899-12-30
2026-03-2,google,search_pmax,cp,1900-04-7
2026-03-2,meta,meta_bof,spend,2065-11-16
2026-03-2,meta,meta_bof,impressions,26841-06-25
2026-03-2,meta,meta_bof,clicks,2136-01-3
2026-03-2,meta,meta_bof,qs,1906-03-24
2026-03-2,meta,meta_bof,cp,1900-11-22
2026-03-2,meta,meta_mof,spend,1899-12-30
2026-03-2,meta,meta_mof,impressions,1899-12-30
2026-03-2,meta,meta_mof,clicks,1899-12-30
2026-03-2,meta,meta_mof,qs,1899-12-30
2026-03-2,meta,meta_mof,cp,1899-12-30
2026-03-2,meta,meta_tof,spend,1938-01-1
2026-03-2,meta,meta_tof,impressions,5693-04-4
2026-03-2,meta,meta_tof,clicks,1931-07-13
2026-03-2,meta,meta_tof,qs,1902-06-15
2026-03-2,meta,meta_tof,cp,1900-02-16
2026-03-2,tiktok,tiktok,spend,1944-02-23
2026-03-2,tiktok,tiktok,impressions,14764-11-14
2026-03-2,tiktok,tiktok,clicks,1983-09-13
2026-03-2,tiktok,tiktok,qs,1899-12-30
2026-03-2,tiktok,tiktok,cp,1900-09-11
2026-03-1,google,search_brand,spend,1913-07-26
2026-03-1,google,search_brand,impressions,2029-05-16
2026-03-1,google,search_brand,clicks,1906-11-15
2026-03-1,google,search_brand,qs,1900-11-6
2026-03-1,google,search_brand,cp,1900-02-21
2026-03-1,google,search_nb,spend,1948-06-5
2026-03-1,google,search_nb,impressions,2138-06-5
2026-03-1,google,search_nb,clicks,1909-09-21
2026-03-1,google,search_nb,qs,1902-12-4
2026-03-1,google,search_nb,cp,1900-05-26
2026-03-1,google,search_pmax,spend,1926-11-1
2026-03-1,google,search_pmax,impressions,3183-03-10
2026-03-1,google,search_pmax,clicks,1905-12-17
2026-03-1,google,search_pmax,qs,1899-12-30
2026-03-1,google,search_pmax,cp,1900-03-28
2026-03-1,meta,meta_bof,spend,2082-01-16
2026-03-1,meta,meta_bof,impressions,29146-02-10
2026-03-1,meta,meta_bof,clicks,2167-04-1
2026-03-1,meta,meta_bof,qs,1906-12-28
2026-03-1,meta,meta_bof,cp,1900-12-5
2026-03-1,meta,meta_mof,spend,1899-12-30
2026-03-1,meta,meta_mof,impressions,1899-12-30
2026-03-1,meta,meta_mof,clicks,1899-12-30
2026-03-1,meta,meta_mof,qs,1899-12-30
2026-03-1,meta,meta_mof,cp,1899-12-30
2026-03-1,meta,meta_tof,spend,1941-08-9
2026-03-1,meta,meta_tof,impressions,5974-07-22
2026-03-1,meta,meta_tof,clicks,1933-10-25
2026-03-1,meta,meta_tof,qs,1903-01-9
2026-03-1,meta,meta_tof,cp,1900-02-12
2026-03-1,tiktok,tiktok,spend,1948-03-24
2026-03-1,tiktok,tiktok,impressions,15863-12-1
2026-03-1,tiktok,tiktok,clicks,1979-02-11
2026-03-1,tiktok,tiktok,qs,1899-12-30
2026-03-1,tiktok,tiktok,cp,1900-10-20
2026-02-28,google,search_brand,spend,1911-12-11
2026-02-28,google,search_brand,impressions,2017-10-6
2026-02-28,google,search_brand,clicks,1905-12-9
2026-02-28,google,search_brand,qs,1900-10-7
2026-02-28,google,search_brand,cp,1900-02-25
2026-02-28,google,search_nb,spend,1944-09-15
2026-02-28,google,search_nb,impressions,2115-07-30
2026-02-28,google,search_nb,clicks,1908-07-17
2026-02-28,google,search_nb,qs,1902-07-18
2026-02-28,google,search_nb,cp,1900-05-4
2026-02-28,google,search_pmax,spend,1926-05-21
2026-02-28,google,search_pmax,impressions,2955-12-25
2026-02-28,google,search_pmax,clicks,1905-07-8
2026-02-28,google,search_pmax,qs,1899-12-30
2026-02-28,google,search_pmax,cp,1900-03-30
2026-02-28,meta,meta_bof,spend,2060-02-5
2026-02-28,meta,meta_bof,impressions,23505-01-17
2026-02-28,meta,meta_bof,clicks,2132-05-2
2026-02-28,meta,meta_bof,qs,1905-05-26
2026-02-28,meta,meta_bof,cp,1901-01-1
2026-02-28,meta,meta_mof,spend,1899-12-30
2026-02-28,meta,meta_mof,impressions,1899-12-30
2026-02-28,meta,meta_mof,clicks,1899-12-30
2026-02-28,meta,meta_mof,qs,1899-12-30
2026-02-28,meta,meta_mof,cp,1899-12-30
2026-02-28,meta,meta_tof,spend,1937-01-20
2026-02-28,meta,meta_tof,impressions,5448-11-23
2026-02-28,meta,meta_tof,clicks,1929-01-6
2026-02-28,meta,meta_tof,qs,1902-05-31
2026-02-28,meta,meta_tof,cp,1900-02-1
2026-02-28,tiktok,tiktok,spend,1936-10-4
2026-02-28,tiktok,tiktok,impressions,12835-07-15
2026-02-28,tiktok,tiktok,clicks,1948-04-16
2026-02-28,tiktok,tiktok,qs,1899-12-30
2026-02-28,tiktok,tiktok,cp,1900-07-21
2026-02-27,google,search_brand,spend,1911-12-28
2026-02-27,google,search_brand,impressions,2006-06-5
2026-02-27,google,search_brand,clicks,1905-12-18
2026-02-27,google,search_brand,qs,1900-11-1
2026-02-27,google,search_brand,cp,1900-03-5
2026-02-27,google,search_nb,spend,1945-08-31
2026-02-27,google,search_nb,impressions,2115-12-1
2026-02-27,google,search_nb,clicks,1908-09-22
2026-02-27,google,search_nb,qs,1902-10-19
2026-02-27,google,search_nb,cp,1900-07-2
2026-02-27,google,search_pmax,spend,1928-02-7
2026-02-27,google,search_pmax,impressions,2992-07-27
2026-02-27,google,search_pmax,clicks,1905-12-13
2026-02-27,google,search_pmax,qs,1899-12-30
2026-02-27,google,search_pmax,cp,1900-04-21
2026-02-27,meta,meta_bof,spend,2017-03-31
2026-02-27,meta,meta_bof,impressions,16075-07-15
2026-02-27,meta,meta_bof,clicks,2072-12-12
2026-02-27,meta,meta_bof,qs,1904-11-13
2026-02-27,meta,meta_bof,cp,1900-12-10
2026-02-27,meta,meta_mof,spend,1899-12-30
2026-02-27,meta,meta_mof,impressions,1899-12-30
2026-02-27,meta,meta_mof,clicks,1899-12-30
2026-02-27,meta,meta_mof,qs,1899-12-30
2026-02-27,meta,meta_mof,cp,1899-12-30
2026-02-27,meta,meta_tof,spend,1938-12-3
2026-02-27,meta,meta_tof,impressions,5750-09-20
2026-02-27,meta,meta_tof,clicks,1933-02-12
2026-02-27,meta,meta_tof,qs,1902-04-20
2026-02-27,meta,meta_tof,cp,1900-03-3
2026-02-27,tiktok,tiktok,spend,1941-01-10
2026-02-27,tiktok,tiktok,impressions,10228-06-22
2026-02-27,tiktok,tiktok,clicks,1939-12-6
2026-02-27,tiktok,tiktok,qs,1899-12-30
2026-02-27,tiktok,tiktok,cp,1900-09-21
2026-02-26,google,search_brand,spend,1912-11-24
2026-02-26,google,search_brand,impressions,2018-03-21
2026-02-26,google,search_brand,clicks,1906-05-10
2026-02-26,google,search_brand,qs,1900-09-20
2026-02-26,google,search_brand,cp,1900-02-10
2026-02-26,google,search_nb,spend,1946-07-9
2026-02-26,google,search_nb,impressions,2115-11-2
2026-02-26,google,search_nb,clicks,1909-03-13
2026-02-26,google,search_nb,qs,1902-11-4
2026-02-26,google,search_nb,cp,1900-06-7
2026-02-26,google,search_pmax,spend,1930-11-11
2026-02-26,google,search_pmax,impressions,3121-09-7
2026-02-26,google,search_pmax,clicks,1907-03-5
2026-02-26,google,search_pmax,qs,1899-12-30
2026-02-26,google,search_pmax,cp,1900-05-3
2026-02-26,meta,meta_bof,spend,2021-09-7
2026-02-26,meta,meta_bof,impressions,16710-06-6
2026-02-26,meta,meta_bof,clicks,2098-06-19
2026-02-26,meta,meta_bof,qs,1905-10-1
2026-02-26,meta,meta_bof,cp,1900-11-13
2026-02-26,meta,meta_mof,spend,1899-12-30
2026-02-26,meta,meta_mof,impressions,1899-12-30
2026-02-26,meta,meta_mof,clicks,1899-12-30
2026-02-26,meta,meta_mof,qs,1899-12-30
2026-02-26,meta,meta_mof,cp,1899-12-30
2026-02-26,meta,meta_tof,spend,1934-11-16
2026-02-26,meta,meta_tof,impressions,5642-01-24
2026-02-26,meta,meta_tof,clicks,1931-09-28
2026-02-26,meta,meta_tof,qs,1902-08-9
2026-02-26,meta,meta_tof,cp,1900-01-30
2026-02-26,tiktok,tiktok,spend,1944-01-14
2026-02-26,tiktok,tiktok,impressions,15520-01-19
2026-02-26,tiktok,tiktok,clicks,1980-04-26
2026-02-26,tiktok,tiktok,qs,1899-12-30
2026-02-26,tiktok,tiktok,cp,1901-02-9
2026-02-25,google,search_brand,spend,1913-08-24
2026-02-25,google,search_brand,impressions,2025-10-7
2026-02-25,google,search_brand,clicks,1906-10-27
2026-02-25,google,search_brand,qs,1900-12-2
2026-02-25,google,search_brand,cp,1900-03-2
2026-02-25,google,search_nb,spend,1948-12-4
2026-02-25,google,search_nb,impressions,2148-12-17
2026-02-25,google,search_nb,clicks,1910-07-29
2026-02-25,google,search_nb,qs,1903-02-14
2026-02-25,google,search_nb,cp,1900-05-28
2026-02-25,google,search_pmax,spend,1924-07-30
2026-02-25,google,search_pmax,impressions,3082-04-12
2026-02-25,google,search_pmax,clicks,1906-12-21
2026-02-25,google,search_pmax,qs,1899-12-30
2026-02-25,google,search_pmax,cp,1900-04-20
2026-02-25,meta,meta_bof,spend,2016-12-21
2026-02-25,meta,meta_bof,impressions,17032-07-10
2026-02-25,meta,meta_bof,clicks,2077-09-20
2026-02-25,meta,meta_bof,qs,1905-09-5
2026-02-25,meta,meta_bof,cp,1900-10-8
2026-02-25,meta,meta_mof,spend,1899-12-30
2026-02-25,meta,meta_mof,impressions,1899-12-30
2026-02-25,meta,meta_mof,clicks,1899-12-30
2026-02-25,meta,meta_mof,qs,1899-12-30
2026-02-25,meta,meta_mof,cp,1899-12-30
2026-02-25,meta,meta_tof,spend,1935-05-31
2026-02-25,meta,meta_tof,impressions,5997-01-13
2026-02-25,meta,meta_tof,clicks,1937-03-7
2026-02-25,meta,meta_tof,qs,1902-07-2
2026-02-25,meta,meta_tof,cp,1900-01-29
2026-02-25,tiktok,tiktok,spend,1942-04-16
2026-02-25,tiktok,tiktok,impressions,12778-10-2
2026-02-25,tiktok,tiktok,clicks,1974-02-28
2026-02-25,tiktok,tiktok,qs,1899-12-30
2026-02-25,tiktok,tiktok,cp,1900-11-16
2026-02-24,google,search_brand,spend,1913-10-2
2026-02-24,google,search_brand,impressions,2018-04-19
2026-02-24,google,search_brand,clicks,1906-10-29
2026-02-24,google,search_brand,qs,1900-11-8
2026-02-24,google,search_brand,cp,1900-02-11
2026-02-24,google,search_nb,spend,1950-02-9
2026-02-24,google,search_nb,impressions,2165-07-30
2026-02-24,google,search_nb,clicks,1911-01-29
2026-02-24,google,search_nb,qs,1903-07-19
2026-02-24,google,search_nb,cp,1900-05-8
2026-02-24,google,search_pmax,spend,1930-01-24
2026-02-24,google,search_pmax,impressions,3158-07-20
2026-02-24,google,search_pmax,clicks,1907-03-3
2026-02-24,google,search_pmax,qs,1899-12-30
2026-02-24,google,search_pmax,cp,1900-04-23
2026-02-24,meta,meta_bof,spend,2014-03-6
2026-02-24,meta,meta_bof,impressions,16989-04-3
2026-02-24,meta,meta_bof,clicks,2094-05-23
2026-02-24,meta,meta_bof,qs,1904-12-9
2026-02-24,meta,meta_bof,cp,1900-08-16
2026-02-24,meta,meta_mof,spend,1899-12-30
2026-02-24,meta,meta_mof,impressions,1899-12-30
2026-02-24,meta,meta_mof,clicks,1899-12-30
2026-02-24,meta,meta_mof,qs,1899-12-30
2026-02-24,meta,meta_mof,cp,1899-12-30
2026-02-24,meta,meta_tof,spend,1926-12-28
2026-02-24,meta,meta_tof,impressions,5066-03-30
2026-02-24,meta,meta_tof,clicks,1925-08-24
2026-02-24,meta,meta_tof,qs,1902-05-8
2026-02-24,meta,meta_tof,cp,1900-01-21
2026-02-24,tiktok,tiktok,spend,1935-05-15
2026-02-24,tiktok,tiktok,impressions,13528-09-9
2026-02-24,tiktok,tiktok,clicks,2002-07-29
2026-02-24,tiktok,tiktok,qs,1899-12-30
2026-02-24,tiktok,tiktok,cp,1900-10-13
2026-02-23,google,search_brand,spend,1915-06-1
2026-02-23,google,search_brand,impressions,2033-02-19
2026-02-23,google,search_brand,clicks,1907-11-25
2026-02-23,google,search_brand,qs,1900-12-5
2026-02-23,google,search_brand,cp,1900-02-15
2026-02-23,google,search_nb,spend,1951-01-26
2026-02-23,google,search_nb,impressions,2152-03-7
2026-02-23,google,search_nb,clicks,1910-06-20
2026-02-23,google,search_nb,qs,1903-01-31
2026-02-23,google,search_nb,cp,1900-05-18
2026-02-23,google,search_pmax,spend,1933-05-13
2026-02-23,google,search_pmax,impressions,3177-08-7
2026-02-23,google,search_pmax,clicks,1907-11-30
2026-02-23,google,search_pmax,qs,1899-12-30
2026-02-23,google,search_pmax,cp,1900-04-9
2026-02-23,meta,meta_bof,spend,2011-10-1
2026-02-23,meta,meta_bof,impressions,15940-12-21
2026-02-23,meta,meta_bof,clicks,2100-02-6
2026-02-23,meta,meta_bof,qs,1905-06-26
2026-02-23,meta,meta_bof,cp,1900-09-19
2026-02-23,meta,meta_mof,spend,1899-12-30
2026-02-23,meta,meta_mof,impressions,1899-12-30
2026-02-23,meta,meta_mof,clicks,1899-12-30
2026-02-23,meta,meta_mof,qs,1899-12-30
2026-02-23,meta,meta_mof,cp,1899-12-30
2026-02-23,meta,meta_tof,spend,1923-12-30
2026-02-23,meta,meta_tof,impressions,4498-06-9
2026-02-23,meta,meta_tof,clicks,1920-09-11
2026-02-23,meta,meta_tof,qs,1902-01-15
2026-02-23,meta,meta_tof,cp,1900-01-18
2026-02-23,tiktok,tiktok,spend,1927-03-16
2026-02-23,tiktok,tiktok,impressions,10900-07-1
2026-02-23,tiktok,tiktok,clicks,1964-05-19
2026-02-23,tiktok,tiktok,qs,1899-12-30
2026-02-23,tiktok,tiktok,cp,1900-08-18
2026-02-22,google,search_brand,spend,1915-12-13
2026-02-22,google,search_brand,impressions,2042-05-1
2026-02-22,google,search_brand,clicks,1908-04-18
2026-02-22,google,search_brand,qs,1901-01-5
2026-02-22,google,search_brand,cp,1900-03-13
2026-02-22,google,search_nb,spend,1950-08-10
2026-02-22,google,search_nb,impressions,2137-05-17
2026-02-22,google,search_nb,clicks,1910-05-24
2026-02-22,google,search_nb,qs,1903-02-13
2026-02-22,google,search_nb,cp,1900-05-19
2026-02-22,google,search_pmax,spend,1941-11-20
2026-02-22,google,search_pmax,impressions,3313-12-21
2026-02-22,google,search_pmax,clicks,1909-03-4
2026-02-22,google,search_pmax,qs,1899-12-30
2026-02-22,google,search_pmax,cp,1900-04-28
2026-02-22,meta,meta_bof,spend,2032-12-24
2026-02-22,meta,meta_bof,impressions,19774-12-3
2026-02-22,meta,meta_bof,clicks,2137-02-16
2026-02-22,meta,meta_bof,qs,1905-12-22
2026-02-22,meta,meta_bof,cp,1900-09-5
2026-02-22,meta,meta_mof,spend,1899-12-30
2026-02-22,meta,meta_mof,impressions,1899-12-30
2026-02-22,meta,meta_mof,clicks,1899-12-30
2026-02-22,meta,meta_mof,qs,1899-12-30
2026-02-22,meta,meta_mof,cp,1899-12-30
2026-02-22,meta,meta_tof,spend,1926-05-7
2026-02-22,meta,meta_tof,impressions,4859-06-26
2026-02-22,meta,meta_tof,clicks,1922-05-18
2026-02-22,meta,meta_tof,qs,1902-06-6
2026-02-22,meta,meta_tof,cp,1900-01-22
2026-02-22,tiktok,tiktok,spend,1932-11-19
2026-02-22,tiktok,tiktok,impressions,15067-12-14
2026-02-22,tiktok,tiktok,clicks,2009-08-9
2026-02-22,tiktok,tiktok,qs,1899-12-30
2026-02-22,tiktok,tiktok,cp,1900-10-2
2026-02-21,google,search_brand,spend,1913-11-27
2026-02-21,google,search_brand,impressions,2019-02-7
2026-02-21,google,search_brand,clicks,1907-05-21
2026-02-21,google,search_brand,qs,1900-10-20
2026-02-21,google,search_brand,cp,1900-02-26
2026-02-21,google,search_nb,spend,1949-10-17
2026-02-21,google,search_nb,impressions,2132-01-11
2026-02-21,google,search_nb,clicks,1909-10-7
2026-02-21,google,search_nb,qs,1902-10-27
2026-02-21,google,search_nb,cp,1900-05-26
2026-02-21,google,search_pmax,spend,1938-01-25
2026-02-21,google,search_pmax,impressions,3125-06-30
2026-02-21,google,search_pmax,clicks,1907-10-17
2026-02-21,google,search_pmax,qs,1899-12-30
2026-02-21,google,search_pmax,cp,1900-03-26
2026-02-21,meta,meta_bof,spend,2011-02-21
2026-02-21,meta,meta_bof,impressions,16423-06-27
2026-02-21,meta,meta_bof,clicks,2122-08-16
2026-02-21,meta,meta_bof,qs,1904-10-3
2026-02-21,meta,meta_bof,cp,1900-08-10
2026-02-21,meta,meta_mof,spend,1899-12-30
2026-02-21,meta,meta_mof,impressions,1899-12-30
2026-02-21,meta,meta_mof,clicks,1899-12-30
2026-02-21,meta,meta_mof,qs,1899-12-30
2026-02-21,meta,meta_mof,cp,1899-12-30
2026-02-21,meta,meta_tof,spend,1923-03-10
2026-02-21,meta,meta_tof,impressions,4438-01-16
2026-02-21,meta,meta_tof,clicks,1920-03-24
2026-02-21,meta,meta_tof,qs,1902-01-13
2026-02-21,meta,meta_tof,cp,1900-01-13
2026-02-21,tiktok,tiktok,spend,1933-10-3
2026-02-21,tiktok,tiktok,impressions,14055-03-24
2026-02-21,tiktok,tiktok,clicks,2032-08-7
2026-02-21,tiktok,tiktok,qs,1899-12-30
2026-02-21,tiktok,tiktok,cp,1900-09-4
2026-02-20,google,search_brand,spend,1923-05-26
2026-02-20,google,search_brand,impressions,2099-04-3
2026-02-20,google,search_brand,clicks,1912-06-27
2026-02-20,google,search_brand,qs,1901-05-27
2026-02-20,google,search_brand,cp,1900-03-31
2026-02-20,google,search_nb,spend,1948-07-5
2026-02-20,google,search_nb,impressions,2127-01-26
2026-02-20,google,search_nb,clicks,1909-07-3
2026-02-20,google,search_nb,qs,1902-09-2
2026-02-20,google,search_nb,cp,1900-05-4
2026-02-20,google,search_pmax,spend,1932-09-20
2026-02-20,google,search_pmax,impressions,3084-05-8
2026-02-20,google,search_pmax,clicks,1906-10-20
2026-02-20,google,search_pmax,qs,1899-12-30
2026-02-20,google,search_pmax,cp,1900-03-26
2026-02-20,meta,meta_bof,spend,2011-02-14
2026-02-20,meta,meta_bof,impressions,15857-12-18
2026-02-20,meta,meta_bof,clicks,2125-08-4
2026-02-20,meta,meta_bof,qs,1904-06-14
2026-02-20,meta,meta_bof,cp,1900-08-24
2026-02-20,meta,meta_mof,spend,1899-12-30
2026-02-20,meta,meta_mof,impressions,1899-12-30
2026-02-20,meta,meta_mof,clicks,1899-12-30
2026-02-20,meta,meta_mof,qs,1899-12-30
2026-02-20,meta,meta_mof,cp,1899-12-30
2026-02-20,meta,meta_tof,spend,1922-10-17
2026-02-20,meta,meta_tof,impressions,4565-10-2
2026-02-20,meta,meta_tof,clicks,1920-11-2
2026-02-20,meta,meta_tof,qs,1901-11-10
2026-02-20,meta,meta_tof,cp,1900-01-13
2026-02-20,tiktok,tiktok,spend,1917-07-14
2026-02-20,tiktok,tiktok,impressions,7884-08-26
2026-02-20,tiktok,tiktok,clicks,1950-06-30
2026-02-20,tiktok,tiktok,qs,1899-12-30
2026-02-20,tiktok,tiktok,cp,1900-05-23
2026-02-19,google,search_brand,spend,1927-07-23
2026-02-19,google,search_brand,impressions,2114-09-12
2026-02-19,google,search_brand,clicks,1914-06-15
2026-02-19,google,search_brand,qs,1901-09-15
2026-02-19,google,search_brand,cp,1900-05-3
2026-02-19,google,search_nb,spend,1951-06-25
2026-02-19,google,search_nb,impressions,2165-04-27
2026-02-19,google,search_nb,clicks,1910-06-23
2026-02-19,google,search_nb,qs,1903-01-5
2026-02-19,google,search_nb,cp,1900-04-27
2026-02-19,google,search_pmax,spend,1929-07-28
2026-02-19,google,search_pmax,impressions,3110-03-9
2026-02-19,google,search_pmax,clicks,1906-07-1
2026-02-19,google,search_pmax,qs,1899-12-30
2026-02-19,google,search_pmax,cp,1900-03-22
2026-02-19,meta,meta_bof,spend,2029-03-2
2026-02-19,meta,meta_bof,impressions,18266-12-11
2026-02-19,meta,meta_bof,clicks,2183-03-3
2026-02-19,meta,meta_bof,qs,1905-03-9
2026-02-19,meta,meta_bof,cp,1900-08-11
2026-02-19,meta,meta_mof,spend,1899-12-30
2026-02-19,meta,meta_mof,impressions,1899-12-30
2026-02-19,meta,meta_mof,clicks,1899-12-30
2026-02-19,meta,meta_mof,qs,1899-12-30
2026-02-19,meta,meta_mof,cp,1899-12-30
2026-02-19,meta,meta_tof,spend,1922-12-19
2026-02-19,meta,meta_tof,impressions,4737-11-22
2026-02-19,meta,meta_tof,clicks,1921-05-31
2026-02-19,meta,meta_tof,qs,1901-12-29
2026-02-19,meta,meta_tof,cp,1900-01-23
2026-02-19,tiktok,tiktok,spend,1924-06-10
2026-02-19,tiktok,tiktok,impressions,13436-12-6
2026-02-19,tiktok,tiktok,clicks,2004-06-23
2026-02-19,tiktok,tiktok,qs,1899-12-30
2026-02-19,tiktok,tiktok,cp,1900-09-18
2026-02-18,google,search_brand,spend,1927-03-17
2026-02-18,google,search_brand,impressions,2084-05-2
2026-02-18,google,search_brand,clicks,1915-01-13
2026-02-18,google,search_brand,qs,1901-10-6
2026-02-18,google,search_brand,cp,1900-03-21
2026-02-18,google,search_nb,spend,1952-11-3
2026-02-18,google,search_nb,impressions,2165-01-11
2026-02-18,google,search_nb,clicks,1911-01-11
2026-02-18,google,search_nb,qs,1903-02-9
2026-02-18,google,search_nb,cp,1900-05-29
2026-02-18,google,search_pmax,spend,1932-12-11
2026-02-18,google,search_pmax,impressions,3226-11-24
2026-02-18,google,search_pmax,clicks,1907-08-13
2026-02-18,google,search_pmax,qs,1899-12-30
2026-02-18,google,search_pmax,cp,1900-04-19
2026-02-18,meta,meta_bof,spend,2035-08-15
2026-02-18,meta,meta_bof,impressions,19700-01-2
2026-02-18,meta,meta_bof,clicks,2151-02-2
2026-02-18,meta,meta_bof,qs,1905-05-15
2026-02-18,meta,meta_bof,cp,1900-08-24
2026-02-18,meta,meta_tof,spend,1923-12-31
2026-02-18,meta,meta_tof,impressions,4591-03-8
2026-02-18,meta,meta_tof,clicks,1922-03-8
2026-02-18,meta,meta_tof,qs,1902-05-27
2026-02-18,meta,meta_tof,cp,1900-01-8
2026-02-18,tiktok,tiktok,spend,1917-06-20
2026-02-18,tiktok,tiktok,impressions,8358-02-27
2026-02-18,tiktok,tiktok,clicks,1969-11-9
2026-02-18,tiktok,tiktok,qs,1899-12-30
2026-02-18,tiktok,tiktok,cp,1900-07-6
2026-02-17,google,search_brand,spend,1929-04-19
2026-02-17,google,search_brand,impressions,2093-10-17
2026-02-17,google,search_brand,clicks,1916-08-26
2026-02-17,google,search_brand,qs,1901-12-1
2026-02-17,google,search_brand,cp,1900-04-5
2026-02-17,google,search_nb,spend,1950-07-18
2026-02-17,google,search_nb,impressions,2149-10-15
2026-02-17,google,search_nb,clicks,1910-04-26
2026-02-17,google,search_nb,qs,1902-09-17
2026-02-17,google,search_nb,cp,1900-05-17
2026-02-17,google,search_pmax,spend,1931-05-22
2026-02-17,google,search_pmax,impressions,3166-12-14
2026-02-17,google,search_pmax,clicks,1907-05-4
2026-02-17,google,search_pmax,qs,1899-12-30
2026-02-17,google,search_pmax,cp,1900-03-27
2026-02-17,meta,meta_bof,spend,2045-08-18
2026-02-17,meta,meta_bof,impressions,22789-12-18
2026-02-17,meta,meta_bof,clicks,2139-02-15
2026-02-17,meta,meta_bof,qs,1906-06-11
2026-02-17,meta,meta_bof,cp,1900-08-15
2026-02-17,meta,meta_tof,spend,1925-02-21
2026-02-17,meta,meta_tof,impressions,4760-04-8
2026-02-17,meta,meta_tof,clicks,1922-09-12
2026-02-17,meta,meta_tof,qs,1902-06-12
2026-02-17,meta,meta_tof,cp,1900-01-16
2026-02-17,tiktok,tiktok,spend,1909-11-29
2026-02-17,tiktok,tiktok,impressions,5249-04-5
2026-02-17,tiktok,tiktok,clicks,1948-10-12
2026-02-17,tiktok,tiktok,qs,1899-12-30
2026-02-17,tiktok,tiktok,cp,1900-05-4
2026-02-16,google,search_brand,spend,1933-06-8
2026-02-16,google,search_brand,impressions,2108-08-7
2026-02-16,google,search_brand,clicks,1919-02-23
2026-02-16,google,search_brand,qs,1902-05-18
2026-02-16,google,search_brand,cp,1900-05-4
2026-02-16,google,search_nb,spend,1949-11-11
2026-02-16,google,search_nb,impressions,2147-04-8
2026-02-16,google,search_nb,clicks,1910-07-12
2026-02-16,google,search_nb,qs,1902-08-17
2026-02-16,google,search_nb,cp,1900-05-7
2026-02-16,google,search_pmax,spend,1932-02-13
2026-02-16,google,search_pmax,impressions,3157-12-11
2026-02-16,google,search_pmax,clicks,1907-01-22
2026-02-16,google,search_pmax,qs,1899-12-30
2026-02-16,google,search_pmax,cp,1900-03-22
2026-02-16,meta,meta_bof,spend,2054-10-7
2026-02-16,meta,meta_bof,impressions,23236-03-7
2026-02-16,meta,meta_bof,clicks,2124-06-23
2026-02-16,meta,meta_bof,qs,1907-07-13
2026-02-16,meta,meta_bof,cp,1900-09-30
2026-02-16,meta,meta_tof,spend,1921-11-7
2026-02-16,meta,meta_tof,impressions,4255-06-6
2026-02-16,meta,meta_tof,clicks,1921-10-2
2026-02-16,meta,meta_tof,qs,1902-04-22
2026-02-16,meta,meta_tof,cp,1900-01-14
2026-02-16,tiktok,tiktok,spend,1912-12-2
2026-02-16,tiktok,tiktok,impressions,7530-09-9
2026-02-16,tiktok,tiktok,clicks,1944-10-25
2026-02-16,tiktok,tiktok,qs,1899-12-30
2026-02-16,tiktok,tiktok,cp,1900-07-11
2026-02-15,google,search_brand,spend,1932-08-25
2026-02-15,google,search_brand,impressions,2123-01-3
2026-02-15,google,search_brand,clicks,1917-04-18
2026-02-15,google,search_brand,qs,1902-02-24
2026-02-15,google,search_brand,cp,1900-04-28
2026-02-15,google,search_nb,spend,1970-06-24
2026-02-15,google,search_nb,impressions,2219-12-23
2026-02-15,google,search_nb,clicks,1915-01-24
2026-02-15,google,search_nb,qs,1903-05-18
2026-02-15,google,search_nb,cp,1900-07-6
2026-02-15,google,search_pmax,spend,1932-03-12
2026-02-15,google,search_pmax,impressions,3123-12-22
2026-02-15,google,search_pmax,clicks,1906-11-4
2026-02-15,google,search_pmax,qs,1899-12-30
2026-02-15,google,search_pmax,cp,1900-03-17
2026-02-15,meta,meta_bof,spend,2043-07-20
2026-02-15,meta,meta_bof,impressions,20107-10-16
2026-02-15,meta,meta_bof,clicks,2091-04-9
2026-02-15,meta,meta_bof,qs,1906-08-19
2026-02-15,meta,meta_bof,cp,1900-08-8
2026-02-15,meta,meta_tof,spend,1923-10-13
2026-02-15,meta,meta_tof,impressions,4471-01-10
2026-02-15,meta,meta_tof,clicks,1924-10-16
2026-02-15,meta,meta_tof,qs,1902-07-26
2026-02-15,meta,meta_tof,cp,1900-01-22
2026-02-15,tiktok,tiktok,spend,1915-02-8
2026-02-15,tiktok,tiktok,impressions,10365-02-21
2026-02-15,tiktok,tiktok,clicks,1944-04-6
2026-02-15,tiktok,tiktok,qs,1899-12-30
2026-02-15,tiktok,tiktok,cp,1900-06-30
2026-02-14,google,search_brand,spend,1927-11-4
2026-02-14,google,search_brand,impressions,2100-11-1
2026-02-14,google,search_brand,clicks,1914-09-2
2026-02-14,google,search_brand,qs,1901-11-2
2026-02-14,google,search_brand,cp,1900-04-18
2026-02-14,google,search_nb,spend,1968-06-1
2026-02-14,google,search_nb,impressions,2231-10-24
2026-02-14,google,search_nb,clicks,1914-05-27
2026-02-14,google,search_nb,qs,1903-04-27
2026-02-14,google,search_nb,cp,1900-07-6
2026-02-14,google,search_pmax,spend,1922-11-12
2026-02-14,google,search_pmax,impressions,2773-12-20
2026-02-14,google,search_pmax,clicks,1905-03-4
2026-02-14,google,search_pmax,qs,1899-12-30
2026-02-14,google,search_pmax,cp,1900-03-3
2026-02-14,meta,meta_bof,spend,2056-01-1
2026-02-14,meta,meta_bof,impressions,20402-12-2
2026-02-14,meta,meta_bof,clicks,2094-05-30
2026-02-14,meta,meta_bof,qs,1906-09-30
2026-02-14,meta,meta_bof,cp,1900-09-28
2026-02-14,meta,meta_tof,spend,1917-08-12
2026-02-14,meta,meta_tof,impressions,3824-03-18
2026-02-14,meta,meta_tof,clicks,1917-11-6
2026-02-14,meta,meta_tof,qs,1901-09-13
2026-02-14,meta,meta_tof,cp,1900-01-14
2026-02-14,tiktok,tiktok,spend,1913-11-11
2026-02-14,tiktok,tiktok,impressions,8571-01-7
2026-02-14,tiktok,tiktok,clicks,1934-05-24
2026-02-14,tiktok,tiktok,qs,1899-12-30
2026-02-14,tiktok,tiktok,cp,1900-05-9
2026-02-13,google,search_brand,spend,1925-12-28
2026-02-13,google,search_brand,impressions,2085-10-3
2026-02-13,google,search_brand,clicks,1913-10-22
2026-02-13,google,search_brand,qs,1901-09-2
2026-02-13,google,search_brand,cp,1900-03-14
2026-02-13,google,search_nb,spend,1968-07-15
2026-02-13,google,search_nb,impressions,2217-04-25
2026-02-13,google,search_nb,clicks,1914-01-10
2026-02-13,google,search_nb,qs,1903-06-13
2026-02-13,google,search_nb,cp,1900-07-14
2026-02-13,google,search_pmax,spend,1918-04-7
2026-02-13,google,search_pmax,impressions,2718-08-8
2026-02-13,google,search_pmax,clicks,1904-03-31
2026-02-13,google,search_pmax,qs,1899-12-30
2026-02-13,google,search_pmax,cp,1900-02-16
2026-02-13,meta,meta_bof,spend,2026-11-4
2026-02-13,meta,meta_bof,impressions,16751-10-2
2026-02-13,meta,meta_bof,clicks,2061-09-24
2026-02-13,meta,meta_bof,qs,1905-08-15
2026-02-13,meta,meta_bof,cp,1900-09-15
2026-02-13,meta,meta_tof,spend,1922-11-23
2026-02-13,meta,meta_tof,impressions,4323-10-29
2026-02-13,meta,meta_tof,clicks,1921-03-12
2026-02-13,meta,meta_tof,qs,1902-01-14
2026-02-13,meta,meta_tof,cp,1900-01-18
2026-02-13,tiktok,tiktok,spend,1913-06-4
2026-02-13,tiktok,tiktok,impressions,7782-01-14
2026-02-13,tiktok,tiktok,clicks,1928-12-19
2026-02-13,tiktok,tiktok,qs,1899-12-30
2026-02-13,tiktok,tiktok,cp,1900-05-9
2026-02-12,google,search_brand,spend,1929-09-18
2026-02-12,google,search_brand,impressions,2097-09-19
2026-02-12,google,search_brand,clicks,1916-12-3
2026-02-12,google,search_brand,qs,1901-11-15
2026-02-12,google,search_brand,cp,1900-04-13
2026-02-12,google,search_nb,spend,1992-04-24
2026-02-12,google,search_nb,impressions,2271-12-22
2026-02-12,google,search_nb,clicks,1916-11-24
2026-02-12,google,search_nb,qs,1904-03-6
2026-02-12,google,search_nb,cp,1900-07-27
2026-02-12,google,search_pmax,spend,1927-06-19
2026-02-12,google,search_pmax,impressions,3042-04-13
2026-02-12,google,search_pmax,clicks,1906-03-23
2026-02-12,google,search_pmax,qs,1899-12-30
2026-02-12,google,search_pmax,cp,1900-03-9
2026-02-12,meta,meta_bof,spend,2046-12-25
2026-02-12,meta,meta_bof,impressions,19597-09-11
2026-02-12,meta,meta_bof,clicks,2114-09-22
2026-02-12,meta,meta_bof,qs,1906-12-21
2026-02-12,meta,meta_bof,cp,1900-08-25
2026-02-12,meta,meta_tof,spend,1932-12-2
2026-02-12,meta,meta_tof,impressions,5519-01-20
2026-02-12,meta,meta_tof,clicks,1932-11-1
2026-02-12,meta,meta_tof,qs,1902-12-25
2026-02-12,meta,meta_tof,cp,1900-01-23
2026-02-12,tiktok,tiktok,spend,1909-04-24
2026-02-12,tiktok,tiktok,impressions,7727-04-23
2026-02-12,tiktok,tiktok,clicks,1915-06-13
2026-02-12,tiktok,tiktok,qs,1899-12-30
2026-02-12,tiktok,tiktok,cp,1900-02-22
2026-02-11,google,search_brand,spend,1931-01-5
2026-02-11,google,search_brand,impressions,2105-06-3
2026-02-11,google,search_brand,clicks,1917-11-21
2026-02-11,google,search_brand,qs,1901-12-5
2026-02-11,google,search_brand,cp,1900-04-4
2026-02-11,google,search_nb,spend,1993-06-16
2026-02-11,google,search_nb,impressions,2244-07-3
2026-02-11,google,search_nb,clicks,1916-04-5
2026-02-11,google,search_nb,qs,1903-12-18
2026-02-11,google,search_nb,cp,1900-07-3
2026-02-11,google,search_pmax,spend,1926-08-19
2026-02-11,google,search_pmax,impressions,2970-10-4
2026-02-11,google,search_pmax,clicks,1905-11-21
2026-02-11,google,search_pmax,qs,1899-12-30
2026-02-11,google,search_pmax,cp,1900-03-1
2026-02-11,meta,meta_bof,spend,2068-06-8
2026-02-11,meta,meta_bof,impressions,22462-11-7
2026-02-11,meta,meta_bof,clicks,2151-07-14
2026-02-11,meta,meta_bof,qs,1907-09-17
2026-02-11,meta,meta_bof,cp,1900-09-27
2026-02-11,meta,meta_tof,spend,1936-08-30
2026-02-11,meta,meta_tof,impressions,6214-07-11
2026-02-11,meta,meta_tof,clicks,1940-08-29
2026-02-11,meta,meta_tof,qs,1904-02-18
2026-02-11,meta,meta_tof,cp,1900-01-25
2026-02-11,tiktok,tiktok,spend,1913-09-13
2026-02-11,tiktok,tiktok,impressions,11706-02-27
2026-02-11,tiktok,tiktok,clicks,1905-12-2
2026-02-11,tiktok,tiktok,qs,1899-12-30
2026-02-11,tiktok,tiktok,cp,1899-12-30
2026-02-10,google,search_brand,spend,1931-06-17
2026-02-10,google,search_brand,impressions,2119-05-1
2026-02-10,google,search_brand,clicks,1917-04-2
2026-02-10,google,search_brand,qs,1901-11-19
2026-02-10,google,search_brand,cp,1900-03-10
2026-02-10,google,search_nb,spend,1994-04-25
2026-02-10,google,search_nb,impressions,2272-10-1
2026-02-10,google,search_nb,clicks,1917-01-8
2026-02-10,google,search_nb,qs,1904-05-6
2026-02-10,google,search_nb,cp,1900-09-15
2026-02-10,google,search_pmax,spend,1928-07-8
2026-02-10,google,search_pmax,impressions,3158-10-8
2026-02-10,google,search_pmax,clicks,1906-07-12
2026-02-10,google,search_pmax,qs,1899-12-30
2026-02-10,google,search_pmax,cp,1900-02-25
2026-02-10,google,youtube,spend,1906-10-30
2026-02-10,google,youtube,impressions,5150-11-21
2026-02-10,google,youtube,clicks,1908-03-18
2026-02-10,google,youtube,qs,1900-05-12
2026-02-10,google,youtube,cp,1900-01-17
2026-02-10,meta,meta_bof,spend,2015-09-27
2026-02-10,meta,meta_bof,impressions,18644-01-31
2026-02-10,meta,meta_bof,clicks,2067-12-7
2026-02-10,meta,meta_bof,qs,1904-12-2
2026-02-10,meta,meta_bof,cp,1900-07-26
2026-02-10,meta,meta_tof,spend,1941-02-1
2026-02-10,meta,meta_tof,impressions,6460-12-5
2026-02-10,meta,meta_tof,clicks,1944-11-6
2026-02-10,meta,meta_tof,qs,1904-03-6
2026-02-10,meta,meta_tof,cp,1900-02-8
2026-02-10,tiktok,tiktok,spend,1913-09-13
2026-02-10,tiktok,tiktok,impressions,13763-11-28
2026-02-10,tiktok,tiktok,clicks,1908-02-12
2026-02-10,tiktok,tiktok,qs,1899-12-30
2026-02-10,tiktok,tiktok,cp,1899-12-30
2026-02-9,google,search_brand,spend,1934-01-31
2026-02-9,google,search_brand,impressions,2105-07-18
2026-02-9,google,search_brand,clicks,1920-02-17
2026-02-9,google,search_brand,qs,1902-02-11
2026-02-9,google,search_brand,cp,1900-04-8
2026-02-9,google,search_nb,spend,1990-03-24
2026-02-9,google,search_nb,impressions,2246-06-20
2026-02-9,google,search_nb,clicks,1916-05-9
2026-02-9,google,search_nb,qs,1904-01-10
2026-02-9,google,search_nb,cp,1900-07-16
2026-02-9,google,search_pmax,spend,1927-11-7
2026-02-9,google,search_pmax,impressions,3141-09-5
2026-02-9,google,search_pmax,clicks,1906-02-6
2026-02-9,google,search_pmax,qs,1899-12-30
2026-02-9,google,search_pmax,cp,1900-02-24
2026-02-9,google,youtube,spend,1913-08-24
2026-02-9,google,youtube,impressions,8949-06-1
2026-02-9,google,youtube,clicks,1917-02-12
2026-02-9,google,youtube,qs,1900-07-27
2026-02-9,google,youtube,cp,1900-01-18
2026-02-9,meta,meta_bof,spend,1983-12-24
2026-02-9,meta,meta_bof,impressions,15375-09-2
2026-02-9,meta,meta_bof,clicks,2030-12-2
2026-02-9,meta,meta_bof,qs,1904-06-3
2026-02-9,meta,meta_bof,cp,1900-07-23
2026-02-9,meta,meta_tof,spend,1934-08-3
2026-02-9,meta,meta_tof,impressions,5392-02-9
2026-02-9,meta,meta_tof,clicks,1931-03-3
2026-02-9,meta,meta_tof,qs,1903-12-7
2026-02-9,meta,meta_tof,cp,1900-01-28
2026-02-9,tiktok,tiktok,spend,1913-11-4
2026-02-9,tiktok,tiktok,impressions,14630-08-21
2026-02-9,tiktok,tiktok,clicks,1907-09-17
2026-02-9,tiktok,tiktok,qs,1899-12-30
2026-02-9,tiktok,tiktok,cp,1899-12-30
2026-02-8,google,search_brand,spend,1932-07-15
2026-02-8,google,search_brand,impressions,2098-03-22
2026-02-8,google,search_brand,clicks,1918-01-19
2026-02-8,google,search_brand,qs,1902-01-3
2026-02-8,google,search_brand,cp,1900-04-28
2026-02-8,google,search_nb,spend,2043-05-17
2026-02-8,google,search_nb,impressions,2509-07-16
2026-02-8,google,search_nb,clicks,1922-09-26
2026-02-8,google,search_nb,qs,1906-04-15
2026-02-8,google,search_nb,cp,1900-11-5
2026-02-8,google,search_pmax,spend,1937-04-2
2026-02-8,google,search_pmax,impressions,3203-07-31
2026-02-8,google,search_pmax,clicks,1907-07-5
2026-02-8,google,search_pmax,qs,1899-12-30
2026-02-8,google,search_pmax,cp,1900-03-14
2026-02-8,google,youtube,spend,1912-01-5
2026-02-8,google,youtube,impressions,8879-11-24
2026-02-8,google,youtube,clicks,1917-02-19
2026-02-8,google,youtube,qs,1900-07-5
2026-02-8,google,youtube,cp,1900-01-20
2026-02-8,meta,meta_bof,spend,1985-12-22
2026-02-8,meta,meta_bof,impressions,14589-05-4
2026-02-8,meta,meta_bof,clicks,2064-07-27
2026-02-8,meta,meta_bof,qs,1904-04-5
2026-02-8,meta,meta_bof,cp,1900-06-27
2026-02-8,meta,meta_tof,spend,1946-02-2
2026-02-8,meta,meta_tof,impressions,6390-06-25
2026-02-8,meta,meta_tof,clicks,1944-07-16
2026-02-8,meta,meta_tof,qs,1904-07-10
2026-02-8,meta,meta_tof,cp,1900-02-7
2026-02-8,tiktok,tiktok,spend,1899-12-30
2026-02-8,tiktok,tiktok,impressions,1899-12-30
2026-02-8,tiktok,tiktok,clicks,1899-12-30
2026-02-8,tiktok,tiktok,qs,1899-12-30
2026-02-8,tiktok,tiktok,cp,1899-12-30
2026-02-7,google,search_brand,spend,1925-06-9
2026-02-7,google,search_brand,impressions,2062-07-24
2026-02-7,google,search_brand,clicks,1914-07-27
2026-02-7,google,search_brand,qs,1901-08-18
2026-02-7,google,search_brand,cp,1900-03-26
2026-02-7,google,search_nb,spend,2001-09-14
2026-02-7,google,search_nb,impressions,2420-06-27
2026-02-7,google,search_nb,clicks,1918-04-27
2026-02-7,google,search_nb,qs,1905-01-24
2026-02-7,google,search_nb,cp,1900-09-4
2026-02-7,google,search_pmax,spend,1933-02-16
2026-02-7,google,search_pmax,impressions,3207-07-27
2026-02-7,google,search_pmax,clicks,1907-04-8
2026-02-7,google,search_pmax,qs,1899-12-30
2026-02-7,google,search_pmax,cp,1900-03-3
2026-02-7,google,youtube,spend,1913-09-16
2026-02-7,google,youtube,impressions,10324-05-13
2026-02-7,google,youtube,clicks,1920-11-26
2026-02-7,google,youtube,qs,1900-06-18
2026-02-7,google,youtube,cp,1900-01-20
2026-02-7,meta,meta_bof,spend,1974-10-3
2026-02-7,meta,meta_bof,impressions,12469-10-31
2026-02-7,meta,meta_bof,clicks,2021-03-10
2026-02-7,meta,meta_bof,qs,1903-03-18
2026-02-7,meta,meta_bof,cp,1900-08-15
2026-02-7,meta,meta_tof,spend,1938-03-18
2026-02-7,meta,meta_tof,impressions,5701-10-30
2026-02-7,meta,meta_tof,clicks,1945-02-1
2026-02-7,meta,meta_tof,qs,1903-08-1
2026-02-7,meta,meta_tof,cp,1900-02-6
2026-02-7,tiktok,tiktok,spend,1899-12-30
2026-02-7,tiktok,tiktok,impressions,1899-12-30
2026-02-7,tiktok,tiktok,clicks,1899-12-30
2026-02-7,tiktok,tiktok,qs,1899-12-30
2026-02-7,tiktok,tiktok,cp,1899-12-30
2026-02-6,google,search_brand,spend,1926-06-15
2026-02-6,google,search_brand,impressions,2056-06-27
2026-02-6,google,search_brand,clicks,1915-05-19
2026-02-6,google,search_brand,qs,1901-08-9
2026-02-6,google,search_brand,cp,1900-04-13
2026-02-6,google,search_nb,spend,1985-04-20
2026-02-6,google,search_nb,impressions,2357-03-27
2026-02-6,google,search_nb,clicks,1915-03-5
2026-02-6,google,search_nb,qs,1903-08-21
2026-02-6,google,search_nb,cp,1900-07-31
2026-02-6,google,search_pmax,spend,1928-12-28
2026-02-6,google,search_pmax,impressions,3057-09-28
2026-02-6,google,search_pmax,clicks,1906-07-16
2026-02-6,google,search_pmax,qs,1899-12-30
2026-02-6,google,search_pmax,cp,1900-03-1
2026-02-6,google,youtube,spend,1911-11-25
2026-02-6,google,youtube,impressions,8056-05-12
2026-02-6,google,youtube,clicks,1914-08-27
2026-02-6,google,youtube,qs,1900-05-1
2026-02-6,google,youtube,cp,1900-01-17
2026-02-6,meta,meta_bof,spend,1982-04-6
2026-02-6,meta,meta_bof,impressions,14163-11-10
2026-02-6,meta,meta_bof,clicks,2028-02-4
2026-02-6,meta,meta_bof,qs,1903-09-25
2026-02-6,meta,meta_bof,cp,1900-07-3
2026-02-6,meta,meta_tof,spend,1941-06-13
2026-02-6,meta,meta_tof,impressions,6290-06-13
2026-02-6,meta,meta_tof,clicks,1948-03-13
2026-02-6,meta,meta_tof,qs,1903-07-26
2026-02-6,meta,meta_tof,cp,1900-01-26
2026-02-6,tiktok,tiktok,spend,1899-12-30
2026-02-6,tiktok,tiktok,impressions,1899-12-30
2026-02-6,tiktok,tiktok,clicks,1899-12-30
2026-02-6,tiktok,tiktok,qs,1899-12-30
2026-02-6,tiktok,tiktok,cp,1899-12-30
2026-02-5,google,search_brand,spend,1931-07-1
2026-02-5,google,search_brand,impressions,2081-11-27
2026-02-5,google,search_brand,clicks,1918-07-30
2026-02-5,google,search_brand,qs,1901-10-30
2026-02-5,google,search_brand,cp,1900-04-12
2026-02-5,google,search_nb,spend,1991-03-30
2026-02-5,google,search_nb,impressions,2367-02-2
2026-02-5,google,search_nb,clicks,1915-08-17
2026-02-5,google,search_nb,qs,1903-10-20
2026-02-5,google,search_nb,cp,1900-07-10
2026-02-5,google,search_pmax,spend,1921-04-2
2026-02-5,google,search_pmax,impressions,2928-09-16
2026-02-5,google,search_pmax,clicks,1905-07-6
2026-02-5,google,search_pmax,qs,1899-12-30
2026-02-5,google,search_pmax,cp,1900-02-20
2026-02-5,google,youtube,spend,1911-12-30
2026-02-5,google,youtube,impressions,7223-06-10
2026-02-5,google,youtube,clicks,1913-12-10
2026-02-5,google,youtube,qs,1900-05-14
2026-02-5,google,youtube,cp,1900-01-14
2026-02-5,meta,meta_bof,spend,1990-10-10
2026-02-5,meta,meta_bof,impressions,13342-01-8
2026-02-5,meta,meta_bof,clicks,2063-04-30
2026-02-5,meta,meta_bof,qs,1903-03-31
2026-02-5,meta,meta_bof,cp,1900-05-20
2026-02-5,meta,meta_tof,spend,1942-04-4
2026-02-5,meta,meta_tof,impressions,6013-06-13
2026-02-5,meta,meta_tof,clicks,1946-04-17
2026-02-5,meta,meta_tof,qs,1903-07-16
2026-02-5,meta,meta_tof,cp,1900-01-20
2026-02-5,tiktok,tiktok,spend,1899-12-30
2026-02-5,tiktok,tiktok,impressions,1899-12-30
2026-02-5,tiktok,tiktok,clicks,1899-12-30
2026-02-5,tiktok,tiktok,qs,1899-12-30
2026-02-5,tiktok,tiktok,cp,1899-12-30
2026-02-4,google,search_brand,spend,1931-12-1
2026-02-4,google,search_brand,impressions,2090-07-11
2026-02-4,google,search_brand,clicks,1919-09-12
2026-02-4,google,search_brand,qs,1901-11-4
2026-02-4,google,search_brand,cp,1900-04-24
2026-02-4,google,search_nb,spend,1986-11-26
2026-02-4,google,search_nb,impressions,2361-07-18
2026-02-4,google,search_nb,clicks,1914-10-18
2026-02-4,google,search_nb,qs,1903-02-21
2026-02-4,google,search_nb,cp,1900-06-16
2026-02-4,google,search_pmax,spend,1926-08-29
2026-02-4,google,search_pmax,impressions,3018-08-13
2026-02-4,google,search_pmax,clicks,1905-12-3
2026-02-4,google,search_pmax,qs,1899-12-30
2026-02-4,google,search_pmax,cp,1900-02-14
2026-02-4,google,youtube,spend,1910-09-9
2026-02-4,google,youtube,impressions,6665-02-9
2026-02-4,google,youtube,clicks,1911-10-27
2026-02-4,google,youtube,qs,1900-04-19
2026-02-4,google,youtube,cp,1900-01-17
2026-02-4,meta,meta_bof,spend,2006-03-27
2026-02-4,meta,meta_bof,impressions,15912-10-14
2026-02-4,meta,meta_bof,clicks,2084-05-21
2026-02-4,meta,meta_bof,qs,1903-02-12
2026-02-4,meta,meta_bof,cp,1900-05-29
2026-02-4,meta,meta_tof,spend,1931-09-20
2026-02-4,meta,meta_tof,impressions,5065-01-16
2026-02-4,meta,meta_tof,clicks,1939-12-30
2026-02-4,meta,meta_tof,qs,1902-07-17
2026-02-4,meta,meta_tof,cp,1900-01-20
2026-02-4,tiktok,tiktok,spend,1899-12-30
2026-02-4,tiktok,tiktok,impressions,1899-12-30
2026-02-4,tiktok,tiktok,clicks,1899-12-30
2026-02-4,tiktok,tiktok,qs,1899-12-30
2026-02-4,tiktok,tiktok,cp,1899-12-30
2026-02-3,google,search_brand,spend,1932-11-20
2026-02-3,google,search_brand,impressions,2094-05-22
2026-02-3,google,search_brand,clicks,1920-03-11
2026-02-3,google,search_brand,qs,1901-12-8
2026-02-3,google,search_brand,cp,1900-04-27
2026-02-3,google,search_nb,spend,2002-09-30
2026-02-3,google,search_nb,impressions,2429-08-22
2026-02-3,google,search_nb,clicks,1916-08-16
2026-02-3,google,search_nb,qs,1903-04-16
2026-02-3,google,search_nb,cp,1900-05-25
2026-02-3,google,search_pmax,spend,1920-12-21
2026-02-3,google,search_pmax,impressions,2774-12-8
2026-02-3,google,search_pmax,clicks,1904-10-18
2026-02-3,google,search_pmax,qs,1899-12-30
2026-02-3,google,search_pmax,cp,1900-02-13
2026-02-3,google,youtube,spend,1911-09-10
2026-02-3,google,youtube,impressions,8599-12-16
2026-02-3,google,youtube,clicks,1914-09-1
2026-02-3,google,youtube,qs,1900-04-22
2026-02-3,google,youtube,cp,1900-01-14
2026-02-3,meta,meta_bof,spend,2011-09-26
2026-02-3,meta,meta_bof,impressions,14780-06-13
2026-02-3,meta,meta_bof,clicks,2092-07-17
2026-02-3,meta,meta_bof,qs,1903-03-8
2026-02-3,meta,meta_bof,cp,1900-06-12
2026-02-3,meta,meta_tof,spend,1951-07-4
2026-02-3,meta,meta_tof,impressions,7085-07-8
2026-02-3,meta,meta_tof,clicks,1960-07-26
2026-02-3,meta,meta_tof,qs,1903-08-3
2026-02-3,meta,meta_tof,cp,1900-02-1
2026-02-3,tiktok,tiktok,spend,1899-12-30
2026-02-3,tiktok,tiktok,impressions,1899-12-30
2026-02-3,tiktok,tiktok,clicks,1899-12-30
2026-02-3,tiktok,tiktok,qs,1899-12-30
2026-02-3,tiktok,tiktok,cp,1899-12-30
2026-02-2,google,search_brand,spend,1937-04-15
2026-02-2,google,search_brand,impressions,2118-06-12
2026-02-2,google,search_brand,clicks,1920-11-21
2026-02-2,google,search_brand,qs,1902-04-11
2026-02-2,google,search_brand,cp,1900-05-9
2026-02-2,google,search_nb,spend,1969-01-23
2026-02-2,google,search_nb,impressions,2297-08-25
2026-02-2,google,search_nb,clicks,1911-10-29
2026-02-2,google,search_nb,qs,1902-06-16
2026-02-2,google,search_nb,cp,1900-04-20
2026-02-2,google,search_pmax,spend,1938-08-1
2026-02-2,google,search_pmax,impressions,3113-06-28
2026-02-2,google,search_pmax,clicks,1907-02-24
2026-02-2,google,search_pmax,qs,1899-12-30
2026-02-2,google,search_pmax,cp,1900-03-3
2026-02-2,google,youtube,spend,1909-12-18
2026-02-2,google,youtube,impressions,8184-01-26
2026-02-2,google,youtube,clicks,1912-11-28
2026-02-2,google,youtube,qs,1900-05-13
2026-02-2,google,youtube,cp,1900-01-13
2026-02-2,meta,meta_bof,spend,1963-04-25
2026-02-2,meta,meta_bof,impressions,9119-03-12
2026-02-2,meta,meta_bof,clicks,1961-12-18
2026-02-2,meta,meta_bof,qs,1900-12-26
2026-02-2,meta,meta_bof,cp,1900-02-14
2026-02-2,meta,meta_tof,spend,1966-05-8
2026-02-2,meta,meta_tof,impressions,8745-10-29
2026-02-2,meta,meta_tof,clicks,1972-12-1
2026-02-2,meta,meta_tof,qs,1903-06-24
2026-02-2,meta,meta_tof,cp,1900-01-17
2026-02-2,tiktok,tiktok,spend,1899-12-30
2026-02-2,tiktok,tiktok,impressions,1899-12-30
2026-02-2,tiktok,tiktok,clicks,1899-12-30
2026-02-2,tiktok,tiktok,qs,1899-12-30
2026-02-2,tiktok,tiktok,cp,1899-12-30
2026-02-1,google,search_brand,spend,1936-07-2
2026-02-1,google,search_brand,impressions,2170-01-5
2026-02-1,google,search_brand,clicks,1919-05-5
2026-02-1,google,search_brand,qs,1902-05-21
2026-02-1,google,search_brand,cp,1900-06-11
2026-02-1,google,search_nb,spend,1957-05-30
2026-02-1,google,search_nb,impressions,2253-04-8
2026-02-1,google,search_nb,clicks,1909-12-14
2026-02-1,google,search_nb,qs,1902-03-25
2026-02-1,google,search_nb,cp,1900-03-23
2026-02-1,google,search_pmax,spend,1929-01-9
2026-02-1,google,search_pmax,impressions,2940-05-12
2026-02-1,google,search_pmax,clicks,1905-10-1
2026-02-1,google,search_pmax,qs,1899-12-30
2026-02-1,google,search_pmax,cp,1900-03-7
2026-02-1,google,youtube,spend,1917-05-2
2026-02-1,google,youtube,impressions,12242-02-10
2026-02-1,google,youtube,clicks,1923-11-4
2026-02-1,google,youtube,qs,1900-07-13
2026-02-1,google,youtube,cp,1900-01-18
2026-02-1,meta,meta_bof,spend,1899-12-30
2026-02-1,meta,meta_bof,impressions,1899-12-30
2026-02-1,meta,meta_bof,clicks,1899-12-30
2026-02-1,meta,meta_bof,qs,1900-04-8
2026-02-1,meta,meta_bof,cp,1900-02-2
2026-02-1,meta,meta_tof,spend,1899-12-30
2026-02-1,meta,meta_tof,impressions,1899-12-30
2026-02-1,meta,meta_tof,clicks,1899-12-30
2026-02-1,meta,meta_tof,qs,1900-01-21
2026-02-1,meta,meta_tof,cp,1899-12-31
2026-02-1,tiktok,tiktok,spend,1899-12-30
2026-02-1,tiktok,tiktok,impressions,1899-12-30
2026-02-1,tiktok,tiktok,clicks,1899-12-30
2026-02-1,tiktok,tiktok,qs,1899-12-30
2026-02-1,tiktok,tiktok,cp,1899-12-30
2026-01-31,google,search_brand,spend,1922-09-12
2026-01-31,google,search_brand,impressions,2038-09-2
2026-01-31,google,search_brand,clicks,1911-04-21
2026-01-31,google,search_brand,qs,1901-09-13
2026-01-31,google,search_brand,cp,1900-05-16
2026-01-31,google,search_nb,spend,1970-12-8
2026-01-31,google,search_nb,impressions,2306-02-13
2026-01-31,google,search_nb,clicks,1912-12-4
2026-01-31,google,search_nb,qs,1903-01-23
2026-01-31,google,search_nb,cp,1900-06-22
2026-01-31,google,search_pmax,spend,1924-07-21
2026-01-31,google,search_pmax,impressions,2775-11-6
2026-01-31,google,search_pmax,clicks,1905-04-18
2026-01-31,google,search_pmax,qs,1899-12-30
2026-01-31,google,search_pmax,cp,1900-02-21
2026-01-31,google,youtube,spend,1924-12-1
2026-01-31,google,youtube,impressions,17100-12-4
2026-01-31,google,youtube,clicks,1946-10-29
2026-01-31,google,youtube,qs,1900-09-24
2026-01-31,google,youtube,cp,1900-01-22
2026-01-31,meta,meta_bof,spend,1899-12-30
2026-01-31,meta,meta_bof,impressions,1899-12-30
2026-01-31,meta,meta_bof,clicks,1899-12-30
2026-01-31,meta,meta_bof,qs,1900-05-27
2026-01-31,meta,meta_bof,cp,1900-03-20
2026-01-31,meta,meta_tof,spend,1899-12-30
2026-01-31,meta,meta_tof,impressions,1899-12-30
2026-01-31,meta,meta_tof,clicks,1899-12-30
2026-01-31,meta,meta_tof,qs,1900-03-12
2026-01-31,meta,meta_tof,cp,1900-01-14
2026-01-31,tiktok,tiktok,spend,1899-12-30
2026-01-31,tiktok,tiktok,impressions,1899-12-30
2026-01-31,tiktok,tiktok,clicks,1899-12-30
2026-01-31,tiktok,tiktok,qs,1899-12-30
2026-01-31,tiktok,tiktok,cp,1899-12-30
2026-01-30,google,search_brand,spend,1923-03-7
2026-01-30,google,search_brand,impressions,2019-10-26
2026-01-30,google,search_brand,clicks,1911-03-7
2026-01-30,google,search_brand,qs,1901-09-24
2026-01-30,google,search_brand,cp,1900-06-19
2026-01-30,google,search_nb,spend,1974-11-28
2026-01-30,google,search_nb,impressions,2282-09-5
2026-01-30,google,search_nb,clicks,1915-03-6
2026-01-30,google,search_nb,qs,1903-12-29
2026-01-30,google,search_nb,cp,1900-09-6
2026-01-30,google,search_pmax,spend,1924-08-29
2026-01-30,google,search_pmax,impressions,2920-11-27
2026-01-30,google,search_pmax,clicks,1906-07-27
2026-01-30,google,search_pmax,qs,1899-12-30
2026-01-30,google,search_pmax,cp,1900-02-24
2026-01-30,google,youtube,spend,1923-01-3
2026-01-30,google,youtube,impressions,14460-09-16
2026-01-30,google,youtube,clicks,1934-01-6
2026-01-30,google,youtube,qs,1900-08-23
2026-01-30,google,youtube,cp,1900-01-19
2026-01-30,meta,meta_bof,spend,1899-12-30
2026-01-30,meta,meta_bof,impressions,1899-12-30
2026-01-30,meta,meta_bof,clicks,1899-12-30
2026-01-30,meta,meta_bof,qs,1900-07-12
2026-01-30,meta,meta_bof,cp,1900-04-10
2026-01-30,meta,meta_tof,spend,1899-12-30
2026-01-30,meta,meta_tof,impressions,1899-12-30
2026-01-30,meta,meta_tof,clicks,1899-12-30
2026-01-30,meta,meta_tof,qs,1900-03-22
2026-01-30,meta,meta_tof,cp,1900-01-11
2026-01-30,tiktok,tiktok,spend,1899-12-30
2026-01-30,tiktok,tiktok,impressions,1899-12-30
2026-01-30,tiktok,tiktok,clicks,1899-12-30
2026-01-30,tiktok,tiktok,qs,1899-12-30
2026-01-30,tiktok,tiktok,cp,1899-12-30
2026-01-29,google,search_brand,spend,1925-02-2
2026-01-29,google,search_brand,impressions,2021-05-5
2026-01-29,google,search_brand,clicks,1912-01-23
2026-01-29,google,search_brand,qs,1901-12-27
2026-01-29,google,search_brand,cp,1900-05-28
2026-01-29,google,search_nb,spend,1978-03-15
2026-01-29,google,search_nb,impressions,2251-08-9
2026-01-29,google,search_nb,clicks,1914-11-27
2026-01-29,google,search_nb,qs,1903-09-27
2026-01-29,google,search_nb,cp,1900-07-18
2026-01-29,google,search_pmax,spend,1928-03-12
2026-01-29,google,search_pmax,impressions,3074-04-30
2026-01-29,google,search_pmax,clicks,1909-08-23
2026-01-29,google,search_pmax,qs,1899-12-30
2026-01-29,google,search_pmax,cp,1900-03-13
2026-01-29,google,youtube,spend,1921-07-13
2026-01-29,google,youtube,impressions,14653-07-15
2026-01-29,google,youtube,clicks,1932-11-27
2026-01-29,google,youtube,qs,1900-08-13
2026-01-29,google,youtube,cp,1900-01-26
2026-01-29,meta,meta_bof,spend,1899-12-30
2026-01-29,meta,meta_bof,impressions,1899-12-30
2026-01-29,meta,meta_bof,clicks,1899-12-30
2026-01-29,meta,meta_bof,qs,1900-08-26
2026-01-29,meta,meta_bof,cp,1900-04-3
2026-01-29,meta,meta_tof,spend,1899-12-30
2026-01-29,meta,meta_tof,impressions,1899-12-30
2026-01-29,meta,meta_tof,clicks,1899-12-30
2026-01-29,meta,meta_tof,qs,1900-04-29
2026-01-29,meta,meta_tof,cp,1900-01-14
2026-01-29,tiktok,tiktok,spend,1899-12-30
2026-01-29,tiktok,tiktok,impressions,1899-12-30
2026-01-29,tiktok,tiktok,clicks,1899-12-30
2026-01-29,tiktok,tiktok,qs,1899-12-30
2026-01-29,tiktok,tiktok,cp,1899-12-30
2026-01-28,google,search_brand,spend,1925-08-4
2026-01-28,google,search_brand,impressions,2020-03-1
2026-01-28,google,search_brand,clicks,1912-07-16
2026-01-28,google,search_brand,qs,1902-02-15
2026-01-28,google,search_brand,cp,1900-06-26
2026-01-28,google,search_nb,spend,1980-07-1
2026-01-28,google,search_nb,impressions,2240-01-15
2026-01-28,google,search_nb,clicks,1915-02-9
2026-01-28,google,search_nb,qs,1903-08-26
2026-01-28,google,search_nb,cp,1900-07-1
2026-01-28,google,search_pmax,spend,1927-12-10
2026-01-28,google,search_pmax,impressions,3020-11-1
2026-01-28,google,search_pmax,clicks,1909-08-25
2026-01-28,google,search_pmax,qs,1899-12-30
2026-01-28,google,search_pmax,cp,1900-03-12
2026-01-28,google,youtube,spend,1930-03-7
2026-01-28,google,youtube,impressions,16884-01-15
2026-01-28,google,youtube,clicks,1938-05-22
2026-01-28,google,youtube,qs,1900-12-6
2026-01-28,google,youtube,cp,1900-02-6
2026-01-28,meta,meta_bof,spend,1899-12-30
2026-01-28,meta,meta_bof,impressions,1899-12-30
2026-01-28,meta,meta_bof,clicks,1899-12-30
2026-01-28,meta,meta_bof,qs,1900-09-22
2026-01-28,meta,meta_bof,cp,1900-04-20
2026-01-28,meta,meta_tof,spend,1899-12-30
2026-01-28,meta,meta_tof,impressions,1899-12-30
2026-01-28,meta,meta_tof,clicks,1899-12-30
2026-01-28,meta,meta_tof,qs,1900-05-9
2026-01-28,meta,meta_tof,cp,1900-01-17
2026-01-28,tiktok,tiktok,spend,1899-12-30
2026-01-28,tiktok,tiktok,impressions,1899-12-30
2026-01-28,tiktok,tiktok,clicks,1899-12-30
2026-01-28,tiktok,tiktok,qs,1899-12-30
2026-01-28,tiktok,tiktok,cp,1899-12-30
2026-01-27,google,search_brand,spend,1929-11-5
2026-01-27,google,search_brand,impressions,2060-07-24
2026-01-27,google,search_brand,clicks,1914-10-27
2026-01-27,google,search_brand,qs,1902-06-5
2026-01-27,google,search_brand,cp,1900-06-25
2026-01-27,google,search_nb,spend,1977-06-26
2026-01-27,google,search_nb,impressions,2227-07-9
2026-01-27,google,search_nb,clicks,1914-06-25
2026-01-27,google,search_nb,qs,1903-09-1
2026-01-27,google,search_nb,cp,1900-07-12
2026-01-27,google,search_pmax,spend,1924-01-1
2026-01-27,google,search_pmax,impressions,3002-12-6
2026-01-27,google,search_pmax,clicks,1909-06-4
2026-01-27,google,search_pmax,qs,1899-12-30
2026-01-27,google,search_pmax,cp,1900-03-10
2026-01-27,google,youtube,spend,1945-07-31
2026-01-27,google,youtube,impressions,25808-06-4
2026-01-27,google,youtube,clicks,1954-05-24
2026-01-27,google,youtube,qs,1901-01-14
2026-01-27,google,youtube,cp,1900-02-16
2026-01-27,meta,meta_bof,spend,1899-12-30
2026-01-27,meta,meta_bof,impressions,1899-12-30
2026-01-27,meta,meta_bof,clicks,1899-12-30
2026-01-27,meta,meta_bof,qs,1901-06-24
2026-01-27,meta,meta_bof,cp,1900-05-6
2026-01-27,meta,meta_tof,spend,1899-12-30
2026-01-27,meta,meta_tof,impressions,1899-12-30
2026-01-27,meta,meta_tof,clicks,1899-12-30
2026-01-27,meta,meta_tof,qs,1900-06-12
2026-01-27,meta,meta_tof,cp,1900-01-18
2026-01-27,tiktok,tiktok,spend,1899-12-30
2026-01-27,tiktok,tiktok,impressions,1899-12-30
2026-01-27,tiktok,tiktok,clicks,1899-12-30
2026-01-27,tiktok,tiktok,qs,1899-12-30
2026-01-27,tiktok,tiktok,cp,1899-12-30
2026-01-26,google,search_brand,spend,1931-04-13
2026-01-26,google,search_brand,impressions,2055-03-30
2026-01-26,google,search_brand,clicks,1915-10-2
2026-01-26,google,search_brand,qs,1902-11-1
2026-01-26,google,search_brand,cp,1900-07-13
2026-01-26,google,search_nb,spend,1986-10-9
2026-01-26,google,search_nb,impressions,2270-11-24
2026-01-26,google,search_nb,clicks,1916-03-17
2026-01-26,google,search_nb,qs,1904-07-4
2026-01-26,google,search_nb,cp,1900-08-18
2026-01-26,google,search_pmax,spend,1927-04-15
2026-01-26,google,search_pmax,impressions,3157-07-13
2026-01-26,google,search_pmax,clicks,1909-10-27
2026-01-26,google,search_pmax,qs,1899-12-30
2026-01-26,google,search_pmax,cp,1900-03-3
2026-01-26,google,youtube,spend,1941-03-30
2026-01-26,google,youtube,impressions,22968-03-10
2026-01-26,google,youtube,clicks,1945-05-19
2026-01-26,google,youtube,qs,1901-01-15
2026-01-26,google,youtube,cp,1900-02-7
2026-01-26,meta,meta_bof,spend,1970-05-2
2026-01-26,meta,meta_bof,impressions,10491-09-13
2026-01-26,meta,meta_bof,clicks,1988-02-15
2026-01-26,meta,meta_bof,qs,1903-07-28
2026-01-26,meta,meta_bof,cp,1900-08-13
2026-01-26,meta,meta_tof,spend,1923-12-14
2026-01-26,meta,meta_tof,impressions,4183-08-26
2026-01-26,meta,meta_tof,clicks,1918-11-8
2026-01-26,meta,meta_tof,qs,1902-03-1
2026-01-26,meta,meta_tof,cp,1900-01-30
2026-01-26,tiktok,tiktok,spend,1899-12-30
2026-01-26,tiktok,tiktok,impressions,1899-12-30
2026-01-26,tiktok,tiktok,clicks,1899-12-30
2026-01-26,tiktok,tiktok,qs,1899-12-30
2026-01-26,tiktok,tiktok,cp,1899-12-30
2026-01-25,google,search_brand,spend,1932-03-26
2026-01-25,google,search_brand,impressions,2065-04-26
2026-01-25,google,search_brand,clicks,1916-01-6
2026-01-25,google,search_brand,qs,1903-04-25
2026-01-25,google,search_brand,cp,1900-08-5
2026-01-25,google,search_nb,spend,1981-04-30
2026-01-25,google,search_nb,impressions,2256-08-17
2026-01-25,google,search_nb,clicks,1916-05-12
2026-01-25,google,search_nb,qs,1904-04-3
2026-01-25,google,search_nb,cp,1900-07-22
2026-01-25,google,search_pmax,spend,1928-05-10
2026-01-25,google,search_pmax,impressions,3297-05-26
2026-01-25,google,search_pmax,clicks,1911-07-29
2026-01-25,google,search_pmax,qs,1899-12-30
2026-01-25,google,search_pmax,cp,1900-03-11
2026-01-25,google,youtube,spend,1945-06-1
2026-01-25,google,youtube,impressions,25326-08-26
2026-01-25,google,youtube,clicks,1954-07-14
2026-01-25,google,youtube,qs,1901-04-9
2026-01-25,google,youtube,cp,1900-02-12
2026-01-25,meta,meta_bof,spend,2070-08-4
2026-01-25,meta,meta_bof,impressions,17790-03-13
2026-01-25,meta,meta_bof,clicks,2137-10-29
2026-01-25,meta,meta_bof,qs,1905-07-18
2026-01-25,meta,meta_bof,cp,1900-11-7
2026-01-25,meta,meta_tof,spend,2008-10-21
2026-01-25,meta,meta_tof,impressions,13104-03-15
2026-01-25,meta,meta_tof,clicks,2002-12-11
2026-01-25,meta,meta_tof,qs,1907-12-12
2026-01-25,meta,meta_tof,cp,1900-02-21
2026-01-25,tiktok,tiktok,spend,1899-12-30
2026-01-25,tiktok,tiktok,impressions,1899-12-30
2026-01-25,tiktok,tiktok,clicks,1899-12-30
2026-01-25,tiktok,tiktok,qs,1899-12-30
2026-01-25,tiktok,tiktok,cp,1899-12-30
2026-01-24,google,search_brand,spend,1929-01-31
2026-01-24,google,search_brand,impressions,2055-07-22
2026-01-24,google,search_brand,clicks,1914-03-2
2026-01-24,google,search_brand,qs,1902-12-27
2026-01-24,google,search_brand,cp,1900-06-7
2026-01-24,google,search_nb,spend,1980-04-26
2026-01-24,google,search_nb,impressions,2307-12-19
2026-01-24,google,search_nb,clicks,1916-05-11
2026-01-24,google,search_nb,qs,1904-01-3
2026-01-24,google,search_nb,cp,1900-07-25
2026-01-24,google,search_pmax,spend,1932-07-16
2026-01-24,google,search_pmax,impressions,2765-10-13
2026-01-24,google,search_pmax,clicks,1906-08-12
2026-01-24,google,search_pmax,qs,1899-12-30
2026-01-24,google,search_pmax,cp,1900-03-9
2026-01-24,google,youtube,spend,1941-07-31
2026-01-24,google,youtube,impressions,24725-07-7
2026-01-24,google,youtube,clicks,1954-12-7
2026-01-24,google,youtube,qs,1901-03-18
2026-01-24,google,youtube,cp,1900-02-9
2026-01-24,meta,meta_bof,spend,2058-10-30
2026-01-24,meta,meta_bof,impressions,17161-06-12
2026-01-24,meta,meta_bof,clicks,2107-09-20
2026-01-24,meta,meta_bof,qs,1905-01-20
2026-01-24,meta,meta_bof,cp,1900-11-7
2026-01-24,meta,meta_tof,spend,1994-05-24
2026-01-24,meta,meta_tof,impressions,11309-10-15
2026-01-24,meta,meta_tof,clicks,1983-07-28
2026-01-24,meta,meta_tof,qs,1906-11-18
2026-01-24,meta,meta_tof,cp,1900-02-15
2026-01-24,tiktok,tiktok,spend,1899-12-30
2026-01-24,tiktok,tiktok,impressions,1899-12-30
2026-01-24,tiktok,tiktok,clicks,1899-12-30
2026-01-24,tiktok,tiktok,qs,1899-12-30
2026-01-24,tiktok,tiktok,cp,1899-12-30
2026-01-23,google,search_brand,spend,1926-01-1
2026-01-23,google,search_brand,impressions,2019-01-1
2026-01-23,google,search_brand,clicks,1912-10-3
2026-01-23,google,search_brand,qs,1902-07-24
2026-01-23,google,search_brand,cp,1900-07-1
2026-01-23,google,search_nb,spend,1981-09-6
2026-01-23,google,search_nb,impressions,2327-06-11
2026-01-23,google,search_nb,clicks,1915-10-6
2026-01-23,google,search_nb,qs,1903-10-31
2026-01-23,google,search_nb,cp,1900-08-16
2026-01-23,google,search_pmax,spend,1923-01-15
2026-01-23,google,search_pmax,impressions,2688-05-19
2026-01-23,google,search_pmax,clicks,1907-01-9
2026-01-23,google,search_pmax,qs,1899-12-30
2026-01-23,google,search_pmax,cp,1900-02-24
2026-01-23,google,youtube,spend,1939-07-9
2026-01-23,google,youtube,impressions,23405-09-28
2026-01-23,google,youtube,clicks,1952-12-12
2026-01-23,google,youtube,qs,1901-03-2
2026-01-23,google,youtube,cp,1900-02-5
2026-01-23,meta,meta_bof,spend,2046-01-8
2026-01-23,meta,meta_bof,impressions,15423-01-20
2026-01-23,meta,meta_bof,clicks,2084-09-22
2026-01-23,meta,meta_bof,qs,1904-10-23
2026-01-23,meta,meta_bof,cp,1900-12-7
2026-01-23,meta,meta_tof,spend,1993-01-18
2026-01-23,meta,meta_tof,impressions,11366-10-2
2026-01-23,meta,meta_tof,clicks,1985-06-4
2026-01-23,meta,meta_tof,qs,1905-12-27
2026-01-23,meta,meta_tof,cp,1900-03-10
2026-01-23,tiktok,tiktok,spend,1899-12-30
2026-01-23,tiktok,tiktok,impressions,1899-12-30
2026-01-23,tiktok,tiktok,clicks,1899-12-30
2026-01-23,tiktok,tiktok,qs,1899-12-30
2026-01-23,tiktok,tiktok,cp,1899-12-30
2026-01-22,google,search_brand,spend,1928-09-30
2026-01-22,google,search_brand,impressions,2026-11-14
2026-01-22,google,search_brand,clicks,1914-01-14
2026-01-22,google,search_brand,qs,1902-09-10
2026-01-22,google,search_brand,cp,1900-06-19
2026-01-22,google,search_nb,spend,1983-07-21
2026-01-22,google,search_nb,impressions,2322-10-16
2026-01-22,google,search_nb,clicks,1916-07-12
2026-01-22,google,search_nb,qs,1904-01-10
2026-01-22,google,search_nb,cp,1900-07-25
2026-01-22,google,search_pmax,spend,1927-07-30
2026-01-22,google,search_pmax,impressions,3219-02-27
2026-01-22,google,search_pmax,clicks,1910-12-30
2026-01-22,google,search_pmax,qs,1899-12-30
2026-01-22,google,search_pmax,cp,1900-03-20
2026-01-22,google,youtube,spend,1942-01-4
2026-01-22,google,youtube,impressions,24758-10-24
2026-01-22,google,youtube,clicks,1958-10-2
2026-01-22,google,youtube,qs,1901-03-5
2026-01-22,google,youtube,cp,1900-02-12
2026-01-22,meta,meta_bof,spend,2058-04-12
2026-01-22,meta,meta_bof,impressions,17635-09-29
2026-01-22,meta,meta_bof,clicks,2115-06-26
2026-01-22,meta,meta_bof,qs,1906-05-26
2026-01-22,meta,meta_bof,cp,1900-10-8
2026-01-22,meta,meta_tof,spend,1994-10-26
2026-01-22,meta,meta_tof,impressions,11835-05-16
2026-01-22,meta,meta_tof,clicks,1997-09-25
2026-01-22,meta,meta_tof,qs,1906-09-20
2026-01-22,meta,meta_tof,cp,1900-02-25
2026-01-22,tiktok,tiktok,spend,1899-12-30
2026-01-22,tiktok,tiktok,impressions,1900-01-1
2026-01-22,tiktok,tiktok,clicks,1899-12-30
2026-01-22,tiktok,tiktok,qs,1899-12-30
2026-01-22,tiktok,tiktok,cp,1899-12-30
2026-01-21,google,search_brand,spend,1913-08-27
2026-01-21,google,search_brand,impressions,1964-05-26
2026-01-21,google,search_brand,clicks,1906-11-7
2026-01-21,google,search_brand,qs,1901-05-31
2026-01-21,google,search_brand,cp,1900-03-19
2026-01-21,google,search_nb,spend,1983-05-24
2026-01-21,google,search_nb,impressions,2366-08-27
2026-01-21,google,search_nb,clicks,1918-01-25
2026-01-21,google,search_nb,qs,1904-12-21
2026-01-21,google,search_nb,cp,1900-07-26
2026-01-21,google,search_pmax,spend,1929-08-25
2026-01-21,google,search_pmax,impressions,3266-11-4
2026-01-21,google,search_pmax,clicks,1911-04-23
2026-01-21,google,search_pmax,qs,1899-12-30
2026-01-21,google,search_pmax,cp,1900-03-14
2026-01-21,google,youtube,spend,1940-04-8
2026-01-21,google,youtube,impressions,20117-11-12
2026-01-21,google,youtube,clicks,1948-04-10
2026-01-21,google,youtube,qs,1901-06-3
2026-01-21,google,youtube,cp,1900-02-5
2026-01-21,meta,meta_bof,spend,2050-07-10
2026-01-21,meta,meta_bof,impressions,17094-03-19
2026-01-21,meta,meta_bof,clicks,2107-08-16
2026-01-21,meta,meta_bof,qs,1905-03-12
2026-01-21,meta,meta_bof,cp,1900-09-12
2026-01-21,meta,meta_tof,spend,1987-06-17
2026-01-21,meta,meta_tof,impressions,10795-04-29
2026-01-21,meta,meta_tof,clicks,1972-10-31
2026-01-21,meta,meta_tof,qs,1905-10-1
2026-01-21,meta,meta_tof,cp,1900-02-16
2026-01-21,tiktok,tiktok,spend,1899-12-30
2026-01-21,tiktok,tiktok,impressions,1900-01-30
2026-01-21,tiktok,tiktok,clicks,1899-12-30
2026-01-21,tiktok,tiktok,qs,1899-12-30
2026-01-21,tiktok,tiktok,cp,1899-12-30
2026-01-20,google,search_brand,spend,1914-11-19
2026-01-20,google,search_brand,impressions,1972-07-23
2026-01-20,google,search_brand,clicks,1907-06-26
2026-01-20,google,search_brand,qs,1901-07-10
2026-01-20,google,search_brand,cp,1900-04-15
2026-01-20,google,search_nb,spend,1987-08-26
2026-01-20,google,search_nb,impressions,2379-12-26
2026-01-20,google,search_nb,clicks,1920-02-28
2026-01-20,google,search_nb,qs,1905-10-11
2026-01-20,google,search_nb,cp,1900-10-1
2026-01-20,google,search_pmax,spend,1929-07-15
2026-01-20,google,search_pmax,impressions,3286-02-8
2026-01-20,google,search_pmax,clicks,1911-12-5
2026-01-20,google,search_pmax,qs,1899-12-30
2026-01-20,google,search_pmax,cp,1900-03-9
2026-01-20,google,youtube,spend,1939-07-15
2026-01-20,google,youtube,impressions,19170-11-23
2026-01-20,google,youtube,clicks,1944-03-20
2026-01-20,google,youtube,qs,1901-05-29
2026-01-20,google,youtube,cp,1900-02-11
2026-01-20,meta,meta_bof,spend,2053-03-23
2026-01-20,meta,meta_bof,impressions,17322-02-19
2026-01-20,meta,meta_bof,clicks,2102-05-12
2026-01-20,meta,meta_bof,qs,1905-04-12
2026-01-20,meta,meta_bof,cp,1900-09-15
2026-01-20,meta,meta_tof,spend,1993-07-26
2026-01-20,meta,meta_tof,impressions,11975-11-4
2026-01-20,meta,meta_tof,clicks,1976-03-24
2026-01-20,meta,meta_tof,qs,1906-03-10
2026-01-20,meta,meta_tof,cp,1900-03-3
2026-01-20,tiktok,tiktok,spend,1899-12-30
2026-01-20,tiktok,tiktok,impressions,1900-11-28
2026-01-20,tiktok,tiktok,clicks,1899-12-30
2026-01-20,tiktok,tiktok,qs,1899-12-30
2026-01-20,tiktok,tiktok,cp,1899-12-30
2026-01-19,google,search_brand,spend,1915-09-26
2026-01-19,google,search_brand,impressions,1975-10-30
2026-01-19,google,search_brand,clicks,1907-11-4
2026-01-19,google,search_brand,qs,1901-07-8
2026-01-19,google,search_brand,cp,1900-03-27
2026-01-19,google,search_nb,spend,1982-03-26
2026-01-19,google,search_nb,impressions,2363-04-26
2026-01-19,google,search_nb,clicks,1918-11-4
2026-01-19,google,search_nb,qs,1905-09-9
2026-01-19,google,search_nb,cp,1900-10-7
2026-01-19,google,search_pmax,spend,1925-05-29
2026-01-19,google,search_pmax,impressions,3268-03-24
2026-01-19,google,search_pmax,clicks,1913-11-24
2026-01-19,google,search_pmax,qs,1899-12-30
2026-01-19,google,search_pmax,cp,1900-03-5
2026-01-19,google,youtube,spend,1937-07-4
2026-01-19,google,youtube,impressions,18871-06-18
2026-01-19,google,youtube,clicks,1941-04-4
2026-01-19,google,youtube,qs,1901-05-16
2026-01-19,google,youtube,cp,1900-02-24
2026-01-19,meta,meta_bof,spend,2065-07-15
2026-01-19,meta,meta_bof,impressions,19284-05-3
2026-01-19,meta,meta_bof,clicks,2102-07-17
2026-01-19,meta,meta_bof,qs,1906-05-27
2026-01-19,meta,meta_bof,cp,1900-10-4
2026-01-19,meta,meta_tof,spend,1993-03-1
2026-01-19,meta,meta_tof,impressions,12096-09-24
2026-01-19,meta,meta_tof,clicks,1980-04-8
2026-01-19,meta,meta_tof,qs,1906-07-12
2026-01-19,meta,meta_tof,cp,1900-02-8
2026-01-19,tiktok,tiktok,spend,1899-12-31
2026-01-19,tiktok,tiktok,impressions,1901-09-24
2026-01-19,tiktok,tiktok,clicks,1899-12-30
2026-01-19,tiktok,tiktok,qs,1899-12-30
2026-01-19,tiktok,tiktok,cp,1899-12-30
2026-01-18,google,search_brand,spend,1915-10-13
2026-01-18,google,search_brand,impressions,1978-08-17
2026-01-18,google,search_brand,clicks,1907-12-24
2026-01-18,google,search_brand,qs,1901-07-29
2026-01-18,google,search_brand,cp,1900-03-13
2026-01-18,google,search_nb,spend,1983-07-25
2026-01-18,google,search_nb,impressions,2283-09-22
2026-01-18,google,search_nb,clicks,1917-07-20
2026-01-18,google,search_nb,qs,1905-08-3
2026-01-18,google,search_nb,cp,1900-10-24
2026-01-18,google,search_pmax,spend,1923-12-8
2026-01-18,google,search_pmax,impressions,3163-04-23
2026-01-18,google,search_pmax,clicks,1911-04-4
2026-01-18,google,search_pmax,qs,1899-12-30
2026-01-18,google,search_pmax,cp,1900-03-9
2026-01-18,google,youtube,spend,1935-10-18
2026-01-18,google,youtube,impressions,19102-06-10
2026-01-18,google,youtube,clicks,1936-09-24
2026-01-18,google,youtube,qs,1901-08-2
2026-01-18,google,youtube,cp,1900-02-28
2026-01-18,meta,meta_bof,spend,2085-08-30
2026-01-18,meta,meta_bof,impressions,20647-11-26
2026-01-18,meta,meta_bof,clicks,2137-05-12
2026-01-18,meta,meta_bof,qs,1907-01-29
2026-01-18,meta,meta_bof,cp,1900-10-9
2026-01-18,meta,meta_tof,spend,1999-01-7
2026-01-18,meta,meta_tof,impressions,12382-01-28
2026-01-18,meta,meta_tof,clicks,1985-05-28
2026-01-18,meta,meta_tof,qs,1907-11-30
2026-01-18,meta,meta_tof,cp,1900-02-21
2026-01-18,tiktok,tiktok,spend,1899-12-31
2026-01-18,tiktok,tiktok,impressions,1901-11-20
2026-01-18,tiktok,tiktok,clicks,1899-12-30
2026-01-18,tiktok,tiktok,qs,1899-12-30
2026-01-18,tiktok,tiktok,cp,1899-12-30
2026-01-17,google,search_brand,spend,1913-02-28
2026-01-17,google,search_brand,impressions,1971-07-20
2026-01-17,google,search_brand,clicks,1906-08-15
2026-01-17,google,search_brand,qs,1901-05-5
2026-01-17,google,search_brand,cp,1900-04-15
2026-01-17,google,search_nb,spend,1987-12-7
2026-01-17,google,search_nb,impressions,2291-09-25
2026-01-17,google,search_nb,clicks,1917-01-20
2026-01-17,google,search_nb,qs,1905-04-27
2026-01-17,google,search_nb,cp,1900-09-18
2026-01-17,google,search_pmax,spend,1930-08-6
2026-01-17,google,search_pmax,impressions,3177-08-17
2026-01-17,google,search_pmax,clicks,1910-12-29
2026-01-17,google,search_pmax,qs,1899-12-30
2026-01-17,google,search_pmax,cp,1900-03-10
2026-01-17,google,youtube,spend,1929-11-17
2026-01-17,google,youtube,impressions,14639-10-14
2026-01-17,google,youtube,clicks,1927-06-30
2026-01-17,google,youtube,qs,1900-12-29
2026-01-17,google,youtube,cp,1900-02-11
2026-01-17,meta,meta_bof,spend,2070-07-8
2026-01-17,meta,meta_bof,impressions,20302-06-11
2026-01-17,meta,meta_bof,clicks,2108-02-14
2026-01-17,meta,meta_bof,qs,1906-06-6
2026-01-17,meta,meta_bof,cp,1900-10-10
2026-01-17,meta,meta_tof,spend,1979-09-3
2026-01-17,meta,meta_tof,impressions,10201-02-12
2026-01-17,meta,meta_tof,clicks,1978-01-5
2026-01-17,meta,meta_tof,qs,1906-04-5
2026-01-17,meta,meta_tof,cp,1900-02-16
2026-01-17,tiktok,tiktok,spend,1900-01-2
2026-01-17,tiktok,tiktok,impressions,1904-01-10
2026-01-17,tiktok,tiktok,clicks,1899-12-30
2026-01-17,tiktok,tiktok,qs,1899-12-30
2026-01-17,tiktok,tiktok,cp,1899-12-30
2026-01-16,google,search_brand,spend,1913-08-16
2026-01-16,google,search_brand,impressions,1967-09-12
2026-01-16,google,search_brand,clicks,1906-12-18
2026-01-16,google,search_brand,qs,1901-04-30
2026-01-16,google,search_brand,cp,1900-03-24
2026-01-16,google,search_nb,spend,1986-07-11
2026-01-16,google,search_nb,impressions,2299-02-16
2026-01-16,google,search_nb,clicks,1916-11-13
2026-01-16,google,search_nb,qs,1905-05-14
2026-01-16,google,search_nb,cp,1900-10-3
2026-01-16,google,search_pmax,spend,1931-02-8
2026-01-16,google,search_pmax,impressions,3302-06-19
2026-01-16,google,search_pmax,clicks,1911-05-23
2026-01-16,google,search_pmax,qs,1899-12-30
2026-01-16,google,search_pmax,cp,1900-04-11
2026-01-16,google,youtube,spend,1920-11-17
2026-01-16,google,youtube,impressions,9790-09-11
2026-01-16,google,youtube,clicks,1916-12-31
2026-01-16,google,youtube,qs,1900-10-10
2026-01-16,google,youtube,cp,1900-02-3
2026-01-16,meta,meta_bof,spend,2093-12-8
2026-01-16,meta,meta_bof,impressions,23578-04-10
2026-01-16,meta,meta_bof,clicks,2119-09-5
2026-01-16,meta,meta_bof,qs,1906-10-8
2026-01-16,meta,meta_bof,cp,1901-01-4
2026-01-16,meta,meta_tof,spend,1984-04-6
2026-01-16,meta,meta_tof,impressions,11226-01-21
2026-01-16,meta,meta_tof,clicks,1983-02-22
2026-01-16,meta,meta_tof,qs,1906-02-20
2026-01-16,meta,meta_tof,cp,1900-02-19
2026-01-16,tiktok,tiktok,spend,1900-02-22
2026-01-16,tiktok,tiktok,impressions,1951-10-13
2026-01-16,tiktok,tiktok,clicks,1900-01-12
2026-01-16,tiktok,tiktok,qs,1899-12-30
2026-01-16,tiktok,tiktok,cp,1899-12-30
2026-01-15,google,search_brand,spend,1914-01-15
2026-01-15,google,search_brand,impressions,1970-06-4
2026-01-15,google,search_brand,clicks,1907-02-18
2026-01-15,google,search_brand,qs,1901-06-20
2026-01-15,google,search_brand,cp,1900-04-12
2026-01-15,google,search_nb,spend,1986-01-4
2026-01-15,google,search_nb,impressions,2295-02-2
2026-01-15,google,search_nb,clicks,1916-11-16
2026-01-15,google,search_nb,qs,1905-03-28
2026-01-15,google,search_nb,cp,1900-09-25
2026-01-15,google,search_pmax,spend,1925-07-15
2026-01-15,google,search_pmax,impressions,3264-11-29
2026-01-15,google,search_pmax,clicks,1911-04-21
2026-01-15,google,search_pmax,qs,1899-12-30
2026-01-15,google,search_pmax,cp,1900-03-15
2026-01-15,google,youtube,spend,1918-01-2
2026-01-15,google,youtube,impressions,7977-05-9
2026-01-15,google,youtube,clicks,1913-03-10
2026-01-15,google,youtube,qs,1900-09-23
2026-01-15,google,youtube,cp,1900-02-1
2026-01-15,meta,meta_bof,spend,2114-10-30
2026-01-15,meta,meta_bof,impressions,27710-05-25
2026-01-15,meta,meta_bof,clicks,2147-03-23
2026-01-15,meta,meta_bof,qs,1908-01-14
2026-01-15,meta,meta_bof,cp,1900-11-4
2026-01-15,meta,meta_tof,spend,1991-08-3
2026-01-15,meta,meta_tof,impressions,11994-03-21
2026-01-15,meta,meta_tof,clicks,1992-05-1
2026-01-15,meta,meta_tof,qs,1905-10-3
2026-01-15,meta,meta_tof,cp,1900-02-21
2026-01-15,tiktok,tiktok,spend,1938-04-26
2026-01-15,tiktok,tiktok,impressions,16294-10-9
2026-01-15,tiktok,tiktok,clicks,1907-01-17
2026-01-15,tiktok,tiktok,qs,1899-12-30
2026-01-15,tiktok,tiktok,cp,1899-12-30
2026-01-14,google,search_brand,spend,1914-08-17
2026-01-14,google,search_brand,impressions,1974-08-12
2026-01-14,google,search_brand,clicks,1907-08-9
2026-01-14,google,search_brand,qs,1901-06-25
2026-01-14,google,search_brand,cp,1900-04-24
2026-01-14,google,search_nb,spend,1983-01-24
2026-01-14,google,search_nb,impressions,2316-07-23
2026-01-14,google,search_nb,clicks,1917-02-13
2026-01-14,google,search_nb,qs,1905-05-29
2026-01-14,google,search_nb,cp,1900-09-19
2026-01-14,google,search_pmax,spend,1927-04-23
2026-01-14,google,search_pmax,impressions,3209-05-5
2026-01-14,google,search_pmax,clicks,1910-04-29
2026-01-14,google,search_pmax,qs,1899-12-30
2026-01-14,google,search_pmax,cp,1900-03-9
2026-01-14,google,youtube,spend,1914-03-1
2026-01-14,google,youtube,impressions,6496-06-2
2026-01-14,google,youtube,clicks,1910-02-17
2026-01-14,google,youtube,qs,1900-07-30
2026-01-14,google,youtube,cp,1900-02-4
2026-01-14,meta,meta_bof,spend,2028-02-7
2026-01-14,meta,meta_bof,impressions,17284-09-23
2026-01-14,meta,meta_bof,clicks,2043-06-11
2026-01-14,meta,meta_bof,qs,1905-04-1
2026-01-14,meta,meta_bof,cp,1900-08-31
2026-01-14,meta,meta_tof,spend,1971-11-9
2026-01-14,meta,meta_tof,impressions,9626-06-29
2026-01-14,meta,meta_tof,clicks,1960-01-18
2026-01-14,meta,meta_tof,qs,1904-08-12
2026-01-14,meta,meta_tof,cp,1900-02-18
2026-01-14,tiktok,tiktok,spend,1941-04-11
2026-01-14,tiktok,tiktok,impressions,27115-12-25
2026-01-14,tiktok,tiktok,clicks,1905-08-21
2026-01-14,tiktok,tiktok,qs,1899-12-30
2026-01-14,tiktok,tiktok,cp,1899-12-30
2026-01-13,google,search_brand,spend,1926-11-14
2026-01-13,google,search_brand,impressions,2033-02-13
2026-01-13,google,search_brand,clicks,1914-03-5
2026-01-13,google,search_brand,qs,1902-05-21
2026-01-13,google,search_brand,cp,1900-06-8
2026-01-13,google,search_nb,spend,2027-04-15
2026-01-13,google,search_nb,impressions,2630-12-20
2026-01-13,google,search_nb,clicks,1924-01-23
2026-01-13,google,search_nb,qs,1907-09-15
2026-01-13,google,search_nb,cp,1900-12-27
2026-01-13,google,search_pmax,spend,1937-10-2
2026-01-13,google,search_pmax,impressions,3515-12-8
2026-01-13,google,search_pmax,clicks,1913-09-7
2026-01-13,google,search_pmax,qs,1899-12-30
2026-01-13,google,search_pmax,cp,1900-04-22
2026-01-13,google,youtube,spend,1911-04-9
2026-01-13,google,youtube,impressions,4775-10-1
2026-01-13,google,youtube,clicks,1907-04-4
2026-01-13,google,youtube,qs,1900-06-3
2026-01-13,google,youtube,cp,1900-01-15
2026-01-13,meta,meta_bof,spend,1997-04-2
2026-01-13,meta,meta_bof,impressions,13092-12-16
2026-01-13,meta,meta_bof,clicks,2014-10-30
2026-01-13,meta,meta_bof,qs,1904-09-2
2026-01-13,meta,meta_bof,cp,1900-09-14
2026-01-13,meta,meta_tof,spend,1963-09-21
2026-01-13,meta,meta_tof,impressions,9179-07-22
2026-01-13,meta,meta_tof,clicks,1957-05-17
2026-01-13,meta,meta_tof,qs,1904-12-26
2026-01-13,meta,meta_tof,cp,1900-02-20
2026-01-13,tiktok,tiktok,spend,1915-06-30
2026-01-13,tiktok,tiktok,impressions,6851-09-13
2026-01-13,tiktok,tiktok,clicks,1909-11-4
2026-01-13,tiktok,tiktok,qs,1899-12-30
2026-01-13,tiktok,tiktok,cp,1899-12-30
2026-01-12,google,search_brand,spend,1926-11-11
2026-01-12,google,search_brand,impressions,2028-08-11
2026-01-12,google,search_brand,clicks,1913-09-26
2026-01-12,google,search_brand,qs,1902-07-24
2026-01-12,google,search_brand,cp,1900-06-25
2026-01-12,google,search_nb,spend,2010-12-12
2026-01-12,google,search_nb,impressions,2547-07-18
2026-01-12,google,search_nb,clicks,1920-10-14
2026-01-12,google,search_nb,qs,1906-06-8
2026-01-12,google,search_nb,cp,1900-10-16
2026-01-12,google,search_pmax,spend,1948-06-4
2026-01-12,google,search_pmax,impressions,3815-10-22
2026-01-12,google,search_pmax,clicks,1915-05-29
2026-01-12,google,search_pmax,qs,1899-12-30
2026-01-12,google,search_pmax,cp,1900-03-30
2026-01-12,google,youtube,spend,1909-03-1
2026-01-12,google,youtube,impressions,4229-09-4
2026-01-12,google,youtube,clicks,1906-02-15
2026-01-12,google,youtube,qs,1900-05-11
2026-01-12,google,youtube,cp,1900-01-13
2026-01-12,meta,meta_bof,spend,1993-12-6
2026-01-12,meta,meta_bof,impressions,12091-11-11
2026-01-12,meta,meta_bof,clicks,2013-07-22
2026-01-12,meta,meta_bof,qs,1905-05-17
2026-01-12,meta,meta_bof,cp,1900-08-22
2026-01-12,meta,meta_tof,spend,1954-06-8
2026-01-12,meta,meta_tof,impressions,8060-03-14
2026-01-12,meta,meta_tof,clicks,1952-01-24
2026-01-12,meta,meta_tof,qs,1903-10-21
2026-01-12,meta,meta_tof,cp,1900-02-16
2026-01-12,tiktok,tiktok,spend,1914-06-8
2026-01-12,tiktok,tiktok,impressions,6255-06-14
2026-01-12,tiktok,tiktok,clicks,1908-06-12
2026-01-12,tiktok,tiktok,qs,1899-12-30
2026-01-12,tiktok,tiktok,cp,1899-12-30
2026-01-11,google,search_brand,spend,1927-04-7
2026-01-11,google,search_brand,impressions,2050-05-14
2026-01-11,google,search_brand,clicks,1913-10-13
2026-01-11,google,search_brand,qs,1902-10-15
2026-01-11,google,search_brand,cp,1900-07-16
2026-01-11,google,search_nb,spend,2007-12-27
2026-01-11,google,search_nb,impressions,2493-08-6
2026-01-11,google,search_nb,clicks,1920-04-15
2026-01-11,google,search_nb,qs,1906-02-9
2026-01-11,google,search_nb,cp,1900-09-29
2026-01-11,google,search_pmax,spend,1954-11-15
2026-01-11,google,search_pmax,impressions,3686-08-13
2026-01-11,google,search_pmax,clicks,1914-06-27
2026-01-11,google,search_pmax,qs,1899-12-30
2026-01-11,google,search_pmax,cp,1900-04-5
2026-01-11,google,youtube,spend,1913-11-4
2026-01-11,google,youtube,impressions,5927-11-1
2026-01-11,google,youtube,clicks,1911-03-30
2026-01-11,google,youtube,qs,1900-07-27
2026-01-11,google,youtube,cp,1900-01-22
2026-01-11,meta,meta_bof,spend,2012-12-28
2026-01-11,meta,meta_bof,impressions,14673-06-25
2026-01-11,meta,meta_bof,clicks,2038-08-7
2026-01-11,meta,meta_bof,qs,1905-01-22
2026-01-11,meta,meta_bof,cp,1900-08-31
2026-01-11,meta,meta_tof,spend,1958-12-13
2026-01-11,meta,meta_tof,impressions,8222-09-13
2026-01-11,meta,meta_tof,clicks,1955-10-2
2026-01-11,meta,meta_tof,qs,1904-05-17
2026-01-11,meta,meta_tof,cp,1900-02-3
2026-01-11,tiktok,tiktok,spend,1921-04-21
2026-01-11,tiktok,tiktok,impressions,8784-10-26
2026-01-11,tiktok,tiktok,clicks,1914-05-16
2026-01-11,tiktok,tiktok,qs,1899-12-30
2026-01-11,tiktok,tiktok,cp,1899-12-30
2026-01-10,google,search_brand,spend,1926-05-26
2026-01-10,google,search_brand,impressions,2061-11-16
2026-01-10,google,search_brand,clicks,1913-01-19
2026-01-10,google,search_brand,qs,1902-09-11
2026-01-10,google,search_brand,cp,1900-07-5
2026-01-10,google,search_nb,spend,2004-09-18
2026-01-10,google,search_nb,impressions,2454-02-28
2026-01-10,google,search_nb,clicks,1917-11-16
2026-01-10,google,search_nb,qs,1905-05-7
2026-01-10,google,search_nb,cp,1900-09-25
2026-01-10,google,search_pmax,spend,1950-02-20
2026-01-10,google,search_pmax,impressions,3572-11-17
2026-01-10,google,search_pmax,clicks,1912-12-21
2026-01-10,google,search_pmax,qs,1899-12-30
2026-01-10,google,search_pmax,cp,1900-04-11
2026-01-10,google,youtube,spend,1909-07-21
2026-01-10,google,youtube,impressions,5051-10-21
2026-01-10,google,youtube,clicks,1909-01-23
2026-01-10,google,youtube,qs,1900-05-1
2026-01-10,google,youtube,cp,1900-01-14
2026-01-10,meta,meta_bof,spend,2024-07-29
2026-01-10,meta,meta_bof,impressions,15777-01-29
2026-01-10,meta,meta_bof,clicks,2069-07-21
2026-01-10,meta,meta_bof,qs,1905-07-6
2026-01-10,meta,meta_bof,cp,1900-09-14
2026-01-10,meta,meta_tof,spend,1952-11-15
2026-01-10,meta,meta_tof,impressions,7814-05-30
2026-01-10,meta,meta_tof,clicks,1961-02-2
2026-01-10,meta,meta_tof,qs,1903-11-20
2026-01-10,meta,meta_tof,cp,1900-02-6
2026-01-10,tiktok,tiktok,spend,1927-04-13
2026-01-10,tiktok,tiktok,impressions,11039-01-18
2026-01-10,tiktok,tiktok,clicks,1918-07-27
2026-01-10,tiktok,tiktok,qs,1899-12-30
2026-01-10,tiktok,tiktok,cp,1899-12-30
2026-01-9,google,search_brand,spend,1926-10-27
2026-01-9,google,search_brand,impressions,2045-07-8
2026-01-9,google,search_brand,clicks,1913-01-14
2026-01-9,google,search_brand,qs,1902-09-5
2026-01-9,google,search_brand,cp,1900-07-22
2026-01-9,google,search_nb,spend,2016-01-1
2026-01-9,google,search_nb,impressions,2551-04-5
2026-01-9,google,search_nb,clicks,1920-02-20
2026-01-9,google,search_nb,qs,1906-04-8
2026-01-9,google,search_nb,cp,1900-11-8
2026-01-9,google,search_pmax,spend,1948-05-9
2026-01-9,google,search_pmax,impressions,3526-01-1
2026-01-9,google,search_pmax,clicks,1912-12-25
2026-01-9,google,search_pmax,qs,1899-12-30
2026-01-9,google,search_pmax,cp,1900-04-7
2026-01-9,google,youtube,spend,1905-11-12
2026-01-9,google,youtube,impressions,3648-10-13
2026-01-9,google,youtube,clicks,1905-02-23
2026-01-9,google,youtube,qs,1900-03-5
2026-01-9,google,youtube,cp,1900-01-5
2026-01-9,meta,meta_bof,spend,2056-05-5
2026-01-9,meta,meta_bof,impressions,21047-02-10
2026-01-9,meta,meta_bof,clicks,2114-06-28
2026-01-9,meta,meta_bof,qs,1907-04-25
2026-01-9,meta,meta_bof,cp,1900-12-30
2026-01-9,meta,meta_tof,spend,1951-06-22
2026-01-9,meta,meta_tof,impressions,8000-08-25
2026-01-9,meta,meta_tof,clicks,1969-08-1
2026-01-9,meta,meta_tof,qs,1903-10-12
2026-01-9,meta,meta_tof,cp,1900-02-14
2026-01-9,tiktok,tiktok,spend,1920-06-30
2026-01-9,tiktok,tiktok,impressions,8841-01-12
2026-01-9,tiktok,tiktok,clicks,1913-05-8
2026-01-9,tiktok,tiktok,qs,1899-12-30
2026-01-9,tiktok,tiktok,cp,1899-12-30
2026-01-8,google,search_brand,spend,1926-11-17
2026-01-8,google,search_brand,impressions,2038-08-22
2026-01-8,google,search_brand,clicks,1912-11-21
2026-01-8,google,search_brand,qs,1902-09-1
2026-01-8,google,search_brand,cp,1900-07-20
2026-01-8,google,search_nb,spend,2059-09-10
2026-01-8,google,search_nb,impressions,2735-03-31
2026-01-8,google,search_nb,clicks,1926-04-22
2026-01-8,google,search_nb,qs,1908-03-7
2026-01-8,google,search_nb,cp,1901-02-12
2026-01-8,google,search_pmax,spend,1950-07-19
2026-01-8,google,search_pmax,impressions,3708-06-13
2026-01-8,google,search_pmax,clicks,1913-12-12
2026-01-8,google,search_pmax,qs,1899-12-30
2026-01-8,google,search_pmax,cp,1900-03-29
2026-01-8,google,youtube,spend,1903-03-24
2026-01-8,google,youtube,impressions,2583-09-23
2026-01-8,google,youtube,clicks,1902-08-5
2026-01-8,google,youtube,qs,1900-02-20
2026-01-8,google,youtube,cp,1900-01-6
2026-01-8,meta,meta_bof,spend,2079-06-2
2026-01-8,meta,meta_bof,impressions,25029-04-14
2026-01-8,meta,meta_bof,clicks,2131-07-8
2026-01-8,meta,meta_bof,qs,1908-02-13
2026-01-8,meta,meta_bof,cp,1901-01-18
2026-01-8,meta,meta_tof,spend,1953-05-14
2026-01-8,meta,meta_tof,impressions,8156-10-20
2026-01-8,meta,meta_tof,clicks,1960-12-26
2026-01-8,meta,meta_tof,qs,1904-02-3
2026-01-8,meta,meta_tof,cp,1900-02-11
2026-01-8,tiktok,tiktok,spend,1915-05-5
2026-01-8,tiktok,tiktok,impressions,6757-05-28
2026-01-8,tiktok,tiktok,clicks,1910-03-18
2026-01-8,tiktok,tiktok,qs,1899-12-30
2026-01-8,tiktok,tiktok,cp,1899-12-30
2026-01-7,google,search_brand,spend,1927-08-1
2026-01-7,google,search_brand,impressions,2026-09-8
2026-01-7,google,search_brand,clicks,1913-03-30
2026-01-7,google,search_brand,qs,1902-12-8
2026-01-7,google,search_brand,cp,1900-08-4
2026-01-7,google,search_nb,spend,2071-10-1
2026-01-7,google,search_nb,impressions,2623-09-29
2026-01-7,google,search_nb,clicks,1926-04-20
2026-01-7,google,search_nb,qs,1908-05-11
2026-01-7,google,search_nb,cp,1901-02-1
2026-01-7,google,search_pmax,spend,1940-06-12
2026-01-7,google,search_pmax,impressions,3266-12-25
2026-01-7,google,search_pmax,clicks,1911-04-21
2026-01-7,google,search_pmax,qs,1899-12-30
2026-01-7,google,search_pmax,cp,1900-03-29
2026-01-7,google,youtube,spend,1904-06-20
2026-01-7,google,youtube,impressions,2577-09-4
2026-01-7,google,youtube,clicks,1902-09-15
2026-01-7,google,youtube,qs,1900-04-22
2026-01-7,google,youtube,cp,1900-01-15
2026-01-7,meta,meta_bof,spend,2063-07-14
2026-01-7,meta,meta_bof,impressions,23255-06-24
2026-01-7,meta,meta_bof,clicks,2107-05-19
2026-01-7,meta,meta_bof,qs,1907-12-9
2026-01-7,meta,meta_bof,cp,1901-01-11
2026-01-7,meta,meta_tof,spend,1954-06-17
2026-01-7,meta,meta_tof,impressions,8014-04-13
2026-01-7,meta,meta_tof,clicks,1966-04-23
2026-01-7,meta,meta_tof,qs,1904-05-8
2026-01-7,meta,meta_tof,cp,1900-02-21
2026-01-7,tiktok,tiktok,spend,1914-01-19
2026-01-7,tiktok,tiktok,impressions,6405-02-13
2026-01-7,tiktok,tiktok,clicks,1908-12-2
2026-01-7,tiktok,tiktok,qs,1899-12-30
2026-01-7,tiktok,tiktok,cp,1899-12-30
2026-01-6,google,search_brand,spend,1926-01-25
2026-01-6,google,search_brand,impressions,2034-10-1
2026-01-6,google,search_brand,clicks,1912-12-5
2026-01-6,google,search_brand,qs,1902-12-17
2026-01-6,google,search_brand,cp,1900-08-8
2026-01-6,google,search_nb,spend,2082-02-26
2026-01-6,google,search_nb,impressions,2770-11-3
2026-01-6,google,search_nb,clicks,1927-12-4
2026-01-6,google,search_nb,qs,1908-12-29
2026-01-6,google,search_nb,cp,1901-05-23
2026-01-6,google,search_pmax,spend,1958-02-3
2026-01-6,google,search_pmax,impressions,3658-03-3
2026-01-6,google,search_pmax,clicks,1913-10-18
2026-01-6,google,search_pmax,qs,1899-12-30
2026-01-6,google,search_pmax,cp,1900-04-27
2026-01-6,google,youtube,spend,1935-11-15
2026-01-6,google,youtube,impressions,77896-11-26
2026-01-6,google,youtube,clicks,2835-12-29
2026-01-6,google,youtube,qs,1901-12-1
2026-01-6,google,youtube,cp,1900-01-1
2026-01-6,meta,meta_bof,spend,2040-07-6
2026-01-6,meta,meta_bof,impressions,21440-01-23
2026-01-6,meta,meta_bof,clicks,2069-02-25
2026-01-6,meta,meta_bof,qs,1908-06-18
2026-01-6,meta,meta_bof,cp,1901-02-28
2026-01-6,meta,meta_tof,spend,1957-06-23
2026-01-6,meta,meta_tof,impressions,8917-07-9
2026-01-6,meta,meta_tof,clicks,1977-05-24
2026-01-6,meta,meta_tof,qs,1904-10-13
2026-01-6,meta,meta_tof,cp,1900-02-20
2026-01-6,tiktok,tiktok,spend,1914-11-17
2026-01-6,tiktok,tiktok,impressions,6720-01-30
2026-01-6,tiktok,tiktok,clicks,1910-02-26
2026-01-6,tiktok,tiktok,qs,1899-12-30
2026-01-6,tiktok,tiktok,cp,1899-12-30
2026-01-5,google,search_brand,spend,1935-07-23
2026-01-5,google,search_brand,impressions,2125-12-29
2026-01-5,google,search_brand,clicks,1917-07-11
2026-01-5,google,search_brand,qs,1904-02-14
2026-01-5,google,search_brand,cp,1900-11-19
2026-01-5,google,search_nb,spend,2080-11-23
2026-01-5,google,search_nb,impressions,2523-08-12
2026-01-5,google,search_nb,clicks,1926-11-12
2026-01-5,google,search_nb,qs,1909-03-29
2026-01-5,google,search_nb,cp,1901-04-13
2026-01-5,google,search_pmax,spend,1957-01-25
2026-01-5,google,search_pmax,impressions,3880-10-25
2026-01-5,google,search_pmax,clicks,1914-08-23
2026-01-5,google,search_pmax,qs,1899-12-30
2026-01-5,google,search_pmax,cp,1900-05-4
2026-01-5,google,youtube,spend,1940-05-10
2026-01-5,google,youtube,impressions,84900-09-10
2026-01-5,google,youtube,clicks,2911-05-5
2026-01-5,google,youtube,qs,1902-05-4
2026-01-5,google,youtube,cp,1900-01-7
2026-01-5,meta,meta_bof,spend,2044-12-12
2026-01-5,meta,meta_bof,impressions,24485-07-29
2026-01-5,meta,meta_bof,clicks,2072-08-24
2026-01-5,meta,meta_bof,qs,1909-04-16
2026-01-5,meta,meta_bof,cp,1901-03-28
2026-01-5,meta,meta_tof,spend,1950-04-13
2026-01-5,meta,meta_tof,impressions,8233-05-7
2026-01-5,meta,meta_tof,clicks,1976-06-10
2026-01-5,meta,meta_tof,qs,1904-11-20
2026-01-5,meta,meta_tof,cp,1900-02-21
2026-01-5,tiktok,tiktok,spend,1912-07-24
2026-01-5,tiktok,tiktok,impressions,6225-02-28
2026-01-5,tiktok,tiktok,clicks,1909-02-24
2026-01-5,tiktok,tiktok,qs,1899-12-30
2026-01-5,tiktok,tiktok,cp,1899-12-30
2026-01-4,google,search_brand,spend,1918-02-15
2026-01-4,google,search_brand,impressions,2014-10-20
2026-01-4,google,search_brand,clicks,1909-04-17
2026-01-4,google,search_brand,qs,1902-03-19
2026-01-4,google,search_brand,cp,1900-06-14
2026-01-4,google,search_nb,spend,2077-02-16
2026-01-4,google,search_nb,impressions,2478-03-29
2026-01-4,google,search_nb,clicks,1931-06-24
2026-01-4,google,search_nb,qs,1911-06-9
2026-01-4,google,search_nb,cp,1901-08-11
2026-01-4,google,search_pmax,spend,1962-04-18
2026-01-4,google,search_pmax,impressions,3870-10-12
2026-01-4,google,search_pmax,clicks,1915-04-17
2026-01-4,google,search_pmax,qs,1899-12-30
2026-01-4,google,search_pmax,cp,1900-05-12
2026-01-4,google,youtube,spend,1928-03-31
2026-01-4,google,youtube,impressions,64662-05-1
2026-01-4,google,youtube,clicks,2660-05-19
2026-01-4,google,youtube,qs,1901-10-7
2026-01-4,google,youtube,cp,1900-01-7
2026-01-4,meta,meta_bof,spend,2071-05-31
2026-01-4,meta,meta_bof,impressions,26520-07-2
2026-01-4,meta,meta_bof,clicks,2110-05-12
2026-01-4,meta,meta_bof,qs,1910-05-23
2026-01-4,meta,meta_bof,cp,1901-02-26
2026-01-4,meta,meta_tof,spend,1957-02-23
2026-01-4,meta,meta_tof,impressions,9291-01-1
2026-01-4,meta,meta_tof,clicks,1997-01-14
2026-01-4,meta,meta_tof,qs,1906-01-6
2026-01-4,meta,meta_tof,cp,1900-03-8
2026-01-4,tiktok,tiktok,spend,1911-08-22
2026-01-4,tiktok,tiktok,impressions,7477-01-22
2026-01-4,tiktok,tiktok,clicks,1911-05-27
2026-01-4,tiktok,tiktok,qs,1899-12-30
2026-01-4,tiktok,tiktok,cp,1899-12-30
2026-01-3,google,search_brand,spend,1937-02-9
2026-01-3,google,search_brand,impressions,2124-12-17
2026-01-3,google,search_brand,clicks,1918-09-13
2026-01-3,google,search_brand,qs,1904-02-28
2026-01-3,google,search_brand,cp,1900-10-18
2026-01-3,google,search_nb,spend,2069-06-26
2026-01-3,google,search_nb,impressions,2419-01-3
2026-01-3,google,search_nb,clicks,1928-07-25
2026-01-3,google,search_nb,qs,1910-11-8
2026-01-3,google,search_nb,cp,1901-06-14
2026-01-3,google,search_pmax,spend,1952-07-20
2026-01-3,google,search_pmax,impressions,3542-11-1
2026-01-3,google,search_pmax,clicks,1913-04-20
2026-01-3,google,search_pmax,qs,1899-12-30
2026-01-3,google,search_pmax,cp,1900-04-23
2026-01-3,google,youtube,spend,1922-08-24
2026-01-3,google,youtube,impressions,51933-07-27
2026-01-3,google,youtube,clicks,2530-04-19
2026-01-3,google,youtube,qs,1901-06-4
2026-01-3,google,youtube,cp,1900-01-5
2026-01-3,meta,meta_bof,spend,2043-12-16
2026-01-3,meta,meta_bof,impressions,23306-07-8
2026-01-3,meta,meta_bof,clicks,2062-09-12
2026-01-3,meta,meta_bof,qs,1909-04-28
2026-01-3,meta,meta_bof,cp,1901-05-4
2026-01-3,meta,meta_tof,spend,1943-10-3
2026-01-3,meta,meta_tof,impressions,7450-01-10
2026-01-3,meta,meta_tof,clicks,1962-05-17
2026-01-3,meta,meta_tof,qs,1905-01-18
2026-01-3,meta,meta_tof,cp,1900-02-26
2026-01-3,tiktok,tiktok,spend,1917-01-13
2026-01-3,tiktok,tiktok,impressions,10565-02-17
2026-01-3,tiktok,tiktok,clicks,1917-10-11
2026-01-3,tiktok,tiktok,qs,1899-12-30
2026-01-3,tiktok,tiktok,cp,1899-12-30
2026-01-2,google,search_brand,spend,1940-09-25
2026-01-2,google,search_brand,impressions,2154-10-11
2026-01-2,google,search_brand,clicks,1920-02-1
2026-01-2,google,search_brand,qs,1904-05-29
2026-01-2,google,search_brand,cp,1900-11-24
2026-01-2,google,search_nb,spend,2070-01-12
2026-01-2,google,search_nb,impressions,2528-02-8
2026-01-2,google,search_nb,clicks,1931-03-22
2026-01-2,google,search_nb,qs,1911-06-8
2026-01-2,google,search_nb,cp,1901-08-1
2026-01-2,google,search_pmax,spend,1954-01-22
2026-01-2,google,search_pmax,impressions,3544-10-6
2026-01-2,google,search_pmax,clicks,1913-04-11
2026-01-2,google,search_pmax,qs,1899-12-30
2026-01-2,google,search_pmax,cp,1900-05-5
2026-01-2,google,youtube,spend,1913-07-26
2026-01-2,google,youtube,impressions,30873-03-4
2026-01-2,google,youtube,clicks,2254-10-9
2026-01-2,google,youtube,qs,1901-02-12
2026-01-2,google,youtube,cp,1900-01-1
2026-01-2,meta,meta_bof,spend,2044-10-12
2026-01-2,meta,meta_bof,impressions,22217-09-14
2026-01-2,meta,meta_bof,clicks,2071-08-28
2026-01-2,meta,meta_bof,qs,1913-05-3
2026-01-2,meta,meta_bof,cp,1901-08-18
2026-01-2,meta,meta_tof,spend,1947-02-28
2026-01-2,meta,meta_tof,impressions,7872-07-26
2026-01-2,meta,meta_tof,clicks,1979-08-10
2026-01-2,meta,meta_tof,qs,1905-10-23
2026-01-2,meta,meta_tof,cp,1900-04-2
2026-01-2,tiktok,tiktok,spend,1916-04-1
2026-01-2,tiktok,tiktok,impressions,10208-03-3
2026-01-2,tiktok,tiktok,clicks,1917-07-4
2026-01-2,tiktok,tiktok,qs,1899-12-30
2026-01-2,tiktok,tiktok,cp,1899-12-30
2026-01-1,google,search_brand,spend,1929-07-23
2026-01-1,google,search_brand,impressions,2063-02-16
2026-01-1,google,search_brand,clicks,1916-02-3
2026-01-1,google,search_brand,qs,1903-06-3
2026-01-1,google,search_brand,cp,1900-09-6
2026-01-1,google,search_nb,spend,2066-08-30
2026-01-1,google,search_nb,impressions,2480-10-26
2026-01-1,google,search_nb,clicks,1928-06-27
2026-01-1,google,search_nb,qs,1910-03-23
2026-01-1,google,search_nb,cp,1901-06-24
2026-01-1,google,search_pmax,spend,1953-10-25
2026-01-1,google,search_pmax,impressions,3502-05-7
2026-01-1,google,search_pmax,clicks,1913-11-2
2026-01-1,google,search_pmax,qs,1899-12-30
2026-01-1,google,search_pmax,cp,1900-05-9
2026-01-1,google,youtube,spend,1914-04-26
2026-01-1,google,youtube,impressions,19836-06-22
2026-01-1,google,youtube,clicks,2110-02-18
2026-01-1,google,youtube,qs,1901-01-18
2026-01-1,google,youtube,cp,1900-01-7
2026-01-1,meta,meta_bof,spend,2045-09-1
2026-01-1,meta,meta_bof,impressions,22142-03-7
2026-01-1,meta,meta_bof,clicks,2069-03-28
2026-01-1,meta,meta_bof,qs,1909-08-9
2026-01-1,meta,meta_bof,cp,1901-03-22
2026-01-1,meta,meta_tof,spend,1950-11-10
2026-01-1,meta,meta_tof,impressions,8730-07-31
2026-01-1,meta,meta_tof,clicks,1974-09-28
2026-01-1,meta,meta_tof,qs,1906-04-21
2026-01-1,meta,meta_tof,cp,1900-03-10
2026-01-1,tiktok,tiktok,spend,1910-02-15
2026-01-1,tiktok,tiktok,impressions,7341-06-19
2026-01-1,tiktok,tiktok,clicks,1913-05-16
2026-01-1,tiktok,tiktok,qs,1899-12-30
2026-01-1,tiktok,tiktok,cp,1899-12-30
2025-12-31,google,search_brand,spend,1927-05-7
2025-12-31,google,search_brand,impressions,2050-08-26
2025-12-31,google,search_brand,clicks,1914-12-29
2025-12-31,google,search_brand,qs,1902-09-4
2025-12-31,google,search_brand,cp,1900-07-18
2025-12-31,google,search_nb,spend,2066-11-28
2025-12-31,google,search_nb,impressions,2411-01-1
2025-12-31,google,search_nb,clicks,1924-07-31
2025-12-31,google,search_nb,qs,1908-03-28
2025-12-31,google,search_nb,cp,1901-04-7
2025-12-31,google,search_pmax,spend,1938-05-22
2025-12-31,google,search_pmax,impressions,3145-10-4
2025-12-31,google,search_pmax,clicks,1911-02-23
2025-12-31,google,search_pmax,qs,1899-12-30
2025-12-31,google,search_pmax,cp,1900-04-3
2025-12-31,google,youtube,spend,1917-08-8
2025-12-31,google,youtube,impressions,17673-03-29
2025-12-31,google,youtube,clicks,2033-10-1
2025-12-31,google,youtube,qs,1901-01-24
2025-12-31,google,youtube,cp,1900-01-22
2025-12-31,meta,meta_bof,spend,2044-02-13
2025-12-31,meta,meta_bof,impressions,20231-02-9
2025-12-31,meta,meta_bof,clicks,2037-05-14
2025-12-31,meta,meta_bof,qs,1908-10-1
2025-12-31,meta,meta_bof,cp,1901-04-25
2025-12-31,meta,meta_tof,spend,1953-03-1
2025-12-31,meta,meta_tof,impressions,8570-10-28
2025-12-31,meta,meta_tof,clicks,1974-05-17
2025-12-31,meta,meta_tof,qs,1904-10-9
2025-12-31,meta,meta_tof,cp,1900-03-16
2025-12-31,tiktok,tiktok,spend,1906-07-16
2025-12-31,tiktok,tiktok,impressions,5266-09-30
2025-12-31,tiktok,tiktok,clicks,1906-09-8
2025-12-31,tiktok,tiktok,qs,1899-12-30
2025-12-31,tiktok,tiktok,cp,1899-12-30
2025-12-30,google,search_brand,spend,1926-04-16
2025-12-30,google,search_brand,impressions,2039-05-29
2025-12-30,google,search_brand,clicks,1913-04-15
2025-12-30,google,search_brand,qs,1902-09-9
2025-12-30,google,search_brand,cp,1900-07-20
2025-12-30,google,search_nb,spend,2072-07-30
2025-12-30,google,search_nb,impressions,2418-11-9
2025-12-30,google,search_nb,clicks,1926-04-30
2025-12-30,google,search_nb,qs,1909-02-17
2025-12-30,google,search_nb,cp,1901-04-25
2025-12-30,google,search_pmax,spend,1956-07-30
2025-12-30,google,search_pmax,impressions,3823-11-12
2025-12-30,google,search_pmax,clicks,1916-05-7
2025-12-30,google,search_pmax,qs,1899-12-30
2025-12-30,google,search_pmax,cp,1900-05-21
2025-12-30,google,youtube,spend,1932-07-5
2025-12-30,google,youtube,impressions,39216-12-5
2025-12-30,google,youtube,clicks,2167-05-15
2025-12-30,google,youtube,qs,1901-08-23
2025-12-30,google,youtube,cp,1900-02-3
2025-12-30,meta,meta_bof,spend,2040-09-22
2025-12-30,meta,meta_bof,impressions,19052-01-10
2025-12-30,meta,meta_bof,clicks,2034-09-12
2025-12-30,meta,meta_bof,qs,1910-09-23
2025-12-30,meta,meta_bof,cp,1901-05-28
2025-12-30,meta,meta_tof,spend,1960-11-18
2025-12-30,meta,meta_tof,impressions,8844-04-28
2025-12-30,meta,meta_tof,clicks,2044-08-8
2025-12-30,meta,meta_tof,qs,1905-09-11
2025-12-30,meta,meta_tof,cp,1900-03-18
2025-12-30,tiktok,tiktok,spend,1908-03-2
2025-12-30,tiktok,tiktok,impressions,6051-03-15
2025-12-30,tiktok,tiktok,clicks,1907-09-3
2025-12-30,tiktok,tiktok,qs,1899-12-30
2025-12-30,tiktok,tiktok,cp,1899-12-30
2025-12-29,google,search_brand,spend,1928-06-29
2025-12-29,google,search_brand,impressions,2050-07-12
2025-12-29,google,search_brand,clicks,1914-10-18
2025-12-29,google,search_brand,qs,1903-05-11
2025-12-29,google,search_brand,cp,1900-08-13
2025-12-29,google,search_nb,spend,2069-12-11
2025-12-29,google,search_nb,impressions,2426-12-24
2025-12-29,google,search_nb,clicks,1927-10-27
2025-12-29,google,search_nb,qs,1909-12-15
2025-12-29,google,search_nb,cp,1901-06-29
2025-12-29,google,search_pmax,spend,1951-05-7
2025-12-29,google,search_pmax,impressions,3498-03-12
2025-12-29,google,search_pmax,clicks,1915-06-16
2025-12-29,google,search_pmax,qs,1899-12-30
2025-12-29,google,search_pmax,cp,1900-05-21
2025-12-29,google,youtube,spend,1935-09-16
2025-12-29,google,youtube,impressions,43024-04-19
2025-12-29,google,youtube,clicks,2219-07-10
2025-12-29,google,youtube,qs,1901-08-17
2025-12-29,google,youtube,cp,1900-02-1
2025-12-29,meta,meta_bof,spend,2051-04-23
2025-12-29,meta,meta_bof,impressions,19870-04-28
2025-12-29,meta,meta_bof,clicks,2034-04-18
2025-12-29,meta,meta_bof,qs,1911-08-16
2025-12-29,meta,meta_bof,cp,1901-06-7
2025-12-29,meta,meta_tof,spend,1976-08-31
2025-12-29,meta,meta_tof,impressions,10872-05-1
2025-12-29,meta,meta_tof,clicks,2103-09-15
2025-12-29,meta,meta_tof,qs,1908-01-17
2025-12-29,meta,meta_tof,cp,1900-03-18
2025-12-29,tiktok,tiktok,spend,1906-09-8
2025-12-29,tiktok,tiktok,impressions,5268-04-20
2025-12-29,tiktok,tiktok,clicks,1906-10-25
2025-12-29,tiktok,tiktok,qs,1899-12-30
2025-12-29,tiktok,tiktok,cp,1899-12-30
2025-12-28,google,search_brand,spend,1913-04-19
2025-12-28,google,search_brand,impressions,1979-10-13
2025-12-28,google,search_brand,clicks,1907-02-15
2025-12-28,google,search_brand,qs,1901-08-22
2025-12-28,google,search_brand,cp,1900-04-25
2025-12-28,google,search_nb,spend,2072-12-11
2025-12-28,google,search_nb,impressions,2568-09-8
2025-12-28,google,search_nb,clicks,1927-11-2
2025-12-28,google,search_nb,qs,1909-12-20
2025-12-28,google,search_nb,cp,1901-05-12
2025-12-28,google,search_pmax,spend,1927-05-23
2025-12-28,google,search_pmax,impressions,3147-05-8
2025-12-28,google,search_pmax,clicks,1910-08-12
2025-12-28,google,search_pmax,qs,1899-12-30
2025-12-28,google,search_pmax,cp,1900-03-25
2025-12-28,google,youtube,spend,1924-02-13
2025-12-28,google,youtube,impressions,33612-05-9
2025-12-28,google,youtube,clicks,2163-10-3
2025-12-28,google,youtube,qs,1901-05-11
2025-12-28,google,youtube,cp,1900-02-8
2025-12-28,meta,meta_bof,spend,2040-05-28
2025-12-28,meta,meta_bof,impressions,18440-02-19
2025-12-28,meta,meta_bof,clicks,2041-04-8
2025-12-28,meta,meta_bof,qs,1909-09-26
2025-12-28,meta,meta_bof,cp,1901-01-15
2025-12-28,meta,meta_tof,spend,1973-12-11
2025-12-28,meta,meta_tof,impressions,10093-01-7
2025-12-28,meta,meta_tof,clicks,2029-10-13
2025-12-28,meta,meta_tof,qs,1907-09-24
2025-12-28,meta,meta_tof,cp,1900-03-2
2025-12-28,tiktok,tiktok,spend,1907-08-9
2025-12-28,tiktok,tiktok,impressions,5577-12-2
2025-12-28,tiktok,tiktok,clicks,1907-08-27
2025-12-28,tiktok,tiktok,qs,1899-12-30
2025-12-28,tiktok,tiktok,cp,1899-12-30
2025-12-27,google,search_brand,spend,1913-03-5
2025-12-27,google,search_brand,impressions,1988-08-31
2025-12-27,google,search_brand,clicks,1906-12-25
2025-12-27,google,search_brand,qs,1901-08-20
2025-12-27,google,search_brand,cp,1900-04-27
2025-12-27,google,search_nb,spend,2022-10-15
2025-12-27,google,search_nb,impressions,2489-07-5
2025-12-27,google,search_nb,clicks,1922-05-29
2025-12-27,google,search_nb,qs,1908-05-10
2025-12-27,google,search_nb,cp,1901-02-5
2025-12-27,google,search_pmax,spend,1926-11-5
2025-12-27,google,search_pmax,impressions,2936-12-24
2025-12-27,google,search_pmax,clicks,1910-03-29
2025-12-27,google,search_pmax,qs,1899-12-30
2025-12-27,google,search_pmax,cp,1900-03-26
2025-12-27,google,youtube,spend,1919-11-14
2025-12-27,google,youtube,impressions,22614-07-22
2025-12-27,google,youtube,clicks,2084-07-11
2025-12-27,google,youtube,qs,1901-02-13
2025-12-27,google,youtube,cp,1900-02-2
2025-12-27,meta,meta_bof,spend,2003-05-13
2025-12-27,meta,meta_bof,impressions,12319-06-6
2025-12-27,meta,meta_bof,clicks,2035-08-14
2025-12-27,meta,meta_bof,qs,1906-07-11
2025-12-27,meta,meta_bof,cp,1900-09-26
2025-12-27,meta,meta_tof,spend,1988-10-1
2025-12-27,meta,meta_tof,impressions,11657-10-27
2025-12-27,meta,meta_tof,clicks,2011-05-15
2025-12-27,meta,meta_tof,qs,1908-03-5
2025-12-27,meta,meta_tof,cp,1900-03-4
2025-12-27,tiktok,tiktok,spend,1913-07-6
2025-12-27,tiktok,tiktok,impressions,9701-02-18
2025-12-27,tiktok,tiktok,clicks,1913-04-22
2025-12-27,tiktok,tiktok,qs,1899-12-30
2025-12-27,tiktok,tiktok,cp,1899-12-30
2025-12-26,google,search_brand,spend,1919-01-4
2025-12-26,google,search_brand,impressions,2045-09-26
2025-12-26,google,search_brand,clicks,1910-09-24
2025-12-26,google,search_brand,qs,1902-02-17
2025-12-26,google,search_brand,cp,1900-06-3
2025-12-26,google,search_nb,spend,1985-06-1
2025-12-26,google,search_nb,impressions,2306-11-12
2025-12-26,google,search_nb,clicks,1916-08-11
2025-12-26,google,search_nb,qs,1905-12-19
2025-12-26,google,search_nb,cp,1900-11-21
2025-12-26,google,search_pmax,spend,1927-12-16
2025-12-26,google,search_pmax,impressions,2871-01-31
2025-12-26,google,search_pmax,clicks,1909-04-22
2025-12-26,google,search_pmax,qs,1899-12-30
2025-12-26,google,search_pmax,cp,1900-03-27
2025-12-26,google,youtube,spend,1919-06-11
2025-12-26,google,youtube,impressions,20973-04-6
2025-12-26,google,youtube,clicks,2086-04-14
2025-12-26,google,youtube,qs,1900-11-6
2025-12-26,google,youtube,cp,1900-01-28
2025-12-26,meta,meta_bof,spend,2095-11-14
2025-12-26,meta,meta_bof,impressions,20016-09-14
2025-12-26,meta,meta_bof,clicks,2068-10-2
2025-12-26,meta,meta_bof,qs,1903-12-9
2025-12-26,meta,meta_bof,cp,1900-05-19
2025-12-26,meta,meta_tof,spend,1945-04-17
2025-12-26,meta,meta_tof,impressions,5990-01-12
2025-12-26,meta,meta_tof,clicks,1967-01-31
2025-12-26,meta,meta_tof,qs,1902-06-18
2025-12-26,meta,meta_tof,cp,1900-01-19
2025-12-26,tiktok,tiktok,spend,1913-11-10
2025-12-26,tiktok,tiktok,impressions,10421-10-7
2025-12-26,tiktok,tiktok,clicks,1913-03-25
2025-12-26,tiktok,tiktok,qs,1899-12-30
2025-12-26,tiktok,tiktok,cp,1899-12-30
2025-12-25,google,search_brand,spend,1909-09-12
2025-12-25,google,search_brand,impressions,2064-02-10
2025-12-25,google,search_brand,clicks,1905-09-14
2025-12-25,google,search_brand,qs,1900-10-30
2025-12-25,google,search_brand,cp,1900-03-5
2025-12-25,google,search_nb,spend,1932-10-25
2025-12-25,google,search_nb,impressions,2105-04-3
2025-12-25,google,search_nb,clicks,1906-04-8
2025-12-25,google,search_nb,qs,1901-12-12
2025-12-25,google,search_nb,cp,1900-04-18
2025-12-25,google,search_pmax,spend,1907-09-6
2025-12-25,google,search_pmax,impressions,2330-11-28
2025-12-25,google,search_pmax,clicks,1903-11-20
2025-12-25,google,search_pmax,qs,1899-12-30
2025-12-25,google,search_pmax,cp,1900-01-30
2025-12-25,google,youtube,spend,1910-07-2
2025-12-25,google,youtube,impressions,4927-01-8
2025-12-25,google,youtube,clicks,1909-11-28
2025-12-25,google,youtube,qs,1900-06-4
2025-12-25,google,youtube,cp,1900-01-23
2025-12-25,meta,meta_bof,spend,1907-08-30
2025-12-25,meta,meta_bof,impressions,3183-05-2
2025-12-25,meta,meta_bof,clicks,1908-09-21
2025-12-25,meta,meta_bof,qs,1900-07-21
2025-12-25,meta,meta_bof,cp,1900-02-14
2025-12-25,meta,meta_tof,spend,1904-10-11
2025-12-25,meta,meta_tof,impressions,2513-04-6
2025-12-25,meta,meta_tof,clicks,1905-11-30
2025-12-25,meta,meta_tof,qs,1900-06-14
2025-12-25,meta,meta_tof,cp,1900-01-4
2025-12-25,tiktok,tiktok,spend,1901-05-15
2025-12-25,tiktok,tiktok,impressions,3394-10-14
2025-12-25,tiktok,tiktok,clicks,1901-09-17
2025-12-25,tiktok,tiktok,qs,1899-12-30
2025-12-25,tiktok,tiktok,cp,1899-12-30
2025-12-24,google,search_brand,spend,1911-01-22
2025-12-24,google,search_brand,impressions,2079-04-9
2025-12-24,google,search_brand,clicks,1906-10-12
2025-12-24,google,search_brand,qs,1901-01-7
2025-12-24,google,search_brand,cp,1900-03-18
2025-12-24,google,search_nb,spend,1931-11-29
2025-12-24,google,search_nb,impressions,2113-11-6
2025-12-24,google,search_nb,clicks,1905-11-8
2025-12-24,google,search_nb,qs,1901-11-25
2025-12-24,google,search_nb,cp,1900-04-11
2025-12-24,google,search_pmax,spend,1906-11-25
2025-12-24,google,search_pmax,impressions,2341-11-20
2025-12-24,google,search_pmax,clicks,1903-12-26
2025-12-24,google,search_pmax,qs,1899-12-30
2025-12-24,google,search_pmax,cp,1900-01-15
2025-12-24,google,youtube,spend,1913-07-20
2025-12-24,google,youtube,impressions,7607-05-3
2025-12-24,google,youtube,clicks,1915-06-20
2025-12-24,google,youtube,qs,1900-06-7
2025-12-24,google,youtube,cp,1900-01-29
2025-12-24,meta,meta_bof,spend,1912-04-1
2025-12-24,meta,meta_bof,impressions,3917-04-29
2025-12-24,meta,meta_bof,clicks,1914-04-27
2025-12-24,meta,meta_bof,qs,1900-08-15
2025-12-24,meta,meta_bof,cp,1900-02-25
2025-12-24,meta,meta_tof,spend,1904-11-17
2025-12-24,meta,meta_tof,impressions,2553-02-7
2025-12-24,meta,meta_tof,clicks,1906-10-29
2025-12-24,meta,meta_tof,qs,1900-05-20
2025-12-24,meta,meta_tof,cp,1900-01-7
2025-12-24,tiktok,tiktok,spend,1901-05-16
2025-12-24,tiktok,tiktok,impressions,2962-09-12
2025-12-24,tiktok,tiktok,clicks,1901-03-21
2025-12-24,tiktok,tiktok,qs,1899-12-30
2025-12-24,tiktok,tiktok,cp,1899-12-30
2025-12-23,google,search_brand,spend,1912-06-23
2025-12-23,google,search_brand,impressions,2103-08-13
2025-12-23,google,search_brand,clicks,1907-02-15
2025-12-23,google,search_brand,qs,1901-01-27
2025-12-23,google,search_brand,cp,1900-03-16
2025-12-23,google,search_nb,spend,1938-04-5
2025-12-23,google,search_nb,impressions,2123-04-24
2025-12-23,google,search_nb,clicks,1906-11-8
2025-12-23,google,search_nb,qs,1902-01-31
2025-12-23,google,search_nb,cp,1900-04-16
2025-12-23,google,search_pmax,spend,1910-11-26
2025-12-23,google,search_pmax,impressions,2667-11-10
2025-12-23,google,search_pmax,clicks,1905-06-9
2025-12-23,google,search_pmax,qs,1899-12-30
2025-12-23,google,search_pmax,cp,1900-01-25
2025-12-23,google,youtube,spend,1914-11-11
2025-12-23,google,youtube,impressions,9137-12-18
2025-12-23,google,youtube,clicks,1916-03-30
2025-12-23,google,youtube,qs,1900-05-13
2025-12-23,google,youtube,cp,1900-01-20
2025-12-23,meta,meta_bof,spend,1911-06-3
2025-12-23,meta,meta_bof,impressions,3452-08-12
2025-12-23,meta,meta_bof,clicks,1913-03-7
2025-12-23,meta,meta_bof,qs,1900-08-11
2025-12-23,meta,meta_bof,cp,1900-02-14
2025-12-23,meta,meta_tof,spend,1905-02-1
2025-12-23,meta,meta_tof,impressions,2545-11-11
2025-12-23,meta,meta_tof,clicks,1907-06-19
2025-12-23,meta,meta_tof,qs,1900-07-8
2025-12-23,meta,meta_tof,cp,1900-01-8
2025-12-23,tiktok,tiktok,spend,1901-05-18
2025-12-23,tiktok,tiktok,impressions,3110-04-13
2025-12-23,tiktok,tiktok,clicks,1901-03-14
2025-12-23,tiktok,tiktok,qs,1899-12-30
2025-12-23,tiktok,tiktok,cp,1899-12-30
2025-12-22,google,search_brand,spend,1914-01-23
2025-12-22,google,search_brand,impressions,2136-07-4
2025-12-22,google,search_brand,clicks,1907-05-8
2025-12-22,google,search_brand,qs,1901-05-18
2025-12-22,google,search_brand,cp,1900-04-3
2025-12-22,google,search_nb,spend,1944-02-7
2025-12-22,google,search_nb,impressions,2153-09-3
2025-12-22,google,search_nb,clicks,1907-12-25
2025-12-22,google,search_nb,qs,1902-07-10
2025-12-22,google,search_nb,cp,1900-05-27
2025-12-22,google,search_pmax,spend,1911-05-22
2025-12-22,google,search_pmax,impressions,2572-07-19
2025-12-22,google,search_pmax,clicks,1905-12-10
2025-12-22,google,search_pmax,qs,1899-12-30
2025-12-22,google,search_pmax,cp,1900-02-3
2025-12-22,google,youtube,spend,1912-02-11
2025-12-22,google,youtube,impressions,4926-04-25
2025-12-22,google,youtube,clicks,1907-12-7
2025-12-22,google,youtube,qs,1900-05-18
2025-12-22,google,youtube,cp,1900-01-15
2025-12-22,meta,meta_bof,spend,1909-07-17
2025-12-22,meta,meta_bof,impressions,2999-11-12
2025-12-22,meta,meta_bof,clicks,1910-07-6
2025-12-22,meta,meta_bof,qs,1900-08-7
2025-12-22,meta,meta_bof,cp,1900-02-12
2025-12-22,meta,meta_tof,spend,1907-10-20
2025-12-22,meta,meta_tof,impressions,2840-05-19
2025-12-22,meta,meta_tof,clicks,1910-04-26
2025-12-22,meta,meta_tof,qs,1900-09-28
2025-12-22,meta,meta_tof,cp,1900-01-11
2025-12-22,tiktok,tiktok,spend,1900-02-18
2025-12-22,tiktok,tiktok,impressions,2099-02-18
2025-12-22,tiktok,tiktok,clicks,1899-12-30
2025-12-22,tiktok,tiktok,qs,1899-12-30
2025-12-22,tiktok,tiktok,cp,1899-12-30
2025-12-21,google,search_brand,spend,1915-07-7
2025-12-21,google,search_brand,impressions,2144-10-2
2025-12-21,google,search_brand,clicks,1907-12-19
2025-12-21,google,search_brand,qs,1901-05-14
2025-12-21,google,search_brand,cp,1900-03-23
2025-12-21,google,search_nb,spend,1946-01-18
2025-12-21,google,search_nb,impressions,2187-03-10
2025-12-21,google,search_nb,clicks,1908-09-10
2025-12-21,google,search_nb,qs,1902-07-20
2025-12-21,google,search_nb,cp,1900-05-7
2025-12-21,google,search_pmax,spend,1913-11-14
2025-12-21,google,search_pmax,impressions,2652-10-4
2025-12-21,google,search_pmax,clicks,1906-06-7
2025-12-21,google,search_pmax,qs,1899-12-30
2025-12-21,google,search_pmax,cp,1900-02-5
2025-12-21,google,youtube,spend,1908-08-19
2025-12-21,google,youtube,impressions,3951-01-14
2025-12-21,google,youtube,clicks,1905-08-11
2025-12-21,google,youtube,qs,1900-04-7
2025-12-21,google,youtube,cp,1900-01-15
2025-12-21,meta,meta_bof,spend,1915-07-21
2025-12-21,meta,meta_bof,impressions,3201-12-28
2025-12-21,meta,meta_bof,clicks,1913-06-25
2025-12-21,meta,meta_bof,qs,1900-10-4
2025-12-21,meta,meta_bof,cp,1900-02-2
2025-12-21,meta,meta_tof,spend,1915-12-24
2025-12-21,meta,meta_tof,impressions,3834-06-30
2025-12-21,meta,meta_tof,clicks,1916-06-10
2025-12-21,meta,meta_tof,qs,1901-04-11
2025-12-21,meta,meta_tof,cp,1900-01-9
2025-12-21,tiktok,tiktok,spend,1900-02-18
2025-12-21,tiktok,tiktok,impressions,2105-09-22
2025-12-21,tiktok,tiktok,clicks,1899-12-30
2025-12-21,tiktok,tiktok,qs,1899-12-30
2025-12-21,tiktok,tiktok,cp,1899-12-30
2025-12-20,google,search_brand,spend,1911-10-1
2025-12-20,google,search_brand,impressions,2097-03-15
2025-12-20,google,search_brand,clicks,1906-03-22
2025-12-20,google,search_brand,qs,1901-03-17
2025-12-20,google,search_brand,cp,1900-03-19
2025-12-20,google,search_nb,spend,1940-07-31
2025-12-20,google,search_nb,impressions,2134-07-5
2025-12-20,google,search_nb,clicks,1906-12-28
2025-12-20,google,search_nb,qs,1902-04-7
2025-12-20,google,search_nb,cp,1900-05-6
2025-12-20,google,search_pmax,spend,1910-07-27
2025-12-20,google,search_pmax,impressions,2578-05-1
2025-12-20,google,search_pmax,clicks,1905-03-19
2025-12-20,google,search_pmax,qs,1899-12-30
2025-12-20,google,search_pmax,cp,1900-01-24
2025-12-20,google,youtube,spend,1906-09-15
2025-12-20,google,youtube,impressions,3381-04-29
2025-12-20,google,youtube,clicks,1904-02-5
2025-12-20,google,youtube,qs,1900-03-30
2025-12-20,google,youtube,cp,1900-01-6
2025-12-20,meta,meta_bof,spend,1912-03-23
2025-12-20,meta,meta_bof,impressions,2908-04-2
2025-12-20,meta,meta_bof,clicks,1910-09-18
2025-12-20,meta,meta_bof,qs,1899-12-30
2025-12-20,meta,meta_bof,cp,1902-04-15
2025-12-20,meta,meta_tof,spend,1912-09-26
2025-12-20,meta,meta_tof,impressions,3366-04-19
2025-12-20,meta,meta_tof,clicks,1912-12-9
2025-12-20,meta,meta_tof,qs,1899-12-30
2025-12-20,meta,meta_tof,cp,1902-11-4
2025-12-20,tiktok,tiktok,spend,1900-02-17
2025-12-20,tiktok,tiktok,impressions,2089-02-27
2025-12-20,tiktok,tiktok,clicks,1899-12-30
2025-12-20,tiktok,tiktok,qs,1899-12-30
2025-12-20,tiktok,tiktok,cp,1899-12-30
2025-12-19,google,search_brand,spend,1912-01-23
2025-12-19,google,search_brand,impressions,2068-12-31
2025-12-19,google,search_brand,clicks,1906-05-3
2025-12-19,google,search_brand,qs,1901-01-26
2025-12-19,google,search_brand,cp,1900-04-1
2025-12-19,google,search_nb,spend,1941-02-11
2025-12-19,google,search_nb,impressions,2091-08-9
2025-12-19,google,search_nb,clicks,1907-02-23
2025-12-19,google,search_nb,qs,1902-05-18
2025-12-19,google,search_nb,cp,1900-05-11
2025-12-19,google,search_pmax,spend,1909-08-28
2025-12-19,google,search_pmax,impressions,2490-12-26
2025-12-19,google,search_pmax,clicks,1905-05-21
2025-12-19,google,search_pmax,qs,1899-12-30
2025-12-19,google,search_pmax,cp,1900-01-26
2025-12-19,google,youtube,spend,1903-05-11
2025-12-19,google,youtube,impressions,2543-07-7
2025-12-19,google,youtube,clicks,1901-10-1
2025-12-19,google,youtube,qs,1900-02-13
2025-12-19,google,youtube,cp,1900-01-10
2025-12-19,meta,meta_bof,spend,1913-06-30
2025-12-19,meta,meta_bof,impressions,2993-06-3
2025-12-19,meta,meta_bof,clicks,1912-03-29
2025-12-19,meta,meta_bof,qs,1899-12-30
2025-12-19,meta,meta_bof,cp,1902-06-13
2025-12-19,meta,meta_tof,spend,1912-01-23
2025-12-19,meta,meta_tof,impressions,3226-04-14
2025-12-19,meta,meta_tof,clicks,1911-10-4
2025-12-19,meta,meta_tof,qs,1899-12-30
2025-12-19,meta,meta_tof,cp,1902-06-10
2025-12-19,tiktok,tiktok,spend,1900-02-17
2025-12-19,tiktok,tiktok,impressions,2078-12-19
2025-12-19,tiktok,tiktok,clicks,1899-12-30
2025-12-19,tiktok,tiktok,qs,1899-12-30
2025-12-19,tiktok,tiktok,cp,1899-12-30
2025-12-18,google,search_brand,spend,1913-06-2
2025-12-18,google,search_brand,impressions,2064-11-18
2025-12-18,google,search_brand,clicks,1907-02-22
2025-12-18,google,search_brand,qs,1901-05-28
2025-12-18,google,search_brand,cp,1900-04-16
2025-12-18,google,search_nb,spend,1956-03-27
2025-12-18,google,search_nb,impressions,2149-08-2
2025-12-18,google,search_nb,clicks,1909-08-24
2025-12-18,google,search_nb,qs,1903-03-28
2025-12-18,google,search_nb,cp,1900-06-9
2025-12-18,google,search_pmax,spend,1911-02-4
2025-12-18,google,search_pmax,impressions,2618-06-2
2025-12-18,google,search_pmax,clicks,1905-11-25
2025-12-18,google,search_pmax,qs,1899-12-30
2025-12-18,google,search_pmax,cp,1900-01-30
2025-12-18,google,youtube,spend,1906-02-8
2025-12-18,google,youtube,impressions,3215-08-10
2025-12-18,google,youtube,clicks,1903-08-4
2025-12-18,google,youtube,qs,1900-04-27
2025-12-18,google,youtube,cp,1900-01-14
2025-12-18,meta,meta_bof,spend,1915-09-18
2025-12-18,meta,meta_bof,impressions,3089-11-9
2025-12-18,meta,meta_bof,clicks,1913-04-22
2025-12-18,meta,meta_bof,qs,1899-12-30
2025-12-18,meta,meta_bof,cp,1903-07-8
2025-12-18,meta,meta_tof,spend,1913-04-7
2025-12-18,meta,meta_tof,impressions,3306-01-8
2025-12-18,meta,meta_tof,clicks,1914-01-4
2025-12-18,meta,meta_tof,qs,1899-12-30
2025-12-18,meta,meta_tof,cp,1903-05-25
2025-12-18,tiktok,tiktok,spend,1900-02-18
2025-12-18,tiktok,tiktok,impressions,2082-10-18
2025-12-18,tiktok,tiktok,clicks,1899-12-30
2025-12-18,tiktok,tiktok,qs,1899-12-30
2025-12-18,tiktok,tiktok,cp,1899-12-30
2025-12-17,google,search_brand,spend,1912-02-19
2025-12-17,google,search_brand,impressions,2035-08-27
2025-12-17,google,search_brand,clicks,1906-07-14
2025-12-17,google,search_brand,qs,1901-03-31
2025-12-17,google,search_brand,cp,1900-03-16
2025-12-17,google,search_nb,spend,1959-05-25
2025-12-17,google,search_nb,impressions,2200-03-3
2025-12-17,google,search_nb,clicks,1910-04-28
2025-12-17,google,search_nb,qs,1903-09-11
2025-12-17,google,search_nb,cp,1900-06-22
2025-12-17,google,search_pmax,spend,1911-06-16
2025-12-17,google,search_pmax,impressions,2667-06-6
2025-12-17,google,search_pmax,clicks,1905-12-31
2025-12-17,google,search_pmax,qs,1899-12-30
2025-12-17,google,search_pmax,cp,1900-01-30
2025-12-17,google,youtube,spend,1905-09-22
2025-12-17,google,youtube,impressions,2977-05-7
2025-12-17,google,youtube,clicks,1903-08-12
2025-12-17,google,youtube,qs,1900-03-23
2025-12-17,google,youtube,cp,1900-01-7
2025-12-17,meta,meta_bof,spend,1929-01-30
2025-12-17,meta,meta_bof,impressions,4605-11-5
2025-12-17,meta,meta_bof,clicks,1932-10-22
2025-12-17,meta,meta_bof,qs,1899-12-30
2025-12-17,meta,meta_bof,cp,1904-06-10
2025-12-17,meta,meta_tof,spend,1915-08-25
2025-12-17,meta,meta_tof,impressions,3659-01-11
2025-12-17,meta,meta_tof,clicks,1916-08-4
2025-12-17,meta,meta_tof,qs,1899-12-30
2025-12-17,meta,meta_tof,cp,1903-11-14
2025-12-17,tiktok,tiktok,spend,1900-02-18
2025-12-17,tiktok,tiktok,impressions,2088-02-7
2025-12-17,tiktok,tiktok,clicks,1899-12-30
2025-12-17,tiktok,tiktok,qs,1899-12-30
2025-12-17,tiktok,tiktok,cp,1899-12-30
2025-12-16,google,search_brand,spend,1913-05-7
2025-12-16,google,search_brand,impressions,1979-11-6
2025-12-16,google,search_brand,clicks,1907-04-13
2025-12-16,google,search_brand,qs,1901-05-26
2025-12-16,google,search_brand,cp,1900-03-18
2025-12-16,google,search_nb,spend,1954-12-21
2025-12-16,google,search_nb,impressions,2230-09-16
2025-12-16,google,search_nb,clicks,1909-06-27
2025-12-16,google,search_nb,qs,1903-04-19
2025-12-16,google,search_nb,cp,1900-06-20
2025-12-16,google,search_pmax,spend,1910-10-17
2025-12-16,google,search_pmax,impressions,2652-05-23
2025-12-16,google,search_pmax,clicks,1905-11-19
2025-12-16,google,search_pmax,qs,1899-12-30
2025-12-16,google,search_pmax,cp,1900-01-28
2025-12-16,google,youtube,spend,1913-08-14
2025-12-16,google,youtube,impressions,4663-02-10
2025-12-16,google,youtube,clicks,1907-10-22
2025-12-16,google,youtube,qs,1900-08-10
2025-12-16,google,youtube,cp,1900-01-15
2025-12-16,meta,meta_bof,spend,1937-02-3
2025-12-16,meta,meta_bof,impressions,5397-02-11
2025-12-16,meta,meta_bof,clicks,1946-11-19
2025-12-16,meta,meta_bof,qs,1899-12-30
2025-12-16,meta,meta_bof,cp,1905-05-10
2025-12-16,meta,meta_tof,spend,1917-09-4
2025-12-16,meta,meta_tof,impressions,3857-11-3
2025-12-16,meta,meta_tof,clicks,1918-06-26
2025-12-16,meta,meta_tof,qs,1899-12-30
2025-12-16,meta,meta_tof,cp,1904-02-1
2025-12-16,tiktok,tiktok,spend,1900-02-18
2025-12-16,tiktok,tiktok,impressions,2093-09-21
2025-12-16,tiktok,tiktok,clicks,1899-12-30
2025-12-16,tiktok,tiktok,qs,1899-12-30
2025-12-16,tiktok,tiktok,cp,1899-12-30
2025-12-15,google,search_brand,spend,1914-06-15
2025-12-15,google,search_brand,impressions,1981-04-25
2025-12-15,google,search_brand,clicks,1907-05-30
2025-12-15,google,search_brand,qs,1901-08-26
2025-12-15,google,search_brand,cp,1900-04-1
2025-12-15,google,search_nb,spend,1961-02-13
2025-12-15,google,search_nb,impressions,2211-04-24
2025-12-15,google,search_nb,clicks,1910-05-2
2025-12-15,google,search_nb,qs,1903-08-1
2025-12-15,google,search_nb,cp,1900-06-14
2025-12-15,google,search_pmax,spend,1910-01-30
2025-12-15,google,search_pmax,impressions,2666-10-10
2025-12-15,google,search_pmax,clicks,1906-01-1
2025-12-15,google,search_pmax,qs,1899-12-30
2025-12-15,google,search_pmax,cp,1900-01-25
2025-12-15,google,youtube,spend,1913-08-24
2025-12-15,google,youtube,impressions,4545-11-16
2025-12-15,google,youtube,clicks,1907-05-10
2025-12-15,google,youtube,qs,1900-08-6
2025-12-15,google,youtube,cp,1900-01-12
2025-12-15,meta,meta_bof,spend,1932-08-24
2025-12-15,meta,meta_bof,impressions,5021-11-2
2025-12-15,meta,meta_bof,clicks,1933-06-17
2025-12-15,meta,meta_bof,qs,1899-12-30
2025-12-15,meta,meta_bof,cp,1904-07-6
2025-12-15,meta,meta_tof,spend,1917-10-16
2025-12-15,meta,meta_tof,impressions,3863-01-22
2025-12-15,meta,meta_tof,clicks,1919-03-24
2025-12-15,meta,meta_tof,qs,1899-12-30
2025-12-15,meta,meta_tof,cp,1905-01-25
2025-12-14,google,search_brand,spend,1915-12-22
2025-12-14,google,search_brand,impressions,2067-11-15
2025-12-14,google,search_brand,clicks,1908-02-24
2025-12-14,google,search_brand,qs,1901-10-19
2025-12-14,google,search_brand,cp,1900-04-13
2025-12-14,google,search_nb,spend,1954-05-11
2025-12-14,google,search_nb,impressions,2156-05-25
2025-12-14,google,search_nb,clicks,1908-09-20
2025-12-14,google,search_nb,qs,1902-10-5
2025-12-14,google,search_nb,cp,1900-05-6
2025-12-14,google,search_pmax,spend,1911-10-19
2025-12-14,google,search_pmax,impressions,2707-01-28
2025-12-14,google,search_pmax,clicks,1905-10-23
2025-12-14,google,search_pmax,qs,1899-12-30
2025-12-14,google,search_pmax,cp,1900-01-30
2025-12-14,google,youtube,spend,1913-10-15
2025-12-14,google,youtube,impressions,4924-11-28
2025-12-14,google,youtube,clicks,1907-10-26
2025-12-14,google,youtube,qs,1900-09-5
2025-12-14,google,youtube,cp,1900-01-12
2025-12-14,meta,meta_bof,spend,1927-04-17
2025-12-14,meta,meta_bof,impressions,4137-08-6
2025-12-14,meta,meta_bof,clicks,1928-05-14
2025-12-14,meta,meta_bof,qs,1899-12-30
2025-12-14,meta,meta_bof,cp,1904-06-20
2025-12-14,meta,meta_tof,spend,1919-01-19
2025-12-14,meta,meta_tof,impressions,3953-07-21
2025-12-14,meta,meta_tof,clicks,1921-07-15
2025-12-14,meta,meta_tof,qs,1899-12-30
2025-12-14,meta,meta_tof,cp,1905-05-11
2025-12-13,google,search_brand,spend,1913-05-3
2025-12-13,google,search_brand,impressions,2029-03-18
2025-12-13,google,search_brand,clicks,1906-08-7
2025-12-13,google,search_brand,qs,1901-04-26
2025-12-13,google,search_brand,cp,1900-03-26
2025-12-13,google,search_nb,spend,1956-01-7
2025-12-13,google,search_nb,impressions,2117-11-3
2025-12-13,google,search_nb,clicks,1908-05-3
2025-12-13,google,search_nb,qs,1902-10-16
2025-12-13,google,search_nb,cp,1900-05-22
2025-12-13,google,search_pmax,spend,1908-02-15
2025-12-13,google,search_pmax,impressions,2508-07-25
2025-12-13,google,search_pmax,clicks,1904-09-20
2025-12-13,google,search_pmax,qs,1899-12-30
2025-12-13,google,search_pmax,cp,1900-01-17
2025-12-13,google,youtube,spend,1913-10-1
2025-12-13,google,youtube,impressions,4760-04-7
2025-12-13,google,youtube,clicks,1908-01-20
2025-12-13,google,youtube,qs,1900-07-30
2025-12-13,google,youtube,cp,1900-01-11
2025-12-13,meta,meta_bof,spend,1938-10-23
2025-12-13,meta,meta_bof,impressions,5372-03-19
2025-12-13,meta,meta_bof,clicks,1964-01-31
2025-12-13,meta,meta_bof,qs,1899-12-30
2025-12-13,meta,meta_bof,cp,1905-02-2
2025-12-13,meta,meta_tof,spend,1914-09-5
2025-12-13,meta,meta_tof,impressions,3285-10-8
2025-12-13,meta,meta_tof,clicks,1914-07-7
2025-12-13,meta,meta_tof,qs,1899-12-30
2025-12-13,meta,meta_tof,cp,1903-09-9
2025-12-12,google,search_brand,spend,1913-02-21
2025-12-12,google,search_brand,impressions,2022-09-25
2025-12-12,google,search_brand,clicks,1906-07-28
2025-12-12,google,search_brand,qs,1901-05-18
2025-12-12,google,search_brand,cp,1900-04-11
2025-12-12,google,search_nb,spend,1957-01-28
2025-12-12,google,search_nb,impressions,2138-10-16
2025-12-12,google,search_nb,clicks,1908-04-4
2025-12-12,google,search_nb,qs,1902-11-8
2025-12-12,google,search_nb,cp,1900-05-29
2025-12-12,google,search_pmax,spend,1907-07-1
2025-12-12,google,search_pmax,impressions,2495-04-21
2025-12-12,google,search_pmax,clicks,1904-11-23
2025-12-12,google,search_pmax,qs,1899-12-30
2025-12-12,google,search_pmax,cp,1900-01-20
2025-12-12,google,youtube,spend,1913-10-1
2025-12-12,google,youtube,impressions,4579-10-3
2025-12-12,google,youtube,clicks,1907-09-27
2025-12-12,google,youtube,qs,1900-09-11
2025-12-12,google,youtube,cp,1900-01-7
2025-12-12,meta,meta_bof,spend,1918-05-22
2025-12-12,meta,meta_bof,impressions,3794-11-6
2025-12-12,meta,meta_bof,clicks,1919-05-1
2025-12-12,meta,meta_bof,qs,1899-12-30
2025-12-12,meta,meta_bof,cp,1903-08-26
2025-12-12,meta,meta_tof,spend,1918-03-11
2025-12-12,meta,meta_tof,impressions,3858-04-11
2025-12-12,meta,meta_tof,clicks,1920-04-2
2025-12-12,meta,meta_tof,qs,1899-12-30
2025-12-12,meta,meta_tof,cp,1904-07-27
2025-12-11,google,search_brand,spend,1912-10-19
2025-12-11,google,search_brand,impressions,1942-05-31
2025-12-11,google,search_brand,clicks,1906-03-31
2025-12-11,google,search_brand,qs,1901-05-30
2025-12-11,google,search_brand,cp,1900-04-2
2025-12-11,google,search_nb,spend,1954-08-31
2025-12-11,google,search_nb,impressions,2184-03-20
2025-12-11,google,search_nb,clicks,1908-08-25
2025-12-11,google,search_nb,qs,1903-01-23
2025-12-11,google,search_nb,cp,1900-06-9
2025-12-11,google,search_pmax,spend,1905-12-27
2025-12-11,google,search_pmax,impressions,2485-10-22
2025-12-11,google,search_pmax,clicks,1904-07-10
2025-12-11,google,search_pmax,qs,1899-12-30
2025-12-11,google,search_pmax,cp,1900-01-12
2025-12-11,google,youtube,spend,1913-09-29
2025-12-11,google,youtube,impressions,4114-05-24
2025-12-11,google,youtube,clicks,1907-04-12
2025-12-11,google,youtube,qs,1900-06-26
2025-12-11,google,youtube,cp,1900-01-16
2025-12-11,meta,meta_bof,spend,1919-09-14
2025-12-11,meta,meta_bof,impressions,4177-12-16
2025-12-11,meta,meta_bof,clicks,1918-04-10
2025-12-11,meta,meta_bof,qs,1899-12-30
2025-12-11,meta,meta_bof,cp,1903-09-10
2025-12-11,meta,meta_tof,spend,1922-11-20
2025-12-11,meta,meta_tof,impressions,4487-07-9
2025-12-11,meta,meta_tof,clicks,1924-09-10
2025-12-11,meta,meta_tof,qs,1899-12-30
2025-12-11,meta,meta_tof,cp,1905-06-7
2025-12-10,google,search_brand,spend,1913-03-7
2025-12-10,google,search_brand,impressions,1988-10-12
2025-12-10,google,search_brand,clicks,1906-07-20
2025-12-10,google,search_brand,qs,1901-06-11
2025-12-10,google,search_brand,cp,1900-03-30
2025-12-10,google,search_nb,spend,1977-08-12
2025-12-10,google,search_nb,impressions,2227-05-14
2025-12-10,google,search_nb,clicks,1911-06-4
2025-12-10,google,search_nb,qs,1903-12-7
2025-12-10,google,search_nb,cp,1900-07-25
2025-12-10,google,search_pmax,spend,1908-05-5
2025-12-10,google,search_pmax,impressions,2577-10-1
2025-12-10,google,search_pmax,clicks,1905-05-25
2025-12-10,google,search_pmax,qs,1899-12-30
2025-12-10,google,search_pmax,cp,1900-01-25
2025-12-10,google,youtube,spend,1913-10-12
2025-12-10,google,youtube,impressions,4250-08-31
2025-12-10,google,youtube,clicks,1907-05-30
2025-12-10,google,youtube,qs,1900-07-20
2025-12-10,google,youtube,cp,1900-01-19
2025-12-10,meta,meta_bof,spend,1920-10-26
2025-12-10,meta,meta_bof,impressions,4670-10-6
2025-12-10,meta,meta_bof,clicks,1919-08-7
2025-12-10,meta,meta_bof,qs,1899-12-30
2025-12-10,meta,meta_bof,cp,1904-04-18
2025-12-10,meta,meta_tof,spend,1921-08-23
2025-12-10,meta,meta_tof,impressions,4233-04-14
2025-12-10,meta,meta_tof,clicks,1922-05-12
2025-12-10,meta,meta_tof,qs,1899-12-30
2025-12-10,meta,meta_tof,cp,1905-06-18
2025-12-9,google,search_brand,spend,1915-01-12
2025-12-9,google,search_brand,impressions,2022-06-3
2025-12-9,google,search_brand,clicks,1907-07-16
2025-12-9,google,search_brand,qs,1901-08-28
2025-12-9,google,search_brand,cp,1900-04-9
2025-12-9,google,search_nb,spend,1995-10-11
2025-12-9,google,search_nb,impressions,2227-05-16
2025-12-9,google,search_nb,clicks,1912-09-6
2025-12-9,google,search_nb,qs,1904-05-16
2025-12-9,google,search_nb,cp,1900-08-3
2025-12-9,google,search_pmax,spend,1912-10-25
2025-12-9,google,search_pmax,impressions,2752-08-26
2025-12-9,google,search_pmax,clicks,1908-01-22
2025-12-9,google,search_pmax,qs,1899-12-30
2025-12-9,google,search_pmax,cp,1900-01-23
2025-12-9,google,youtube,spend,1913-10-17
2025-12-9,google,youtube,impressions,3389-09-25
2025-12-9,google,youtube,clicks,1907-03-3
2025-12-9,google,youtube,qs,1900-06-5
2025-12-9,google,youtube,cp,1900-01-11
2025-12-9,meta,meta_bof,spend,1922-11-12
2025-12-9,meta,meta_bof,impressions,4891-02-12
2025-12-9,meta,meta_bof,clicks,1925-04-22
2025-12-9,meta,meta_bof,qs,1899-12-30
2025-12-9,meta,meta_bof,cp,1904-07-29
2025-12-9,meta,meta_tof,spend,1934-07-30
2025-12-9,meta,meta_tof,impressions,5948-11-25
2025-12-9,meta,meta_tof,clicks,1932-12-28
2025-12-9,meta,meta_tof,qs,1899-12-30
2025-12-9,meta,meta_tof,cp,1906-12-9
2025-12-8,google,search_brand,spend,1914-04-26
2025-12-8,google,search_brand,impressions,2000-02-12
2025-12-8,google,search_brand,clicks,1907-02-17
2025-12-8,google,search_brand,qs,1901-08-5
2025-12-8,google,search_brand,cp,1900-03-31
2025-12-8,google,search_nb,spend,1993-02-9
2025-12-8,google,search_nb,impressions,2152-08-30
2025-12-8,google,search_nb,clicks,1912-02-7
2025-12-8,google,search_nb,qs,1904-02-29
2025-12-8,google,search_nb,cp,1900-08-11
2025-12-8,google,search_pmax,spend,1917-07-20
2025-12-8,google,search_pmax,impressions,2923-05-2
2025-12-8,google,search_pmax,clicks,1910-01-29
2025-12-8,google,search_pmax,qs,1899-12-30
2025-12-8,google,search_pmax,cp,1900-01-24
2025-12-8,google,youtube,spend,1913-12-16
2025-12-8,google,youtube,impressions,3404-07-9
2025-12-8,google,youtube,clicks,1907-06-20
2025-12-8,google,youtube,qs,1900-05-29
2025-12-8,google,youtube,cp,1900-01-7
2025-12-8,meta,meta_bof,spend,1926-06-3
2025-12-8,meta,meta_bof,impressions,5847-04-29
2025-12-8,meta,meta_bof,clicks,1931-07-11
2025-12-8,meta,meta_bof,qs,1899-12-30
2025-12-8,meta,meta_bof,cp,1904-09-7
2025-12-8,meta,meta_tof,spend,1925-10-4
2025-12-8,meta,meta_tof,impressions,4640-11-5
2025-12-8,meta,meta_tof,clicks,1928-02-22
2025-12-8,meta,meta_tof,qs,1899-12-30
2025-12-8,meta,meta_tof,cp,1907-09-19
2025-12-7,google,search_brand,spend,1914-05-11
2025-12-7,google,search_brand,impressions,1992-12-20
2025-12-7,google,search_brand,clicks,1907-02-19
2025-12-7,google,search_brand,qs,1901-07-16
2025-12-7,google,search_brand,cp,1900-03-26
2025-12-7,google,search_nb,spend,2000-09-22
2025-12-7,google,search_nb,impressions,2143-08-2
2025-12-7,google,search_nb,clicks,1912-02-3
2025-12-7,google,search_nb,qs,1904-01-8
2025-12-7,google,search_nb,cp,1900-07-15
2025-12-7,google,search_pmax,spend,1919-02-26
2025-12-7,google,search_pmax,impressions,2830-01-1
2025-12-7,google,search_pmax,clicks,1909-09-4
2025-12-7,google,search_pmax,qs,1899-12-30
2025-12-7,google,search_pmax,cp,1900-01-29
2025-12-7,google,youtube,spend,1913-11-14
2025-12-7,google,youtube,impressions,3988-01-1
2025-12-7,google,youtube,clicks,1909-12-7
2025-12-7,google,youtube,qs,1900-05-22
2025-12-7,google,youtube,cp,1900-01-9
2025-12-7,meta,meta_bof,spend,1924-05-27
2025-12-7,meta,meta_bof,impressions,5296-02-8
2025-12-7,meta,meta_bof,clicks,1931-07-9
2025-12-7,meta,meta_bof,qs,1899-12-30
2025-12-7,meta,meta_bof,cp,1904-03-28
2025-12-7,meta,meta_tof,spend,1927-05-24
2025-12-7,meta,meta_tof,impressions,4634-05-14
2025-12-7,meta,meta_tof,clicks,1930-07-16
2025-12-7,meta,meta_tof,qs,1899-12-30
2025-12-7,meta,meta_tof,cp,1908-08-4
2025-12-6,google,search_brand,spend,1911-10-31
2025-12-6,google,search_brand,impressions,1936-08-16
2025-12-6,google,search_brand,clicks,1905-10-4
2025-12-6,google,search_brand,qs,1901-03-10
2025-12-6,google,search_brand,cp,1900-03-12
2025-12-6,google,search_nb,spend,2014-03-31
2025-12-6,google,search_nb,impressions,2214-09-22
2025-12-6,google,search_nb,clicks,1912-06-6
2025-12-6,google,search_nb,qs,1904-02-19
2025-12-6,google,search_nb,cp,1900-07-20
2025-12-6,google,search_pmax,spend,1912-12-1
2025-12-6,google,search_pmax,impressions,2680-01-10
2025-12-6,google,search_pmax,clicks,1908-04-16
2025-12-6,google,search_pmax,qs,1899-12-30
2025-12-6,google,search_pmax,cp,1900-01-28
2025-12-6,google,youtube,spend,1914-03-13
2025-12-6,google,youtube,impressions,4212-07-3
2025-12-6,google,youtube,clicks,1911-11-4
2025-12-6,google,youtube,qs,1900-07-13
2025-12-6,google,youtube,cp,1900-01-14
2025-12-6,meta,meta_bof,spend,1922-03-1
2025-12-6,meta,meta_bof,impressions,4810-01-26
2025-12-6,meta,meta_bof,clicks,1928-08-19
2025-12-6,meta,meta_bof,qs,1899-12-30
2025-12-6,meta,meta_bof,cp,1903-12-23
2025-12-6,meta,meta_tof,spend,1919-04-22
2025-12-6,meta,meta_tof,impressions,3776-09-7
2025-12-6,meta,meta_tof,clicks,1921-04-25
2025-12-6,meta,meta_tof,qs,1899-12-30
2025-12-6,meta,meta_tof,cp,1905-07-1
2025-12-5,google,search_brand,spend,1912-02-17
2025-12-5,google,search_brand,impressions,1949-01-17
2025-12-5,google,search_brand,clicks,1906-06-26
2025-12-5,google,search_brand,qs,1900-12-12
2025-12-5,google,search_brand,cp,1900-03-5
2025-12-5,google,search_nb,spend,2009-12-28
2025-12-5,google,search_nb,impressions,2241-09-5
2025-12-5,google,search_nb,clicks,1912-12-8
2025-12-5,google,search_nb,qs,1903-12-5
2025-12-5,google,search_nb,cp,1900-09-9
2025-12-5,google,search_pmax,spend,1909-03-15
2025-12-5,google,search_pmax,impressions,2326-08-28
2025-12-5,google,search_pmax,clicks,1903-12-21
2025-12-5,google,search_pmax,qs,1899-12-30
2025-12-5,google,search_pmax,cp,1900-01-13
2025-12-5,google,youtube,spend,1913-11-27
2025-12-5,google,youtube,impressions,4514-04-29
2025-12-5,google,youtube,clicks,1910-02-27
2025-12-5,google,youtube,qs,1900-05-19
2025-12-5,google,youtube,cp,1900-01-17
2025-12-5,meta,meta_bof,spend,1926-05-30
2025-12-5,meta,meta_bof,impressions,5299-06-11
2025-12-5,meta,meta_bof,clicks,1932-02-13
2025-12-5,meta,meta_bof,qs,1899-12-30
2025-12-5,meta,meta_bof,cp,1904-09-22
2025-12-5,meta,meta_tof,spend,1918-07-14
2025-12-5,meta,meta_tof,impressions,3735-02-24
2025-12-5,meta,meta_tof,clicks,1918-12-3
2025-12-5,meta,meta_tof,qs,1899-12-30
2025-12-5,meta,meta_tof,cp,1904-12-3
2025-12-4,google,search_brand,spend,1912-07-5
2025-12-4,google,search_brand,impressions,1985-05-22
2025-12-4,google,search_brand,clicks,1906-09-6
2025-12-4,google,search_brand,qs,1901-01-24
2025-12-4,google,search_brand,cp,1900-02-12
2025-12-4,google,search_nb,spend,1994-03-17
2025-12-4,google,search_nb,impressions,2164-08-15
2025-12-4,google,search_nb,clicks,1912-02-23
2025-12-4,google,search_nb,qs,1904-03-30
2025-12-4,google,search_nb,cp,1900-09-3
2025-12-4,google,search_pmax,spend,1911-11-9
2025-12-4,google,search_pmax,impressions,2983-09-14
2025-12-4,google,search_pmax,clicks,1908-09-18
2025-12-4,google,search_pmax,qs,1899-12-30
2025-12-4,google,search_pmax,cp,1900-01-18
2025-12-4,google,youtube,spend,1914-02-6
2025-12-4,google,youtube,impressions,4249-08-30
2025-12-4,google,youtube,clicks,1907-04-26
2025-12-4,google,youtube,qs,1900-08-9
2025-12-4,google,youtube,cp,1900-01-18
2025-12-4,meta,meta_bof,spend,1948-09-16
2025-12-4,meta,meta_bof,impressions,7761-03-10
2025-12-4,meta,meta_bof,clicks,1949-05-30
2025-12-4,meta,meta_bof,qs,1899-12-30
2025-12-4,meta,meta_bof,cp,1905-08-13
2025-12-4,meta,meta_tof,spend,1926-04-13
2025-12-4,meta,meta_tof,impressions,4414-05-25
2025-12-4,meta,meta_tof,clicks,1930-08-9
2025-12-4,meta,meta_tof,qs,1899-12-30
2025-12-4,meta,meta_tof,cp,1906-03-1
2025-12-3,google,search_brand,spend,1913-12-17
2025-12-3,google,search_brand,impressions,1988-09-12
2025-12-3,google,search_brand,clicks,1907-03-15
2025-12-3,google,search_brand,qs,1901-04-6
2025-12-3,google,search_brand,cp,1900-03-29
2025-12-3,google,search_nb,spend,1988-02-19
2025-12-3,google,search_nb,impressions,2143-05-24
2025-12-3,google,search_nb,clicks,1912-10-5
2025-12-3,google,search_nb,qs,1904-04-9
2025-12-3,google,search_nb,cp,1900-09-5
2025-12-3,google,search_pmax,spend,1911-10-24
2025-12-3,google,search_pmax,impressions,2790-06-4
2025-12-3,google,search_pmax,clicks,1910-01-1
2025-12-3,google,search_pmax,qs,1899-12-30
2025-12-3,google,search_pmax,cp,1900-01-27
2025-12-3,google,youtube,spend,1914-01-3
2025-12-3,google,youtube,impressions,4249-01-17
2025-12-3,google,youtube,clicks,1906-05-28
2025-12-3,google,youtube,qs,1900-07-3
2025-12-3,google,youtube,cp,1900-01-19
2025-12-3,meta,meta_bof,spend,1957-01-22
2025-12-3,meta,meta_bof,impressions,7968-10-14
2025-12-3,meta,meta_bof,clicks,1953-02-28
2025-12-3,meta,meta_bof,qs,1899-12-30
2025-12-3,meta,meta_bof,cp,1907-02-9
2025-12-3,meta,meta_tof,spend,1933-07-26
2025-12-3,meta,meta_tof,impressions,4930-12-21
2025-12-3,meta,meta_tof,clicks,1935-04-8
2025-12-3,meta,meta_tof,qs,1899-12-30
2025-12-3,meta,meta_tof,cp,1907-06-6
2025-12-2,google,search_brand,spend,1915-09-13
2025-12-2,google,search_brand,impressions,2030-04-21
2025-12-2,google,search_brand,clicks,1908-02-6
2025-12-2,google,search_brand,qs,1901-07-31
2025-12-2,google,search_brand,cp,1900-04-18
2025-12-2,google,search_nb,spend,1991-09-26
2025-12-2,google,search_nb,impressions,2184-01-17
2025-12-2,google,search_nb,clicks,1912-10-11
2025-12-2,google,search_nb,qs,1904-05-22
2025-12-2,google,search_nb,cp,1900-08-18
2025-12-2,google,search_pmax,spend,1916-08-19
2025-12-2,google,search_pmax,impressions,2872-06-28
2025-12-2,google,search_pmax,clicks,1909-09-21
2025-12-2,google,search_pmax,qs,1899-12-30
2025-12-2,google,search_pmax,cp,1900-02-3
2025-12-2,google,youtube,spend,1913-12-22
2025-12-2,google,youtube,impressions,3911-03-19
2025-12-2,google,youtube,clicks,1905-10-19
2025-12-2,google,youtube,qs,1900-07-16
2025-12-2,google,youtube,cp,1900-01-19
2025-12-2,meta,meta_bof,spend,1991-09-1
2025-12-2,meta,meta_bof,impressions,10282-04-15
2025-12-2,meta,meta_bof,clicks,1956-09-28
2025-12-2,meta,meta_bof,qs,1899-12-30
2025-12-2,meta,meta_bof,cp,1909-12-7
2025-12-2,meta,meta_tof,spend,1947-01-14
2025-12-2,meta,meta_tof,impressions,5902-11-7
2025-12-2,meta,meta_tof,clicks,1947-03-10
2025-12-2,meta,meta_tof,qs,1899-12-30
2025-12-2,meta,meta_tof,cp,1909-10-23
2025-12-1,google,search_brand,spend,1915-11-1
2025-12-1,google,search_brand,impressions,1997-04-23
2025-12-1,google,search_brand,clicks,1907-11-16
2025-12-1,google,search_brand,qs,1901-04-15
2025-12-1,google,search_brand,cp,1900-03-23
2025-12-1,google,search_nb,spend,1988-07-26
2025-12-1,google,search_nb,impressions,2162-12-21
2025-12-1,google,search_nb,clicks,1913-03-31
2025-12-1,google,search_nb,qs,1903-10-13
2025-12-1,google,search_nb,cp,1900-07-16
2025-12-1,google,search_pmax,spend,1912-03-5
2025-12-1,google,search_pmax,impressions,2793-11-2
2025-12-1,google,search_pmax,clicks,1904-10-21
2025-12-1,google,search_pmax,qs,1899-12-30
2025-12-1,google,search_pmax,cp,1900-01-18
2025-12-1,google,youtube,spend,1913-08-4
2025-12-1,google,youtube,impressions,3411-07-19
2025-12-1,google,youtube,clicks,1905-10-24
2025-12-1,google,youtube,qs,1900-05-28
2025-12-1,google,youtube,cp,1900-01-11
2025-12-1,meta,meta_bof,spend,1979-02-27
2025-12-1,meta,meta_bof,impressions,8266-01-31
2025-12-1,meta,meta_bof,clicks,1947-12-26
2025-12-1,meta,meta_bof,qs,1899-12-30
2025-12-1,meta,meta_bof,cp,1912-10-25
2025-12-1,meta,meta_tof,spend,1936-04-3
2025-12-1,meta,meta_tof,impressions,4728-10-8
2025-12-1,meta,meta_tof,clicks,1937-08-24
2025-12-1,meta,meta_tof,qs,1899-12-30
2025-12-1,meta,meta_tof,cp,1908-05-2